# Hostname exactly matches dhcf.dc.gov,,
# Start date: 20250916,,
# End date: 20251216,,
,,
Page title and screen class,Page path and screen class,Views
| dhcf,/,15625
| dhcf,//checkout/,1
| dhcf,/es,1
| dhcf,/node,498
| dhcf,/node/,1
| dhcf,/vi,1
| dhcf,/vi/node,1
| Page 2 | dhcf,/es/node,5
| Page 2 | dhcf,/fr/node,9
| Page 4 | dhcf,/am/node,2
"1015 Half Street, SE, 9th Floor | dhcf",/address/1015-half-street-se-9th-floor,6
"1111 14th Street, NW | dhcf",/address/1111-14th-street-nw,23
"1111 14th Street, NW | dhcf",/fr/node/1294951,7
1115 Behavioral Health Transformation Demonstration Program Notice of Emergency and Proposed Rulemaking | dhcf,/node/1445841,1
1115 Behavioral Health Transformation Demonstration Program Notice of Emergency and Proposed Rulemaking | dhcf,/publication/1115-behavioral-health-transformation-demonstration-program-notice-emergency-and,1
1115 Behavioral Health Transformation Demonstration Program Notice of Second Emergency and Proposed Rulemaking | dhcf,/node/1503276,2
1115 Behavioral Health Transformation Demonstration Program Notice of Second Emergency and Proposed Rulemaking | dhcf,/publication/1115-behavioral-health-transformation-demonstration-program-notice-second-emergency-and,6
"1800 Martin Luther King Jr. Avenue, SE | dhcf",/address/1800-martin-luther-king-jr-avenue-se,3
1915 (i) State Plan Home and Community-Based Services Administration and Operation Attachment 3.1I | dhcf,/node/1099902,10
1915 (i) State Plan Home and Community-Based Services Administration and Operation Attachment 3.1I | dhcf,/publication/1915-i-state-plan-home-and-community-based-services-administration-and-operation,2
1915(c) Elderly and Physically Disabled Waiver | dhcf,/node/193812,17
1915(c) Elderly and Physically Disabled Waiver | dhcf,/publication/1915c-elderly-and-physically-disabled-waiver,5
1915(c) Home and Community Based Services Waiver | dhcf,/node/1481761,12
1915(c) Home and Community Based Services Waiver | dhcf,/publication/1915c-home-and-community-based-services-waiver,8
1915(c) Mental Retardation/Developmental Disabilities Waiver | dhcf,/node/193832,8
2009 DHCF Medicaid Updates | dhcf,/am/page/2009-dhcf-medicaid-updates,2
2009 DHCF Medicaid Updates | dhcf,/es/page/2009-dhcf-medicaid-updates,1
2009 DHCF Medicaid Updates | dhcf,/page/2009-dhcf-medicaid-updates,10
2010 DHCF Medicaid Updates | dhcf,/es/page/2010-dhcf-medicaid-updates,1
2010 DHCF Medicaid Updates | dhcf,/page/2010-dhcf-medicaid-updates,4
2011 DHCF Medicaid Updates | dhcf,/am/page/2011-dhcf-medicaid-updates,2
2011 DHCF Medicaid Updates | dhcf,/page/2011-dhcf-medicaid-updates,5
2011 District of Columbia Annual Technical Report (ATR) | dhcf,/node/501502,3
2011 District of Columbia Annual Technical Report (ATR) | dhcf,/publication/2011-district-columbia-annual-technical-report-atr,1
2011 Listing | dhcf,/page/2011-listing,3
2012 DC HealthCare Alliance Eligibility Changes FAQ - Amharic | dhcf,/node/160542,5
2012 DC HealthCare Alliance Eligibility Changes FAQ - Chinese | dhcf,/node/160592,7
2012 DC HealthCare Alliance Eligibility Changes FAQ - Chinese | dhcf,/publication/2012-dc-healthcare-alliance-eligibility-changes-faq-chinese,5
2012 DC HealthCare Alliance Eligibility Changes FAQ - English | dhcf,/node/160522,7
2012 DC HealthCare Alliance Eligibility Changes FAQ - French | dhcf,/node/160562,5
2012 DC HealthCare Alliance Eligibility Changes FAQ - Korean | dhcf,/node/160572,5
2012 DC HealthCare Alliance Eligibility Changes FAQ - Korean | dhcf,/publication/2012-dc-healthcare-alliance-eligibility-changes-faq-korean,6
2012 DC HealthCare Alliance Eligibility Changes FAQ - Spanish | dhcf,/node/160582,9
2012 DC HealthCare Alliance Eligibility Changes FAQ - Spanish | dhcf,/publication/2012-dc-healthcare-alliance-eligibility-changes-faq-spanish,1
2012 DC HealthCare Alliance Eligibility Changes FAQ - Vietnamese | dhcf,/node/160532,1
2012 District of Columbia Annual Technical Report (ATR) | dhcf,/node/779182,7
2012 District of Columbia Annual Technical Report (ATR) | dhcf,/publication/2012-district-columbia-annual-technical-report-atr,5
2013 DHCF Medicaid Updates | dhcf,/fr/page/2013-dhcf-medicaid-updates-01,4
2013 DHCF Medicaid Updates | dhcf,/page/2013-dhcf-medicaid-updates-01,4
2013 District of Columbia Annual Technical Report (ATR) | dhcf,/node/823602,2
2013 District of Columbia Annual Technical Report (ATR) | dhcf,/publication/2013-district-columbia-annual-technical-report-atr,4
2014 DC HIE Policy Board Meeting Schedule | dhcf,/node/568352,9
2014 DC HIE Policy Board Meeting Schedule | dhcf,/publication/2014-dc-hie-policy-board-meeting-schedule,1
2014 District of Columbia Annual Technical Report (ATR) | dhcf,/node/1062392,9
2014 District of Columbia Annual Technical Report (ATR) | dhcf,/publication/2014-district-columbia-annual-technical-report-atr,1
2014 Listing | dhcf,/es/page/2014-listing,6
2014 Listing | dhcf,/page/2014-listing,4
2014 Managed Care Program End-of Year Performance Report Card | dhcf,/node/1060052,6
2015 DHCF Medicaid Updates | dhcf,/es/page/2015-dhcf-medicaid-updates,5
2015 DHCF Medicaid Updates | dhcf,/fr/page/2015-dhcf-medicaid-updates,6
2015 DHCF Medicaid Updates | dhcf,/page/2015-dhcf-medicaid-updates,9
2015 District of Columbia Annual Technical Report (ATR) | dhcf,/node/1152776,9
2015 District of Columbia Annual Technical Report (ATR) | dhcf,/publication/2015-district-columbia-annual-technical-report-atr,7
2016 DHCF Medicaid Updates | dhcf,/am/page/2016-dhcf-medicaid-updates,2
2016 DHCF Medicaid Updates | dhcf,/es/page/2016-dhcf-medicaid-updates,4
2016 DHCF Medicaid Updates | dhcf,/page/2016-dhcf-medicaid-updates,25
2016 District of Columbia Annual Technical Report (ATR) | dhcf,/node/1243546,10
2016 District of Columbia Annual Technical Report (ATR) | dhcf,/publication/2016-district-columbia-annual-technical-report-atr,1
2016 Extended Provider Summer Hours: No Shots/No School | dhcf,/publication/2016-extended-provider-summer-hours-no-shotsno-school,1
2017 DHCF Medicaid Updates | dhcf,/am/page/2017-dhcf-medicaid-updates,3
2017 DHCF Medicaid Updates | dhcf,/page/2017-dhcf-medicaid-updates,21
2017 District of Columbia Annual Technical Report (ATR) | dhcf,/node/1325951,4
2017 District of Columbia Annual Technical Report (ATR) | dhcf,/publication/2017-district-columbia-annual-technical-report-atr,10
2018 DHCF Medicaid Updates | dhcf,/am/node/1302536,8
2018 DHCF Medicaid Updates | dhcf,/es/node/1302536,1
2018 DHCF Medicaid Updates | dhcf,/page/2018-dhcf-medicaid-updates-01,26
2018 District of Columbia Annual Technical Report (ATR) | dhcf,/node/1400826,4
2018 District of Columbia Annual Technical Report (ATR) | dhcf,/publication/2018-district-columbia-annual-technical-report-atr,1
2018 Q1-Q2 MCO Performance Report | dhcf,/node/1386351,5
2018 Q1-Q2 MCO Performance Report | dhcf,/publication/2018-q1-q2-mco-performance-report,5
2019 DHCF Medicaid Updates | dhcf,/am/node/1381566,2
2019 DHCF Medicaid Updates | dhcf,/es/node/1381566,0
2019 DHCF Medicaid Updates | dhcf,/page/2019-dhcf-medicaid-updates,17
2019 DHCF Medicaid Updates | dhcf,/vi/node/1381566,1
2019 District of Columbia Annual Technical Report (ATR) | dhcf,/node/1473291,8
2019 District of Columbia Annual Technical Report (ATR) | dhcf,/publication/2019-district-columbia-annual-technical-report-atr,3
2019 Q1 to Q2 MCO Performance Report | dhcf,/node/1479166,6
2019 Q1 to Q2 MCO Performance Report | dhcf,/publication/2019-q1-q2-mco-performance-report,4
2020 DHCF Medicaid Updates | dhcf,/page/2020-dhcf-medicaid-updates,22
2020 District of Columbia Annual Technical Report (ATR) | dhcf,/node/1664211,7
2020 District of Columbia Annual Technical Report (ATR) | dhcf,/publication/2020-district-columbia-annual-technical-report-atr,10
2021 DHCF Medicaid Updates | dhcf,/am/node/1514966,7
2021 DHCF Medicaid Updates | dhcf,/es/node/1514966,1
2021 DHCF Medicaid Updates | dhcf,/page/2021-dhcf-medicaid-updates,43
2021 District of Columbia Annual Technical Report (ATR) | dhcf,/node/1533491,5
2021 District of Columbia Annual Technical Report (ATR) | dhcf,/publication/2021-district-columbia-annual-technical-report-atr,11
2021 District of Columbia Annual Technical Report (ATR) | dhcf,/publication/2021-district-columbia-annual-technical-report-atr-0,5
2022 DC COVID-19 Hospital Support Grant | dhcf,/publication/2022-dc-covid-19-hospital-support-grant,5
2nd Quarter MCO Performance Evaluation Report Released | dhcf,/node/851452,5
3-13-2020 Adult Day Health Program Services Notice of Emergency and Proposed Rulemaking | dhcf,/node/1466786,4
3rd Quarter MCO Performance Evaluation Report | dhcf,/node/940092,1
"441 4th Street, NW | dhcf",/address/441-4th-street-nw,13
4th Quarter MCO Performance Evaluation Report | dhcf,/node/1017492,1
7.7 A Vaccine and Vaccine Administration at Section 1905(a)(4)(E) of the Social Security Act | dhcf,/publication/77-vaccine-and-vaccine-administration-section-1905a4e-social-security-act,4
"7.7-B (pp. 1 - 3), COVID-19 Testing at section 1905(a)(4)(F) of the Social Security Act | dhcf",/node/1651926,6
"7.7-B (pp. 1 - 3), COVID-19 Testing at section 1905(a)(4)(F) of the Social Security Act | dhcf",/publication/77-b-pp-1-3-covid-19-testing-section-1905a4f-social-security-act,1
"7.7-C (pp.1-3), COVID-19 Treatment at section 1905(a)(4)(F) of the Social Security Act | dhcf",/node/1651936,6
የኤጀንሲው ዳይሬክተሮችን ያግኙ | dhcf,/am/page/contact-agency-directors,1
About - Innovation Initiatives | dhcf,/am/innovation,2
About - Innovation Initiatives | dhcf,/fr/innovation,3
About - Innovation Initiatives | dhcf,/innovation,92
About - Innovation Initiatives | dhcf,/vi/innovation,2
About DHCF | dhcf,/featured-content/about-dhcf,31
About DHCF | dhcf,/fr/node/1091002,2
About DHCF | dhcf,/page/about-dhcf,867
About DHCF | dhcf,/page/about-dhcf/,9
About Long Term Care | dhcf,/page/about-long-term-care-0,3
About Long Term Care | dhcf,/page/about-long-term-care-01,50
About the Division of Program Integrity (DPI) | dhcf,/es/page/about-division-program-integrity-dpi,8
About the Division of Program Integrity (DPI) | dhcf,/page/about-division-program-integrity-dpi,42
ACA Eligibility State Plan Amendments | dhcf,/node/837252,37
ACA Eligibility State Plan Amendments | dhcf,/page/aca-eligibility-state-plan-amendments,69
Accountable Health Communities Fact Sheet | dhcf,/node/1135046,5
Accountable Health Communities Fact Sheet | dhcf,/publication/accountable-health-communities-fact-sheet,1
"Additional Ways to Report Suspected Fraud, Waste & Abuse | dhcf",/am/page/additional-ways-report-suspected-fraud-waste-abuse,5
"Additional Ways to Report Suspected Fraud, Waste & Abuse | dhcf",/page/additional-ways-report-suspected-fraud-waste-abuse,30
Adult Day Health Program Notice of Final Rulemaking | dhcf,/node/1055662,7
Adult Day Health Program Notice of Final Rulemaking | dhcf,/publication/adult-day-health-program-notice-final-rulemaking,0
Adult Day Health Program Services Notice of Final Rulemaking | dhcf,/node/1482206,1
Adults Without Dependent Children (Childless Adults) | dhcf,/node/892172,1676
Adults Without Dependent Children (Childless Adults) | dhcf,/service/adults-without-dependent-children-childless-adults,1146
AFDC Income Standards | dhcf,/node/838482,6
AFDC Income Standards | dhcf,/publication/afdc-income-standards,4
"Aged, Blind and Disabled (ABD) Individuals | dhcf",/node/892152,363
"Aged, Blind and Disabled (ABD) Individuals | dhcf",/service/aged-blind-and-disabled-abd-individuals,303
Agency Directory | dhcf,/directory/places,9
Alliance Program Changes-Provider FAQs | dhcf,/am/page/alliance-program-changes-provider-faqs,1
Alliance Program Changes-Provider FAQs | dhcf,/es/page/alliance-program-changes-provider-faqs,1
Alliance Program Changes-Provider FAQs | dhcf,/page/alliance-program-changes-provider-faqs,1362
Alliance Program Changes-Provider FAQs | dhcf,/vi/page/alliance-program-changes-provider-faqs,2
Alliance Program Meetings and Slides | dhcf,/node/1809096,7
Alliance Program Meetings and Slides | dhcf,/page/alliance-program-meetings-and-slides,3
Alternate (3rd party) - EVV | dhcf,/am/node/1491846,0
Alternate (3rd party) - EVV | dhcf,/es/node/1491846,5
Alternate (3rd party) - EVV | dhcf,/page/alternate-3rd-party-evv,50
Alternate (3rd party) - EVV | dhcf,/vi/node/1491846,1
Alternative Benefit Plan Attachment 3.1L | dhcf,/node/772762,7
Amendment to the Home- and Community-Based Services Waiver for the Elderly and Persons with Physical Disabilities (EPD Waiver) | dhcf,/epd-waiver-amendment,92
Amendment to the Home- and Community-Based Services Waiver for the Elderly and Persons with Physical Disabilities (EPD Waiver) | dhcf,/fr/node/1442281,6
Amendment to the Home- and Community-Based Services Waiver for the Elderly and Persons with Physical Disabilities (EPD Waiver) | dhcf,/vi/node/1442281,1
American Rescue Plan Act Enhanced Funding for Home and Community-Based Services | dhcf,/am/node/1543316,1
American Rescue Plan Act Enhanced Funding for Home and Community-Based Services | dhcf,/page/arpa-hcbs-planning,415
Americans with Disabilities Act Information | dhcf,/am/page/americans-disabilities-act-information,6
Americans with Disabilities Act Information | dhcf,/fr/page/americans-disabilities-act-information,5
Americans with Disabilities Act Information | dhcf,/page/americans-disabilities-act-information,58
Americans with Disabilities Act Information | dhcf,/vi/page/americans-disabilities-act-information,1
Amharic - Stakeholder Communications Toolkit | dhcf,/page/amharic-stakeholder-communications-toolkit,6
"Amount, Duration and Scope of Services Attachment 3.1A | dhcf",/node/192192,57
"Amount, Duration and Scope of Services Attachment 3.1A | dhcf",/publication/amount-duration-and-scope-services-attachment-31a,1
"Amount, Duration and Scope of Services Attachment 3.1A: Supplement 1 | dhcf",/node/192202,37
"Amount, Duration and Scope of Services Attachment 3.1A: Supplement 1 | dhcf",/publication/amount-duration-and-scope-services-attachment-31a-supplement-1,1
"Amount, Duration and Scope of Services Attachment 3.1A: Supplement 2 | dhcf",/node/192212,15
"Amount, Duration and Scope of Services Attachment 3.1A: Supplement 2 | dhcf",/publication/amount-duration-and-scope-services-attachment-31a-supplement-2,6
"Amount, Duration and Scope of Services Attachment 3.1A: Supplement 3 | dhcf",/node/192222,13
"Amount, Duration and Scope of Services Attachment 3.1A: Supplement 3 | dhcf",/publication/amount-duration-and-scope-services-attachment-31a-supplement-3,4
"Amount, Duration and Scope of Services Attachment 3.1A: Supplement 4 | dhcf",/node/192232,14
"Amount, Duration and Scope of Services Attachment 3.1A: Supplement 4 | dhcf",/publication/amount-duration-and-scope-services-attachment-31a-supplement-4,1
"Amount, Duration and Scope of Services Attachment 3.1A: Supplement 5 | dhcf",/node/192252,12
"Amount, Duration and Scope of Services Attachment 3.1A: Supplement 6 | dhcf",/node/192262,25
"Amount, Duration and Scope of Services Attachment 3.1A: Supplement 6 | dhcf",/publication/amount-duration-and-scope-services-attachment-31a-supplement-6,8
"Amount, Duration and Scope of Services Attachment 3.1A: Supplement 7 | dhcf",/publication/amount-duration-and-scope-services-attachment-31a-supplement-7,17
"Amount, Duration and Scope of Services Attachment 3.1B | dhcf",/node/192332,15
"Amount, Duration and Scope of Services Attachment 3.1B | dhcf",/publication/amount-duration-and-scope-services-attachment-31b,5
"Amount, Duration and Scope of Services Attachment 3.1B: Supplement 1 (P.1-16) | dhcf",/node/192342,20
"Amount, Duration and Scope of Services Attachment 3.1B: Supplement 1 (P.1-16) | dhcf",/publication/amount-duration-and-scope-services-attachment-31b-supplement-1-p1-16,1
"Amount, Duration and Scope of Services Attachment 3.1B: Supplement 1 (P.17-41) | dhcf",/node/192352,12
"Amount, Duration and Scope of Services Attachment 3.1B: Supplement 1 (P.17-41) | dhcf",/publication/amount-duration-and-scope-services-attachment-31b-supplement-1-p17-41,4
"Amount, Duration and Scope of Services Attachment 3.1B: Supplement 2 | dhcf",/node/192362,13
"Amount, Duration and Scope of Services Attachment 3.1B: Supplement 2 | dhcf",/publication/amount-duration-and-scope-services-attachment-31b-supplement-2,6
"Amount, Duration and Scope of Services Attachment 3.1B: Supplement 3 | dhcf",/node/192382,9
"Amount, Duration and Scope of Services Attachment 3.1B: Supplement 3 | dhcf",/publication/amount-duration-and-scope-services-attachment-31b-supplement-3,1
"Amount, Duration and Scope of Services Attachment 3.1B: Supplement 4 | dhcf",/publication/amount-duration-and-scope-services-attachment-31b-supplement-4,6
"Amount, Duration and Scope of Services Attachment 3.1C | dhcf",/node/192402,14
"Amount, Duration and Scope of Services Attachment 3.1C | dhcf",/publication/amount-duration-and-scope-services-attachment-31c,1
"Amount, Duration and Scope of Services Attachment 3.1D | dhcf",/node/192412,12
"Amount, Duration and Scope of Services Attachment 3.1E | dhcf",/node/192422,6
"Amount, Duration and Scope of Services Attachment 3.1F | dhcf",/node/192432,17
"Angelique Martin, Deputy Director, Finance, DHCF | dhcf",/biography/angelique-martin-deputy-director-finance-dhcf,27
"Angelique Martin, Deputy Director, Finance, DHCF | dhcf",/node/1483626,35
Ann E. K. Page | dhcf,/biography/ann-e-k-page,3
Announcement - Submitted to CMS: District of Columbia Plan to Comply with New Federal Home and Community Based Services Requirements | dhcf,/release/announcement-submitted-cms-district-columbia-plan-comply-new-federal-home-and-community,7
Announcement of DHCF’s MMIS Strategy and Procurement Schedule | dhcf,/release/announcement-dhcf’s-mmis-strategy-and-procurement-schedule,2
Antipsychotic Drug Delivery Pattern Snapshot | dhcf,/node/1137826,1
Appeal Form | dhcf,/node/911162,1
Appeal Form | dhcf,/node/912532,2
Appeal Form | dhcf,/publication/appeal-form,97
Appeal Form | dhcf,/publication/appeal-form-001,5
Application for Retroactive Medicaid Coverage | dhcf,/node/805712,6
Application for Retroactive Medicaid Coverage | dhcf,/publication/application-retroactive-medicaid-coverage,14
"Application, Determination of Eligibility and Furnishing Medicaid Attachment 2.1A | dhcf",/node/191412,39
Apply to Participate in DC HIE | dhcf,/am/node/1419086,3
Apply to Participate in DC HIE | dhcf,/page/apply-participate-dc-hie,33
April 18 Quality Metrics Meeting Agenda | dhcf,/node/1157142,7
April 18 Quality Metrics Meeting Agenda | dhcf,/publication/april-18-quality-metrics-meeting-agenda,1
April 18 Quality Metrics Presentation | dhcf,/node/1157151,11
April 18 Quality Metrics Presentation | dhcf,/publication/april-18-quality-metrics-presentation,1
April 2014 MCAC Agenda | dhcf,/node/814052,2
April 2014 MCAC Agenda | dhcf,/publication/april-2014-mcac-agenda,6
April 2015 MCAC Enrollment Report | dhcf,/node/1057612,1
April 2015 MCAC Minutes | dhcf,/node/1119737,5
April 2015 MCAC Minutes | dhcf,/publication/april-2015-mcac-minutes,1
"April 24, 2014 DC HIE Policy Board Meeting Minutes (Board Approved) | dhcf",/node/907812,2
"April 24, 2014 DC HIE Policy Board Meeting Minutes (Board Approved) | dhcf",/publication/april-24-2014-dc-hie-policy-board-meeting-minutes-board-approved,4
"April 8, 2015 DC HIE Policy Board Meeting Minutes (Board Approved) | dhcf",/node/1091852,1
April MCAC Eligibility and Enrollment Subcommittee Meeting | dhcf,/page/april-mcac-eligibility-and-enrollment-subcommittee-meeting,3
April Monthly Meeting | dhcf,/page/april-monthly-meeting,4
Are You Being Investigated? What to Expect | dhcf,/am/page/are-you-being-investigated-what-expect,1
Are You Being Investigated? What to Expect | dhcf,/fr/page/are-you-being-investigated-what-expect,4
Are You Being Investigated? What to Expect | dhcf,/page/are-you-being-investigated-what-expect,27
ARPA Home and Community Based Services (HCBS) Digital Health Technical Assistance (TA) | dhcf,/node/1564941,8
ARPA Home and Community Based Services (HCBS) Digital Health Technical Assistance (TA) | dhcf,/publication/arpa-home-and-community-based-services-hcbs-digital-health-technical-assistance-ta,6
Art Therapies for Persons Enrolled in the Home and Community Based Waiver for Persons with Intellectual and Developmental Disabilities Notice of Final Rulemaking | dhcf,/node/625672,1
Art Therapies for Persons Enrolled in the Home and Community Based Waiver for Persons with Intellectual and Developmental Disabilities Notice of Final Rulemaking | dhcf,/publication/art-therapies-persons-enrolled-home-and-community-based-waiver-persons-intellectual-and,7
Ask the Director - DHCF | dhcf,/external-link/ask-director-dhcf,29
Ask the Director - DHCF | dhcf,/node/162222,9
Asset Verification System Attachment 2.6A: Supplement 16 | dhcf,/node/1214366,10
Asset Verification System Attachment 2.6A: Supplement 16 | dhcf,/publication/asset-verification-system-attachment-26a-supplement-16,1
Attachment 4.46 (Provider Screening and Enrollment) | dhcf,/node/380722,11
Attachment 4.46 (Provider Screening and Enrollment) | dhcf,/publication/attachment-446-provider-screening-and-enrollment,3
Attachment 4.5 (Medicaid Recovery Audit Contractor Program) | dhcf,/node/477222,1
Attachment 4.5 (Medicaid Recovery Audit Contractor Program) | dhcf,/publication/attachment-45-medicaid-recovery-audit-contractor-program,5
Attention Providers: Modified Claims Processing and Payment Schedule | dhcf,/node/198772,2
Attention Providers: Modified Claims Processing and Payment Schedule | dhcf,/publication/attention-providers-modified-claims-processing-and-payment-schedule,2
Attorney General Racine Brings Medicaid Fraud Lawsuit against Home Health Aide | dhcf,/release/attorney-general-racine-brings-medicaid-fraud-lawsuit-against-home-health-aide,12
Attorney General Racine Brings Medicaid Fraud Lawsuit against Home Health Aide | dhcf,/vi/release/attorney-general-racine-brings-medicaid-fraud-lawsuit-against-home-health-aide,1
Attorney General's Certificate Attachment 1A | dhcf,/node/169942,13
Attorney General's Certificate Attachment 1A | dhcf,/publication/attorney-generals-certificate-attachment-1a,3
Audit Methodologies and Reporting | dhcf,/es/page/audit-methodologies-and-reporting,2
Audit Methodologies and Reporting | dhcf,/page/audit-methodologies-and-reporting,29
Audit Timeline | dhcf,/fr/page/audit-timeline,3
Audit Timeline | dhcf,/page/audit-timeline,12
August 2020 Second Public Roundtable on Proposed MCO Contracts | dhcf,/release/august-2020-second-public-roundtable-proposed-mco-contracts,6
August MCAC Eligibility and Enrollment Subcommittee Meeting | dhcf,/node/1552421,3
August Monthly Meeting | dhcf,/page/august-monthly-meeting,3
Authority of Program Integrity to Investigate/Review Medicaid | dhcf,/am/page/authority-program-integrity-investigatereview-medicaid,2
Authority of Program Integrity to Investigate/Review Medicaid | dhcf,/fr/page/authority-program-integrity-investigatereview-medicaid,6
Authority of Program Integrity to Investigate/Review Medicaid | dhcf,/page/authority-program-integrity-investigatereview-medicaid,34
Authorization for Release of Medical Records | dhcf,/node/912562,15
Authorization for Release of Medical Records | dhcf,/publication/authorization-release-medical-records,98
Authorization for Use and Disclosure of Private/Protected Health Information | dhcf,/node/911252,1
Authorization for Use and Disclosure of Private/Protected Health Information | dhcf,/publication/authorization-use-and-disclosure-privateprotected-health-information,9
Authorized Representative Form - Spanish | dhcf,/node/911232,4
Authorized Representative Form | dhcf,/node/911212,17
Authorized Representative Form | dhcf,/publication/authorized-representative-form,166
Becoming an EPD Waiver Provider | dhcf,/page/becoming-epd-waiver-provider,242
Becoming an EPD Waiver Provider | dhcf,/page/becoming-epd-waiver-providers,5
Behavioral (Mental Health) Services | dhcf,/node/289082,17
Behavioral (Mental Health) Services | dhcf,/page/behavioral-mental-health-services,511
Behavioral Health Integration | dhcf,/node/1679336,0
Behavioral Health Integration | dhcf,/page/behavioral-health-integration,225
Behavioral Health Integration | dhcf,/page/behavioral-health-integration/,2
Behavioral Health Integration | dhcf,/vi/node/1679336,1
Behavioral Health Transformation 1115 Waiver | dhcf,/page/behavioral-health-transformation-1115-waiver,37
Behavioral Support Services Final Rulemaking for Participant in the Home and Community Based Services Waiver for Individual with Intellectual and Development Disabilities | dhcf,/node/1068452,6
Behavioral Support Services Final Rulemaking for Participant in the Home and Community Based Services Waiver for Individual with Intellectual and Development Disabilities | dhcf,/publication/behavioral-support-services-final-rulemaking-participant-home-and-community-based,2
Behavioral Support Services Notice of Final Rulemaking | dhcf,/node/1155482,2
Behavioral Support Services Notice of Final Rulemaking | dhcf,/publication/behavioral-support-services-notice-final-rulemaking,4
Benefits of Health Information Exchange | dhcf,/page/benefits-health-information-exchange,95
Benjamin Ebeigbe | dhcf,/biography/benjamin-ebeigbe,64
Benjamin Ebeigbe | dhcf,/biography/katherine-rogers,3
Bill of Rights - Amendment - Act of 2011 | dhcf,/node/912582,12
Bill of Rights - DC ACT 12-607 | dhcf,/node/912542,32
Bill of Rights - DC ACT 12-607 | dhcf,/publication/bill-rights-dc-act-12-607,7
Billing Guidance for Medicaid Section 1115 Behavioral Health Transformation Demonstration Services | dhcf,/publication/billing-guidance-medicaid-section-1115-behavioral-health-transformation-demonstration,1
"Board Approved Bylaws - October 17, 2012 | dhcf",/node/367482,0
"Board Approved Bylaws - October 17, 2012 | dhcf",/publication/board-approved-bylaws-october-17-2012,3
Board Meeting Archives | dhcf,/page/board-meeting-archives,1
Bowser Administration Announces Launch of My Health GPS | dhcf,/release/bowser-administration-announces-launch-my-health-gps,2
Bowser Administration Announces Release of Site Study for New Acute Care Hospital | dhcf,/release/bowser-administration-announces-release-site-study-new-acute-care-hospital,1
Breastfeeding | dhcf,/node/210182,8
Breastfeeding | dhcf,/page/breastfeeding,12
BRIEFING ON THE PROPOSED DHCF ICF RATE METHODOLOGY | dhcf,/node/167362,1
Briefing on the Proposed DHCF ICF Rate Methodology | dhcf,/release/briefing-proposed-dhcf-icf-rate-methodology,1
Business Transformation Grant | dhcf,/publication/business-transformation-grant,13
"Cancelled: MCAC Meeting Scheduled for December 19, 2018 | dhcf",/release/cancelled-mcac-meeting-scheduled-december-19-2018,5
Care Delivery April 25 2016 Presentation | dhcf,/node/1158256,5
Care Delivery April 25 2016 Presentation | dhcf,/publication/care-delivery-april-25-2016-presentation,5
Care Delivery April 25 Meeting Agenda | dhcf,/node/1157102,5
Care Delivery December 9 Meeting Agenda | dhcf,/node/1127802,1
Care Delivery December 9 Meeting Agenda | dhcf,/publication/care-delivery-december-9-meeting-agenda,5
Care Delivery December 9 Presentation | dhcf,/node/1130926,6
Care Delivery December 9th Meeting Summary | dhcf,/node/1132103,7
Care Delivery December 9th Meeting Summary | dhcf,/publication/care-delivery-december-9th-meeting-summary,1
Care Delivery February 3 2016 Presentation | dhcf,/node/1140126,5
Care Delivery February 3 2016 Presentation | dhcf,/publication/care-delivery-february-3-2016-presentation,1
Care Delivery February 3 Meeting Agenda | dhcf,/node/1140152,1
Care Delivery February 3 Meeting Agenda | dhcf,/publication/care-delivery-february-3-meeting-agenda,5
Care Delivery January 12 Presentation | dhcf,/node/1135051,1
Care Delivery January 12 Presentation | dhcf,/publication/care-delivery-january-12-presentation,1
Care Delivery March 2 Meeting Agenda | dhcf,/node/1143462,7
Care Delivery March 2 Meeting Agenda | dhcf,/publication/care-delivery-march-2-meeting-agenda,1
Care Delivery Meeting Summary 10 15 15 | dhcf,/node/1121872,3
Care Delivery Meeting Summary 10 15 15 | dhcf,/publication/care-delivery-meeting-summary-10-15-15,2
Care Delivery Meeting Summary April 25 2016 | dhcf,/node/1160317,3
Care Delivery Meeting Summary February 3 2016 | dhcf,/node/1140112,5
Care Delivery Meeting Summary March 2 2016 | dhcf,/node/1157097,1
Care Delivery Nov 12 Meeting Agenda | dhcf,/node/1122577,1
Care Delivery Nov 12 Meeting Agenda | dhcf,/publication/care-delivery-nov-12-meeting-agenda,6
Care Delivery November 12 Meeting Summary | dhcf,/node/1127016,1
Care Delivery November 12 Meeting Summary | dhcf,/publication/care-delivery-november-12-meeting-summary,6
Care Delivery November 23 Meeting Agenda | dhcf,/node/1127031,5
Care Delivery November 23 Meeting Agenda | dhcf,/publication/care-delivery-november-23-meeting-agenda,1
Care Delivery November 23 Meeting Summary | dhcf,/node/1127801,1
Care Delivery November 23 Meeting Summary | dhcf,/publication/care-delivery-november-23-meeting-summary,4
Care Delivery November 23 Presentation | dhcf,/node/1127033,5
Care Delivery Oct 28 Meeting Summary | dhcf,/node/1122572,8
Care Delivery Oct 28 Meeting Summary | dhcf,/publication/care-delivery-oct-28-meeting-summary,1
Care Delivery October 15 Meeting Agenda | dhcf,/node/1121867,1
Care Delivery October 15 Meeting Agenda | dhcf,/publication/care-delivery-october-15-meeting-agenda,5
Care Delivery October 15 Presentation | dhcf,/node/1121877,0
Care Delivery October 15 Presentation | dhcf,/publication/care-delivery-october-15-presentation,3
Care Delivery October 28th Agenda | dhcf,/publication/care-delivery-october-28th-agenda,1
CareFirst December 14th Presentation | dhcf,/node/1130942,8
CareFirst December 14th Presentation | dhcf,/publication/carefirst-december-14th-presentation,2
Certification as to Compliance with Equal Opportunity Obligations | dhcf,/publication/certification-compliance-equal-opportunity-obligations,1
Change of Base Year for Hospital for Sick Children Final Rulemaking | dhcf,/node/468572,1
Change of Base Year for Hospital for Sick Children Final Rulemaking | dhcf,/publication/change-base-year-hospital-sick-children-final-rulemaking,5
Chapter 65 Transition Planning Services | dhcf,/node/1502611,2
Chapter 65 Transition Planning Services | dhcf,/publication/chapter-65-transition-planning-services,6
Chartered Health Plan to Continue Providing Services to Beneficiaries and Health-Care Providers When It Enters Receivership | dhcf,/release/chartered-health-plan-providing-services-beneficiaries-and-health-care-providers,2
Child and Adolescent Supplemental Security Income Program (CASSIP) | dhcf,/publication/child-and-adolescent-supplemental-security-income-program-cassip,190
"Children in Care, Including Foster Care | dhcf",/node/892302,31
"Children in Care, Including Foster Care | dhcf",/service/children-care-including-foster-care,54
Children ineligible for Medicaid as a Result of Elimination of Income Disregard | dhcf,/node/837892,9
Children with Non IV-E Adoption Assistance | dhcf,/node/837412,2
Children with Non IV-E Adoption Assistance | dhcf,/publication/children-non-iv-e-adoption-assistance,1
Childrens Coverage Snapshot | dhcf,/node/1137831,6
Childrens Coverage Snapshot | dhcf,/publication/childrens-coverage-snapshot,1
Chinese - Stakeholder Communications Toolkit | dhcf,/page/chinese-stakeholder-communications-toolkit,10
Citizenship Supplemental Form | dhcf,/node/911202,2
Cleveland Woodson | dhcf,/biography/cleveland-woodson,17
CMS Contracted Provider Audits | dhcf,/es/page/cms-contracted-provider-audits,5
CMS Contracted Provider Audits | dhcf,/page/cms-contracted-provider-audits,22
CMS Mandated Provider Audits | dhcf,/fr/page/cms-mandated-provider-audits,5
CMS Mandated Provider Audits | dhcf,/page/cms-mandated-provider-audits,14
Come and Join the Department of Health Care Finance Division of Managed Care | dhcf,/release/come-and-join-department-health-care-finance-division-managed-care,10
Communications Toolkit and Fliers in Multiple Languages | dhcf,/node/1648591,31
Communications Toolkit and Fliers in Multiple Languages | dhcf,/renewaltoolkit,35
Community Linkages April 20 Meeting Agenda | dhcf,/node/1157181,1
Community Linkages April 20 Meeting Agenda | dhcf,/publication/community-linkages-april-20-meeting-agenda,7
Community Linkages December 16th Meeting Agenda | dhcf,/node/1130952,4
Community Linkages December 16th Meeting Agenda | dhcf,/publication/community-linkages-december-16th-meeting-agenda,2
Community Linkages December 16th Meeting Presentation | dhcf,/node/1130956,1
Community Linkages December 16th Meeting Presentation | dhcf,/publication/community-linkages-december-16th-meeting-presentation,4
Community Linkages December 16th Meeting Summary | dhcf,/node/1132111,2
Community Linkages December 16th Meeting Summary | dhcf,/publication/community-linkages-december-16th-meeting-summary,8
Community Linkages Feb 17 Meeting Presentation | dhcf,/node/1157161,1
Community Linkages Feb 17 Meeting Presentation | dhcf,/publication/community-linkages-feb-17-meeting-presentation,4
Community Linkages Feb 17 Meeting Summary | dhcf,/node/1157157,5
Community Linkages Feb 17 Meeting Summary | dhcf,/publication/community-linkages-feb-17-meeting-summary,1
Community Linkages March 24 Meeting Agenda | dhcf,/node/1157167,1
Community Linkages March 24 Meeting Agenda | dhcf,/publication/community-linkages-march-24-meeting-agenda,2
Community Linkages March 24 Meeting Presentation | dhcf,/node/1157176,8
Community Linkages March 24 Meeting Presentation | dhcf,/publication/community-linkages-march-24-meeting-presentation,4
Community Linkages March 24 Meeting Summary | dhcf,/node/1157171,5
Community Linkages March 24 Meeting Summary | dhcf,/publication/community-linkages-march-24-meeting-summary,1
Community Linkages November 20th Meeting Agenda | dhcf,/node/1127058,1
Community Linkages November 20th Meeting Presentation | dhcf,/node/1127067,1
Community Linkages November 20th Meeting Presentation | dhcf,/publication/community-linkages-november-20th-meeting-presentation,5
Community Resource Information Exchange Technical Solution (CoRIE) Development Grant | dhcf,/node/1417111,2
Community Resource Inventory | dhcf,/node/1381806,1
Community Resource Inventory | dhcf,/publication/community-resource-inventory-needs-assessment-and-design-grant-01,8
Community Support Services Final Rulemaking | dhcf,/node/364632,1
Community Support Services Final Rulemaking | dhcf,/publication/community-support-services-final-rulemaking,5
Companion Services Notice of Final Rulemaking | dhcf,/node/1115866,1
Companion Services Notice of Final Rulemaking | dhcf,/publication/companion-services-notice-final-rulemaking,2
Comparing Costs by Age Group Snapshot | dhcf,/node/1137832,6
Comparing Costs by Age Group Snapshot | dhcf,/publication/comparing-costs-age-group-snapshot,7
Conflict Free Case Management (EPD) Notice of Final Rulemaking | dhcf,/node/1164616,4
Conflict Free Case Management (EPD) Notice of Final Rulemaking | dhcf,/publication/conflict-free-case-management-epd-notice-final-rulemaking,1
Conflict Free Case Management Notice of Final Rulemaking | dhcf,/node/1090492,23
Conflict of Interest | dhcf,/node/912572,11
Conflict of Interest | dhcf,/publication/conflict-interest,8
Conflict of Interest Form | dhcf,/publication/conflict-interest-form,3
Conflict of Interest Statement | dhcf,/node/911172,1
Conflict of Interest Statement | dhcf,/publication/conflict-interest-statement,2
Conflict-Free Case Management | dhcf,/am/page/conflict-free-case-management,2
Conflict-Free Case Management | dhcf,/page/conflict-free-case-management,89
Consent Management Grant for HIE | dhcf,/node/1453181,9
Consent Management Grant for HIE | dhcf,/publication/consent-management-grant-hie,1
Contáctese con los directores | dhcf,/es/page/contact-agency-directors,33
Contact Agency Directors | dhcf,/page/contact-agency-directors,86
Contact Information | dhcf,/es/node/1351981,2
Contact Information | dhcf,/page/contact-information-0,553
Contact Information | dhcf,/vi/node/1351981,1
Contact Us - Division of Program Integrity (DPI) | dhcf,/es/page/contact-us-1-DPI,4
Contact Us - Division of Program Integrity (DPI) | dhcf,/page/contact-us-1-DPI,18
Contact Us - Division of Program Integrity (DPI) | dhcf,/page/contact-us-1-dpi,1
Cooperation with Medicaid Integrity Efforts Attachment 4.43 | dhcf,/node/193082,1
Cooperation with Medicaid Integrity Efforts Attachment 4.43 | dhcf,/publication/cooperation-medicaid-integrity-efforts-attachment-443,2
Coordination of Medicaid with Medicare and Other Insurance Attachment 3.2A | dhcf,/node/192442,10
Coordination of Medicaid with Medicare and Other Insurance Attachment 3.2A | dhcf,/publication/coordination-medicaid-medicare-and-other-insurance-attachment-32a,1
Cost Sharing and Similar Charges Attachment 4.18A | dhcf,/node/192722,10
Cost Sharing and Similar Charges Attachment 4.18A | dhcf,/publication/cost-sharing-and-similar-charges-attachment-418a,1
Cost Sharing and Similar Charges Attachment 4.18C | dhcf,/node/192732,11
Cost Sharing and Similar Charges Attachment 4.18C | dhcf,/publication/cost-sharing-and-similar-charges-attachment-418c,1
Cost Sharing and Similar Charges Attachment 4.18D | dhcf,/node/192742,11
Cost Sharing and Similar Charges Attachment 4.18E | dhcf,/node/192752,11
Cost Sharing and Similar Charges Attachment 4.18E | dhcf,/publication/cost-sharing-and-similar-charges-attachment-418e,1
Cost-Based Medicaid Reimbursement to Eligible Providers of Emergency Medical Ground Transportation Services Notice of Final Rulemaking | dhcf,/node/1471031,4
Cover Letter For Managed Care Performance Report February 2014 | dhcf,/node/775842,5
Cover Letter For Managed Care Performance Report February 2014 | dhcf,/publication/cover-letter-managed-care-performance-report-february-2014,2
Coverage and Conditions of Eligibility Attachment 2.2A | dhcf,/node/191422,47
Creative Arts Therapies Notice of Emergency and Proposed Rulemaking | dhcf,/node/1147730,5
Creative Arts Therapies Notice of Emergency and Proposed Rulemaking | dhcf,/publication/creative-arts-therapies-notice-emergency-and-proposed-rulemaking,1
D-2848 Power of Attorney and Declaration of Representation | dhcf,/publication/d-2848-power-attorney-and-declaration-representation,16
Data Snapshot - Children's Coverage | dhcf,/node/791852,1
Data Snapshot - Children's Coverage | dhcf,/publication/data-snapshot-childrens-coverage,1
Data Snapshot - Children's Medicaid Enrollment | dhcf,/node/1287596,1
Data Snapshot - Medicaid Super-utilizers | dhcf,/node/1287601,6
Data Snapshot - Medicaid Super-utilizers | dhcf,/publication/data-snapshot-medicaid-super-utilizers,2
Data Snapshot - Tobacco Cessation Services | dhcf,/node/1287591,1
Data Snapshot - Tobacco Cessation Services | dhcf,/publication/data-snapshot-tobacco-cessation-services-0,3
Data Snapshot- DC Health Care Alliance Demographics & Cost Drivers FY 13-17 | dhcf,/node/1361681,3
Data Snapshot- DC Health Care Alliance Demographics & Cost Drivers FY 13-17 | dhcf,/publication/data-snapshot-dc-health-care-alliance-demographics-cost-drivers-fy-13-17,5
Data Snapshots | dhcf,/page/data-snapshots,24
Day Habilitation Services for the ID/DD Waiver Final Rulemaking | dhcf,/node/625702,1
Day Habilitation Services for the ID/DD Waiver Final Rulemaking | dhcf,/publication/day-habilitation-services-iddd-waiver-final-rulemaking,1
Day Habilitation Services Notice of Final Rulemaking | dhcf,/node/1120981,5
DBH Chapter 80 Crisis Services Second Rulemaking | dhcf,/node/1502616,1
"DC - ""One Community for All” FY 2012 Summary | dhcf",/DHCF DC One Community for All FY 2012 Summary,1
DC Care Connect | dhcf,/am/node/1351691,1
DC Care Connect | dhcf,/node/1351691,17
DC Care Connect | dhcf,/page/dc-care-connect,532
DC Community Resources | dhcf,/node/285552,38
DC Community Resources | dhcf,/page/dc-community-resources,496
DC Government/Office of Health Care Ombudsman and Bill of Rights (OHCOBR) – Insurer’s Reporting Form | dhcf,/publication/dc-governmentoffice-health-care-ombudsman-and-bill-rights-ohcobr-–-insurer’s-reporting,1
DC Health Care Ombudsman | dhcf,/featured-content/dc-health-care-ombudsman,42
DC Health Coverage | dhcf,/page/dc-health-coverage,0
DC Healthy Families | dhcf,/am/service/dc-healthy-families,2
DC Healthy Families | dhcf,/es/service/dc-healthy-families,15
DC Healthy Families | dhcf,/fr/service/dc-healthy-families,3
DC Healthy Families | dhcf,/node/151012,11
DC Healthy Families | dhcf,/service/dc-healthy-families,2556
DC Healthy Families | dhcf,/vi/service/dc-healthy-families,2
DC Heath Care Alliance | dhcf,/node/835772,1
DC Heath Care Alliance | dhcf,/publication/dc-heath-care-alliance,0
DC HIE | dhcf,/am/page/dc-hie,4
DC HIE | dhcf,/es/page/dc-hie,1
DC HIE | dhcf,/es/page/health-information-technology-01,4
DC HIE | dhcf,/node/173092,1
DC HIE | dhcf,/page/dc-hie,290
DC HIE | dhcf,/page/health-information-exchange,2
DC HIE Designation Application | dhcf,/page/dc-hie-designation-application,9
DC HIE Governing Body Orientation Packet | dhcf,/node/791332,4
DC HIE Onboarding Requirements for the Behavioral Health Transformation Rule | dhcf,/node/1470566,5
DC HIE Onboarding Requirements for the Behavioral Health Transformation Rule | dhcf,/page/dc-hie-onboarding-requirements-behavioral-health-transformation-rule,15
DC HIE Policy and Procedure Manual | dhcf,/node/397112,0
DC HIE Policy and Procedure Manual | dhcf,/publication/dc-hie-policy-and-procedure-manual,10
DC HIE Policy Board | dhcf,/am/dchiepb,14
DC HIE Policy Board | dhcf,/dchiepb,133
DC HIE Policy Board | dhcf,/page/dc-hie-policy-board,8
"DC HIE Policy Board Meeting - April 21, 2016 | dhcf",/publication/dc-hie-policy-board-meeting-april-21-2016,2
"DC HIE Policy Board Meeting - August 24, 2017 | dhcf",/node/1272271,2
"DC HIE Policy Board Meeting - August 24, 2017 | dhcf",/publication/dc-hie-policy-board-meeting-august-24-2017,1
"DC HIE Policy Board Meeting - February 16, 2017 | dhcf",/node/1219916,2
"DC HIE Policy Board Meeting - February 16, 2017 | dhcf",/publication/dc-hie-policy-board-meeting-february-16-2017,1
"DC HIE Policy Board Meeting - July 20, 2017 | dhcf",/node/1258156,1
"DC HIE Policy Board Meeting - July 20, 2017 | dhcf",/publication/dc-hie-policy-board-meeting-july-20-2017,1
"DC HIE Policy Board Meeting - June 23, 2016 | dhcf",/publication/dc-hie-policy-board-meeting-june-23-2016,1
"DC HIE Policy Board Meeting - November 10, 2016 | dhcf",/node/1200207,2
"DC HIE Policy Board Meeting - November 10, 2016 | dhcf",/publication/dc-hie-policy-board-meeting-november-10-2016-01,1
"DC HIE Policy Board Meeting - October 11, 2016 | dhcf",/node/1194000,2
"DC HIE Policy Board Meeting - October 11, 2016 | dhcf",/publication/dc-hie-policy-board-meeting-october-11-2016,1
"DC HIE Policy Board Meeting - September 15, 2016 | dhcf",/publication/dc-hie-policy-board-meeting-september-15-2016,3
"DC HIE Policy Board Meeting - September 21, 2017 | dhcf",/node/1278621,2
"DC HIE Policy Board Meeting - September 21, 2017 | dhcf",/publication/dc-hie-policy-board-meeting-september-21-2017,1
DC HIE Policy Board Meeting Agenda - Mar-10-2016 | dhcf,/node/1144646,5
"DC HIE Policy Board Meeting Agenda - March 20, 2013 | dhcf",/release/dc-hie-policy-board-meeting-agenda-march-20-2013,6
DC HIE Policy Board Meeting Minutes (Board Approved) - July 13 | dhcf,/node/1130091,9
DC HIE Policy Board Meeting Minutes (Board Approved) - July 21 | dhcf,/node/1130086,1
"DC HIE Policy Board Meeting Minutes (Board Approved) - March 10, 2016 | dhcf",/node/1157696,1
"DC HIE Policy Board Meeting Minutes (Board Approved) - Nov 19, 2015 | dhcf",/node/1157691,5
"DC HIE Policy Board Meeting Minutes (Board Approved) - Nov 19, 2015 | dhcf",/publication/dc-hie-policy-board-meeting-minutes-board-approved-nov-19-2015,1
DC HIE Policy Board Meeting Minutes (Board Approved) - Sept 16 | dhcf,/node/1130096,6
"DC HIE Policy Board Special Call Meeting Minutes - November 27, 2012 | dhcf",/node/397132,1
"DC HIE Policy Board Special Call Meeting Minutes - November 27, 2012 | dhcf",/publication/dc-hie-policy-board-special-call-meeting-minutes-november-27-2012,7
DC HIE Registration Application | dhcf,/node/1419136,10
DC HIE Registration Application | dhcf,/page/dc-hie-registration-application,54
DC HIE Use Cases | dhcf,/page/dc-hie-use-cases-0,23
DC Medicaid 1115 HIV Waiver Program | dhcf,/publication/dc-medicaid-1115-hiv-waiver-program,4
DC Medicaid – DC Healthy Families | dhcf,/node/835782,7
DC Medicaid – DC Healthy Families | dhcf,/publication/dc-medicaid-–-dc-healthy-families,4
DC Medicaid – Elderly and Individuals with Physical Disabilities (EPD) Waiver Program | dhcf,/publication/dc-medicaid-–-elderly-and-individuals-physical-disabilities-epd-waiver-program,1
DC Medicaid Initiates “Don’t Wait to Update” Campaign for Medicaid Renewals | dhcf,/release/dc-medicaid-initiates-dont-wait-update-campaign-medicaid-renewals,16
DC Medical Care Advisory Committee | dhcf,/es/page/dc-medical-care-advisory-committee,1
DC Medical Care Advisory Committee | dhcf,/fr/page/dc-medical-care-advisory-committee,4
DC Medical Care Advisory Committee | dhcf,/node/1176766,6
DC Medical Care Advisory Committee | dhcf,/node/162322,7
DC Medical Care Advisory Committee | dhcf,/node/162322/revisions/6627216/view,1
DC Medical Care Advisory Committee | dhcf,/node/162322/revisions/7136831/view,1
DC Medical Care Advisory Committee | dhcf,/page/dc-medical-care-advisory-committee,440
DC Medical Care Advisory Committee | dhcf,/publication/dc-medical-care-advisory-committee,5
DC Medical Care Advisory Committee | dhcf,/vi/page/dc-medical-care-advisory-committee,1
DC Non-MAGI Verification Plan | dhcf,/node/1476241,4
DC Non-MAGI Verification Plan | dhcf,/publication/dc-non-magi-verification-plan,10
DC Pharmacy Provider Network To Begin Dispensing Medications To Health Care Safety Net Alliance Members | dhcf,/release/dc-pharmacy-provider-network-begin-dispensing-medications-health-care-safety-net-alliance,7
DC Plan Ensuring People with Disabilities Access to Community Services is the 5th Program to be Approved Nationwide | dhcf,/release/dc-plan-ensuring-people-disabilities-access-community-services-5th-program-be-approved,1
DC Register Notice | dhcf,/publication/dc-register-notice,4
DC SHIP Appendices Final Document | dhcf,/node/1179411,2
DC SHIP Final Document 7-31-16 | dhcf,/node/1179415,10
DC SHIP Final Document 7-31-16 | dhcf,/publication/dc-ship-final-document-7-31-16,1
DC Standard Paper Application - Spanish | dhcf,/node/912482,6
DC Standard Paper Application - Spanish | dhcf,/publication/dc-standard-paper-application-spanish,2
DC Unassisted Application - English | dhcf,/node/912512,2
DC Unassisted Application - English | dhcf,/publication/dc-unassisted-application-english,1
DC_HIE_Identity_Verification_Form | dhcf,/page/dchieidentityverificationform,2
DCHIE Archive | dhcf,/am/page/archive-0,2
DCHIE Archive | dhcf,/archive,8
DCHIE Archive | dhcf,/page/archive-0,3
DCHIE Archive | dhcf,/page/archive-HIE,9
DC-HIE DIRECT Messaging Enrollment Form for Organizations | dhcf,/node/178212,6
"DCHIE Policy Board Meeting Minutes - January 15, 2014 Final | dhcf",/node/805762,7
"DCHIE Policy Board Meeting Minutes - March 19, 2014 Final | dhcf",/publication/dchie-policy-board-meeting-minutes-march-19-2014-final,5
"DC-HIE Policy Board Meeting Minutes - November 14, 2012 - Board Approved | dhcf",/node/397122,5
"DCHIE Policy Board Meeting Minutes - November 20, 2013 Final | dhcf",/node/741442,6
"DCHIE Policy Board Meeting Minutes - October 16, 2013 Board Approved | dhcf",/node/711802,7
"DCHIE Policy Board Meeting Minutes - September 18, 2013 Board Approved | dhcf",/node/694222,4
"DCHIE Policy Board Meeting Minutes April 17, 2013 Board Approved | dhcf",/node/547952,1
DCHIE Policy Board Meeting Minutes Aug 1 2012 | dhcf,/node/317212,2
"DCHIE Policy Board Meeting Minutes August 21, 2013 Board Approved | dhcf",/node/653932,1
"DCHIE Policy Board Meeting Minutes August 21, 2013 Board Approved | dhcf",/publication/dchie-policy-board-meeting-minutes-august-21-2013-board-approved,4
DCHIE Policy Board Meeting Minutes December 19 2012 Board Approved | dhcf,/node/418232,6
"DCHIE Policy Board Meeting Minutes February 20, 2013 Board Approved | dhcf",/publication/dchie-policy-board-meeting-minutes-february-20-2013-board-approved,3
DCHIE Policy Board Meeting Minutes January 16 2013 Board Approved | dhcf,/node/418272,1
DCHIE Policy Board Meeting Minutes January 16 2013 Board Approved | dhcf,/publication/dchie-policy-board-meeting-minutes-january-16-2013-board-approved,5
"DCHIE Policy Board Meeting Minutes July 17, 2013 Board Approved | dhcf",/node/622992,1
"DCHIE Policy Board Meeting Minutes July 17, 2013 Board Approved | dhcf",/publication/dchie-policy-board-meeting-minutes-july-17-2013-board-approved,4
"DCHIE Policy Board Meeting Minutes June 19, 2013 Board Approved | dhcf",/node/622962,1
"DCHIE Policy Board Meeting Minutes June 19, 2013 Board Approved | dhcf",/publication/dchie-policy-board-meeting-minutes-june-19-2013-board-approved,2
"DCHIE Policy Board Meeting Minutes March 20, 2013 Board Approved | dhcf",/node/472742,7
"DCHIE Policy Board Meeting Minutes May 15, 2013 Board Approved | dhcf",/node/547962,6
"DCHIEPB Meeting Agenda - August 1, 2012 | dhcf",/publication/dchiepb-meeting-agenda-august-1-2012,1
DC-HIE-PB Meeting Minutes - Oct 17 2012 | dhcf,/node/347942,5
Debt Free DC | dhcf,/node/1654691,14
"December 10, 2015 MCAC Agenda | dhcf",/node/1129367,5
"December 10, 2015 MCAC Agenda | dhcf",/publication/december-10-2015-mcac-agenda,2
December 14th Quality Metrics Meeting Agenda | dhcf,/node/1129341,8
December 14th Quality Metrics Meeting Agenda | dhcf,/publication/december-14th-quality-metrics-meeting-agenda,0
December 17th Payment Model Meeting Agenda | dhcf,/node/1129319,2
December 2022 Enrollment Report – Data for November 2021- November 2022 | dhcf,/node/1640671,8
Declining Your Medicaid Coverage Fact Sheet and Request Form | dhcf,/node/805702,3
Declining Your Medicaid Coverage Fact Sheet and Request Form | dhcf,/publication/declining-your-medicaid-coverage-fact-sheet-and-request-form,7
Deemed Newborns | dhcf,/node/892182,24
Deemed Newborns | dhcf,/service/deemed-newborns,78
Demonstration Project to Increase Substance Use Provider Capacity | dhcf,/am/node/1436976,1
Demonstration Project to Increase Substance Use Provider Capacity | dhcf,/es/node/1436976,1
Demonstration Project to Increase Substance Use Provider Capacity | dhcf,/page/demonstration-project-increase-substance-use-provider-capacity,26
Dental Services Final Rulemaking | dhcf,/node/781752,2
Dental Services Notice of Final Rulemaking | dhcf,/node/1153707,9
Dental Services Notice of Final Rulemaking | dhcf,/publication/dental-services-final-rulemaking-01,1
Department of Health Care Finance - DHCF | dhcf,/agency/department-health-care-finance,3
Department of Health Care Finance - DHCF | dhcf,/agency/department-health-care-finance-dhcf,141
Department of Health Care Finance (DHCF) and Deputy Mayor for Health and Human Services (DMHHS) Fiscal Year 2019-2020 Performance Oversight Hearings | dhcf,/release/department-health-care-finance-dhcf-and-deputy-mayor-health-and-human-services-dmhhs-fiscal,4
Department of Health Care Finance (DHCF) Fiscal Year 2022-2023 Performance Oversight Hearing | dhcf,/release/department-health-care-finance-dhcf-fiscal-year-2022-2023-performance-oversight-hearing,10
Department of Health Care Finance Announces AmeriHealth to Assume Operations of DC Chartered Health Plan in May | dhcf,/release/department-health-care-finance-announces-amerihealth-assume-operations-dc-chartered-health,14
Department of Health Care Finance Announces Delay in Provider Payments Due to Federal Shutdown | dhcf,/release/department-health-care-finance-announces-delay-provider-payments-due-federal-shutdown,6
Department of Health Care Finance Announces Intent to Award Contract for DCAS Release 3 | dhcf,/release/department-health-care-finance-announces-intent-award-contract-dcas-release,45
Department of Health Care Finance Announces Intent to Award Hospital Turnaround Contract to Huron Healthcare | dhcf,/release/department-health-care-finance-announces-intent-award-hospital-turnaround-contract-huron,1
Department of Health Care Finance Announces Intent to Award Managed Care Contract to Medstar Family Choice | dhcf,/release/department-health-care-finance-announces-intent-award-managed-care-contract-medstar-family,2
Department of Health Care Finance Announces Intent to Award Three Managed Care Contracts for New Five Year Program | dhcf,/release/department-health-care-finance-announces-intent-award-three-managed-care-contracts-new-fiv-0,2
Department of Health Care Finance Announces Intent to Award Three Managed Care Contracts for New Five Year Program | dhcf,/release/department-health-care-finance-announces-intent-award-three-managed-care-contracts-new-fiv-1,8
Department of Health Care Finance Announces Intent to Award Three Managed Care Contracts for New Five Year Program | dhcf,/release/department-health-care-finance-announces-intent-award-three-managed-care-contracts-new-five,8
Department of Health Care Finance COH Oversight Presentation | dhcf,/release/department-health-care-finance-coh-oversight-presentation,1
Department of Health Care Finance COH Oversight Presentation | dhcf,/release/department-health-care-finance-coh-oversight-presentation-0,6
Department of Health Care Finance FY 2012 Oversight Hearing | dhcf,/release/department-health-care-finance-fy-2012-oversight-hearing,5
Department of Health Care Finance FY 2013 Oversight Hearing | dhcf,/release/department-health-care-finance-fy-2013-oversight-hearing,2
Department of Health Care Finance FY 2014 Budget Hearing | dhcf,/release/department-health-care-finance-fy-2014-budget-hearing,7
Department of Health Care Finance FY 2014 Oversight Hearing | dhcf,/release/department-health-care-finance-fy-2014-oversight-hearing,2
Department of Health Care Finance FY 2019 Budget Hearing | dhcf,/release/department-health-care-finance-fy-2019-budget,1
Department of Health Care Finance FY 2019 Council Budget Hearing | dhcf,/release/DHCF-FY2019-Council-Budget-Presentation,5
Department of Health Care Finance FY 2020 Budget Hearing | dhcf,/release/department-health-care-finance-fy-2020-budget-hearing,1
Department of Health Care Finance FY2021 Oversight Testimony | dhcf,/release/department-health-care-finance-fy2021-oversight-testimony,6
Department of Health Care Finance Issues Termination Notices to Six Home Health Care Agencies | dhcf,/release/department-health-care-finance-issues-termination-notices-six-home-health-care-agencies,3
Department of Health Care Finance Organizational Chart | dhcf,/node/860912,4
Department of Health Care Finance Organizational Chart | dhcf,/publication/department-health-care-finance-organizational-chart,110
Department of Health Care Finance Publishes First Proposed Medicaid Demonstration for Mental Health and Substance Use Disorders Under New CMS Guidance | dhcf,/release/department-health-care-finance-publishes-first-proposed-medicaid-demonstration-mental-health,9
Department of Health Care Finance Welcomes CareFirst BlueCross BlueShield Acquisition of Trusted Health Plan | dhcf,/release/department-health-care-finance-welcomes-carefirst-bluecross-blueshield-acquisition-trusted,42
Department of Health Care Finance Year 2016-17 Performance Oversight Hearing | dhcf,/release/department-health-care-finance-year-2016-17-performance-oversight-hearing,5
Department of Health Care Finance Year 2017-2018 Performance Oversight Hearing Testimony | dhcf,/release/department-health-care-finance-year-2017-2018-performance-oversight-hearing-testimony,0
DHCF - Meet Our Executive Team | dhcf,/am/page/dhcf-meet-our-executive-team,6
DHCF - Meet Our Executive Team | dhcf,/fr/page/dhcf-meet-our-executive-team,4
DHCF - Meet Our Executive Team | dhcf,/page/dhcf-meet-our-executive-team,867
DHCF 2005 Annual Report | dhcf,/node/160342,7
DHCF 2005 Annual Report | dhcf,/publication/dhcf-2005-annual-report,4
DHCF 2005 Annual Report Fact Sheet | dhcf,/node/160352,7
DHCF 2007 Annual Report | dhcf,/node/160362,10
DHCF 2007 Annual Report | dhcf,/publication/dhcf-2007-annual-report,4
DHCF 2007 Annual Report Fact Sheet | dhcf,/node/160372,2
DHCF 2008 Annual Report | dhcf,/node/160382,9
DHCF 2008 Annual Report | dhcf,/publication/dhcf-2008-annual-report,5
DHCF Administrators | dhcf,/node/1109727,100
DHCF Administrators | dhcf,/page/dhcf-administrators,138
DHCF and DC HIE Policy Board to Host Health Information Exchange Stakeholder Summit | dhcf,/release/dhcf-and-dc-hie-policy-board-host-health-information-exchange-stakeholder-summit,3
DHCF Announces Contract Award to Huron for Professional Health Care Services in Support of Planning for a New Hospital East of the River | dhcf,/release/dhcf-announces-contract-award-huron-professional-health-care-services-support-planning-new,5
DHCF Announces Contract Awards for District’s Health Benefit Exchange IT System and Health Information Exchange Network | dhcf,/release/dhcf-announces-contract-awards-district’s-health-benefit-exchange-it-system-and-health,3
DHCF Announces Delay in Reimbursement Payments for Fee-for-Service Medicaid Beneficiaries | dhcf,/release/dhcf-announces-delay-reimbursement-payments-fee-service-medicaid-beneficiaries,4
DHCF Announces Final Grant Application Deadline Extension for Providers Seeking Payment of Unpaid Medicaid and Alliance Beneficiary Claims | dhcf,/release/dhcf-announces-final-grant-application-deadline-extension-providers-seeking-payment-unpaid,2
DHCF Announces Final Grant Application Deadline Extension for Providers Seeking Payment of Unpaid Medicaid and Alliance Beneficiary Claims | dhcf,/release/dhcf-announces-final-grant-application-deadline-extension-providers-seeking-payment-unpaid-01,10
DHCF Announces Grant Application Deadline Extension for Providers Seeking Payment of Unpaid Medicaid and Alliance Beneficiary Claims | dhcf,/release/dhcf-announces-grant-application-deadline-extension-providers-seeking-payment-unpaid,5
DHCF Announces Grant Opportunity for District Hospitals to Facilitate Patient Health Information Exchange | dhcf,/release/dhcf-announces-grant-opportunity-district-hospitals-facilitate-patient-health-information,3
DHCF Announces Historic Expanded Access to Care for Medicaid Beneficiaries in the District of Columbia | dhcf,/release/dhcf-announces-historic-expanded-access-care-medicaid-beneficiaries-district-columbia,6
DHCF Announces Implementation of New Medicaid Managed Care Health Plans | dhcf,/release/dhcf-announces-implementation-new-medicaid-managed-care-health-plans,19
DHCF Announces Intent to Award Medicaid Managed Care Contracts to Meet Major Milestone on the Path to Medicaid Reform | dhcf,/release/dhcf-announces-intent-award-medicaid-managed-care-contracts-meet-major-milestone-path,30
DHCF Announces Intent to Re-Procure Managed Care Contracts to Support the Delivery of Whole-Person Care | dhcf,/release/dhcf-announces-intent-re-procure-managed-care-contracts-support-delivery-whole-person-care,2
DHCF Announces Medicaid Program Reforms and Intent to Re-Procure Managed Care Contracts | dhcf,/release/department-health-care-finance-announces-medicaid-program-reforms-and-intent-re-procure,1
DHCF Announces Medicaid Program Reforms and Intent to Re-Procure Managed Care Contracts | dhcf,/release/dhcf-announces-medicaid-program-reforms-and-intent-re-procure-managed-care-contracts,26
DHCF Announces New Members of Medical Care Advisory Board | dhcf,/release/dhcf-announces-new-members-medical-care-advisory-board,2
DHCF Announces New Streamlined Medicaid Provider Enrollment Process for Providers Who Only Order and Refer Services to Medicaid Beneficiaries | dhcf,/release/dhcf-announces-new-streamlined-medicaid-provider-enrollment-process-providers-who-only-order,44
DHCF Announces October 31st Grant Application Deadline Extension for Providers Seeking Payment of Unpaid Medicaid and Alliance Beneficiary Claims | dhcf,/release/dhcf-announces-october-31st-grant-application-deadline-extension-providers-seeking-payment,2
DHCF Announces Plans to Resume Medicaid Payments for Medicaid Managed Care and Fee-For-Service Providers and Beneficiaries | dhcf,/release/dhcf-announces-plans-resume-medicaid-payments-medicaid-managed-care-and-fee-service,2
DHCF Announces Release of Request for Proposals Seeking Health Plans for Both the Medicaid and Alliance Programs | dhcf,/release/dhcf-announces-release-request-proposals-seeking-health-plans-both-medicaid-and-alliance,1
DHCF Announces Release of the Medicaid Payment Adjustment for Provider Preventable Conditions Policy | dhcf,/release/dhcf-announces-release-medicaid-payment-adjustment-provider-preventable-conditions-policy,1
DHCF Annual Budget Report 3-2018 | dhcf,/publication/dhcf-annual-budget-report-3-2018,1
DHCF Applauds Joint Effort by US Attorney and FBI to Eliminate Fraud in the Medicaid Home Health Program | dhcf,/release/dhcf-applauds-joint-effort-us-attorney-and-fbi-eliminate-fraud-medicaid-home-health-program,2
DHCF Assures No Interruption in Services to Beneficiaries Enrolled in Chartered Health Plan | dhcf,/release/dhcf-assures-no-interruption-services-beneficiaries-enrolled-chartered-health-plan,2
DHCF Awards Services My Way Program Contract to Consumer Direct DC | dhcf,/release/dhcf-awards-services-my-way-program-contract-consumer-direct-dc,22
DHCF Banner | dhcf,/featured-content/dhcf-banner,1
DHCF Beneficiary Advisory Council | dhcf,/es/node/1799456,1
DHCF Beneficiary Advisory Council | dhcf,/fr/node/1799456,1
DHCF Beneficiary Advisory Council | dhcf,/page/dhcf-beneficiary-advisory-council,136
DHCF CY 2011-2012 Managed Care Organization Technical Report | dhcf,/release/dhcf-cy-2011-2012-managed-care-organization-technical-report,0
DHCF DDS HCBS Transition Plan | dhcf,/publication/dhcf-dds-hcbs-transition-plan,7
DHCF DDS HCBS Transition Plan Comment Chart | dhcf,/publication/dhcf-dds-hcbs-transition-plan-comment-chart,4
DHCF Extends Deadline for Filing Reimbursement Claims for Out-of-Pocket Expenses for Medicaid Beneficiaries Claims Sent to Recipient Claims Research Team (RCRT) | dhcf,/release/dhcf-extends-deadline-filing-reimbursement-claims-out-pocket-expenses-medicaid-beneficiaries,5
DHCF For Our Providers - Public Notices Archive | dhcf,/es/node/1798696,1
DHCF For Our Providers - Public Notices Archive | dhcf,/page/dhcf-our-providers-public-notices-archive,61
DHCF For Our Providers | dhcf,/page/dhcf-our-providers,105
DHCF FY 2014 Budget Presentation as Presented at the April MCAC Meeting | dhcf,/release/dhcf-fy-2014-budget-presentation-presented-april-mcac-meeting,5
DHCF FY 2014 Budget Presentation Released | dhcf,/release/dhcf-fy-2014-budget-presentation-released,5
DHCF FY15 Budget Presentation | dhcf,/node/814102,1
DHCF FY15 Budget Presentation | dhcf,/publication/dhcf-fy15-budget-presentation,1
DHCF FY17 Budget Presentation | dhcf,/node/1150816,6
DHCF FY17 Budget Presentation | dhcf,/publication/dhcf-fy17-budget-presentation,1
DHCF Grant Opportunities | dhcf,/fr/node/1378201,3
DHCF Grant Opportunities | dhcf,/node/1378201,8
DHCF Grant Opportunities | dhcf,/page/dhcf-grant-opportunities,405
DHCF Health Check Brochure - English and Spanish | dhcf,/node/160492,9
DHCF Health Check Brochure - English and Spanish | dhcf,/publication/dhcf-health-check-brochure-english-and-spanish,20
DHCF Health Check Dental Brochure - English and Spanish | dhcf,/node/1771111,4
DHCF Health Check Dental Brochure - English and Spanish | dhcf,/publication/dhcf-health-check-dental-brochure-english-and-spanish,2
DHCF Issues Policy Clarifying Medicaid Coverage Of Gender Reassignment Surgery | dhcf,/release/dhcf-issues-policy-clarifying-medicaid-coverage-gender-reassignment-surgery,24
DHCF Medicaid Providers Suspension Policy | dhcf,/node/795152,6
DHCF Medicaid Providers Suspension Policy | dhcf,/publication/dhcf-medicaid-providers-suspension-policy,1
DHCF Medicaid Regulations | dhcf,/es/page/dhcf-medicaid-regulations,0
DHCF Medicaid Regulations | dhcf,/page/dhcf-medicaid-regulations,709
DHCF Medicaid Updates - 2022 | dhcf,/es/node/1575376,3
DHCF Medicaid Updates - 2022 | dhcf,/node/1575376,3
DHCF Medicaid Updates - 2022 | dhcf,/page/dhcf-medicaid-updat,21
DHCF Medicaid Updates - 2023 | dhcf,/page/dhcf-medicaid-updates2023,69
DHCF Medicaid Updates - 2024 | dhcf,/am/node/1637256,4
DHCF Medicaid Updates - 2024 | dhcf,/es/node/1637256,1
DHCF Medicaid Updates - 2024 | dhcf,/page/dhcf-medicaid-updates,4
DHCF Medicaid Updates - 2024 | dhcf,/page/dhcf-medicaid-updates-2024,537
DHCF Medicaid Updates | dhcf,/am/node/1764041,1
DHCF Medicaid Updates | dhcf,/es/node/1764041,1
DHCF Medicaid Updates | dhcf,/fr/node/1764041,7
DHCF Medicaid Updates | dhcf,/page/dhcf-medicaid-updates-0,1869
DHCF Notice of Non-Discrimination and Accessibility Requirements Statement | dhcf,/es/node/1342626,2
DHCF Notice of Non-Discrimination and Accessibility Requirements Statement | dhcf,/fr/node/1342626,3
DHCF Notice of Non-Discrimination and Accessibility Requirements Statement | dhcf,/page/dhcf-notice-non-discrimination-and-accessibility-requirements-statement-001,52
DHCF Organization and Administration Attachment 1.2A | dhcf,/node/169972,9
DHCF Organization and Administration Attachment 1.2B | dhcf,/node/169982,11
DHCF Organization and Administration Attachment 1.2B | dhcf,/publication/dhcf-organization-and-administration-attachment-12b,1
DHCF Organization and Administration Attachment 1.2C | dhcf,/node/170002,3
DHCF Organization and Administration Attachment 1.2C | dhcf,/publication/dhcf-organization-and-administration-attachment-12c,5
DHCF Payment Adjustment for Provider-Preventable Conditions FAQs | dhcf,/node/165732,1
DHCF Payment Adjustment for Provider-Preventable Conditions FAQs | dhcf,/publication/dhcf-payment-adjustment-provider-preventable-conditions-faqs,1
DHCF Pharmacy & Therapeutics Committee Public Meeting Notice | dhcf,/node/1778331,5
DHCF Pharmacy & Therapeutics Committee Public Meeting Notice | dhcf,/release/dhcf-pharmacy-therapeutics-committee-public-meeting-notice,33
DHCF Policies and Publications | dhcf,/am/page/dhcf-policies-and-publications,47
DHCF Policies and Publications | dhcf,/es/page/dhcf-policies-and-publications,44
DHCF Policies and Publications | dhcf,/fr/page/dhcf-policies-and-publications,42
DHCF Policies and Publications | dhcf,/node/159182,50
DHCF Policies and Publications | dhcf,/page/dhcf-policies-and-publications,309
DHCF Policies and Publications | dhcf,/vi/page/dhcf-policies-and-publications,43
DHCF Popular Links | dhcf,/featured-content/dhcf-popular-links,2
DHCF Popular Links | dhcf,/fr/node/1137631,2
DHCF Procurement Opportunities | dhcf,/page/dhcf-procurement-opportunities,394
DHCF Program Integrity Audits | dhcf,/es/page/dhcf-program-integrity-audits,5
DHCF Program Integrity Audits | dhcf,/page/dhcf-program-integrity-audits,46
"DHCF Provider Payments Delayed to Monday, November 5, 2012 | dhcf",/release/dhcf-provider-payments-delayed-monday-november-5-2012,2
DHCF Public Notice: Enrollment of Case Management Provider Agencies for the Elderly and Individuals With Physical Disabilities Waiver Is at Capacity | dhcf,/release/dhcf-public-notice-enrollment-case-management-provider-agencies-elderly-and-individuals,2
DHCF RAC Provider Outreach Presentation Nov. 2016 | dhcf,/publication/dhcf-rac-provider-outreach-presentation-nov-2016,3
DHCF Receives Approval for Retroactive Reimbursements of MMIS Upgrade Costs | dhcf,/release/dhcf-receives-approval-retroactive-reimbursements-mmis-upgrade-costs,7
DHCF Receives Federal Approval For $18 Million Technical Adjustment to Its Managed Care Rates | dhcf,/release/dhcf-receives-federal-approval-18-million-technical-adjustment-its-managed-care-rates,7
DHCF Releases 5-year Strategic Plan for Using Health Information Technology to Better Connect District Residents and Providers | dhcf,/fr/node/1361471,2
DHCF Releases 5-year Strategic Plan for Using Health Information Technology to Better Connect District Residents and Providers | dhcf,/release/dhcf-releases-5-year-strategic-plan-using-health-information-technology-better-connect,11
DHCF Releases Grant Applications Forms for Provider Reimbursement of Unpaid Medicaid and Alliance Beneficiary Claims | dhcf,/es/release/dhcf-releases-grant-applications-forms-provider-reimbursement-unpaid-medicaid-and-alliance,1
DHCF Releases Grant Applications Forms for Provider Reimbursement of Unpaid Medicaid and Alliance Beneficiary Claims | dhcf,/release/dhcf-releases-grant-applications-forms-provider-reimbursement-unpaid-medicaid-and-alliance,9
DHCF Releases Request for Proposals Seeking Health Plans for the Medicaid and Alliance Programs | dhcf,/release/dhcf-releases-request-proposals-seeking-health-plans-medicaid-and-alliance-programs,2
DHCF Solicitation RFP: DHCF-HCOA-2009-P-001 | dhcf,/publication/dhcf-solicitation-rfp-dhcf-hcoa-2009-p-001,1
DHCF Strategic Plan FY2012-2014 | dhcf,/node/160812,6
DHCF Strategic Plan FY2012-2014 | dhcf,/publication/dhcf-strategic-plan-fy2012-2014,5
DHCF Subcontracting Approval Request | dhcf,/page/dhcf-subcontracting-approval-request,1
DHCF to Host Briefing on Agency’s Proposed FY2013 Budget | dhcf,/release/dhcf-host-briefing-agency’s-proposed-fy2013-budget,1
DHCF to Host Elderly and Persons with Disabilities (EPD) Waiver Program Beneficiary Fair | dhcf,/release/dhcf-host-elderly-and-persons-disabilities-epd-waiver-program-beneficiary-fair,5
DHCF to Prescreen and Conduct Interview/Hires on the Spot at the One City Job Fair on July 30th at the Washington Convention Center | dhcf,/release/dhcf-prescreen-and-conduct-interviewhires-spot-one-city-job-fair-july-30th-washington,4
"DHCF Webinar: What You Need to Know About the New MAGI Pre-populated Renewal Form - July 17, 2014 From 3 pm-4:30 pm | dhcf",/release/dhcf-webinar-what-you-need-know-about-new-magi-pre-populated-renewal-form-july-17-2014-3-pm,1
"DHCF Website Update: Public Notice: Medicaid 101 Spring In-Service (Thursday, March 30) | dhcf",/release/dhcf-website-update-public-notice-medicaid-101-spring-service-thursday-march-30,9
Diaper Bank Grant Program | dhcf,/node/1618726,7
Diaper Bank Grant Program | dhcf,/node/1694276,11
Diaper Bank Grant Program | dhcf,/publication/diaper-bank-grant-program-0,6
Diaper Bank Grant Program | dhcf,/publication/diaper-bank-grant-program-2,8
Digital Health Planning and Technical Assistance | dhcf,/node/1765426,28
Digital Health Planning and Technical Assistance | dhcf,/publication/digital-health-planning-and-technical-assistance,8
DIRECT Brochure | dhcf,/node/173832,1
Direct Care Worker Recruitment and Conversion Bonus Payments | dhcf,/node/1625321,3
Direct Care Worker Retention Bonus Payments | dhcf,/node/1625311,3
DIRECT Messaging for Organizations | dhcf,/page/direct-messaging-organizations,19
Direct Secure Messaging | dhcf,/page/Direct_Secure_Messaging,4
DIRECT_ Provider/Professional_Information_Form | dhcf,/page/direct-providerprofessionalinformationform,1
District Direct | dhcf,/featured-content/district-direct,11
District Direct Training and Biweekly Eligibility Meetings | dhcf,/node/1809066,4
District Direct Training and Biweekly Eligibility Meetings | dhcf,/page/district-direct-training-and-biweekly-eligibility-meetings,2
District Dual Choice (D-SNPs) | dhcf,/fr/node/1495686,8
District Dual Choice (D-SNPs) | dhcf,/node/1495686,9
District Dual Choice (D-SNPs) | dhcf,/page/district-dual-choice-d-snps,342
District Dual Choice (D-SNPs) | dhcf,/page/district-dual-choice-d-snps/,1
District Health Agencies Collaborate to Secure Federal Funding to Create Integrated Medicaid and Human Services Eligibility Management System | dhcf,/release/district-health-agencies-collaborate-secure-federal-funding-create-integrated-medicaid-and,7
District Health Care Coverage | dhcf,/am/page/district-health-care-coverage,3
District Health Care Coverage | dhcf,/am/page/medicaid-mcp-programs,3
District Health Care Coverage | dhcf,/es/page/district-health-care-coverage,2
District Health Care Coverage | dhcf,/es/page/medicaid-mco-programs,1
District Health Care Coverage | dhcf,/node/883042,7
District Health Care Coverage | dhcf,/page/district-health-care-coverage,1505
District Health Care Coverage | dhcf,/page/medicaid-mco-programs,3
District Health Care Coverage | dhcf,/page/medicaid-mcp-programs,1
District Health Care Coverage | dhcf,/page/medical-assistance-programs-information-and-eligibility,5
District Implements Enhanced Payments for Primary Care Services | dhcf,/release/district-implements-enhanced-payments-primary-care-services,7
District of Columbia Launches Direct Secure Messaging | dhcf,/release/district-columbia-launches-direct-secure-messaging,1
District of Columbia Launches Direct Secure Messaging | dhcf,/vi/release/district-columbia-launches-direct-secure-messaging,1
District of Columbia Medical Care Advisory Committee (MCAC) By-Laws and Procedures - Approved | dhcf,/node/1169959,5
District of Columbia Medical Care Advisory Committee (MCAC) By-Laws and Procedures - Approved | dhcf,/publication/district-columbia-medical-care-advisory-committee-mcac-laws-and-procedures-approved,4
District of Columbia’s Managed Care End-of-Year Performance Report (January 2015 – December 2015) | dhcf,/publication/district-columbia’s-managed-care-end-year-performance-report-january-2015-–-december,7
District of Columbia’s Managed Care Quarterly Performance Report - February 2014 | dhcf,/node/775862,2
District of Columbia’s Managed Care Quarterly Performance Report - February 2014 | dhcf,/publication/district-columbia’s-managed-care-quarterly-performance-report-february-2014,1
District of Columbia’s Medicaid Managed Care Performance Report January to December 2019 | dhcf,/publication/district-columbia’s-medicaid-managed-care-performance-report-january-december-2019,1
District Receives Funding to Expand Community-Based Service Delivery to Address Mental Health and Substance Use Disorders | dhcf,/release/district-receives-funding-expand-community-based-service-delivery-address-mental-health-and,1
District Wins Approval to Adopt New Medicaid Eligibility Standards | dhcf,/release/district-wins-approval-adopt-new-medicaid-eligibility-standards,1
District’s Medicaid Data Warehouse Receives Certification from the Centers for Medicare and Medicaid Services (CMS) | dhcf,/release/districts-medicaid-data-warehouse-receives-certification-centers-medicare-and-medicaid,24
Districtdirect | dhcf,/external-link/districtdirect,5
Division of Program Integrity (DPI) Organizational Chart | dhcf,/es/page/division-program-integrity-dpi-organizational-chart,4
Division of Program Integrity (DPI) Organizational Chart | dhcf,/page/division-program-integrity-dpi-organizational-chart,32
Divisions | dhcf,/am/node/1262376,35
Divisions | dhcf,/es/node/1262376,39
Divisions | dhcf,/fr/node/1262376,39
Divisions | dhcf,/page/divisions,33
Donald Shearer | dhcf,/biography/donald-shearer,77
Donald Shearer | dhcf,/node/206192,10
Doula Services Benefit Design and Reimbursement Methodology | dhcf,/doula-services-spa,219
Doula Services Benefit Design and Reimbursement Methodology | dhcf,/page/doula-services-benefit-design-and-reimbursement-methodology,5
"Dr. Chimene Liburd, Chief Medical Officer, DHCF | dhcf",/biography/dr-chimene-liburd-chief-medical-officer-dhcf,103
Draft Environmental Scan Executive Summary | dhcf,/node/1157087,1
Driver Diagram | dhcf,/node/1121852,2
Driver Diagram | dhcf,/publication/driver-diagram,4
Drug Utilization Review Program 4.26A | dhcf,/node/1470846,7
Drug Utilization Review Program 4.26A | dhcf,/publication/drug-utilization-review-program-426a,8
Drug-Free Workplace Certification | dhcf,/publication/drug-free-workplace-certification,1
"Durable Medical Equipment, Prosthetic, Orthotics and Supplies (DMEPOS) Notice of Third Emergency and Proposed Rulemaking | dhcf",/node/1503281,14
"Durable Medical Equipment, Prosthetic, Orthotics and Supplies (DMEPOS) Notice of Third Emergency and Proposed Rulemaking | dhcf",/publication/durable-medical-equipment-prosthetic-orthotics-and-supplies-dmepos-notice-third,6
"Durable Medical Equipment, Prosthetics, Orthotics and Supplies Notice of Proposed Rulemaking | dhcf",/node/1240676,7
"Durable Medical Equipment, Prosthetics, Orthotics and Supplies Notice of Proposed Rulemaking | dhcf",/publication/durable-medical-equipment-prosthetics-orthotics-and-supplies-notice-proposed-rulemaking,1
Elderly and Individuals with Physical Disabilities Waiver Notice of Final Rulemaking | dhcf,/node/1261081,1
Elderly and Individuals with Physical Disabilities Waiver Notice of Final Rulemaking | dhcf,/publication/elderly-and-individuals-physical-disabilities-waiver-notice-final-rulemaking,3
Electronic Payments Initiative Notice of Final Rulemaking | dhcf,/node/1175236,1
Electronic Prescription Order Form | dhcf,/node/1038702,1625
Electronic Prescription Order Form | dhcf,/node/1038702.,11
Electronic Prescription Order Form | dhcf,/publication/electronic-prescription-order-form,2677
Electronic Prescription Order Form | dhcf,/publication/prescription-order-form,1
Electronic Visit Verification - EVV | dhcf,/am/node/1491801,5
Electronic Visit Verification - EVV | dhcf,/es/node/1491801,1
Electronic Visit Verification - EVV | dhcf,/page/electronic-visit-verification-evv,384
Electronic Visit Verification - EVV | dhcf,/page/electronic-visit-verification-evv/,7
Eligibility for Medicaid Expansion | dhcf,/node/837912,7
Eligibility for Medicaid Expansion | dhcf,/publication/eligibility-medicaid-expansion,11
Eligibility Groups- Mandatory Coverage Parents and other Caretaker Relative | dhcf,/node/837292,10
Eligibility Monitoring Dashboard | dhcf,/page/eligibility-monitoring-dashboard,77
Emergency Medicaid | dhcf,/node/892202,148
Emergency Medicaid | dhcf,/service/emergency-medicaid,979
Emotional Support and Social Services | dhcf,/node/197152,16
Emotional Support and Social Services | dhcf,/page/emotional-support-and-social-services,14
Employer Coverage Tool - Spanish | dhcf,/node/912422,1
Employer Coverage Tool - Spanish | dhcf,/publication/employer-coverage-tool-spanish,2
Employer Coverage Tool | dhcf,/node/912412,2
Employer Coverage Tool | dhcf,/publication/employer-coverage-tool,5
Employment Readiness Services Notice of Final Rulemaking | dhcf,/node/1129247,9
Enforcement of Compliance for Nursing Facilities Attachment 4.35A | dhcf,/node/192942,6
Enforcement of Compliance for Nursing Facilities Attachment 4.35B | dhcf,/node/192952,9
Enforcement of Compliance for Nursing Facilities Attachment 4.35B | dhcf,/publication/enforcement-compliance-nursing-facilities-attachment-435b,1
Enforcement of Compliance for Nursing Facilities Attachment 4.35C | dhcf,/node/192962,5
Enforcement of Compliance for Nursing Facilities Attachment 4.35C | dhcf,/publication/enforcement-compliance-nursing-facilities-attachment-435c,1
Enforcement of Compliance for Nursing Facilities Attachment 4.35D | dhcf,/node/192972,5
Enforcement of Compliance for Nursing Facilities Attachment 4.35E | dhcf,/node/192982,6
Enforcement of Compliance for Nursing Facilities Attachment 4.35E | dhcf,/publication/enforcement-compliance-nursing-facilities-attachment-435e,1
Enforcement of Compliance for Nursing Facilities Attachment 4.35F | dhcf,/node/192992,4
Enforcement of Compliance for Nursing Facilities Attachment 4.35G | dhcf,/node/193002,1
Enforcement of Compliance for Nursing Facilities Attachment 4.35G | dhcf,/publication/enforcement-compliance-nursing-facilities-attachment-435g,1
Enforcement of Compliance for Nursing Facilities Attachment 4.35H | dhcf,/publication/enforcement-compliance-nursing-facilities-attachment-435h,5
Enhanced Health Information Exchange Program RFA - Q & A | dhcf,/page/health-information-technology-qa,3
Environmental Accessibility Adaptation Services Final Rulemaking | dhcf,/node/364672,1
Environmental Accessibility Adaptation Services Final Rulemaking | dhcf,/publication/environmental-accessibility-adaptation-services-final-rulemaking,4
EPD Waiver Participant Handbook January 2019 | dhcf,/node/1377696,41
EPD Waiver Participant Handbook January 2019 | dhcf,/publication/epd-waiver-participant-handbook-january-2019,4
EPD Waiver Providers | dhcf,/am/node/1351991,40
EPD Waiver Providers | dhcf,/es/node/1351991,43
EPD Waiver Providers | dhcf,/fr/node/1351991,45
EPD Waiver Providers | dhcf,/node/1351991,38
EPD Waiver Providers | dhcf,/page/epd-waiver-providers,698
EPD Waiver Providers | dhcf,/vi/node/1351991,36
EPD Waiver Services | dhcf,/fr/node/1352336,4
EPD Waiver Services | dhcf,/page/epd-waiver-services,1109
EPD Waiver Services | dhcf,/vi/node/1352336,11
EPD Waiver State Plan PCA | dhcf,/node/806162,4
EPD Waivers | dhcf,/node/835612,9
EPD Waivers | dhcf,/publication/epd-waivers,8
Eugene Simms | dhcf,/biography/eugene-simms,88
Events | dhcf,/calendar/month,5
Events | dhcf,/calendar/month/2022-10,3
Events | dhcf,/calendar/month/2022-12,2
Events | dhcf,/calendar/month/2025-09,1
Events | dhcf,/calendar/month/2026-10,1
Events | dhcf,/calendar/week,1
Events | dhcf,/calendar/year,7
EVV Contact Information | dhcf,/page/evv-contact-information,78
EVV Training | dhcf,/am/node/1507101,5
EVV Training | dhcf,/page/evv-training,69
Exclusion of Providers and Suspension of Practitioners Convicted and Other Individuals Attachment 4.30 | dhcf,/node/192912,6
Exclusion of Providers and Suspension of Practitioners Convicted and Other Individuals Attachment 4.30 | dhcf,/publication/exclusion-providers-and-suspension-practitioners-convicted-and-other-individuals,13
External Resources | dhcf,/fr/node/1351711,5
External Resources | dhcf,/page/external-resources,42
Facts About Medicaid and the Affordable Care Act in the District of Columbia | dhcf,/release/facts-about-medicaid-and-affordable-care-act-district-columbia,6
Fair Hearing | dhcf,/page/fair-hearing,235
False Claims Compliance and Oversight | dhcf,/page/false-claims-compliance-and-oversight,33
Family Planning and Prevention | dhcf,/node/210212,14
Family Planning and Prevention | dhcf,/page/family-planning-and-prevention,34
Family Training Final Rulemaking | dhcf,/node/364592,10
Family Training Final Rulemaking | dhcf,/publication/family-training-final-rulemaking,2
Family Training Services Notice of Final Rulemaking | dhcf,/node/1122012,1
Family Training Services Notice of Final Rulemaking | dhcf,/publication/family-training-services-notice-final-rulemaking,5
February 2014 MCAC Minutes | dhcf,/node/814092,1
February 2014 MCAC Minutes | dhcf,/publication/february-2014-mcac-minutes,7
February 2015 MCAC Enrollment Report | dhcf,/node/1057592,6
February 2015 MCAC Enrollment Report | dhcf,/publication/february-2015-mcac-enrollment-report,1
February 22nd Quality Metrics Meeting Agenda | dhcf,/node/1143531,5
February 22nd Quality Metrics Meeting Agenda | dhcf,/publication/february-22nd-quality-metrics-meeting-agenda,6
February 22nd Quality Metrics Presentation | dhcf,/node/1143532,6
February 22nd Quality Metrics Presentation | dhcf,/publication/february-22nd-quality-metrics-presentation,2
February 5th Payment Model Meeting Agenda | dhcf,/node/1140142,1
February 5th Payment Model Meeting Agenda | dhcf,/publication/february-5th-payment-model-meeting-agenda,5
February Monthly Meeting | dhcf,/page/february-monthly-meeting,4
Federal Audits or Reviews | dhcf,/page/federal-audits-or-reviews,10
Final Rulemaking Medicaid Electronic Health Record | dhcf,/node/757542,0
"Final Rulemaking: Provider of Durable Medical Equipment, Prosthetics, and Orthotics Supplies Final Rulemaking | dhcf",/node/364112,1
Financial Eligibility Attachment 2.6A | dhcf,/node/191432,26
Financial Eligibility Attachment 2.6A | dhcf,/publication/financial-eligibility-attachment-26a,7
Financial Eligibility Attachment 2.6A: Supplement 1 | dhcf,/node/191442,16
Financial Eligibility Attachment 2.6A: Supplement 1 | dhcf,/publication/financial-eligibility-attachment-26a-supplement-1,1
Financial Eligibility Attachment 2.6A: Supplement 10 | dhcf,/node/191562,10
Financial Eligibility Attachment 2.6A: Supplement 10 | dhcf,/publication/financial-eligibility-attachment-26a-supplement-10,1
Financial Eligibility Attachment 2.6A: Supplement 11 | dhcf,/node/191572,3
Financial Eligibility Attachment 2.6A: Supplement 12 | dhcf,/node/191582,4
Financial Eligibility Attachment 2.6A: Supplement 12 | dhcf,/publication/financial-eligibility-attachment-26a-supplement-12,8
Financial Eligibility Attachment 2.6A: Supplement 13 | dhcf,/node/191592,9
Financial Eligibility Attachment 2.6A: Supplement 14 | dhcf,/node/191602,9
Financial Eligibility Attachment 2.6A: Supplement 14 | dhcf,/publication/financial-eligibility-attachment-26a-supplement-14,1
Financial Eligibility Attachment 2.6A: Supplement 15 | dhcf,/node/191612,4
Financial Eligibility Attachment 2.6A: Supplement 2 | dhcf,/node/191452,10
Financial Eligibility Attachment 2.6A: Supplement 2 | dhcf,/publication/financial-eligibility-attachment-26a-supplement-2,6
Financial Eligibility Attachment 2.6A: Supplement 3 | dhcf,/node/191462,11
Financial Eligibility Attachment 2.6A: Supplement 4 | dhcf,/node/191472,10
Financial Eligibility Attachment 2.6A: Supplement 4 | dhcf,/publication/financial-eligibility-attachment-26a-supplement-4,1
Financial Eligibility Attachment 2.6A: Supplement 5 | dhcf,/node/191482,9
Financial Eligibility Attachment 2.6A: Supplement 6 | dhcf,/node/191492,7
Financial Eligibility Attachment 2.6A: Supplement 7 | dhcf,/node/191502,8
Financial Eligibility Attachment 2.6A: Supplement 7 | dhcf,/publication/financial-eligibility-attachment-26a-supplement-7,1
Financial Eligibility Attachment 2.6A: Supplement 8 | dhcf,/node/191512,5
Financial Eligibility Attachment 2.6A: Supplement 8a | dhcf,/node/191522,8
Financial Eligibility Attachment 2.6A: Supplement 8b | dhcf,/node/191532,8
Financial Eligibility Attachment 2.6A: Supplement 8b | dhcf,/publication/financial-eligibility-attachment-26a-supplement-8b,2
Financial Eligibility Attachment 2.6A: Supplement 9 | dhcf,/node/191542,12
Financial Eligibility Attachment 2.6A: Supplement 9a | dhcf,/node/191552,5
Financial Eligibility Attachment 2.6A: Supplement 9a | dhcf,/publication/financial-eligibility-attachment-26a-supplement-9a,1
Financial Eligibility for Long Term Care Services and Supports Notice of Final Rulemaking | dhcf,/node/1140661,1
Fiscal Year 2011 Oversight Hearing and Fiscal Year 2012 Budget Hearing | dhcf,/release/fiscal-year-2011-oversight-hearing-and-fiscal-year-2012-budget-hearing,1
Fiscal Year 2022-23 Performance Oversight Hearing | dhcf,/release/fiscal-year-2022-23-performance-oversight-hearing,5
Fiscal Year 2024-25 Performance Oversight Hearing | dhcf,/release/fiscal-year-2024-25-performance-oversight-hearing,42
Fiscal Year 2025 Budget Hearing | dhcf,/release/fiscal-year-2025-budget-hearing,9
Fiscal Year 2026 Budget Hearing | dhcf,/node/1785046,6
Fiscal Year 2026 Budget Hearing | dhcf,/release/fiscal-year-2026-budget-hearing,17
Former Foster Care Youth | dhcf,/node/892282,32
Former Foster Care Youth | dhcf,/service/former-foster-care-youth,33
Free Standing Mental Health Clinics Notice of Final Rulemaking | dhcf,/node/1485656,4
Free Standing Mental Health Clinics Notice of Final Rulemaking | dhcf,/publication/free-standing-mental-health-clinics-notice-final-rulemaking,11
French - Stakeholder Communications Toolkit | dhcf,/page/french-stakeholder-communications-toolkit,1
Frequently Asked Questions (FAQs) - EVV | dhcf,/page/frequently-asked-questions-faqs-evv,63
Frequently Asked Questions | dhcf,/page/frequently-asked-questions,6
Frequently Asked Questions | dhcf,/page/frequently-asked-questions-02,5
Frequently Asked Questions about Direct Secure Messaging | dhcf,/publication/frequently-asked-questions-about-direct-secure-messaging,6
"Frequently Asked Questions Right Care, Right Now | dhcf",/page/frequently-asked-questions-right-care-right-now,11
Full Duals and Qualified Medicare Beneficiary (QMB) Only | dhcf,/am/service/qualified-Medicare-beneficiary-qmb,2
Full Duals and Qualified Medicare Beneficiary (QMB) Only | dhcf,/fr/service/qualified-Medicare-beneficiary-qmb,17
Full Duals and Qualified Medicare Beneficiary (QMB) Only | dhcf,/node/892452,151
Full Duals and Qualified Medicare Beneficiary (QMB) Only | dhcf,/service/qualified-Medicare-beneficiary-qmb,1505
Full Duals and Qualified Medicare Beneficiary (QMB) Only | dhcf,/service/qualified-medicare-beneficiary-qmb,1
Full Duals and Qualified Medicare Beneficiary (QMB) Only | dhcf,/vi/service/qualified-Medicare-beneficiary-qmb,4
FY10 - Summary of Cases | dhcf,/node/835712,6
FY10 - Summary of Cases | dhcf,/publication/fy10-summary-cases,5
FY11 - Summary of Cases | dhcf,/node/835702,5
FY11 - Summary of Cases | dhcf,/publication/fy11-summary-cases,5
FY12 - Summary of Cases | dhcf,/node/912602,1
FY12 - Summary of Cases | dhcf,/publication/fy13-summary-cases-01,4
FY13 - Summary of Cases | dhcf,/node/912622,7
FY13 - Summary of Cases | dhcf,/publication/fy13-summary-cases,5
FY25 Diaper Bank Program | dhcf,/node/1761011,11
FY25 Diaper Bank Program | dhcf,/publication/fy25-diaper-bank-program,4
FY25 MCAC Vacancy Announcement and Application Form | dhcf,/page/fy25-mcac-vacancy-announcement-and-application-form,36
FY25 Produce Prescription Grant Program | dhcf,/node/1761016,11
FY25 Produce Prescription Grant Program | dhcf,/publication/fy25-produce-prescription-grant-program,8
FY26 Diaper Bank Grant Program | dhcf,/node/1808451,35
FY26 Diaper Bank Grant Program | dhcf,/publication/fy26-diaper-bank-grant-program,6
FY26 Implementing a Systemwide Approach to Produce Prescriptions Grant | dhcf,/node/1808456,44
FY26 Implementing a Systemwide Approach to Produce Prescriptions Grant | dhcf,/publication/fy26-implementing-systemwide-approach-produce-prescriptions-grant,2
Ganayswaran Nathan | dhcf,/biography/ganayswaran-nathan,18
General Eligibility Requirements | dhcf,/node/837962,7
General Eligibility Requirements | dhcf,/publication/general-eligibility-requirements,5
General Information | dhcf,/am/node/1262391,45
General Information | dhcf,/es/node/1262391,44
General Information | dhcf,/fr/node/1262391,48
General Information | dhcf,/node/1262391,38
General Information | dhcf,/page/general-information-0,538
General Information | dhcf,/vi/node/1262391,3
General Program Administration Attachment 4.34A | dhcf,/node/192932,6
General Program Administration Attachment 4.40A | dhcf,/node/193022,6
General Program Administration Attachment 4.40A | dhcf,/publication/general-program-administration-attachment-440a,1
General Program Administration Attachment 4.40B | dhcf,/node/193032,6
General Program Administration Attachment 4.40B | dhcf,/publication/general-program-administration-attachment-440b,1
General Program Administration Attachment 4.40C | dhcf,/node/193042,1
General Program Administration Attachment 4.40C | dhcf,/publication/general-program-administration-attachment-440c,5
General Program Administration Attachment 4.40D | dhcf,/node/193052,6
General Program Administration Attachment 4.40D | dhcf,/publication/general-program-administration-attachment-440d,1
General Program Administration Attachment 4.40E | dhcf,/node/193062,5
General Program Administration Attachment 4.42A | dhcf,/node/193072,7
General Program Administration Attachment 4.42A | dhcf,/publication/general-program-administration-attachment-442a,1
General Program Administration Attachment 4.44 | dhcf,/node/193092,9
General Program Administration Attachment 4.44 | dhcf,/publication/general-program-administration-attachment-444,1
General Provision Services Notice of Final Rulemaking | dhcf,/node/1114422,1
General Provision Services Notice of Final Rulemaking | dhcf,/publication/general-provision-services-notice-final-rulemaking,9
Gray Administration Signs Legislation Authorizing the Establishment of the District’s Health Benefit Exchange Authority | dhcf,/release/gray-administration-signs-legislation-authorizing-establishment-district’s-health-benefit,5
Grievances & Appeals Data Collection Tool Introduction | dhcf,/publication/grievances-appeals-data-collection-tool-introduction,14
Grievances & Appeals Data Collection User Guide | dhcf,/publication/grievances-appeals-data-collection-user-guide,1
Grievances/Appeals (Health Benefits Plan Members' Bill of Rights) | dhcf,/node/835622,1
Grievances/Appeals (Health Benefits Plan Members' Bill of Rights) | dhcf,/publication/grievancesappeals-health-benefits-plan-members-bill-rights,0
Grievances/Appeals | dhcf,/publication/grievancesappeals-0,52
Grievances/Appeals | dhcf,/service/grievancesappeals,313
Health Benefits Plan Members Bill of Rights Amendment Act of 2011 | dhcf,/release/health-benefits-plan-members-bill-rights-amendment-act-2011,6
Health Care Alliance (Children) formerly Immigrant Children’s Program | dhcf,/am/service/health-care-alliance-children-formerly-immigrant-childrens-program,1
Health Care Alliance (Children) formerly Immigrant Children’s Program | dhcf,/es/service/health-care-alliance-children-formerly-immigrant-childrens-program,7
Health Care Alliance (Children) formerly Immigrant Children’s Program | dhcf,/node/882632,6
Health Care Alliance (Children) formerly Immigrant Children’s Program | dhcf,/service/health-care-alliance-children-formerly-immigrant-childrens-program,417
Health Care Alliance | dhcf,/am/service/health-care-alliance,1
Health Care Alliance | dhcf,/es/service/health-care-alliance,11
Health Care Alliance | dhcf,/fr/service/health-care-alliance,16
Health Care Alliance | dhcf,/node/882622,34
Health Care Alliance | dhcf,/service/health-CARE-ALLIANCE,2
Health Care Alliance | dhcf,/service/health-care-alliance,5967
Health Care Alliance | dhcf,/service/health-care-alliance/,1
Health Care Alliance | dhcf,/vi/service/health-care-alliance,14
Health Care Alliance Program Changes (2025) | dhcf,/Alliance-Program-Changes,2376
Health Care Alliance Program Changes (2025) | dhcf,/Alliance-program-changes,5
Health Care Alliance Program Changes (2025) | dhcf,/alliance-program-changes,30
Health Care Alliance Program Changes (2025) | dhcf,/node/1796971,2972
Health Care Alliance Program Changes (2025) | dhcf,/page/health-care-alliance-program-changes-2025,1204
Health Care Benefit Grants Final Rulemaking | dhcf,/node/717312,1
Health Care Benefit Grants Final Rulemaking | dhcf,/publication/health-care-benefit-grants-final-rulemaking,4
Health Care Benefit Grants Notice of Final Rulemaking | dhcf,/node/1412896,1
Health Care Ombudsman's Biography | dhcf,/biography/health-care-ombudsmans-biography-01,3
Health Care Worker Vaccine Incentive Initiative | dhcf,/node/1625326,2
Health Care Worker Vaccine Incentive Initiative | dhcf,/publication/health-care-worker-vaccine-incentive-initiative,5
Health Home for Persons with Multiple Chronic Conditions - My Health GPS | dhcf,/am/page/health-home-persons-multiple-chronic-conditions-my-health-gps,6
Health Home for Persons with Multiple Chronic Conditions - My Health GPS | dhcf,/es/page/health-home-persons-multiple-chronic-conditions-my-health-gps,1
Health Home for Persons with Multiple Chronic Conditions - My Health GPS | dhcf,/fr/page/health-home-persons-multiple-chronic-conditions-my-health-gps,4
Health Home for Persons with Multiple Chronic Conditions - My Health GPS | dhcf,/page/health-home-persons-multiple-chronic-conditions-my-health-gps,446
Health Home Measures | dhcf,/node/1136547,8
Health Home Measures Specification | dhcf,/node/1136551,7
Health Home Measures Specification | dhcf,/publication/health-home-measures-specification,3
Health Home Program | dhcf,/node/1387166,9
Health Home Services Notice of Second Emergency and Proposed Rulemaking | dhcf,/node/1158861,1
Health Home Services Notice of Second Emergency and Proposed Rulemaking | dhcf,/publication/health-home-services-notice-second-emergency-and-proposed-rulemaking,4
Health Homes (My Health GPS) | dhcf,/node/1218531,2
Health Homes | dhcf,/node/1218526,18
Health Homes | dhcf,/page/health-homes,136
Health Homes | dhcf,/page/health-homes-01,46
Health Homes for Persons with Severe Mental Illness - My Health Home | dhcf,/am/page/health-homes-persons-severe-mental-illness-my-health-home,4
Health Homes for Persons with Severe Mental Illness - My Health Home | dhcf,/fr/page/health-homes-persons-severe-mental-illness-my-health-home,4
Health Homes for Persons with Severe Mental Illness - My Health Home | dhcf,/page/health-homes-persons-severe-mental-illness-my-health-home,84
Health Information Exchange Notice of Proposed Rulemaking | dhcf,/node/1374666,1
"Health Information Exchange Policy Board Meeting Agenda, February 20, 2013 | dhcf",/release/health-information-exchange-policy-board-meeting-agenda-february-20-2013,1
"Health Information Exchange Policy Board Meeting Agenda, Janaury 16, 2013 | dhcf",/release/health-information-exchange-policy-board-meeting-agenda-janaury-16-2013,1
"Health Information Exchange Policy Board Meeting, December 19, 2012 | dhcf",/release/health-information-exchange-policy-board-meeting-december-19-2012,0
Health Insurance (Alliance and Medicaid) | dhcf,/node/197062,35
Health Insurance (Alliance and Medicaid) | dhcf,/page/health-insurance-alliance-and-medicaid,563
Health Insurance (Alliance and Medicaid) | dhcf,/page/health-insurance-alliance-and-medicaid/,1
Health IT Initiatives | dhcf,/node/1379226,6
Health IT Initiatives | dhcf,/page/health-it-initiatives,36
Health Services for Children with Special Needs | dhcf,/node/835672,7
Health Services for Children with Special Needs | dhcf,/publication/health-services-children-special-needs,14
Health System Re-Design Subcommittee | dhcf,/es/node/1540561,5
Health System Re-Design Subcommittee | dhcf,/page/health-system-redesign,18
HHA Prospective Provider Orientation | dhcf,/page/hha-prospective-provider-orientation,2
HIE Care Coordination October 22 Agenda | dhcf,/node/1121741,2
HIE Care Coordination October 22 Agenda | dhcf,/publication/hie-care-coordination-october-22-agenda,1
HIE Care Coordination October 22 Meeting Summary | dhcf,/node/1122429,1
HIE Care Coordination September 29 Agenda | dhcf,/node/1121747,3
HIE Care Coordination September 29 Agenda | dhcf,/publication/hie-care-coordination-september-29-agenda,4
HIE Care Coordination September 29 Meeting CCIN Presentation | dhcf,/node/1122402,5
HIE Care Coordination September 29 Meeting CIQN Presentation | dhcf,/node/1122423,1
HIE Care Coordination September 29 Meeting CIQN Presentation | dhcf,/publication/hie-care-coordination-september-29-meeting-ciqn-presentation,4
HIE Care Coordination September 29 Meeting CRISP Presentation | dhcf,/node/1122428,1
HIE Care Coordination September 29 Meeting CRISP Presentation | dhcf,/publication/hie-care-coordination-september-29-meeting-crisp-presentation,4
HIE Care Coordination September 29 Meeting Presentation | dhcf,/node/1122392,1
HIE Care Coordination September 29 Meeting Presentation | dhcf,/publication/hie-care-coordination-september-29-meeting-presentation,5
HIE Care Coordination September 29 Meeting Summary | dhcf,/node/1122386,6
HIE Connectivity Grant | dhcf,/node/1391496,1
HIE Connectivity Grant | dhcf,/publication/hie-connectivity-grant,3
HIE Technology Meeting November 17 Summary | dhcf,/node/1127821,6
HIE Technology Meeting November 17 Summary | dhcf,/publication/hie-technology-meeting-november-17-summary,5
HIE Technology Meeting Oct 26 Summary | dhcf,/node/1122477,1
HIE Technology Meeting Oct 26 Summary | dhcf,/publication/hie-technology-meeting-oct-26-summary,6
HIE Technology Nov 17 Meeting Agenda | dhcf,/node/1127071,6
HIE Technology Nov 17 Meeting Agenda | dhcf,/publication/hie-technology-nov-17-meeting-agenda,6
HIE Technology Oct 26 Meeting Agenda | dhcf,/node/1121737,5
HIPAA-Notice of Privacy Practice | dhcf,/am/publication/hipaa-notice-privacy-practice,8
HIPAA-Notice of Privacy Practice | dhcf,/publication/hipaa-notice-privacy-practice,48
Home and Community Based Services Digital Health Technical Assistance Grant (HCBS Digital Health TA) | dhcf,/am/node/1625641,1
Home and Community Based Services Digital Health Technical Assistance Grant (HCBS Digital Health TA) | dhcf,/fr/node/1625641,7
Home and Community Based Services Digital Health Technical Assistance Grant (HCBS Digital Health TA) | dhcf,/node/1625641,2
Home and Community Based Services Digital Health Technical Assistance Grant (HCBS Digital Health TA) | dhcf,/page/home-and-community-based-services-digital-health-technical-assistance-grant-hcbs-digital-health,28
Home and Community Based Services Waiver for Persons who are Elderly and Individuals with Physical Disabilities (EPD Waiver) Notice of Second Emergency and Proposed Rulemaking | dhcf,/node/1254271,1
Home and Community Based Services Waiver for Persons who are Elderly and Individuals with Physical Disabilities (EPD Waiver) Notice of Second Emergency and Proposed Rulemaking | dhcf,/publication/home-and-community-based-services-waiver-persons-who-are-elderly-and-individuals,3
Home and Community-Based Services Waiver for Individuals with Intellectual and Developmental Disabilities Notice of Emergency and Proposed Rulemaking | dhcf,/node/1510326,6
Home and Community-Based Services Waiver for Persons Who Are Elderly and Individuals With Physical Disabilities Notice of Emergency and Proposed Rulemaking | dhcf,/node/1501651,8
Home Care Agencies Final Rulemaking | dhcf,/node/364792,6
Home Care Agencies Final Rulemaking | dhcf,/publication/home-care-agencies-final-rulemaking,1
Home Community Based Service Waiver for Individual and Family Support Notice of Emergency and Proposed Rulemaking | dhcf,/node/1516511,4
Home Health Service Notice of Final Rulemaking | dhcf,/node/1278006,2
Home Health Service Notice of Final Rulemaking | dhcf,/publication/home-health-service-notice-final-rulemaking,1
Hospital Discharge Planning | dhcf,/node/1381801,1
Hospital Discharge Planning | dhcf,/publication/hospital-discharge-planning,8
Host Home Services Final Rulemaking | dhcf,/node/676872,10
Host Home Services Final Rulemaking | dhcf,/publication/host-home-services-final-rulemaking,6
How are Services Received? | dhcf,/am/service/how-are-services-received,1
How are Services Received? | dhcf,/es/service/how-are-services-received,7
How are Services Received? | dhcf,/fr/service/how-are-services-received,6
How are Services Received? | dhcf,/service/how-are-services-received,217
How Do I Get Audit Results? | dhcf,/page/how-do-i-get-audit-results,13
How to Apply - Participate in DC HIE | dhcf,/page/apply-participate-dc-hie-0001,3
How to Apply for DC Medicaid? | dhcf,/am/service/how-apply-dc-medicaid,4
How to Apply for DC Medicaid? | dhcf,/es/service/how-apply-dc-medicaid,4
How to Apply for DC Medicaid? | dhcf,/fr/service/how-apply-dc-medicaid,11
How to Apply for DC Medicaid? | dhcf,/node/892512,764
How to Apply for DC Medicaid? | dhcf,/service/how-apply-DC-Medicaid,3
How to Apply for DC Medicaid? | dhcf,/service/how-apply-DC-medicaid,1
How to Apply for DC Medicaid? | dhcf,/service/how-apply-dc-medicaid,4694
How to Apply for DC Medicaid? | dhcf,/service/how-apply-dc-medicaid/,1
How to Apply for DC Medicaid? | dhcf,/service/how-apply-medical-coverage,5
How to Apply for DC Medicaid? | dhcf,/vi/service/how-apply-dc-medicaid,1
How to Enroll in an MCP | dhcf,/fr/node/1539941,4
How to Enroll in an MCP | dhcf,/page/how-enroll-mco,3
How to Enroll in an MCP | dhcf,/page/how-enroll-mcp,213
How to Prepare for an Onsite Audit | dhcf,/page/how-prepare-onsite-audit,38
How to Qualify for DC Medicaid? | dhcf,/am/service/how-qualify-dc-medicaid,6
How to Qualify for DC Medicaid? | dhcf,/node/892092,140
How to Qualify for DC Medicaid? | dhcf,/service/how-qualify-dc-medicaid,3247
How to Qualify for DC Medicaid? | dhcf,/service/what-medicaid,1
How to Renew Your Medical Coverage | dhcf,/am/service/how-renew-your-medical-coverage,0
How to Renew Your Medical Coverage | dhcf,/es/service/how-renew-your-medical-coverage,7
How to Renew Your Medical Coverage | dhcf,/service/how-renew-your-medical-coverage,873
How to Renew Your Medical Coverage | dhcf,/vi/service/how-renew-your-medical-coverage,7
How to Submit a Claim for Undue Hardship | dhcf,/unduehardshipclaim,84
HRIC Executive Committee Public Meeting Notice - February 2012 | dhcf,/release/hric-executive-committee-public-meeting-notice-february-2012,6
HRIC Executive Committee Public Meeting Notice | dhcf,/release/hric-executive-committee-public-meeting-notice,6
IDD Waiver Services | dhcf,/am/node/1407301,49
IDD Waiver Services | dhcf,/es/node/1407301,42
IDD Waiver Services | dhcf,/fr/node/1407301,43
IDD Waiver Services | dhcf,/node/1407301,48
IDD Waiver Services | dhcf,/page/idd-waiver-services,109
Ieisha Gray | dhcf,/biography/ieisha-gray,10
Ieisha Gray | dhcf,/node/1194557,2
Immigration Status List - Spanish | dhcf,/node/912442,3
Immigration Status List | dhcf,/node/912452,1
Immigration Status List | dhcf,/publication/immigration-status-list,1
Implementing a Systemwide Approach to Produce Prescriptions for Medicaid Beneficiaries | dhcf,/node/1564936,9
Important Message About the District’s CHIP Program | dhcf,/page/important-message-about-district’s-chip-program,69
Important Message for Providers Regarding AmeriHealth Member IVR-Based Eligibility Verification | dhcf,/release/important-message-providers-regarding-amerihealth-member-ivr-based-eligibility-verification,4
Important Notice for Primary Care Providers | dhcf,/am/release/important-notice-primary-care-providers,3
Important Notice for Primary Care Providers | dhcf,/es/release/important-notice-primary-care-providers,0
Important Notice for Primary Care Providers | dhcf,/release/important-notice-primary-care-providers,243
Important Notice for Primary Care Providers | dhcf,/vi/release/important-notice-primary-care-providers,1
Important Notice for Providers with Claims for Behavioral Health Services to DC Chartered Members | dhcf,/publication/important-notice-providers-claims-behavioral-health-services-dc-chartered-members,1
"Important Notice to Providers - PERM Provider Education Session 1 on Tuesday, April 18, 2017 at 3 pm-Teleconference Call via Webex | dhcf",/release/important-notice-providers-perm-provider-education-session-1-tuesday-april-18-2017-3-pm,5
"Important Notice to Providers: DHCF Wishes to Inform the Provider Community of the “No Shots, No School” Campaign | dhcf",/release/important-notice-providers-dhcf-wishes-inform-provider-community-“no-shots-no-school”,1
Improving Patient-Centered Cancer Care for Medicaid Beneficiaries | dhcf,/node/1404931,1
Improving Patient-Centered Cancer Care for Medicaid Beneficiaries | dhcf,/publication/improving-patient-centered-cancer-care-medicaid-beneficiaries,5
Increase Reimbursement for Eligible Primary Care Services Notice of Final Rulemaking | dhcf,/node/1135061,8
Increase Reimbursement for Eligible Primary Care Services Notice of Final Rulemaking | dhcf,/publication/increased-reimbursement-eligible-primary-care-services-notice-emergency-and-proposed-001,1
Independent Foster Care Adolescents | dhcf,/node/837422,3
Independent Foster Care Adolescents | dhcf,/publication/independent-foster-care-adolescents,6
Individualized Day Supports Notice of Final Rulemaking | dhcf,/node/1133596,1
Individualized Day Supports Notice of Final Rulemaking | dhcf,/node/686162,1
Individualized Day Supports Notice of Final Rulemaking | dhcf,/publication/individualized-day-supports-notice-final-rulemaking,1
Individualized Day Supports Notice of Final Rulemaking | dhcf,/publication/individualized-day-supports-notice-final-rulemaking-0,3
Individuals Eligible for Family Planning Services | dhcf,/node/837642,4
Individuals with Tuberculosis | dhcf,/node/837402,4
Individuals with Tuberculosis | dhcf,/publication/individuals-tuberculosis,1
Infants & Children (0-20) | dhcf,/node/892192,281
Infants & Children (0-20) | dhcf,/service/infants-children-0-20,463
Infants and Children under Age 19 | dhcf,/node/837332,11
Infants and Children under Age 19 | dhcf,/publication/infants-and-children-under-age-19,1
Informational Bulletins for LTC Providers | dhcf,/es/publication/informational-bulletins-ltc-providers,2
Informational Bulletins for LTC Providers | dhcf,/fr/publication/informational-bulletins-ltc-providers,4
Informational Bulletins for LTC Providers | dhcf,/publication/informational-bulletins-ltc-providers,133
Informational Session for Prospective Case Management Agencies | dhcf,/release/informational-session-prospective-case-management-agencies,1
In-Home Support Services Notice of Final Rulemaking | dhcf,/node/1133607,6
In-Home Support Services Notice of Final Rulemaking | dhcf,/publication/home-support-services-notice-final-rulemaking,1
In-Home Support Services Notice of Fourth Emergency and Proposed Rulemaking | dhcf,/node/1049952,1
In-Home Support Services Notice of Fourth Emergency and Proposed Rulemaking | dhcf,/publication/home-support-services-notice-fourth-emergency-and-proposed-rulemaking,5
In-Home Supports Services Notice of Final Rulemaking | dhcf,/node/1139226,1
In-Home Supports Services Notice of Final Rulemaking | dhcf,/publication/home-supports-services-notice-final-rulemaking,0
Innovate with Us! | dhcf,/am/page/innovate-us,1
Innovate with Us! | dhcf,/es/page/innovate-us,5
Innovate with Us! | dhcf,/page/innovate-us,5
Innovation - District Health Landscape | dhcf,/es/page/innovation-district-health-landscape,1
Innovation - District Health Landscape | dhcf,/page/innovation-district-health-landscape,16
Innovation - Leadership | dhcf,/node/1110297,2
Innovation - Leadership | dhcf,/page/innovation-leadership,27
Innovation - Timeline - Chart | dhcf,/node/1110791,3
Innovation - Timeline - Chart | dhcf,/page/innovation-timeline-chart,1
Innovation - Timeline | dhcf,/page/innovation-timeline,3
"Innovation Update - March 18, 2016 | dhcf",/node/1152452,1
"Innovation Update - March 28, 2016 | dhcf",/node/1152457,4
Innovation Update Newsletters | dhcf,/node/1152421,8
Inpatient Services Notice of Final Rulemaking | dhcf,/node/985142,1
Inspections of Care in Skilled Nursing and Intermediate Care Facilities and Institutions for Mental Disease Attachment 4.15A | dhcf,/node/192642,9
Interim State Health Care Executive Summary | dhcf,/node/1160307,4
Interim State Health Care Executive Summary | dhcf,/publication/interim-state-health-care-executive-summary,1
January 12 - Care Delivery Meeting Summary | dhcf,/node/1136536,6
January 12 - Care Delivery Meeting Summary | dhcf,/publication/january-12-care-delivery-meeting-summary,7
January 12 - Meeting Agenda | dhcf,/node/1135047,1
January 13 - Advisory Committee Meeting Summary | dhcf,/node/1136497,2
January 13th - Agenda | dhcf,/node/1135037,4
January 20 - Meeting Agenda | dhcf,/node/1136546,6
January 20 - Meeting Agenda | dhcf,/publication/january-20-meeting-agenda,6
January 2015 MCAC Enrollment Report | dhcf,/node/985172,5
January 2015 MCAC Enrollment Report | dhcf,/publication/january-2015-mcac-enrollment-report,4
January Monthly Meeting | dhcf,/page/january-monthly-meeting,10
Joe Weissfeld | dhcf,/biography/joe-weissfeld,102
Joe Weissfeld | dhcf,/node/1699186,19
"Join DHCF on Saturday, November 23, 2013 from 10 am - 3 pm at DC Health Link's City-wide Information Day and Enrollment Fair | dhcf",/release/join-dhcf-saturday-november-23-2013-10-am-3-pm-dc-health-links-city-wide-information-day-and,2
Join the DC Department of Health Care Finance for Diabetes Alert Day Forum | dhcf,/release/join-dc-department-health-care-finance-diabetes-alert-day-forum,2
Judge Approves Settlement for Chartered Health’s Unpaid Claims | dhcf,/release/judge-approves-settlement-chartered-health’s-unpaid-claims,6
July 2012 MCAC Minutes | dhcf,/node/325152,6
July 2012 MCAC Minutes | dhcf,/publication/july-2012-mcac-minutes,1
July 2014 MCAC Agenda | dhcf,/node/876252,1
July 2014 MCAC Agenda | dhcf,/publication/july-2014-mcac-agenda,4
July Monthly Meeting | dhcf,/node/1675026,4
July Monthly Meeting | dhcf,/page/july-monthly-meeting,4
June 2014 MCAC Agenda | dhcf,/node/876242,5
June 2014 MCAC Agenda | dhcf,/publication/june-2014-mcac-agenda,1
June 2015 MCAC - Presentations | dhcf,/node/1119747,3
June 2015 MCAC - Presentations | dhcf,/publication/june-2015-mcac-presentations,5
June 2015 MCAC Minutes | dhcf,/node/1119741,1
June 2015 MCAC Minutes | dhcf,/publication/june-2015-mcac-minutes,7
June MCAC Eligibility and Enrollment Subcommittee Meeting | dhcf,/node/1543856,1
June MCAC Eligibility and Enrollment Subcommittee Meeting | dhcf,/page/june-mcac-eligibility-and-enrollment-subcommittee-meeting,5
June Monthly Meeting | dhcf,/page/june-monthly-meeting,7
Katie Beckett Pathway Notice of Emergency and Proposed Rulemaking | dhcf,/node/1139221,5
Kevin O’Donnell | dhcf,/biography/kevin-odonnell,82
Key Discussion Areas | dhcf,/node/1157077,3
Key Documents and Data | dhcf,/page/key-documents-and-data-0,37
Key Documents and Data | dhcf,/page/key-documents-and-data-00,87
Key Program Changes | dhcf,/node/1809101,19
Key Program Changes | dhcf,/page/key-program-changes,2
Korean - Stakeholder Communications Toolkit | dhcf,/page/korean-stakeholder-communications-toolkit,1
Lactation Services Notice of Final Rulemaking | dhcf,/node/1189015,1
Lead Investigation for Medicaid Eligible Children Under the Age of Twenty One Final Rulemaking | dhcf,/node/859962,1
Lead Investigation for Medicaid Eligible Children Under the Age of Twenty One Final Rulemaking | dhcf,/publication/lead-investigation-medicaid-eligible-children-under-age-twenty-one-final-rulemaking,1
Liens and Recoveries Attachment 4.17A | dhcf,/node/192682,10
Liens and Recoveries Attachment 4.17A | dhcf,/publication/liens-and-recoveries-attachment-417a,8
Lisa Truitt | dhcf,/biography/lisa-truitt,49
Lisa Truitt | dhcf,/node/902752,14
List of Center for Medicare and Medicaid Innovations in the District | dhcf,/node/1121857,9
List of Center for Medicare and Medicaid Innovations in the District | dhcf,/publication/list-center-medicare-and-medicaid-innovations-district,48
Living Wage Act Fact Sheet | dhcf,/publication/living-wage-act-fact-sheet,1
Long Term Care Administration - Mission | dhcf,/node/1351876,6
Long Term Care Administration - Mission | dhcf,/page/long-term-care-administration-mission,17
Long Term Care Administration | dhcf,/am/node/1257541,1
Long Term Care Administration | dhcf,/page/long-term-care-administration,328
Long Term Care Assessment Notice of Third Emergency and Proposed Rulemaking | dhcf,/node/1230661,2
Long Term Care Assessment Notice of Third Emergency and Proposed Rulemaking | dhcf,/publication/long-term-care-assessment-notice-third-emergency-and-proposed-rulemaking,6
Long Term Care Service and Support Assessment Notice of Final Rulemaking | dhcf,/node/1261076,4
Long Term Care Service and Support Assessment Notice of Final Rulemaking | dhcf,/publication/long-term-care-service-and-support-assessment-notice-final-rulemaking,7
Long Term Care Services and Programs | dhcf,/am/node/1351986,1
Long Term Care Services and Programs | dhcf,/es/node/1351986,0
Long Term Care Services and Programs | dhcf,/node/1351986,5
Long Term Care Services and Programs | dhcf,/page/long-term-care-services-and-programs,439
Long Term Care Services and Support Assessment Process Notice of Final Rulemaking | dhcf,/node/1532326,17
Long Term Care Services and Support Assessment Process Notice of Final Rulemaking | dhcf,/publication/long-term-care-services-and-support-assessment-process-notice-final-rulemaking,6
Long Term Care Services and Supports - Provider Enrollment Process | dhcf,/node/1356391,35
Long Term Care Services and Supports - Provider Enrollment Process | dhcf,/page/long-term-care-services-and-supports-provider-enrollment-process,103
Long Term Care Services and Supports | dhcf,/am/node/1262401,40
Long Term Care Services and Supports | dhcf,/es/node/1262401,41
Long Term Care Services and Supports | dhcf,/fr/node/1262401,40
Long Term Care Services and Supports | dhcf,/page/long-term-care-services-and-supports,383
Long Term Care Services and Supports | dhcf,/page/services-supports,34
Long Term Care Services and Supports | dhcf,/vi/node/1262401,3
Long Term Care Services and Supports Assessment Process Notice of Proposed Rulemaking | dhcf,/node/842862,1
Long Term Care Services and Supports Assessment Process Notice of Second Emergency and Proposed Rulemaking | dhcf,/node/1387151,1
Long Term Care Services and Supports Assessment Process Notice of Second Emergency and Proposed Rulemaking | dhcf,/publication/long-term-care-services-and-supports-assessment-process-notice-emergency-and-proposed-0,1
Long Term Care Services and Supports Assessment Process Notice of Second Emergency and Proposed Rulemaking | dhcf,/publication/long-term-care-services-and-supports-assessment-process-notice-emergency-and-proposed-001,1
Long Term Care Services and Supports Assessment Process Notice of Second Proposed Rulemaking | dhcf,/node/1068472,0
Long Term Care Services and Supports Assessment Process Notice of Second Proposed Rulemaking | dhcf,/publication/long-term-care-services-and-supports-assessment-process-notice-second-proposed,4
Long-term Care (LTC) | dhcf,/fr/service/long-term-care-ltc,3
Long-term Care (LTC) | dhcf,/node/892472,95
Long-term Care (LTC) | dhcf,/service/long-term-care-ltc,512
LTCA Informational Bulletins 2020-2022 | dhcf,/node/1746526,23
LTCA Informational Bulletins 2020-2022 | dhcf,/publication/ltca-informational-bulletins-2020-2022,1
LTSS- MCAC Meeting Agenda and Materials - 4/26/17 | dhcf,/node/1239056,0
LTSS- MCAC Meeting Agenda and Materials - 4/26/17 | dhcf,/page/ltss-mcac-meeting-agenda-and-materials-42617,3
lynn.romano | dhcf,/users/lynnromano,14
MAGI Based Income Methodologies | dhcf,/node/837272,14
MAGI Based Income Methodologies | dhcf,/publication/magi-based-income-methodologies,2
MAGI Based Verification Plan (updated 7.27.15) | dhcf,/node/1123814,1
MAGI Based Verification Plan (updated 7.27.15) | dhcf,/publication/magi-based-verification-plan-updated-72715,7
MAGI Based Verification Plan with Disaster Addendum | dhcf,/node/1479286,4
MAGI Based Verification Plan with Disaster Addendum | dhcf,/publication/magi-based-verification-plan-disaster-addendum,1
MAGI Supplemental Form | dhcf,/publication/magi-supplemental-form,8
Managed Care 1st and 2nd Quarter Report CY2015 | dhcf,/node/1128132,2
Managed Care 1st and 2nd Quarter Report CY2015 | dhcf,/publication/managed-care-1st-and-2nd-quarter-report-cy2015,6
Managed Care 1st Quarter Report CY2016 | dhcf,/node/1184746,1
Managed Care 1st Quarter Report CY2016 | dhcf,/publication/managed-care-1st-quarter-report-cy2016-0,1
Managed Care 2nd Quarter Report CY2016 | dhcf,/node/1199617,5
Managed Care 2nd Quarter Report CY2016 | dhcf,/publication/managed-care-2nd-quarter-report-cy2016,11
"Managed Care Denied Claims Analysis, October 2015 | dhcf",/node/1115966,1
"Managed Care Denied Claims Analysis, October 2015 | dhcf",/publication/managed-care-denied-claims-analysis-october-2015,5
Managed Care End of Year Report 2018 | dhcf,/node/1413166,6
Managed Care End of Year Report 2018 | dhcf,/publication/managed-care-end-year-report-2018,5
Managed Care End-of-Year Report CY 2017 | dhcf,/node/1353641,4
Managed Care End-of-Year Report CY 2017 | dhcf,/publication/managed-care-end-year-report-cy-2017,5
Managed Care Quality Strategy | dhcf,/managed-care-quality-strategy,159
Managed Care Snapshot | dhcf,/node/884502,7
Managed Care Snapshot | dhcf,/publication/managed-care-snapshot,7
Mandatory Coverage Adult Group | dhcf,/node/837342,8
Mandatory Coverage Former Foster Care Children | dhcf,/node/837972,8
Mandatory Coverage Former Foster Care Children | dhcf,/publication/mandatory-coverage-former-foster-care-children,1
Mandatory Coverage Pregnant Women | dhcf,/node/837312,8
March 17 Payment Model Meeting Agenda | dhcf,/node/1150097,8
March 17 Payment Model Meeting Agenda | dhcf,/publication/march-17-payment-model-meeting-agenda,1
March 2013 Enrollment Report | dhcf,/node/473032,7
March 2015 MCAC Enrollment Report | dhcf,/node/1057602,3
March 28 Quality Metrics Presentation | dhcf,/node/1157136,1
March 7 - Agenda | dhcf,/node/1145232,1
March 9 - Advisory Committee Summary | dhcf,/node/1157071,1
March 9 - Advisory Committee Summary | dhcf,/publication/march-9-advisory-committee-summary,4
March 9 Presentation | dhcf,/node/1157072,1
March Monthly Meeting | dhcf,/page/march-monthly-meeting,4
March-April Data Snapshot - HIV/AIDS | dhcf,/March-April Data Snapshot - HIV/AIDS,1
Maternal Health Projects | dhcf,/am/maternalhealthprojects,1
Maternal Health Projects | dhcf,/maternalhealthprojects,211
Maternal Health Projects | dhcf,/publication/maternal-health-projects,60
Maude Regenia Holt | dhcf,/biography/maude-regenia-holt,120
Maude Regenia Holt | dhcf,/node/207612,13
May 11 - Agenda | dhcf,/node/1160306,1
May 11 - Agenda | dhcf,/publication/may-11-agenda,4
May 2014 MCAC Agenda | dhcf,/node/838392,6
May 2014 MCAC Agenda | dhcf,/publication/may-2014-mcac-agenda,1
May 2015 MCAC Enrollment Report | dhcf,/node/1062362,5
May 2015 MCAC Enrollment Report | dhcf,/publication/may-2015-mcac-enrollment-report,5
May Monthly Meeting | dhcf,/page/may-monthly-meeting-0,4
May Presentation | dhcf,/node/1160312,1
May Presentation | dhcf,/publication/may-presentation,6
Mayor Bowser and the Department of Health Care Finance Announce New Policy to Advance Health Care Equity | dhcf,/release/mayor-bowser-and-department-health-care-finance-announce-new-policy-advance-health-care,6
"Mayor Bowser and Universal Health Services Break Ground on New Cedar Hill Regional Medical Center, GW Health at St. Elizabeths East in Ward 8, First Hospital Built in the District in Over 20 Years | dhcf",/release/mayor-bowser-and-universal-health-services-break-ground-new-cedar-hill-regional-medical,5
Mayor Bowser Announces $17 Million in Funding to Transform Medicaid Maternal Health | dhcf,/release/mayor-bowser-announces-17-million-funding-transform-medicaid-maternal-health,49
Mayor Bowser Announces Major Milestone in Partnership with The George Washington University Hospital for New Hospital and Health Services | dhcf,/release/mayor-bowser-announces-major-milestone-partnership-george-washington-university-hospital-new,10
"Mayor Bowser Announces Next Step in New Hospital at St. Elizabeths East, Submits Design to the United States Commission of Fine Arts for Review | dhcf",/node/1548141,5
"Mayor Bowser Announces Next Step in New Hospital at St. Elizabeths East, Submits Design to the United States Commission of Fine Arts for Review | dhcf",/release/mayor-bowser-announces-next-step-new-hospital-st-elizabeths-east-submits-design-united,7
Mayor Bowser Celebrates the Topping Out of Cedar Hill Regional Medical Center GW Health on the St. Elizabeths East Campus | dhcf,/release/mayor-bowser-celebrates-topping-out-cedar-hill-regional-medical-center-gw-health-st,0
"Mayor Bowser Launches QuickFire Challenge Aimed at Addressing Health Disparities in Washington, DC | dhcf",/release/mayor-bowser-launches-quickfire-challenge-aimed-addressing-health-disparities-washington-dc,6
Mayor Bowser Sends Letter to Congress on the Need for the Reauthorization of the Children’s Health Insurance Program | dhcf,/release/mayor-bowser-sends-letter-congress-need-reauthorization-childrens-health-insurance-program,4
Mayor Bowser to Celebrate Topping Out at Cedar Hill Regional Medical Center GW Health | dhcf,/release/mayor-bowser-celebrate-topping-out-cedar-hill-regional-medical-center-gw-health,5
Mayor Gray Nominates Health Industry Experts to Panel That Will Implement President Obama's Health Care Reform Law in the District | dhcf,/release/mayor-gray-nominates-health-industry-experts-panel-will-implement-president-obamas-health,1
Mayor Vincent C. Gray Announces Plan to Pay Unpaid Health Care Provider Claims | dhcf,/release/mayor-vincent-c-gray-announces-plan-pay-unpaid-health-care-provider-claims,2
Mayor Vincent C. Gray Announces Plan to Pay Unpaid Health Care Provider Claims | dhcf,/release/mayor-vincent-c-gray-announces-plan-pay-unpaid-health-care-provider-claims-01,4
Mayor Vincent C. Gray to Address Issue of Unpaid Health Care Claims for the District's Medicaid Providers | dhcf,/release/mayor-vincent-c-gray-address-issue-unpaid-health-care-claims-districts-medicaid-providers,1
Mayor’s Order 2016-035 (Establishment) | dhcf,/node/1207707,6
Mayor’s Order 2016-035 (Establishment) | dhcf,/publication/mayor’s-order-2016-035-establishment,3
Mayor’s Order 2016-071 (Amendment) | dhcf,/node/1194325,3
Mayor’s Order 2016-071 (Amendment) | dhcf,/publication/mayor’s-order-2016-071-amendment,1
"Mayor's Order 2012-110 Appointments - DC HIE Policy Board - Addendum - July 18, 2012 | dhcf",/node/206572,2
Mayor's Order 2012-24 Health Information Exchange Policy Board | dhcf,/node/206562,6
"Mayor's Order 2012-96 Appointments-DC HIE Policy Board - July 2, 2012 | dhcf",/node/206582,1
"Mayor's Order 2012-96 Appointments-DC HIE Policy Board - July 2, 2012 | dhcf",/publication/mayors-order-2012-96-appointments-dc-hie-policy-board-july-2-2012,1
Mayors Order 2013-004 | dhcf,/node/472962,1
Mayors Order 2013-048 | dhcf,/node/472972,7
Mayors Order 2013-048 | dhcf,/publication/mayors-order-2013-048,4
Mayors Order 2013-77 | dhcf,/publication/mayors-order-2013-77,6
Mayors Order 2014-105 | dhcf,/node/880772,1
Mayors Order 2014-105 | dhcf,/publication/mayors-order-2014-105,10
MCAC - Subcommittee Meeting Materials – March 2023 | dhcf,/node/1647881,7
MCAC - Subcommittee Meeting Materials – March 2023 | dhcf,/page/mcac-subcommittee-meeting-materials-–-march-2023,4
MCAC Access Subcommittee Agenda and Materials - January 2021 | dhcf,/node/1515176,1
MCAC Access Subcommittee Agenda and Materials - January 2021 | dhcf,/page/mcac-access-subcommittee-agenda-and-materials-january-2021,20
MCAC Access Subcommittee Agenda and Materials – June 9 2021 | dhcf,/page/mcac-access-subcommittee-agenda-and-materials-–-june-9-2021,12
MCAC Access Subcommittee Meeting - January 2021 | dhcf,/event/mcac-access-subcommittee-meeting-january-2021,9
MCAC Acronyms | dhcf,/node/162432,1
MCAC Acronyms | dhcf,/publication/mcac-acronyms,1
"MCAC Agenda - January 25, 2012 | dhcf",/node/162422,5
"MCAC Agenda - January 25, 2012 | dhcf",/publication/mcac-agenda-january-25-2012,1
MCAC Agenda and Materials – September 2022 | dhcf,/node/1620986,4
MCAC Agenda and Materials – September 2022 | dhcf,/page/mcac-agenda-and-materials-–-september-2022,2
MCAC Brief 2 | dhcf,/node/1129427,5
MCAC Brief 2 | dhcf,/publication/mcac-brief-2,1
MCAC Enrollment Report - April 2012 | dhcf,/node/162512,1
MCAC Enrollment Report - April 2012 | dhcf,/publication/mcac-enrollment-report-april-2012,5
MCAC Enrollment Report - April 2013 | dhcf,/node/607142,9
MCAC Enrollment Report - April 2013 | dhcf,/publication/mcac-enrollment-report-april-2013,9
MCAC Enrollment Report - December 2012 | dhcf,/node/440332,7
MCAC Enrollment Report - December 2012 | dhcf,/publication/mcac-enrollment-report-december-2012,4
MCAC Enrollment Report - February 2012 | dhcf,/node/162482,10
MCAC Enrollment Report - February 2013 | dhcf,/node/440392,4
MCAC Enrollment Report - February 2014 | dhcf,/node/808582,4
MCAC Enrollment Report - February 2014 | dhcf,/publication/mcac-enrollment-report-february-2014,1
MCAC Enrollment Report - January 2013 | dhcf,/publication/mcac-enrollment-report-january-2013,4
MCAC Enrollment Report - January 2014 | dhcf,/node/766072,1
MCAC Enrollment Report - July 2012 | dhcf,/node/201822,4
MCAC Enrollment Report - July 2012 | dhcf,/publication/mcac-enrollment-report-july-2012,6
MCAC Enrollment Report - July 2013 | dhcf,/node/808462,1
MCAC Enrollment Report - July 2014 | dhcf,/node/876272,3
MCAC Enrollment Report - July 2014 | dhcf,/publication/mcac-enrollment-report-july-2014,6
MCAC Enrollment Report - June 2012 | dhcf,/node/201812,1
MCAC Enrollment Report - June 2013 | dhcf,/node/607162,1
MCAC Enrollment Report - June 2013 | dhcf,/publication/mcac-enrollment-report-june-2013,4
MCAC Enrollment Report - June 2014 | dhcf,/node/876262,1
MCAC Enrollment Report - March 2012 | dhcf,/publication/mcac-enrollment-report-march-2012,0
MCAC Enrollment Report - March 2014 | dhcf,/node/814072,6
MCAC Enrollment Report - May 2012 | dhcf,/node/162522,3
MCAC Enrollment Report - May 2013 | dhcf,/node/607152,1
MCAC Enrollment Report - May 2013 | dhcf,/publication/mcac-enrollment-report-may-2013,6
MCAC Enrollment Report - May 2014 | dhcf,/node/838442,1
MCAC Enrollment Report - May 2014 | dhcf,/publication/mcac-enrollment-report-may-2014,2
MCAC Enrollment Report - November 2013 | dhcf,/node/808512,9
MCAC Enrollment Report - November 2013 | dhcf,/publication/mcac-enrollment-report-november-2013,6
MCAC Enrollment Report - October 2013 | dhcf,/node/808502,2
MCAC Enrollment Report - October 2013 | dhcf,/publication/mcac-enrollment-report-october-2013,4
MCAC Enrollment Report - September 2012 | dhcf,/node/315952,1
MCAC Enrollment Report - September 2012 | dhcf,/publication/mcac-enrollment-report-september-2012,2
MCAC Enrollment Report - September 2013 | dhcf,/node/686692,4
MCAC FY 2012 | dhcf,/node/1540176,1
MCAC FY 2012 | dhcf,/page/mcac-fy-2012,35
MCAC FY 2014 | dhcf,/node/1540171,4
MCAC FY 2014 | dhcf,/page/mcac-fy-2014,49
MCAC FY 2015 | dhcf,/node/1540166,41
MCAC FY 2015 | dhcf,/page/mcac-fy-2015,48
MCAC FY 2016 | dhcf,/page/mcac-fy-2016,39
MCAC FY 2017 | dhcf,/node/1540156,41
MCAC FY 2017 | dhcf,/page/mcac-fy-2017,41
MCAC FY 2018 | dhcf,/node/1540151,44
MCAC FY 2018 | dhcf,/page/mcac-fy-2018,53
MCAC FY 2019 | dhcf,/node/1540146,1
MCAC FY 2019 | dhcf,/page/mcac-fy-2019,38
MCAC FY 2020 | dhcf,/page/mcac-fy-2020,6
MCAC FY 2021 | dhcf,/page/mcac-fy-2021,5
MCAC FY 2022 | dhcf,/node/1697376,1
MCAC FY 2022 | dhcf,/page/mcac-fy-2022,35
MCAC FY 2023 | dhcf,/node/1697386,6
MCAC FY 2024 | dhcf,/node/1750516,4
MCAC FY 2024 | dhcf,/page/mcac-fy-2024,2
MCAC Meeting Agenda and Materials - 1/25/17 | dhcf,/node/1214751,44
MCAC Meeting Agenda and Materials - 1/25/17 | dhcf,/page/mcac-meeting-agenda-and-materials-12517,53
MCAC Meeting Agenda and Materials - 2/15/17 | dhcf,/node/1224926,8
MCAC Meeting Agenda and Materials - 2/15/17 | dhcf,/page/mcac-meeting-agenda-and-materials-21517,1
MCAC Meeting Agenda and Materials - 4/26/17 | dhcf,/node/1239046,1
MCAC Meeting Agenda and Materials - 4/26/17 | dhcf,/page/mcac-meeting-agenda-and-materials-42617,5
MCAC Meeting Agenda and Materials - April 2018 | dhcf,/node/1324486,1
MCAC Meeting Agenda and Materials - April 2018 | dhcf,/page/mcac-meeting-agenda-and-materials-april-2018,3
MCAC Meeting Agenda and Materials - April 2019 | dhcf,/node/1401616,2
MCAC Meeting Agenda and Materials - April 2019 | dhcf,/page/mcac-meeting-agenda-and-materials-april-2019,5
MCAC Meeting Agenda and Materials - April 2020 | dhcf,/node/1473286,7
MCAC Meeting Agenda and Materials - April 2022 | dhcf,/node/1595891,5
MCAC Meeting Agenda and Materials - August 2017 | dhcf,/node/1270096,5
MCAC Meeting Agenda and Materials - August 2017 | dhcf,/page/mcac-meeting-agenda-and-materials-august-2017,1
MCAC Meeting Agenda and Materials - August 2019 | dhcf,/page/mcac-meeting-agenda-and-materials-august-2019,6
MCAC Meeting Agenda and Materials - December 2017 | dhcf,/node/1294421,5
MCAC Meeting Agenda and Materials - December 2017 | dhcf,/page/mcac-meeting-agenda-and-materials-december-2017,1
MCAC Meeting Agenda and Materials - December 2019 | dhcf,/node/1448886,2
MCAC Meeting Agenda and Materials - December 2019 | dhcf,/page/mcac-meeting-agenda-and-materials-december-2019,5
MCAC Meeting Agenda and Materials - December 2020 | dhcf,/node/1511886,2
MCAC Meeting Agenda and Materials - December 2021 | dhcf,/page/mcac-meeting-agenda-and-materials-december-2021,3
MCAC Meeting Agenda and Materials - February 2018 | dhcf,/node/1318646,1
MCAC Meeting Agenda and Materials - February 2018 | dhcf,/page/mcac-meeting-agenda-and-materials-february-2018,2
MCAC Meeting Agenda and Materials - February 2019 | dhcf,/node/1387606,2
MCAC Meeting Agenda and Materials - February 2019 | dhcf,/page/mcac-meeting-agenda-and-materials-february-2019,5
MCAC Meeting Agenda and Materials - February 2020 | dhcf,/node/1461911,7
MCAC Meeting Agenda and Materials - February 21 | dhcf,/node/1523941,1
"MCAC Meeting Agenda and Materials - January 19, 2022 - E&E Meeting | dhcf",/page/mcac-meeting-agenda-and-materials-january-19-2022-ee-meeting,4
MCAC Meeting Agenda and Materials - July 2020 | dhcf,/node/1487911,1
MCAC Meeting Agenda and Materials - July 2020 | dhcf,/page/mcac-meeting-agenda-and-materials-july-2020,7
"MCAC Meeting Agenda and Materials - June 2, 2021 | dhcf",/node/1541461,1
MCAC Meeting Agenda and Materials - June 2017 | dhcf,/node/1256666,4
MCAC Meeting Agenda and Materials - June 2017 | dhcf,/page/mcac-meeting-agenda-and-materials-june-2017,1
MCAC Meeting Agenda and Materials - June 2019 | dhcf,/node/1414756,42
MCAC Meeting Agenda and Materials - June 2019 | dhcf,/page/mcac-meeting-agenda-and-materials-june-2019,40
MCAC Meeting Agenda and Materials - June 2020 | dhcf,/node/1483146,3
MCAC Meeting Agenda and Materials - June 2020 | dhcf,/page/mcac-meeting-agenda-and-materials-june-2020,5
MCAC Meeting Agenda and Materials - June 23 2021 | dhcf,/node/1545031,3
MCAC Meeting Agenda and Materials - March 2018 | dhcf,/node/1318641,5
MCAC Meeting Agenda and Materials - March 2018 | dhcf,/page/mcac-meeting-agenda-and-materials-march-2018,7
MCAC Meeting Agenda and Materials - March 2020 | dhcf,/node/1468581,2
MCAC Meeting Agenda and Materials - March 2020 | dhcf,/page/mcac-meeting-agenda-and-materials-march-2020,6
MCAC Meeting Agenda and Materials - March 2022 Special MCAC Meeting | dhcf,/page/mcac-meeting-agenda-and-materials-march-2022-special-mcac-meeting,3
MCAC Meeting Agenda and Materials - May 2017 | dhcf,/node/1247066,1
MCAC Meeting Agenda and Materials - May 2017 | dhcf,/page/mcac-meeting-agenda-and-materials-may-2017,5
MCAC Meeting Agenda and Materials - May 2020 | dhcf,/node/1478841,7
MCAC Meeting Agenda and Materials - October 2017 | dhcf,/node/1282381,8
MCAC Meeting Agenda and Materials - October 2017 | dhcf,/page/mcac-meeting-agenda-and-materials-october-2017,1
MCAC Meeting Agenda and Materials - October 2018 | dhcf,/page/mcac-meeting-agenda-and-materials-october-2018,6
MCAC Meeting Agenda and Materials - October 2019 | dhcf,/node/1438026,2
MCAC Meeting Agenda and Materials - October 2019 | dhcf,/page/mcac-meeting-agenda-and-materials-october-2019,6
MCAC Meeting Agenda and Materials - October 2020 | dhcf,/node/1503371,1
MCAC Meeting Agenda and Materials - September 2020 | dhcf,/node/1497651,4
MCAC Meeting Agenda and Materials - September 2020 | dhcf,/page/mcac-meeting-agenda-and-materials-september-2020,4
MCAC Meeting Agenda and Materials - September 2021 | dhcf,/node/1559716,1
MCAC Meeting Agenda and Materials - September 2021 | dhcf,/page/mcac-meeting-agenda-and-materials-september-2021,6
MCAC Meeting Agenda and Materials – April 2021 | dhcf,/node/1535126,4
MCAC Meeting Agenda and Materials – June 2022 | dhcf,/node/1603786,5
"MCAC Meeting Agenda and Materials – March 16, 2022 - E&E Meeting | dhcf",/node/1587286,8
"MCAC Meeting Agenda and Materials – May 18, 2022 – Eligibility and Enrollment Meeting | dhcf",/page/mcac-meeting-agenda-and-materials-–-may-18-2022-–-eligibility-and-enrollment-meeting,4
"MCAC Meeting and Agenda Materials -July 20, 2022 E&E Meeting | dhcf",/node/1607431,4
MCAC Meeting November 2016 | dhcf,/node/1203870,6
MCAC Meeting November 2016 | dhcf,/publication/mcac-meeting-november-2016,3
MCAC Meeting October 2016 | dhcf,/node/1198650,42
MCAC Meeting October 2016 | dhcf,/publication/mcac-meeting-october-2016,46
MCAC Member Application 2017 | dhcf,/node/1209605,1
MCAC Member Application 2017 | dhcf,/publication/mcac-member-application-2017,6
MCAC Member List | dhcf,/node/162442,5
MCAC Member List | dhcf,/publication/mcac-member-list,4
MCAC Membership Application | dhcf,/node/1179125,2
MCAC Membership Application | dhcf,/publication/mcac-membership-application,7
MCAC Report - April 2016 | dhcf,/node/1179246,6
MCAC Report - April 2017 | dhcf,/node/1308481,4
MCAC Report - April 2017 | dhcf,/publication/mcac-report-april-2017,1
MCAC Report - April 2018 | dhcf,/node/1325791,8
MCAC Report - April 2019 | dhcf,/node/1402621,4
MCAC Report - April 2021 Enrollment Report – Data for March 2020-March 2021 | dhcf,/publication/mcac-report-april-2021-enrollment-report-–-data-march-2020-march-2021,11
MCAC Report - April 2023 Enrollment Report – Data for March 2022-March 2023 | dhcf,/node/1662231,8
MCAC Report - April 2023 Enrollment Report – Data for March 2022-March 2023 | dhcf,/publication/mcac-report-april-2023-enrollment-report-–-data-march-2022-march-2023,2
MCAC Report - August 2017 | dhcf,/node/1308396,1
MCAC Report - August 2017 | dhcf,/publication/mcac-report-august-2017,2
MCAC Report - August 2018 | dhcf,/node/1350916,1
MCAC Report - August 2018 | dhcf,/publication/mcac-report-august-2018,0
MCAC Report - August 2019 | dhcf,/node/1427316,5
MCAC Report - August 2020 Enrollment Report – Data for July 2019-July 2020 | dhcf,/node/1496631,2
MCAC Report - August 2020 Enrollment Report – Data for July 2019-July 2020 | dhcf,/publication/mcac-report-august-2020-enrollment-report-–-data-july-2019-july-2020,6
MCAC Report - August 2021 Enrollment Report – Data for July 2020-July 2021 | dhcf,/node/1559591,7
MCAC Report - August 2021 Enrollment Report – Data for July 2020-July 2021 | dhcf,/publication/mcac-report-august-2021-enrollment-report-–-data-july-2020-july-2021,7
MCAC Report - August 2022 Enrollment Report – Data for July 2021-July 2022 | dhcf,/publication/mcac-report-august-2022-enrollment-report-–-data-july-2021-july-2022,4
MCAC Report - December 2015 | dhcf,/node/1129392,2
MCAC Report - December 2015 | dhcf,/publication/mcac-report-december-2015,8
MCAC Report - December 2017 | dhcf,/node/1308416,2
MCAC Report - December 2017 | dhcf,/publication/mcac-report-december-2017,5
MCAC Report - December 2018 | dhcf,/node/1374011,2
MCAC Report - December 2018 | dhcf,/publication/mcac-report-december-2018,6
MCAC Report - December 2020 Enrollment Report – Data for November 2019-November 2020 | dhcf,/node/1518651,7
MCAC Report - December 2020 Enrollment Report – Data for November 2019-November 2020 | dhcf,/publication/mcac-report-december-2020-enrollment-report-–-data-november-2019-november-2020,4
MCAC Report - December 2021 Enrollment Report – Data for November 2020-November 2021 | dhcf,/node/1574916,3
MCAC Report - February 2016 | dhcf,/node/1140546,6
MCAC Report - February 2016 | dhcf,/publication/mcac-report-february-2016,7
MCAC Report - February 2017 | dhcf,/publication/mcac-report-february-2017,4
MCAC Report - February 2018 | dhcf,/node/1313061,5
MCAC Report - February 2018 | dhcf,/publication/mcac-report-february-2018,4
MCAC Report - February 2019 | dhcf,/node/1387611,5
MCAC Report - February 2019 | dhcf,/publication/mcac-report-february-2019,1
MCAC Report - February 2021 Enrollment Report – Data for January 2020-January 2021 | dhcf,/node/1533391,1
MCAC Report - February 2021 Enrollment Report – Data for January 2020-January 2021 | dhcf,/publication/mcac-report-february-2021-enrollment-report-–-data-january-2020-january-2021,5
MCAC Report - February 2022 Enrollment Report – Data for January 2021-January 2022 | dhcf,/publication/mcac-report-february-2022-enrollment-report-–-data-january-2021-january-2022,3
MCAC Report - February 2023 Enrollment Report – Data for January 2022-January 2023 | dhcf,/node/1651746,1
MCAC Report - January 2016 | dhcf,/node/1140401,1
MCAC Report - January 2016 | dhcf,/publication/mcac-report-january-2016,1
MCAC Report - January 2017 | dhcf,/node/1214401,2
MCAC Report - January 2017 | dhcf,/publication/mcac-report-january-2017,4
MCAC Report - January 2018 | dhcf,/node/1313056,6
MCAC Report - January 2018 | dhcf,/publication/mcac-report-january-2018,5
MCAC Report - January 2019 | dhcf,/node/1381536,5
MCAC Report - January 2019 | dhcf,/publication/mcac-report-january-2019,7
MCAC Report - January 2021 Enrollment Report – Data for December 2020-December 2020 | dhcf,/node/1521576,1
MCAC Report - January 2022 Enrollment Report – Data for December 2020-December 2021 | dhcf,/publication/mcac-report-january-2022-enrollment-report-–-data-december-2020-december-2021,8
MCAC Report - January 2023 Enrollment Report – Data for December 2021-December 2022 | dhcf,/node/1651741,11
MCAC Report - July 2016 | dhcf,/node/1179255,1
MCAC Report - July 2016 | dhcf,/publication/mcac-report-july-2016,2
MCAC Report - July 2017 | dhcf,/node/1308391,6
MCAC Report - July 2017 | dhcf,/publication/mcac-report-july-2017,3
MCAC Report - July 2018 | dhcf,/node/1347066,1
MCAC Report - July 2018 | dhcf,/publication/mcac-report-july-2018,4
MCAC Report - July 2019 | dhcf,/node/1417046,3
MCAC Report - July 2019 | dhcf,/publication/mcac-report-july-2019,3
MCAC Report - July 2020 Enrollment Report – Data for June 2019-June 2020 | dhcf,/node/1490561,5
MCAC Report - July 2021 Enrollment Report – Data for June 2020-June 2021 | dhcf,/node/1551911,5
MCAC Report - July 2022 Enrollment Report – Data for June 2021-June 2022 | dhcf,/node/1617076,5
MCAC Report - June 2016 | dhcf,/node/1179251,1
MCAC Report - June 2016 | dhcf,/publication/mcac-report-june-2016,2
MCAC Report - June 2017 | dhcf,/node/1308386,3
MCAC Report - June 2018 | dhcf,/node/1342606,6
MCAC Report - June 2019 | dhcf,/node/1417041,7
MCAC Report - June 2019 | dhcf,/publication/mcac-report-june-2019,4
MCAC Report - June 2021 Enrollment Report – Data for May 2020-May 2021 | dhcf,/node/1551906,1
MCAC Report - June 2021 Enrollment Report – Data for May 2020-May 2021 | dhcf,/publication/mcac-report-june-2021-enrollment-report-–-data-may-2020-may-2021,4
MCAC Report - June 2022 Enrollment Report – Data for May 2021-May 2022 | dhcf,/node/1603616,1
MCAC Report - March 2016 | dhcf,/node/1179245,1
MCAC Report - March 2016 | dhcf,/publication/mcac-report-march-2016,8
MCAC Report - March 2017 | dhcf,/node/1308471,1
MCAC Report - March 2017 | dhcf,/publication/mcac-report-march-2017,7
MCAC Report - March 2018 | dhcf,/node/1318906,1
MCAC Report - March 2018 | dhcf,/publication/mcac-report-march-2018,7
MCAC Report - March 2019 | dhcf,/node/1390066,2
MCAC Report - March 2021 Enrollment Report – Data for February 2020-February 2021 | dhcf,/node/1533396,6
MCAC Report - March 2021 Enrollment Report – Data for February 2020-February 2021 | dhcf,/publication/mcac-report-march-2021-enrollment-report-–-data-february-2020-february-2021,5
MCAC Report - March 2023 Enrollment Report – Data for February 2022-February 2023 | dhcf,/node/1662236,4
MCAC Report - May 2016 | dhcf,/node/1179250,1
MCAC Report - May 2016 | dhcf,/publication/mcac-report-may-2016,6
MCAC Report - May 2017 | dhcf,/node/1308381,5
MCAC Report - May 2018 | dhcf,/node/1331531,6
MCAC Report - May 2018 | dhcf,/publication/mcac-report-may-2018,5
MCAC Report - May 2019 | dhcf,/node/1402626,3
MCAC Report - May 2019 | dhcf,/publication/mcac-report-may-2019,8
MCAC Report - May 2021 Enrollment Report – Data for April 2020-April 2021 | dhcf,/node/1543446,1
MCAC Report - November 2016 | dhcf,/node/1203882,2
MCAC Report - November 2017 | dhcf,/node/1308411,2
MCAC Report - November 2017 | dhcf,/publication/mcac-report-november-2017,4
MCAC Report - November 2018 | dhcf,/node/1374001,1
MCAC Report - November 2018 | dhcf,/publication/mcac-report-november-2018,3
MCAC Report - November 2020 Enrollment Report – Data for October 2019-October 2020 | dhcf,/node/1511901,1
MCAC Report - November 2021 Enrollment Report – Data for October 2020-October 2021 | dhcf,/node/1571941,5
MCAC Report - November 2021 Enrollment Report – Data for October 2020-October 2021 | dhcf,/publication/mcac-report-november-2021-enrollment-report-–-data-october-2020-october-2021,7
MCAC Report - October 2015 | dhcf,/node/1121412,6
MCAC Report - October 2016 | dhcf,/node/1198660,5
MCAC Report - October 2017 | dhcf,/node/1308406,3
MCAC Report - October 2017 | dhcf,/publication/mcac-report-october-2017,4
MCAC Report - October 2018 | dhcf,/publication/mcac-report-october-2018,5
MCAC Report - October 2020 Enrollment Report – Data for September 2019-September 2020 | dhcf,/publication/mcac-report-october-2020-enrollment-report-–-data-september-2019-september-2020,6
MCAC Report - October 2021 Enrollment Report – Data for September 2020-September 2021 | dhcf,/node/1571936,1
MCAC Report - October 2021 Enrollment Report – Data for September 2020-September 2021 | dhcf,/publication/mcac-report-october-2021-enrollment-report-–-data-september-2020-september-2021,1
MCAC Report - September 2015 | dhcf,/node/1113807,5
MCAC Report - September 2017 | dhcf,/node/1308401,1
MCAC Report - September 2018 | dhcf,/node/1361986,6
MCAC Report - September 2019 | dhcf,/node/1439486,6
MCAC Report - September 2019 | dhcf,/publication/mcac-report-september-2019,1
MCAC Report - September 2020 Enrollment Report – Data for August 2019-August 2020 | dhcf,/publication/mcac-report-september-2020-enrollment-report-–-data-august-2019-august-2020,6
MCAC Report - September 2021 Enrollment Report – Data for August 2020-August 2021 | dhcf,/node/1571931,5
MCAC Report - September 2022 Enrollment Report – Data for August 2021-August 2022 | dhcf,/node/1640646,5
"MCAC SIM Update Presentation- May 25, 2016 | dhcf",/node/1180975,5
"MCAC SIM Update Presentation- May 25, 2016 | dhcf",/publication/mcac-sim-update-presentation-may-25-2016,7
"MCAC Subcommittee Meeting Agenda and Materials –January 18, 2023 – E&E Meeting | dhcf",/node/1640731,2
"MCAC Subcommittee Meeting Agenda and Materials –January 18, 2023 – E&E Meeting | dhcf",/page/mcac-subcommittee-meeting-agenda-and-materials-–january-18-2023-–-ee-meeting,3
MCO 2016 End-of-Year Performance Report | dhcf,/node/1240236,1
MCO 2016 End-of-Year Performance Report | dhcf,/publication/mco-2016-end-year-performance-report-01,4
MCO External Quality Review Annual Technical Reports | dhcf,/page/mco-external-quality-review-annual-technical-reports,184
Medicaid | dhcf,/am/service/medicaid,11
Medicaid | dhcf,/es/service/medicaid,3
Medicaid | dhcf,/node/835632,7
Medicaid | dhcf,/publication/medicaid,8
Medicaid | dhcf,/service/medicaid,7274
Medicaid – Combined Application for DC - Spanish | dhcf,/publication/medicaid-–-combined-application-dc-spanish,17
Medicaid – Combined Application for DC | dhcf,/publication/medicaid-–-combined-application-dc,7
Medicaid – Recertification Form - Spanish | dhcf,/publication/medicaid-–-recertification-form-spanish,32
Medicaid – Recertification Form | dhcf,/publication/medicaid-–-recertification-form,17
Medicaid – Reimbursement Form - Spanish | dhcf,/publication/medicaid-–-reimbursement-form-spanish,7
Medicaid – Reimbursement Form | dhcf,/publication/medicaid-–-reimbursement-form,146
Medicaid Adult Hospice Services Notice of Final Rulemaking | dhcf,/node/1462846,1
Medicaid Adult Hospice Services Notice of Final Rulemaking | dhcf,/publication/medicaid-adult-hospice-services-notice-final-rulemaking,6
Medicaid Agency Fraud Detection and Investigation Program Attachment 4.5 | dhcf,/node/192602,11
Medicaid Agency Fraud Detection and Investigation Program Attachment 4.5 | dhcf,/publication/medicaid-agency-fraud-detection-and-investigation-program-attachment-45,5
Medicaid Applications Will Be Processed Without Delay As Plans To Integrate Eligibility Processing Through The District’s New Health Insurance Exchange Near Completion | dhcf,/release/medicaid-applications-will-be-processed-without-delay-plans-integrate-eligibility-processing,9
Medicaid Clinic Services and Reimbursement | dhcf,/node/837622,1
Medicaid Clinic Services and Reimbursement | dhcf,/publication/medicaid-clinic-services-and-reimbursement,2
MEDICAID COVID-19 PROVIDER UPDATES | dhcf,/node/1477761,2
MEDICAID COVID-19 PROVIDER UPDATES | dhcf,/page/medicaid-covid-19-provider-updates,100
MEDICAID COVID-19 UPDATES | dhcf,/page/medicaid-covid-19-updates,13
Medicaid Day Treatment Final Rulemaking | dhcf,/node/669392,1
Medicaid Day Treatment Final Rulemaking | dhcf,/publication/medicaid-day-treatment-final-rulemaking,7
Medicaid Director Letter - ARPA Section 9817 Direct Care Worker Vaccination Incentive Initiative Overview | dhcf,/node/1561131,3
Medicaid Director Letter - ARPA Section 9817 Direct Care Worker Vaccination Incentive Initiative Overview | dhcf,/publication/medicaid-director-letter-arpa-section-9817-direct-care-worker-vaccination-incentive,1
Medicaid Director Letter - CASSIP Enrollment Eligibility for Individuals Aged 21-26 | dhcf,/node/1527026,1
Medicaid Director Letter - CASSIP Enrollment Eligibility for Individuals Aged 21-26 | dhcf,/publication/medicaid-director-letter-cassip-enrollment-eligibility-individuals-aged-21-26,6
Medicaid Director Letter - CASSIP: Interim Procedure to Request Disability Determination for Non-SSI Recipients of D.C. Medicaid | dhcf,/node/1541431,4
Medicaid Director Letter - CASSIP: Interim Procedure to Request Disability Determination for Non-SSI Recipients of D.C. Medicaid | dhcf,/publication/medicaid-director-letter-cassip-interim-procedure-request-disability-determination-non,6
Medicaid Director Letter - Frequently Asked Questions Related to DHCF Operations After the Conclusion of the COVID-19 Public Health Emergency | dhcf,/node/1553976,10
Medicaid Director Letter - Frequently Asked Questions Related to DHCF Operations After the Conclusion of the COVID-19 Public Health Emergency | dhcf,/publication/medicaid-director-letter-frequently-asked-questions-related-dhcf-operations-after,1
"Medicaid Director Letter - Implementation of an Integrated Medicare-Medicaid D-SNP Program Effective January 1, 2022 | dhcf",/publication/medicaid-director-letter-Implementation--Integrated-Medicare-Medicaid,2
Medicaid Director Letter - MDL 21-06 BH Transformation Update Timeline 2021 | dhcf,/node/1571151,2
Medicaid Director Letter - MDL 22-01 2022 SMHP Update | dhcf,/node/1590186,4
Medicaid Director Letter - MDL 22-03 CASSIP | dhcf,/node/1592556,10
Medicaid Director Letter - MDL 22-03 CASSIP | dhcf,/publication/medicaid-director-letter-mdl-22-03-cassip,3
Medicaid Director Letter - MDL 22-04 Perinatal Mental Health Taskforce | dhcf,/publication/medicaid-director-letter-mdl-22-04-perinatal-mental-health-taskforce,4
Medicaid Director Letter - MDL 22-05 HIPAA and Digital Health TA | dhcf,/node/1634586,2
Medicaid Director Letter - MDL 22-05 HIPAA and Digital Health TA | dhcf,/publication/medicaid-director-letter-mdl-22-05-hipaa-and-digital-health-ta,8
Medicaid Director Letter - MDL 23-01 - Advance Care Planning in the DC HIE | dhcf,/node/1649706,6
Medicaid Director Letter - MDL 23-01 - Advance Care Planning in the DC HIE | dhcf,/publication/medicaid-director-letter-mdl-23-01-advance-care-planning-dc-hie,4
Medicaid Director Letter - MDL 23-02 - Maternal Health Advisory Group | dhcf,/publication/medicaid-director-letter-mdl-23-02-maternal-health-advisory-group,8
Medicaid Director Letter - MDL 23-03 - 1115 Waiver | dhcf,/node/1689761,7
Medicaid Director Letter - MDL 23-03 - 1115 Waiver | dhcf,/publication/medicaid-director-letter-mdl-23-03-1115-waiver,4
Medicaid Director Letter - MDL 25-01 - Alliance and ICP 10.01.25 Program Changes | dhcf,/node/1797736,131
Medicaid Director Letter - MDL 25-01 - Alliance and ICP 10.01.25 Program Changes | dhcf,/publication/medicaid-director-letter-mdl-25-01-alliance-and-icp-100125-program-changes,14
"Medicaid Director Letter - MDL 25-02 - D.C. Medicaid Income Eligibility Changes Effective January 1, 2026 | dhcf",/node/1802596,77
"Medicaid Director Letter - MDL 25-02 - D.C. Medicaid Income Eligibility Changes Effective January 1, 2026 | dhcf",/publication/medicaid-director-letter-mdl-25-02-dc-medicaid-income-eligibility-changes-effective,184
Medicaid Director Letter - MDL 25-03 - Vaccine Guidance | dhcf,/node/1803356,25
Medicaid Director Letter - MDL 25-03 - Vaccine Guidance | dhcf,/publication/medicaid-director-letter-mdl-25-03-vaccine-guidance,7
Medicaid Director Letter - MDL 25-10 - Lead Screening and Reporting Requirements in the District of Columbia | dhcf,/publication/medicaid-director-letter-mdl-25-10-lead-screening-and-reporting-requirements-district,4
"Medicaid Director Letter # 21-04 (rev.) - Implementation of an Integrated Medicare-Medicaid D-SNP Program Effective February 1, 2022 | dhcf",/publication/medicaid-director-letter-21-04-rev-implementation-integrated-medicare-medicaid-d-snp,8
"Medicaid Director Letter 21-04 - Implementation of an Integrated Medicare-Medicaid D-SNP Program Effective January 1, 2022 | dhcf",/publication/medicaid-director-letter-21-04-implementation-integrated-medicare-medicaid-d-snp-program,2
Medicaid Director Letter – MDL 22-02 1915(c) Waiver Renewal: District of Columbia Elderly and Persons with Physical Disabilities Waiver | dhcf,/node/1591376,3
Medicaid Director Letter – MDL 22-02 1915(c) Waiver Renewal: District of Columbia Elderly and Persons with Physical Disabilities Waiver | dhcf,/publication/medicaid-director-letter--update-0MDL-22-02-1915(c),8
Medicaid Director Letters | dhcf,/es/node/1526336,0
Medicaid Director Letters | dhcf,/fr/node/1526336,5
Medicaid Director Letters | dhcf,/page/medicaid-director-letters,336
Medicaid Director Letters | dhcf,/vi/node/1526336,2
Medicaid Disaster Relief for the COVID-19 National Emergency | dhcf,/node/1481111,1
"Medicaid Durable Medical Equipment, Prosthetics, Orthotics and Supplies Final Rulemaking | dhcf",/node/864512,2
"Medicaid Durable Medical Equipment, Prosthetics, Orthotics and Supplies Final Rulemaking | dhcf",/publication/medicaid-durable-medical-equipment-prosthetics-orthotics-and-supplies-final-rulemaking,23
Medicaid Electronic Health Record Incentive | dhcf,/am/node/1451346,2
Medicaid Electronic Health Record Incentive | dhcf,/es/node/1451346,2
Medicaid Electronic Health Record Incentive | dhcf,/node/1451346,6
Medicaid Electronic Health Record Incentive | dhcf,/page/medicaid-electronic-health-record-incentive,39
Medicaid Electronic Health Record Incentive | dhcf,/page/medicaid-electronic-health-record-incentive-program,1
Medicaid Electronic Health Record Incentive Payment Program Emergency Proposed Rulemaking | dhcf,/node/625682,4
Medicaid Electronic Health Record Incentive Payment Program Emergency Proposed Rulemaking | dhcf,/publication/medicaid-electronic-health-record-incentive-payment-program-emergency-proposed,1
Medicaid Eligibility Cards for Homeless Individuals Attachment 4.33A | dhcf,/node/192922,2
Medicaid Eligibility Chapter 95 Notice of Final Rulemaking | dhcf,/node/946212,1
Medicaid Eligibility Chapter 95 Notice of Final Rulemaking | dhcf,/publication/medicaid-eligibility-chapter-95-notice-final-rulemaking,1
Medicaid Eligibility for Title IV-E Foster Care Children Notice of Final Rulemaking | dhcf,/node/1220321,1
Medicaid Eligibility of Individuals above 133% FPL Notice of Proposed Rulemaking | dhcf,/node/1084712,1
Medicaid Eligibility of Individuals above 133% FPL Notice of Proposed Rulemaking | dhcf,/publication/medicaid-eligibility-individuals-above-133-fpl-notice-proposed-rulemaking,6
Medicaid Eligibility Programs | dhcf,/es/service/medicaid-eligibility-programs,10
Medicaid Eligibility Programs | dhcf,/node/892132,66
Medicaid Eligibility Programs | dhcf,/service/medicaid-eligibility-programs,3658
Medicaid Eligibility Programs | dhcf,/service/who-may-be-eligible-medicaid,5
Medicaid Eligibility Programs | dhcf,/vi/service/medicaid-eligibility-programs,2
Medicaid Fee Schedule Notice of Final Rulemaking | dhcf,/node/1133602,8
Medicaid Fee Schedule Notice of Second Emergency and Proposed Rulemaking | dhcf,/node/1068442,0
Medicaid Fee Schedule Notice of Second Emergency and Proposed Rulemaking | dhcf,/publication/medicaid-fee-schedule-notice-second-emergency-and-proposed-rulemaking,5
Medicaid for Breast and Cervical Cancer Patients | dhcf,/am/service/medicaid-breast-and-cervical-cancer-patients,1
Medicaid for Breast and Cervical Cancer Patients | dhcf,/node/892162,37
Medicaid for Breast and Cervical Cancer Patients | dhcf,/service/medicaid-breast-and-cervical-cancer-patients,101
Medicaid Health Care Coverage Changes (2025) | dhcf,/am/medicaid-program-changes,1
Medicaid Health Care Coverage Changes (2025) | dhcf,/fr/medicaid-program-changes,1
Medicaid Health Care Coverage Changes (2025) | dhcf,/medicaid-program-changes,1907
Medicaid Health Care Coverage Changes (2025) | dhcf,/node/1797276,282
Medicaid Health Care Coverage Changes (2025) | dhcf,/vi/medicaid-program-changes,2
Medicaid Home and Community Based Services Waiver for Individual with Intellectual and Developmental Disabilities Notice of Final Rulemaking | dhcf,/node/1291601,3
Medicaid Home and Community Based Services Waiver for Individual with Intellectual and Developmental Disabilities Notice of Final Rulemaking | dhcf,/publication/medicaid-home-and-community-based-services-waiver-individual-intellectual-and,6
Medicaid Income Limits | dhcf,/page/medicaid-income-limits,90
Medicaid LTSS Provider Listing | dhcf,/node/1418101,517
Medicaid LTSS Provider Listing | dhcf,/publication/epd-waiver-providers,1
Medicaid LTSS Provider Listing | dhcf,/publication/medicaid-ltss-provider-listing,147
Medicaid Managed Care Enrollment and Disenrollment Requirements and Procedures Notice of Emergency and Proposed Rulemaking | dhcf,/node/1492141,3
Medicaid Managed Care Enrollment and Disenrollment Requirements and Procedures Notice of Emergency and Proposed Rulemaking | dhcf,/publication/medicaid-managed-care-enrollment-and-disenrollment-requirements-and-procedures-notice,10
Medicaid Managed Care Plans (MCPs) | dhcf,/am/node/1540191,2
Medicaid Managed Care Plans (MCPs) | dhcf,/page/medicaid-managed-care-organizations-mcos,4
Medicaid Managed Care Plans (MCPs) | dhcf,/page/medicaid-managed-care-plans-mcps,1616
Medicaid Non-MAGI Eligibility Group: Optional Aged Blind and Disable Notice of Final Rulemaking | dhcf,/node/1444896,7
Medicaid Non-MAGI Eligibility Group: Optional Aged Blind and Disable Notice of Final Rulemaking | dhcf,/publication/medicaid-non-magi-eligibility-group-optional-aged-blind-and-disable-notice-final,3
Medicaid Non-MAGI Eligibility Group: TEFRA/Katie Beckett Notice of Final Rulemaking | dhcf,/node/1361071,1
Medicaid Non-MAGI Eligibility Group: TEFRA/Katie Beckett Notice of Final Rulemaking | dhcf,/publication/medicaid-non-magi-eligibility-group-tefrakatie-beckett-notice-final-rulemaking,4
Medicaid Outpatient and Emergency Room Services Notice of Final Rulemaking | dhcf,/node/1445846,5
Medicaid Payment Adjustment for Provider Preventable Conditions Final Rulemaking | dhcf,/node/468562,6
Medicaid Physician and Speciality Service Rate Methodology Notice of Final Rulemaking | dhcf,/node/1444906,3
Medicaid Physician and Speciality Service Rate Methodology Notice of Final Rulemaking | dhcf,/publication/medicaid-physician-and-speciality-service-rate-methodology-notice-final-rulemaking,2
Medicaid Physician and Specialty Service Rate Methodology Notice of Final Rulemaking | dhcf,/node/1390176,5
Medicaid Physician and Specialty Service Rate Methodology Notice of Final Rulemaking | dhcf,/publication/medicaid-physician-and-specialty-service-rate-methodology-notice-final-rulemaking,1
Medicaid Physician and Specialty Services Rate Methodology Notice of Final Rulemaking | dhcf,/node/1155496,1
Medicaid Physician and Specialty Services Rate Methodology Notice of Final Rulemaking | dhcf,/node/660862,4
Medicaid Physician and Specialty Services Rate Methodology Notice of Final Rulemaking | dhcf,/publication/medicaid-physician-and-specialty-services-rate-methodology-notice-final-rulemaking-0,1
Medicaid Primary Care Practitioners Self-Attestation Form | dhcf,/node/472882,23
Medicaid Primary Care Practitioners Self-Attestation Form | dhcf,/publication/medicaid-primary-care-practitioners-self-attestation-form,6
Medicaid Program Integrity | dhcf,/featured-content/medicaid-program-integrity,10
Medicaid Program Integrity | dhcf,/page/medicaid-program-integrity,396
Medicaid Program Integrity | dhcf,/page/medicaid-program-integrity/,1
"Medicaid Provider and Supplier Screening, Enrollment and Termination Notice of Emergency and Proposed Rulemaking | dhcf",/node/1498346,4
"Medicaid Provider and Supplier Screening, Enrollment and Termination Notice of Emergency and Proposed Rulemaking | dhcf",/publication/medicaid-provider-and-supplier-screening-enrollment-and-termination-notice-emergency-and,3
Medicaid Provider Portal | dhcf,/featured-content/medicaid-provider-portal,2623
Medicaid Provider Portal | dhcf,/vi/node/1091952,1
Medicaid Recovery Audit Contract Program Notice of Final Rulemaking | dhcf,/node/1122011,6
Medicaid Recovery Audit Contract Program Notice of Final Rulemaking | dhcf,/publication/medicaid-recovery-audit-contract-program-notice-final-rulemaking,2
Medicaid Recovery Audit Contractor Program Notice of Final Rulemaking | dhcf,/node/1452311,5
Medicaid Reform | dhcf,/page/medicaid-reform,41
Medicaid Reimbursable Telemedicine Notice of Final Rulemaking | dhcf,/node/1492146,2
Medicaid Reimbursable Telemedicine Notice of Final Rulemaking | dhcf,/publication/medicaid-reimbursable-telemedicine-notice-final-rulemaking,2
Medicaid Reimbursement for Adult Substance Abuse Rehabilitative Services Final Rulemaking | dhcf,/node/468462,9
Medicaid Reimbursement for Birth Center Services Final Rulemaking | dhcf,/node/490052,2
Medicaid Reimbursement for Early Intervention Services Final Rulemaking | dhcf,/node/880382,1
Medicaid Reimbursement for Fee for Service Pharmacies Notice of Final Rulemaking | dhcf,/node/1318721,1
Medicaid Reimbursement for Fee for Service Pharmacies Notice of Final Rulemaking | dhcf,/publication/medicaid-reimbursement-fee-service-pharmacies-notice-final-rulemaking,0
Medicaid Reimbursement for Fee for Service Pharmacy Services Notice of Final Rulemaking | dhcf,/node/1462851,6
Medicaid Reimbursement for Fee for Service Pharmacy Services Notice of Final Rulemaking | dhcf,/publication/medicaid-reimbursement-fee-service-pharmacy-services-notice-final-rulemaking,1
Medicaid Reimbursement for Health Home Services Notice of Final Rulemaking | dhcf,/node/1377446,14
Medicaid Reimbursement for Health Home Services Notice of Final Rulemaking | dhcf,/publication/medicaid-reimbursement-health-home-services-notice-final-rulemaking,7
Medicaid Reimbursement for Home Health Aides Notice of Emergency and Proposed Rulemaking | dhcf,/node/1221566,5
Medicaid Reimbursement for Inpatient Hospital Services Final Rulemaking | dhcf,/node/175482,5
Medicaid Reimbursement for Inpatient Hospital Services Final Rulemaking | dhcf,/publication/medicaid-reimbursement-inpatient-hospital-services-final-rulemaking,6
Medicaid Reimbursement for Inpatient Hospital Services Notice of Final Rulemaking | dhcf,/node/1283976,8
Medicaid Reimbursement for Intermediate Care Facilities for Individual with Intellectual Disabilities Final Rulemaking | dhcf,/node/858782,1
Medicaid Reimbursement for Intermediate Care Facilities for Individual with Intellectual Disabilities Final Rulemaking | dhcf,/publication/medicaid-reimbursement-intermediate-care-facilities-individual-intellectual-disabilities,6
Medicaid Reimbursement for Intermediate Care Facilities for Individuals with Intellectual Disabilities Notice of Emergency and Proposed Rulemaking | dhcf,/node/1194207,6
Medicaid Reimbursement for Intermediate Care Facilities for Individuals with Intellectual Disabilities Notice of Emergency and Proposed Rulemaking | dhcf,/publication/medicaid-reimbursement-intermediate-care-facilities-individuals-intellectual-001,1
Medicaid Reimbursement for Intermediate Care Facilities for Individuals with Intellectual Disabilities Notice of Final Rulemaking | dhcf,/node/1133722,1
Medicaid Reimbursement for Intermediate Care Facilities for Individuals with Intellectual Disabilities Notice of Final Rulemaking | dhcf,/node/1377441,3
Medicaid Reimbursement for Intermediate Care Facilities for Individuals with Intellectual Disabilities Notice of Final Rulemaking | dhcf,/node/1483411,2
Medicaid Reimbursement for Intermediate Care Facilities for Individuals with Intellectual Disabilities Notice of Final Rulemaking | dhcf,/publication/medicaid-reimbursement-intermediate-care-facilities-individuals-intellectual-0,1
Medicaid Reimbursement for Intermediate Care Facilities for Individuals with Intellectual Disability Notice of Final Rulemaking | dhcf,/node/1286276,2
Medicaid Reimbursement for Intermediate Care Facilities for Individuals with Intellectual Disability Notice of Final Rulemaking | dhcf,/publication/medicaid-reimbursement-intermediate-care-facilities-individuals-intellectual-01,5
Medicaid Reimbursement for Mental Health Rehabilitative Services (MHRS) Notice of Final Rulemaking | dhcf,/node/1026742,1
Medicaid Reimbursement for Mental Health Rehabilitative Services (MHRS) Notice of Final Rulemaking | dhcf,/publication/medicaid-reimbursement-mental-health-rehabilitative-services-mhrs-notice-final,5
Medicaid Reimbursement for Mental Health Rehabilitative Services Emergency and Proposed Rulemaking | dhcf,/node/971892,1
Medicaid Reimbursement for Mental Health Rehabilitative Services Notice of Final Rulemaking | dhcf,/node/1192807,6
Medicaid Reimbursement for Mental Health Rehabilitative Services Notice of Final Rulemaking | dhcf,/node/1322401,2
Medicaid Reimbursement for Mental Health Rehabilitative Services Notice of Final Rulemaking | dhcf,/publication/medicaid-reimbursement-mental-health-rehabilitative-services-notice-final-rulemaking,2
Medicaid Reimbursement for Outpatient and Emergency Room Services Notice of Final Rulemaking | dhcf,/node/1278016,6
Medicaid Reimbursement for Outpatient and Emergency Room Services Notice of Final Rulemaking | dhcf,/publication/medicaid-reimbursement-outpatient-and-emergency-room-services-notice-final-rulemaking,0
Medicaid Reimbursement for PCA Services (EPD) Notice of Final Rulemaking | dhcf,/node/964202,5
Medicaid Reimbursement for PCA Services (EPD) Notice of Final Rulemaking | dhcf,/publication/medicaid-reimbursement-pca-services-epd-notice-final-rulemaking,1
Medicaid Reimbursement for Personal Care Aide Services Final Rulemaking | dhcf,/node/165312,0
Medicaid Reimbursement for Personal Care Aide Services Final Rulemaking | dhcf,/node/964212,1
Medicaid Reimbursement for Personal Care Aide Services Final Rulemaking | dhcf,/publication/medicaid-reimbursement-personal-care-aide-services-final-rulemaking-0,1
Medicaid Reimbursement for Personal Care Aide Services Notice of Final Rulemaking | dhcf,/node/1202352,7
Medicaid Reimbursement for Personal Care Aide Services Notice of Final Rulemaking | dhcf,/node/1394966,12
Medicaid Reimbursement for Personal Care Aide Services Notice of Final Rulemaking | dhcf,/publication/medicaid-reimbursement-personal-care-aide-services-notice-final-rulemaking-01,2
Medicaid Reimbursement for Personal Care Services Notice of Final Rulemaking | dhcf,/node/1150081,1
Medicaid Reimbursement for Personal Care Services Notice of Final Rulemaking | dhcf,/publication/medicaid-reimbursement-personal-care-services-notice-final-rulemaking,1
Medicaid Reimbursement for Personal Care Services Notice of Second Emergency and Proposed Rulemaking | dhcf,/node/1137401,1
Medicaid Reimbursement for Personal Care Services Notice of Second Emergency and Proposed Rulemaking | dhcf,/publication/medicaid-reimbursement-personal-care-services-notice-second-emergency-and-proposed,3
Medicaid Reimbursement for Pharmacy Services Final Rulemaking | dhcf,/node/165222,2
Medicaid Reimbursement for Specialty Hospital Inpatient Services Notice of Final Rulemaking | dhcf,/node/1264656,1
Medicaid Reimbursement for Specialty Hospital Inpatient Services Notice of Final Rulemaking | dhcf,/publication/medicaid-reimbursement-specialty-hospital-inpatient-services-notice-final-rulemaking,4
Medicaid Reimbursement Governing Disproportionate Share Hospitals (DSH) Qualifications for a Disproportionate Share Hospital (DSH) Final Rulemaking | dhcf,/node/175492,6
Medicaid Reimbursement Governing Disproportionate Share Hospitals (DSH) Qualifications for a Disproportionate Share Hospital (DSH) Final Rulemaking | dhcf,/publication/medicaid-reimbursement-governing-disproportionate-share-hospitals-dsh-qualifications,5
Medicaid Reimbursement Methodology for Programs of All-Inclusive Care for the Elderly (PACE) | dhcf,/publication/medicaid-reimbursement-methodology-programs-all-inclusive-care-elderly-pace,20
Medicaid Reimbursement of Adult Substance Abuse Notice of Final Rulemaking | dhcf,/node/1161747,7
Medicaid Reimbursement of Adult Substance Abuse Notice of Final Rulemaking | dhcf,/publication/medicaid-reimbursement-adult-substance-abuse-notice-final-rulemaking,0
Medicaid Reimbursement of Federally Qualified Health Centers (FQHC) Notice of Final Rulemaking | dhcf,/node/1180306,7
Medicaid Reimbursement of Federally Qualified Health Centers (FQHC) Notice of Final Rulemaking | dhcf,/publication/medicaid-reimbursement-federally-qualified-health-centers-fqhc-notice-final-rulemaking,27
Medicaid Reimbursement of Health Home Services Notice of Emergency and Proposed Rulemaking | dhcf,/node/1133731,7
Medicaid Reimbursement of Health Home Services Notice of Emergency and Proposed Rulemaking | dhcf,/publication/medicaid-reimbursement-health-home-services-notice-emergency-and-proposed-rulemaking,1
Medicaid Reimbursement of Nursing Facilities Notice of Final Rulemaking | dhcf,/node/1192812,1
Medicaid Reimbursement of Transplantation Services Final Rulemaking | dhcf,/node/964222,7
Medicaid Reimbursement of Transplantation Services Final Rulemaking | dhcf,/publication/medicaid-reimbursement-transplantation-services-final-rulemaking,1
Medicaid Reimbursement Rates Personal Care Aide Services Notice of Final Rulemaking | dhcf,/node/1156972,1
Medicaid Reimbursement Rates Personal Care Aide Services Notice of Final Rulemaking | dhcf,/publication/medicaid-reimbursement-rates-personal-care-aide-services-notice-final-rulemaking,8
Medicaid Reimbursement Telemedicine Services Notice of Final Rulemaking | dhcf,/node/1452306,4
Medicaid Reimbursement Telemedicine Services Notice of Final Rulemaking | dhcf,/publication/medicaid-reimbursement-telemedicine-services-notice-final-rulemaking,5
Medicaid Reimbursement to Nursing Facilities Final Rulemaking | dhcf,/node/364752,4
Medicaid Reimbursement to Nursing Facilities Final Rulemaking | dhcf,/publication/medicaid-reimbursement-nursing-facilities-final-rulemaking,8
Medicaid Reimbursement to Nursing Facilities Notice of Emergency and Proposed Rulemaking | dhcf,/node/1278011,5
Medicaid Reimbursement to Nursing Facilities Notice of Emergency and Proposed Rulemaking | dhcf,/publication/medicaid-reimbursement-nursing-facilities-notice-emergency-and-proposed-rulemaking-0,1
Medicaid Reimbursement to Nursing Facilities Notice of Final Rulemaking | dhcf,/node/1437966,8
Medicaid Reimbursement to Nursing Facilities Notice of Second Emergency and Proposed Rulemaking | dhcf,/node/1393636,5
Medicaid Reimbursement to Nursing Facilities Notice of Second Emergency and Proposed Rulemaking | dhcf,/publication/medicaid-reimbursement-nursing-facilities-notice-second-emergency-and-proposed,2
Medicaid Reimbursement to Nursing Facilities Participating in the District of Columbia Medicaid Program | dhcf,/page/medicaid-reimbursement-nursing-facilities-participating-district-columbia-medicaid-program,74
Medicaid Renewal Changes for Medicaid Members | dhcf,/node/805722,7
Medicaid Renewal Changes for Medicaid Members | dhcf,/publication/medicaid-renewal-changes-medicaid-members,2
Medicaid Renewal Information for DC Medicaid Beneficiaries and Stakeholders | dhcf,/medicaid-renewal,959
Medicaid Renewal Information for DC Medicaid Beneficiaries and Stakeholders | dhcf,/page/medicaid-renewal-information-dc-medicaid-beneficiaries-and-stakeholders,613
Medicaid Renewal Meetings 2023 - Recordings and Slide Presentations | dhcf,/page/medicaid-renewal-meetings-2023-recordings-and-slide-presentations,6
Medicaid Renewal Meetings 2024 - Recordings and Slide Presentations | dhcf,/page/medicaid-renewal-meetings-2024-recordings-and-slide-presentations,3
Medicaid Repeal Day Treatment Programs Notice of Final Rulemaking | dhcf,/node/1120976,5
Medicaid Repeal Day Treatment Programs Notice of Final Rulemaking | dhcf,/publication/medicaid-repeal-day-treatment-programs-notice-final-rulemaking,1
Medicaid Reports | dhcf,/page/medicaid-reports,103
Medicaid Restart | dhcf,/medicaid-restart,25
Medicaid Restart Renewal Notices | dhcf,/page/medicaid-restart-renewal-notices,350
Medicaid State Plan | dhcf,/es/page/medicaid-state-plan,3
Medicaid State Plan | dhcf,/page/medicaid-state-plan,672
Medicaid State Plan | dhcf,/vi/page/medicaid-state-plan,1
Medicaid State Plan: Section 1 - Single State Agency Organization | dhcf,/node/170032,51
Medicaid State Plan: Section 1 - Single State Agency Organization | dhcf,/page/medicaid-state-plan-section-1-single-state-agency-organization,14
Medicaid State Plan: Section 2 - Coverage and Eligibility | dhcf,/es/page/medicaid-state-plan-section-2-coverage-and-eligibility,1
Medicaid State Plan: Section 2 - Coverage and Eligibility | dhcf,/node/172882,132
Medicaid State Plan: Section 2 - Coverage and Eligibility | dhcf,/page/medicaid-state-plan-section-2-coverage-and-eligibility,37
Medicaid State Plan: Section 3 - Services: General Provisions | dhcf,/es/page/medicaid-state-plan-section-3-services-general-provisions,2
Medicaid State Plan: Section 3 - Services: General Provisions | dhcf,/node/192082,159
Medicaid State Plan: Section 3 - Services: General Provisions | dhcf,/page/medicaid-state-plan-section-3-services-general-provisions,53
Medicaid State Plan: Section 4 - General Program Administration | dhcf,/node/192472,137
Medicaid State Plan: Section 4 - General Program Administration | dhcf,/node/192472.,5
Medicaid State Plan: Section 4 - General Program Administration | dhcf,/page/medicaid-state-plan-section-4-general-program-administration,47
Medicaid State Plan: Section 5 - Personnel Administration | dhcf,/node/193552,8
Medicaid State Plan: Section 5 - Personnel Administration | dhcf,/page/medicaid-state-plan-section-5-personnel-administration,14
Medicaid State Plan: Section 6 - Financial Administration | dhcf,/node/193642,22
Medicaid State Plan: Section 6 - Financial Administration | dhcf,/page/medicaid-state-plan-section-6-financial-administration,17
Medicaid State Plan: Section 7 - General Provisions | dhcf,/node/193662,19
Medicaid State Plan: Section 7 - General Provisions | dhcf,/page/medicaid-state-plan-section-7-general-provisions,22
Medicaid Update: CMS Approves 1915 (c ) HCBS Waiver Appendix K Emergency Preparedness Response Plan | dhcf,/node/1473856,1
Medicaid Update: New Form for Ordering Medicaid (PCA) Services | dhcf,/node/176652,1
Medicaid Update: New Form for Ordering Medicaid (PCA) Services | dhcf,/publication/medicaid-update-new-form-ordering-medicaid-pca-services,7
Medicaid Update: Revised Transmittal 16-05 FY 2016 Medicaid Hospice Rates Reform to Routine Home Care and Service Intensity Add-On | dhcf,/node/1139326,1
Medicaid Update: Revised Transmittal 16-05 FY 2016 Medicaid Hospice Rates Reform to Routine Home Care and Service Intensity Add-On | dhcf,/publication/medicaid-update-revised-transmittal-16-05-fy-2016-medicaid-hospice-rates-reform-routine,6
Medicaid Update: Transmitta​l 14-28 Update to the Hospice Payment Rates for Fiscal Year 2015 | dhcf,/node/910462,1
Medicaid Update: Transmitta​l 14-29 New Billing Requirements for Pediatric Primary Care Providers | dhcf,/node/912302,7
Medicaid Update: Transmitta​l 14-29 New Billing Requirements for Pediatric Primary Care Providers | dhcf,/publication/medicaid-update-transmitta​l-14-29-new-billing-requirements-pediatric-primary-care,1
Medicaid Update: Transmittal # 11-15 New Plan of Care Form for Medicaid Personal Care Aide and Home Health Services | dhcf,/node/176582,6
Medicaid Update: Transmittal # 11-15 New Plan of Care Form for Medicaid Personal Care Aide and Home Health Services | dhcf,/publication/medicaid-update-transmittal-11-15-new-plan-care-form-medicaid-personal-care-aide-and,4
Medicaid Update: Transmittal # 11-28 Out of State Nursing Facility Placement Procedures | dhcf,/node/176222,1
Medicaid Update: Transmittal #09-01 Delivery and Reimbursement for Medicaid Consumers Living in a District Intermediate Care Facility for the Developmentally Disabled | dhcf,/node/199262,1
Medicaid Update: Transmittal #09-01 Delivery and Reimbursement for Medicaid Consumers Living in a District Intermediate Care Facility for the Developmentally Disabled | dhcf,/publication/medicaid-update-transmittal-09-01-delivery-and-reimbursement-medicaid-consumers-living,1
Medicaid Update: Transmittal #09-02 Required Provider Cooperation in Federal Audits | dhcf,/node/199252,5
Medicaid Update: Transmittal #09-02 Required Provider Cooperation in Federal Audits | dhcf,/publication/medicaid-update-transmittal-09-02-required-provider-cooperation-federal-audits,1
Medicaid Update: Transmittal #09-05 Mandatory Re-enrollment Begins in April for All DHCF Providers | dhcf,/node/199242,6
Medicaid Update: Transmittal #09-05 Mandatory Re-enrollment Begins in April for All DHCF Providers | dhcf,/publication/medicaid-update-transmittal-09-05-mandatory-re-enrollment-begins-april-all-dhcf,1
Medicaid Update: Transmittal #09-07 DHCF Raises Physician Rates | dhcf,/node/199232,1
Medicaid Update: Transmittal #09-07 DHCF Raises Physician Rates | dhcf,/publication/medicaid-update-transmittal-09-07-dhcf-raises-physician-rates,5
Medicaid Update: Transmittal #09-09 Cancellation of Provider Reenrollment | dhcf,/node/199222,3
Medicaid Update: Transmittal #09-09 Cancellation of Provider Reenrollment | dhcf,/publication/medicaid-update-transmittal-09-09-cancellation-provider-reenrollment,1
"Medicaid Update: Transmittal #09-10 Incorrect Billing Codes Used for DME/POS- Durable Medical Equipment, Prosthetics, Orthotics and Supplies | dhcf",/node/199202,7
"Medicaid Update: Transmittal #09-10 Incorrect Billing Codes Used for DME/POS- Durable Medical Equipment, Prosthetics, Orthotics and Supplies | dhcf",/publication/medicaid-update-transmittal-09-10-incorrect-billing-codes-used-dmepos-durable-medical,1
Medicaid Update: Transmittal #09-11 FY 2009 Provider Bed Tax Rate Change | dhcf,/node/199182,1
Medicaid Update: Transmittal #09-11 FY 2009 Provider Bed Tax Rate Change | dhcf,/publication/medicaid-update-transmittal-09-11-fy-2009-provider-bed-tax-rate-change,6
"Medicaid Update: Transmittal #09-12 Prior Authorization for Durable Medical Equipment, Prosthetics, Orthotics and Supplies Transfers to Delmarva | dhcf",/node/199162,1
"Medicaid Update: Transmittal #09-12 Prior Authorization for Durable Medical Equipment, Prosthetics, Orthotics and Supplies Transfers to Delmarva | dhcf",/publication/medicaid-update-transmittal-09-12-prior-authorization-durable-medical-equipment,1
Medicaid Update: Transmittal #09-13 FY 2008 Medicaid Hospice Rates | dhcf,/publication/medicaid-update-transmittal-09-13-fy-2008-medicaid-hospice-rates,1
Medicaid Update: Transmittal #09-14 Clarification on DME-POS Provider Enrollment and Certain Prior Authorization Procedures | dhcf,/node/199012,5
Medicaid Update: Transmittal #09-14 Clarification on DME-POS Provider Enrollment and Certain Prior Authorization Procedures | dhcf,/publication/medicaid-update-transmittal-09-14-clarification-dme-pos-provider-enrollment-and-certain,7
Medicaid Update: Transmittal #09-15 Clarification on the FY 2008 Medicaid Hospice Rates | dhcf,/node/198942,7
Medicaid Update: Transmittal #09-15 Clarification on the FY 2008 Medicaid Hospice Rates | dhcf,/publication/medicaid-update-transmittal-09-15-clarification-fy-2008-medicaid-hospice-rates,1
Medicaid Update: Transmittal #09-16 DHCF Outlines Out-of-State Nursing Facility Prior Authorization Process | dhcf,/node/198932,1
Medicaid Update: Transmittal #09-16 DHCF Outlines Out-of-State Nursing Facility Prior Authorization Process | dhcf,/publication/medicaid-update-transmittal-09-16-dhcf-outlines-out-state-nursing-facility-prior,4
"Medicaid Update: Transmittal #09-17 DHCF Outlines New Procedures for ICF-MR Providers Seeking Recertification, Acuity Reviews and One-on-One Initial Requests and Renewals | dhcf",/node/198922,1
"Medicaid Update: Transmittal #09-17 DHCF Outlines New Procedures for ICF-MR Providers Seeking Recertification, Acuity Reviews and One-on-One Initial Requests and Renewals | dhcf",/publication/medicaid-update-transmittal-09-17-dhcf-outlines-new-procedures-icf-mr-providers-seeking,1
Medicaid Update: Transmittal #09-18 DHCF Outlines the Policy for Prior Authorizations of Rental DME-POS | dhcf,/node/198912,1
Medicaid Update: Transmittal #09-18 DHCF Outlines the Policy for Prior Authorizations of Rental DME-POS | dhcf,/publication/medicaid-update-transmittal-09-18-dhcf-outlines-policy-prior-authorizations-rental-dme,6
Medicaid Update: Transmittal #09-19 DHCF Provides a Corrected List of DME-POS That Require Prior Authorization | dhcf,/node/198892,1
Medicaid Update: Transmittal #09-19 DHCF Provides a Corrected List of DME-POS That Require Prior Authorization | dhcf,/publication/medicaid-update-transmittal-09-19-dhcf-provides-corrected-list-dme-pos-require-prior,6
Medicaid Update: Transmittal #09-21 DHCF Revises Form 1728 – Request for Medicaid Nursing Facility Level of Care | dhcf,/node/198872,1
Medicaid Update: Transmittal #09-21 DHCF Revises Form 1728 – Request for Medicaid Nursing Facility Level of Care | dhcf,/publication/medicaid-update-transmittal-09-21-dhcf-revises-form-1728-–-request-medicaid-nursing,9
Medicaid Update: Transmittal #09-24 ICF-MR Staffing and the Process for Submitting ICF-MR Level of Need Review Packets | dhcf,/node/198852,3
Medicaid Update: Transmittal #09-25 EPD Waiver Providers Utilizing Casenet Electronic Case Management System | dhcf,/node/198842,1
Medicaid Update: Transmittal #09-25 EPD Waiver Providers Utilizing Casenet Electronic Case Management System | dhcf,/publication/medicaid-update-transmittal-09-25-epd-waiver-providers-utilizing-casenet-electronic-case,7
Medicaid Update: Transmittal #09-26 Case Mix Reimbursement Rates for District Nursing Facilities | dhcf,/node/198832,6
Medicaid Update: Transmittal #09-26 Case Mix Reimbursement Rates for District Nursing Facilities | dhcf,/publication/medicaid-update-transmittal-09-26-case-mix-reimbursement-rates-district-nursing,3
Medicaid Update: Transmittal #09-29 Transfer of Function -Prior Authorization Review Process for Fee-For-Service (FFS) Dental Services | dhcf,/node/198782,1
Medicaid Update: Transmittal #09-29 Transfer of Function -Prior Authorization Review Process for Fee-For-Service (FFS) Dental Services | dhcf,/publication/medicaid-update-transmittal-09-29-transfer-function-prior-authorization-review-process,3
Medicaid Update: Transmittal #10-01 Billing and Prior Authorization of Personal Care Aide Services | dhcf,/node/176982,6
Medicaid Update: Transmittal #10-01 Billing and Prior Authorization of Personal Care Aide Services | dhcf,/publication/medicaid-update-transmittal-10-01-billing-and-prior-authorization-personal-care-aide,2
Medicaid Update: Transmittal #10-05 Reimbursement Information for Out-of-Pocket Medical Expenditures for Non-Managed Care Beneficiaries | dhcf,/node/176952,1
Medicaid Update: Transmittal #10-05 Reimbursement Information for Out-of-Pocket Medical Expenditures for Non-Managed Care Beneficiaries | dhcf,/publication/medicaid-update-transmittal-10-05-reimbursement-information-out-pocket-medical,1
Medicaid Update: Transmittal #10-06 MCO Reimbursement Information for Out-of-Pocket Medical Expenditures for Managed Care (Alliance) Medicaid Beneficiaries | dhcf,/node/176942,1
Medicaid Update: Transmittal #10-06 MCO Reimbursement Information for Out-of-Pocket Medical Expenditures for Managed Care (Alliance) Medicaid Beneficiaries | dhcf,/publication/medicaid-update-transmittal-10-06-mco-reimbursement-information-out-pocket-medical,1
Medicaid Update: Transmittal #10-17 Submission of EPD Waiver Recertification Sixty Days Prior to the Medicaid Expiration Date | dhcf,/node/176932,3
Medicaid Update: Transmittal #10-17 Submission of EPD Waiver Recertification Sixty Days Prior to the Medicaid Expiration Date | dhcf,/publication/medicaid-update-transmittal-10-17-submission-epd-waiver-recertification-sixty-days-prior,1
Medicaid Update: Transmittal #11-16 New Medicaid PCA Assessment Instrument Required | dhcf,/node/176552,7
Medicaid Update: Transmittal #11-16 New Medicaid PCA Assessment Instrument Required | dhcf,/publication/medicaid-update-transmittal-11-16-new-medicaid-pca-assessment-instrument-required,4
Medicaid Update: Transmittal #11-17 Effective July 11-New Process for Requesting Prior Authorization of Extended Personal Care Aide (PCA) Services | dhcf,/node/176522,1
"Medicaid Update: Transmittal #11-18 Revision of Form for Ordering Medicaid Personal Care Aide Services per DHCF Transmittal 11-10 Dated May 25, 2011 | dhcf",/node/176532,4
"Medicaid Update: Transmittal #11-18 Revision of Form for Ordering Medicaid Personal Care Aide Services per DHCF Transmittal 11-10 Dated May 25, 2011 | dhcf",/publication/medicaid-update-transmittal-11-18-revision-form-ordering-medicaid-personal-care-aide,1
Medicaid Update: Transmittal #11-19 The New Effective Date to Implement the Medicaid Care Aide Services Assessment Instrument Form | dhcf,/node/176512,2
Medicaid Update: Transmittal #11-20 The New Effective Date to Implement the New Plan of Care Form for Medicaid Person Care Aide and Home Health Skilled Services | dhcf,/node/176502,4
Medicaid Update: Transmittal #11-20 The New Effective Date to Implement the New Plan of Care Form for Medicaid Person Care Aide and Home Health Skilled Services | dhcf,/publication/medicaid-update-transmittal-11-20-new-effective-date-implement-new-plan-care-form,1
Medicaid Update: Transmittal #11-29 Pharmacy Claims Adjustment | dhcf,/publication/medicaid-update-transmittal-11-29-pharmacy-claims-adjustment,5
Medicaid Update: Transmittal #11-30 Medicaid Federal Financial Participation (FFP) for Youth Under the Supervision of DYRS | dhcf,/node/176192,1
Medicaid Update: Transmittal #11-30 Medicaid Federal Financial Participation (FFP) for Youth Under the Supervision of DYRS | dhcf,/publication/medicaid-update-transmittal-11-30-medicaid-federal-financial-participation-ffp-youth,7
"Medicaid Update: Transmittal #11-31 Language Access - New Foreign Language and ASL Interpretation Services Vendor, Geneva Worldwide | dhcf",/node/176142,2
"Medicaid Update: Transmittal #11-31 Language Access - New Foreign Language and ASL Interpretation Services Vendor, Geneva Worldwide | dhcf",/publication/medicaid-update-transmittal-11-31-language-access-new-foreign-language-and-asl,13
Medicaid Update: Transmittal #11-32 EPD Waiver Waiting List | dhcf,/node/176162,1
Medicaid Update: Transmittal #11-32 EPD Waiver Waiting List | dhcf,/publication/medicaid-update-transmittal-11-32-epd-waiver-waiting-list,5
Medicaid Update: Transmittal #11-33 Community Residential Facilities (CRFs) Operators Payment Increase | dhcf,/node/176122,6
Medicaid Update: Transmittal #11-33 Community Residential Facilities (CRFs) Operators Payment Increase | dhcf,/publication/medicaid-update-transmittal-11-33-community-residential-facilities-crfs-operators,1
Medicaid Update: Transmittal #11-34 2012 CPT-HCPCS Codes Updates | dhcf,/node/176132,1
Medicaid Update: Transmittal #11-34 2012 CPT-HCPCS Codes Updates | dhcf,/publication/medicaid-update-transmittal-11-34-2012-cpt-hcpcs-codes-updates,3
Medicaid Update: Transmittal #11-35 Organ Transplantation | dhcf,/node/176102,5
Medicaid Update: Transmittal #11-36 Updated Emergency Room (ER) Code Indicators | dhcf,/node/176082,5
Medicaid Update: Transmittal #11-36 Updated Emergency Room (ER) Code Indicators | dhcf,/publication/medicaid-update-transmittal-11-36-updated-emergency-room-er-code-indicators,5
Medicaid Update: Transmittal #12-01 Clarification of Policies | dhcf,/node/163962,1
Medicaid Update: Transmittal #12-01 Clarification of Policies | dhcf,/publication/medicaid-update-transmittal-12-01-clarification-policies,1
Medicaid Update: Transmittal #12-02 Out-of-Pocket Reimbursement Procedures for Fee-for-Service Medicaid Beneficiaries | dhcf,/node/163942,1
Medicaid Update: Transmittal #12-02 Out-of-Pocket Reimbursement Procedures for Fee-for-Service Medicaid Beneficiaries | dhcf,/publication/medicaid-update-transmittal-12-02-out-pocket-reimbursement-procedures-fee-service,5
Medicaid Update: Transmittal #12-03 Out-of-Pocket Reimbursement Procedures for Medicaid Managed Care Beneficiaries | dhcf,/node/163902,1
Medicaid Update: Transmittal #12-04 Reimbursement and Adjustments | dhcf,/node/163872,1
Medicaid Update: Transmittal #12-04 Reimbursement and Adjustments | dhcf,/publication/medicaid-update-transmittal-12-04-reimbursement-and-adjustments,4
Medicaid Update: Transmittal #12-05 Revised Plan of Care Form | dhcf,/node/163842,1
Medicaid Update: Transmittal #12-06 Home Health Agencies Enrolled in the DC Medicaid Program | dhcf,/node/163752,2
Medicaid Update: Transmittal #12-06 Home Health Agencies Enrolled in the DC Medicaid Program | dhcf,/publication/medicaid-update-transmittal-12-06-home-health-agencies-enrolled-dc-medicaid-program,2
Medicaid Update: Transmittal #12-07 Medicaid Providers of Personal Care Aide Services | dhcf,/node/163792,5
Medicaid Update: Transmittal #12-07 Medicaid Providers of Personal Care Aide Services | dhcf,/publication/medicaid-update-transmittal-12-07-medicaid-providers-personal-care-aide-services,2
Medicaid Update: Transmittal #12-08 New Requirements for Multiple NPI Numbers on Claims | dhcf,/node/163732,1
Medicaid Update: Transmittal #12-08 New Requirements for Multiple NPI Numbers on Claims | dhcf,/publication/medicaid-update-transmittal-12-08-new-requirements-multiple-npi-numbers-claims,2
Medicaid Update: Transmittal #12-10 Provider Preventable Conditions (PPCs) | dhcf,/node/163712,4
Medicaid Update: Transmittal #12-10 Provider Preventable Conditions (PPCs) | dhcf,/publication/medicaid-update-transmittal-12-10-provider-preventable-conditions-ppcs,1
Medicaid Update: Transmittal #12-11 Home Health Agencies Enrolled in the DC Medicaid Program | dhcf,/node/163502,7
Medicaid Update: Transmittal #12-11 Home Health Agencies Enrolled in the DC Medicaid Program | dhcf,/publication/medicaid-update-transmittal-12-11-home-health-agencies-enrolled-dc-medicaid-program,0
Medicaid Update: Transmittal #12-12 Reissuance of Transmittal No. 12-08 New Requirements for Multiple NPI Numbers on Claims | dhcf,/node/163582,8
Medicaid Update: Transmittal #12-13 National Correct Coding Initiative Edits | dhcf,/node/400292,1
Medicaid Update: Transmittal #12-13 National Correct Coding Initiative Edits | dhcf,/publication/medicaid-update-transmittal-12-13-national-correct-coding-initiative-edits,2
Medicaid Update: Transmittal #12-14 Dental Providers Serving Medicaid Fee-for-Service Beneficiaries | dhcf,/node/207422,1
Medicaid Update: Transmittal #12-15 Intermediate Care Facilities for Individuals with Intellectual Disabilities | dhcf,/node/207432,1
Medicaid Update: Transmittal #12-15 Intermediate Care Facilities for Individuals with Intellectual Disabilities | dhcf,/publication/medicaid-update-transmittal-12-15-intermediate-care-facilities-individuals-intellectual,8
Medicaid Update: Transmittal #12-16 District of Columbia Medicaid Hospice Providers | dhcf,/node/207452,0
Medicaid Update: Transmittal #12-16 District of Columbia Medicaid Hospice Providers | dhcf,/publication/medicaid-update-transmittal-12-16-district-columbia-medicaid-hospice-providers,8
Medicaid Update: Transmittal #12-17 Home Health Agencies Enrolled in the District of Columbia Medicaid Program | dhcf,/node/207532,1
Medicaid Update: Transmittal #12-18 Durable Medical Equipment (DME) Providers | dhcf,/node/207482,3
Medicaid Update: Transmittal #12-19 Repair and Replacement of Durable Medical Equipment (DME) | dhcf,/node/212762,6
Medicaid Update: Transmittal #12-20 No Longer Processing Retroactive Dis-enrollments or Recoupments [PDF] | dhcf,/node/220012,1
Medicaid Update: Transmittal #12-20 No Longer Processing Retroactive Dis-enrollments or Recoupments [PDF] | dhcf,/publication/medicaid-update-transmittal-12-20-no-longer-processing-retroactive-dis-enrollments-or,1
Medicaid Update: Transmittal #12-21 Emergency Medicaid Hospital Services Policy for Alliance Beneficiaries | dhcf,/node/221242,5
Medicaid Update: Transmittal #12-21 Emergency Medicaid Hospital Services Policy for Alliance Beneficiaries | dhcf,/publication/medicaid-update-transmittal-12-21-emergency-medicaid-hospital-services-policy-alliance,1
Medicaid Update: Transmittal #12-21 Emergency Medicaid Hospital Services Policy for Alliance Beneficiaries | dhcf,/release/medicaid-update-transmittal-12-21-emergency-medicaid-hospital-services-policy-alliance,3
Medicaid Update: Transmittal #12-22 All District of Columbia Durable Medical Equipment Medicaid Providers | dhcf,/node/306052,6
Medicaid Update: Transmittal #12-22 All District of Columbia Durable Medical Equipment Medicaid Providers | dhcf,/publication/medicaid-update-transmittal-12-22-all-district-columbia-durable-medical-equipment,2
Medicaid Update: Transmittal #12-22 DC Medicaid Requires Referring Provider Number on DME POS Claims | dhcf,/publication/medicaid-update-transmittal-12-22-dc-medicaid-requires-referring-provider-number-dme-pos,1
Medicaid Update: Transmittal #12-23 Clarification of Policies Pertaining to Payment for Reserved Beds in Out-of-State Nursing Facilities | dhcf,/node/308622,3
Medicaid Update: Transmittal #12-23 Clarification of Policies Pertaining to Payment for Reserved Beds in Out-of-State Nursing Facilities | dhcf,/publication/medicaid-update-transmittal-12-23-clarification-policies-pertaining-payment-reserved,6
Medicaid Update: Transmittal #12-24 FY 2013 Medicaid Hospice Rates | dhcf,/node/319392,7
Medicaid Update: Transmittal #12-24 FY 2013 Medicaid Hospice Rates | dhcf,/publication/medicaid-update-transmittal-12-24-fy-2013-medicaid-hospice-rates,3
Medicaid Update: Transmittal #12-25 Rate Methodology Changes | dhcf,/node/319412,1
Medicaid Update: Transmittal #12-25 Rate Methodology Changes | dhcf,/publication/medicaid-update-transmittal-12-25-rate-methodology-changes,5
Medicaid Update: Transmittal #12-26 Modifications to Hospital Reimbursement | dhcf,/node/319422,1
Medicaid Update: Transmittal #12-26 Modifications to Hospital Reimbursement | dhcf,/publication/medicaid-update-transmittal-12-26-modifications-hospital-reimbursement,1
Medicaid Update: Transmittal #12-27 Care Coordination for Alliance Members Receiving Medicaid Reimbursable Emergency Services | dhcf,/node/341972,1
Medicaid Update: Transmittal #12-27 Care Coordination for Alliance Members Receiving Medicaid Reimbursable Emergency Services | dhcf,/publication/medicaid-update-transmittal-12-27-care-coordination-alliance-members-receiving-medicaid,6
Medicaid Update: Transmittal #12-28 Changes to DC Medicaid Timely Filing Requirement | dhcf,/node/379872,7
Medicaid Update: Transmittal #12-28 Changes to DC Medicaid Timely Filing Requirement | dhcf,/publication/medicaid-update-transmittal-12-28-changes-dc-medicaid-timely-filing-requirement,1
Medicaid Update: Transmittal #12-29 Claiming for Active Treament Services for ICF/IDD Residents | dhcf,/publication/medicaid-update-transmittal-12-29-claiming-active-treament-services-icfidd-residents,6
Medicaid Update: Transmittal #12-30 Clarification of Intermediate Care Facilities for Individuals with Intellectual Disabilities Payment Policy | dhcf,/node/385172,5
Medicaid Update: Transmittal #12-30 Clarification of Intermediate Care Facilities for Individuals with Intellectual Disabilities Payment Policy | dhcf,/publication/medicaid-update-transmittal-12-30-clarification-intermediate-care-facilities-individuals,9
"Medicaid Update: Transmittal #12-31 State Supplementary Payment Level Changes Effective January 1, 2013 | dhcf",/publication/medicaid-update-transmittal-12-31-state-supplementary-payment-level-changes-effective,4
Medicaid Update: Transmittal #12-32 Medicaid Providers of Institutional Long Term Care Services-Nursing Facilities & Hospitals | dhcf,/node/388972,34
Medicaid Update: Transmittal #12-32 Medicaid Providers of Institutional Long Term Care Services-Nursing Facilities & Hospitals | dhcf,/publication/medicaid-update-transmittal-12-32-medicaid-providers-institutional-long-term-care,1
Medicaid Update: Transmittal #12-33 Joint Letter from DHCF and District Department of the Environment | dhcf,/node/395342,8
Medicaid Update: Transmittal #12-33 Joint Letter from DHCF and District Department of the Environment | dhcf,/publication/medicaid-update-transmittal-12-33-joint-letter-dhcf-and-district-department-environment,1
Medicaid Update: Transmittal #12-34 Alliance Eligibility - Clarifying Requirements for Couples | dhcf,/node/396702,1
Medicaid Update: Transmittal #12-34 Alliance Eligibility - Clarifying Requirements for Couples | dhcf,/publication/medicaid-update-transmittal-12-34-alliance-eligibility-clarifying-requirements-couples,6
Medicaid Update: Transmittal #13-01 Emergency Medicaid Hospital Services Policy for Alliance Beneficiaries - Clarification Reagarding Claiming for Labor and Delivery | dhcf,/node/401242,7
Medicaid Update: Transmittal #13-02 2013 CPT-HCPCS Codes Updates | dhcf,/node/409722,1
Medicaid Update: Transmittal #13-02 2013 CPT-HCPCS Codes Updates | dhcf,/publication/medicaid-update-transmittal-13-02-2013-cpt-hcpcs-codes-updates,6
Medicaid Update: Transmittal #13-03 District of Columbia Medicaid Managed Care Organizations | dhcf,/node/423072,8
Medicaid Update: Transmittal #13-03 District of Columbia Medicaid Managed Care Organizations | dhcf,/publication/medicaid-update-transmittal-13-03-district-columbia-medicaid-managed-care-organizations,1
Medicaid Update: Transmittal #13-04 Reimbursement of Out-of-Pocket Expenditures for Medicaid Beneficiaries Not Enrolled in Managed Care | dhcf,/node/417742,8
Medicaid Update: Transmittal #13-05 Policy Guidance on Medicaid Cost Sharing Responsibilities for Dual Eligible Beneficiaries in Psychiatric Hospitals | dhcf,/node/423082,6
Medicaid Update: Transmittal #13-05 Policy Guidance on Medicaid Cost Sharing Responsibilities for Dual Eligible Beneficiaries in Psychiatric Hospitals | dhcf,/publication/medicaid-update-transmittal-13-05-policy-guidance-medicaid-cost-sharing-responsibilities,2
Medicaid Update: Transmittal #13-06 Policies and Procedures for the Qualified Medicare Beneficiary (QMB) and Specified Low-Income Medicare Beneficiary (SLMB) Programs | dhcf,/node/427112,1
Medicaid Update: Transmittal #13-06 Policies and Procedures for the Qualified Medicare Beneficiary (QMB) and Specified Low-Income Medicare Beneficiary (SLMB) Programs | dhcf,/publication/medicaid-update-transmittal-13-06-policies-and-procedures-qualified-medicare-beneficiary,8
Medicaid Update: Transmittal #13-07 New Dental Procedures available for DC Medicaid Children and CDT Coding Changes for the Topical Application of Fluoride | dhcf,/node/467972,8
Medicaid Update: Transmittal #13-07 New Dental Procedures available for DC Medicaid Children and CDT Coding Changes for the Topical Application of Fluoride | dhcf,/publication/medicaid-update-transmittal-13-07-new-dental-procedures-available-dc-medicaid-children,1
Medicaid Update: Transmittal #13-08 Clarification of Reimbursement Under the FY13 ICF/IID Rate Model | dhcf,/node/494852,6
Medicaid Update: Transmittal #13-08 Clarification of Reimbursement Under the FY13 ICF/IID Rate Model | dhcf,/publication/medicaid-update-transmittal-13-08-clarification-reimbursement-under-fy13-icfiid-rate,1
Medicaid Update: Transmittal #13-09 Increased Medicaid Reimbursement for Primary Care Services Under the Affordable Care Act | dhcf,/node/539532,1
Medicaid Update: Transmittal #13-10 District of Columbia EPSDT/HealthCheck Periodicity Schedule | dhcf,/node/564172,6
Medicaid Update: Transmittal #13-10 District of Columbia EPSDT/HealthCheck Periodicity Schedule | dhcf,/publication/medicaid-update-transmittal-13-10-district-columbia-epsdthealthcheck-periodicity,1
Medicaid Update: Transmittal #13-11 Alliance Pharmacy Program - Transition from Unity Health Care Pharmacies to the District of Columbia Pharmacy Provider Network | dhcf,/node/606182,1
Medicaid Update: Transmittal #13-11 Alliance Pharmacy Program - Transition from Unity Health Care Pharmacies to the District of Columbia Pharmacy Provider Network | dhcf,/publication/medicaid-update-transmittal-13-11-alliance-pharmacy-program-transition-unity-health-care,1
Medicaid Update: Transmittal #13-11 False Claims Compliance and Oversight | dhcf,/publication/medicaid-update-transmittal-13-11-false-claims-compliance-and-oversight,2
Medicaid Update: Transmittal #13-12 Alliance Pharmacy Program Transition from Unity Health Care Pharmacies to DCPP Network | dhcf,/node/609842,1
Medicaid Update: Transmittal #13-12 Alliance Pharmacy Program Transition from Unity Health Care Pharmacies to DCPP Network | dhcf,/publication/medicaid-update-transmittal-13-12-alliance-pharmacy-program-transition-unity-health-care,8
Medicaid Update: Transmittal #13-13 False Claims Compliance and Oversight | dhcf,/node/624852,1
Medicaid Update: Transmittal #13-13 False Claims Compliance and Oversight | dhcf,/publication/medicaid-update-transmittal-13-13-false-claims-compliance-and-oversight,4
Medicaid Update: Transmittal #13-14 DC Medicaid Recovery Process when Medicare is the Primary Payer | dhcf,/node/636592,5
Medicaid Update: Transmittal #13-14 DC Medicaid Recovery Process when Medicare is the Primary Payer | dhcf,/publication/medicaid-update-transmittal-13-14-dc-medicaid-recovery-process-when-medicare-primary,1
Medicaid Update: Transmittal #13-15 Dialysis Coverage for DC Health Care Alliance | dhcf,/node/681442,3
Medicaid Update: Transmittal #13-15 Dialysis Coverage for DC Health Care Alliance | dhcf,/publication/medicaid-update-transmittal-13-15-dialysis-coverage-dc-health-care-alliance,20
Medicaid Update: Transmittal #13-16 Hospital Claims for Medicaid Reimbursable Emergency Medical Services for DC Health Care Alliance Beneficiaries | dhcf,/node/682032,1
Medicaid Update: Transmittal #13-16 Hospital Claims for Medicaid Reimbursable Emergency Medical Services for DC Health Care Alliance Beneficiaries | dhcf,/publication/medicaid-update-transmittal-13-16-hospital-claims-medicaid-reimbursable-emergency,1
Medicaid Update: Transmittal #14-01 Fiscal Year (FY2014) ICF/IID Medicaid Reimbursement Rates | dhcf,/node/695122,4
Medicaid Update: Transmittal #14-01 Fiscal Year (FY2014) ICF/IID Medicaid Reimbursement Rates | dhcf,/publication/medicaid-update-transmittal-14-01-fiscal-year-fy2014-icfiid-medicaid-reimbursement-rates,0
Medicaid Update: Transmittal #14-03 FY 2014 Medicaid Hospice Rates | dhcf,/node/715012,5
Medicaid Update: Transmittal #14-04 Personal Care Aide Services Rule Change | dhcf,/node/727282,1
Medicaid Update: Transmittal #14-05 Reimbursement to Trained Primary Care Providers for Fluoride Varnish Application for Patients Under Three Years of Age | dhcf,/node/727832,6
Medicaid Update: Transmittal #14-06 FFS Medicaid Co-Pay Waiver Transmittal (Amended) | dhcf,/node/731832,1
Medicaid Update: Transmittal #14-06 FFS Medicaid Co-Pay Waiver Transmittal (Amended) | dhcf,/publication/medicaid-update-transmittal-14-06-ffs-medicaid-co-pay-waiver-transmittal-amended,4
"Medicaid Update: Transmittal #14-07 New Rule Highlights: Beneficiairy Eligibility, Service Authorization, Referrals, Program Requirements | dhcf",/node/732772,1
Medicaid Update: Transmittal #14-08 Provider Enrollment and Safeguard Changes Under the Affordable Care Act | dhcf,/node/732762,1
Medicaid Update: Transmittal #15-29 - In-Patient Emergency Admissions for Psychiatric Treatment | dhcf,/node/1106536,5
Medicaid Update: Transmittal #15-29 - In-Patient Emergency Admissions for Psychiatric Treatment | dhcf,/publication/medicaid-update-transmittal-15-29-patient-emergency-admissions-psychiatric-treatment,1
Medicaid Update: Transmittal #15-30 - Reimbursement for Out-of-Pocket (OOP) Health Care Expenditures by Medicaid Beneficiaries | dhcf,/node/1106812,1
Medicaid Update: Transmittal #15-30 - Reimbursement for Out-of-Pocket (OOP) Health Care Expenditures by Medicaid Beneficiaries | dhcf,/publication/medicaid-update-transmittal-15-30-reimbursement-out-pocket-oop-health-care-expenditures,5
Medicaid Update: Transmittal #15-31 - Implementation of the Outpatient Hospital Payment Methodology | dhcf,/node/1109866,7
Medicaid Update: Transmittal #15-31 - Implementation of the Outpatient Hospital Payment Methodology | dhcf,/publication/medicaid-update-transmittal-15-31-implementation-outpatient-hospital-payment-methodology,1
Medicaid Update: Transmittal #15-32 - Date Change for Adult Day Health Program [ADHP] Implementation | dhcf,/node/1110836,6
Medicaid Update: Transmittal #15-33 - Supporting Community Re-Integrration and Continuity of Care | dhcf,/node/1112701,3
Medicaid Update: Transmittal #15-33 - Supporting Community Re-Integrration and Continuity of Care | dhcf,/publication/medicaid-update-transmittal-15-33-supporting-community-re-integrration-and-continuity,4
Medicaid Update: Transmittal #15-34 - FY 2016 Medicaid Hospice Rates | dhcf,/node/1113477,1
Medicaid Update: Transmittal #15-34 - FY 2016 Medicaid Hospice Rates | dhcf,/publication/medicaid-update-transmittal-15-34-fy-2016-medicaid-hospice-rates,1
Medicaid Update: Transmittal #15-35 Medicaid PCP Rate Permanent Extension for Qualified Physicians and APRN | dhcf,/node/1114417,1
Medicaid Update: Transmittal #15-35 Medicaid PCP Rate Permanent Extension for Qualified Physicians and APRN | dhcf,/publication/medicaid-update-transmittal-15-35-medicaid-pcp-rate-permanent-extension-qualified,2
Medicaid Update: Transmittal #15-36 Durable Medical Equipment (DME) Fee Schedule Updates | dhcf,/node/1117562,7
Medicaid Update: Transmittal #15-37 Implementation of Person-Centered Planning | dhcf,/es/publication/medicaid-update-transmittal-15-37-implementation-person-centered-planning,5
Medicaid Update: Transmittal #15-37 Implementation of Person-Centered Planning | dhcf,/node/1116392,1
Medicaid Update: Transmittal #15-37 Implementation of Person-Centered Planning | dhcf,/publication/medicaid-update-transmittal-15-37-implementation-person-centered-planning,9
Medicaid Update: Transmittal #15-42 DHCF and DOEE Joint Letter Regarding Lead Poisoning Prevention Week | dhcf,/node/1123036,6
Medicaid Update: Transmittal 14-09 New Quality Improvement Organization for the District of Columbia | dhcf,/node/743882,1
Medicaid Update: Transmittal 14-09 New Quality Improvement Organization for the District of Columbia | dhcf,/publication/medicaid-update-transmittal-14-09-new-quality-improvement-organization-district-columbia,1
Medicaid Update: Transmittal 14-10 2014 CPT-HCPCS Codes Updates | dhcf,/node/748972,4
Medicaid Update: Transmittal 14-10 2014 CPT-HCPCS Codes Updates | dhcf,/publication/medicaid-update-transmittal-14-10-2014-cpt-hcpcs-codes-updates,1
"Medicaid Update: Transmittal 14-11 Maintenance of State Supplementary Payment Effective January 1, 2014 | dhcf",/node/755702,1
"Medicaid Update: Transmittal 14-11 Maintenance of State Supplementary Payment Effective January 1, 2014 | dhcf",/publication/medicaid-update-transmittal-14-11-maintenance-state-supplementary-payment-effective,1
Medicaid Update: Transmittal 14-12 Medicare Enrollment Requirement for Medicaid Participatio | dhcf,/node/758312,1
Medicaid Update: Transmittal 14-13 Reimbursement of Out-of-Pocket Expenditures for Non-Managed Care Medicaid Beneficiaries | dhcf,/node/769762,5
Medicaid Update: Transmittal 14-13 Reimbursement of Out-of-Pocket Expenditures for Non-Managed Care Medicaid Beneficiaries | dhcf,/publication/medicaid-update-transmittal-14-13-reimbursement-out-pocket-expenditures-non-managed-care,1
Medicaid Update: Transmittal 14-14 Reimbursement of Out-of-Pocket Expenditures for Managed Care Medicaid Beneficiaries | dhcf,/node/769752,1
Medicaid Update: Transmittal 14-14 Reimbursement of Out-of-Pocket Expenditures for Managed Care Medicaid Beneficiaries | dhcf,/publication/medicaid-update-transmittal-14-14-reimbursement-out-pocket-expenditures-managed-care,8
Medicaid Update: Transmittal 14-16 Cost of Living Increase for January 2014 | dhcf,/node/781772,3
Medicaid Update: Transmittal 14-17 Suspension of the Waiting List for Services under the Home & Community Based Waiver for the Elderly & Persons with Physical Disabilities (EPD) | dhcf,/publication/medicaid-update-transmittal-14-17-suspension-waiting-list-services-under-home-community,6
Medicaid Update: Transmittal 14-18 Former Foster Care Medicaid Eligibility Policy | dhcf,/node/804552,6
Medicaid Update: Transmittal 14-19 Instructions for Submitting Transfer Cases to Eligible Providers | dhcf,/node/815792,3
Medicaid Update: Transmittal 14-19 Instructions for Submitting Transfer Cases to Eligible Providers | dhcf,/publication/medicaid-update-transmittal-14-19-instructions-submitting-transfer-cases-eligible,2
Medicaid Update: Transmittal 14-21 Policy Regarding Medicaid Coverage to Promote Breast Feeding | dhcf,/node/815752,3
Medicaid Update: Transmittal 14-21 Policy Regarding Medicaid Coverage to Promote Breast Feeding | dhcf,/publication/medicaid-update-transmittal-14-21-policy-regarding-medicaid-coverage-promote-breast,10
Medicaid Update: Transmittal 14-22 Changes in Medicaid Personal Care Aide (PCA) Rates | dhcf,/node/822092,1
Medicaid Update: Transmittal 14-23 All Intermediate Care Facilities for Individuals with Intellectual Disabilities (ICFs/IID) Receiving Medicaid Reimbursements | dhcf,/node/873682,5
Medicaid Update: Transmittal 14-24 Medicaid Coverage of Long Acting Reversible Contraception | dhcf,/node/901592,6
Medicaid Update: Transmittal 14-25 Fee Schedule Updates | dhcf,/node/901392,6
Medicaid Update: Transmittal 14-25 Fee Schedule Updates | dhcf,/publication/medicaid-update-transmittal-14-25-fee-schedule-updates,1
Medicaid Update: Transmittal 14-26 on Durable Medical Equipment - REVISED | dhcf,/node/901702,1
Medicaid Update: Transmittal 14-26 on Durable Medical Equipment - REVISED | dhcf,/publication/medicaid-update-transmittal-14-26-durable-medical-equipment-revised,2
Medicaid Update: Transmittal 14-27 Update on Retroactive Implementation | dhcf,/node/901732,1
Medicaid Update: Transmittal 14-27 Update on Retroactive Implementation | dhcf,/publication/medicaid-update-transmittal-14-27-update-retroactive-implementation,3
Medicaid Update: Transmittal 14-30 Medicaid Reimbursement Rates | dhcf,/node/927682,1
Medicaid Update: Transmittal 14-31 Requirements on Blood Lead Screening | dhcf,/node/927652,1
Medicaid Update: Transmittal 14-31 Requirements on Blood Lead Screening | dhcf,/publication/medicaid-update-transmittal-14-31-requirements-blood-lead-screening,3
Medicaid Update: Transmittal 14-32 Reassessment for Personal Care Aide (PCA) Services | dhcf,/node/928812,1
Medicaid Update: Transmittal 14-32 Reassessment for Personal Care Aide (PCA) Services | dhcf,/publication/medicaid-update-transmittal-14-32-reassessment-personal-care-aide-pca-services,7
Medicaid Update: Transmittal 14-33 Medicaid Coverage Policies for Organ Transplantation | dhcf,/node/961312,1
Medicaid Update: Transmittal 14-33 Medicaid Coverage Policies for Organ Transplantation | dhcf,/publication/medicaid-update-transmittal-14-33-medicaid-coverage-policies-organ-transplantation,5
Medicaid Update: Transmittal 14-33 Organ Transplant | dhcf,/publication/medicaid-update-transmittal-14-33-organ-transplant01,2
Medicaid Update: Transmittal 14-34 Presumptive Eligibility Determiniations | dhcf,/node/964042,4
Medicaid Update: Transmittal 14-34 Presumptive Eligibility Determiniations | dhcf,/publication/medicaid-update-transmittal-14-34-presumptive-eligibility-determiniations,4
Medicaid Update: Transmittal 14-35 Language Access for Individuals With Limited English Proficiency (LEP) | dhcf,/node/972562,6
Medicaid Update: Transmittal 14-35 Language Access for Individuals With Limited English Proficiency (LEP) | dhcf,/publication/medicaid-update-transmittal-14-35-language-access-individuals-limited-english,5
Medicaid Update: Transmittal 15-01 Reimbursement Rates Updates for Home Health Agencies | dhcf,/node/981842,1
Medicaid Update: Transmittal 15-01 Reimbursement Rates Updates for Home Health Agencies | dhcf,/publication/medicaid-update-transmittal-15-01-reimbursement-rates-updates-home-health-agencies,1
Medicaid Update: Transmittal 15-02 Procedure Code Modifier Combinations | dhcf,/publication/medicaid-update-transmittal-15-02-procedure-code-modifier-combinations,10
Medicaid Update: Transmittal 15-03 Procedures for Reimbursement of Out-of-Pocket Expenditures | dhcf,/node/996762,1
Medicaid Update: Transmittal 15-04 Authorization Procedures for Organ Transplantation | dhcf,/node/996772,1
Medicaid Update: Transmittal 15-04 Authorization Procedures for Organ Transplantation | dhcf,/publication/medicaid-update-transmittal-15-04-authorization-procedures-organ-transplantation,3
Medicaid Update: Transmittal 15-05 Reimbursement of Out-of-Pocket Expenditures for Non-Managed Care Medicaid Beneficiaries | dhcf,/node/996782,1
Medicaid Update: Transmittal 15-06 Changes in the EPD and HCBS Waiver Population of the Money Follows the Person | dhcf,/node/996802,1
Medicaid Update: Transmittal 15-06 Changes in the EPD and HCBS Waiver Population of the Money Follows the Person | dhcf,/publication/medicaid-update-transmittal-15-06-changes-epd-and-hcbs-waiver-population-money-follows,1
Medicaid Update: Transmittal 15-07 New Managed Care Enrollment Procedures | dhcf,/node/1020342,4
Medicaid Update: Transmittal 15-07 New Managed Care Enrollment Procedures | dhcf,/publication/medicaid-update-transmittal-15-07-new-managed-care-enrollment-procedures,1
Medicaid Update: Transmittal 15-08 Medicaid Recovery Audit Contractor (RAC) Program | dhcf,/node/1030742,1
Medicaid Update: Transmittal 15-08 Medicaid Recovery Audit Contractor (RAC) Program | dhcf,/publication/medicaid-update-transmittal-15-08-medicaid-recovery-audit-contractor-rac-program,3
Medicaid Update: Transmittal 15-09 Prior Authorization Extensions Due to late Long-term Care Assessments | dhcf,/node/1030682,1
Medicaid Update: Transmittal 15-09 Prior Authorization Extensions Due to late Long-term Care Assessments | dhcf,/publication/medicaid-update-transmittal-15-09-prior-authorization-extensions-due-late-long-term-care,7
Medicaid Update: Transmittal 15-10 - Provider Application Fee | dhcf,/node/1032682,1
Medicaid Update: Transmittal 15-10 - Provider Application Fee | dhcf,/publication/medicaid-update-transmittal-15-10-provider-application-fee,1
Medicaid Update: Transmittal 15-11 - Implementation of the Inpatient Hospital Payment Methodology | dhcf,/node/1050212,1
Medicaid Update: Transmittal 15-11 - Implementation of the Inpatient Hospital Payment Methodology | dhcf,/publication/medicaid-update-transmittal-15-11-implementation-inpatient-hospital-payment-methodology,7
Medicaid Update: Transmittal 15-12 - Ordering and Referring Physicians; Long-term Care Service and Support Providers | dhcf,/node/1056282,4
Medicaid Update: Transmittal 15-13 - Implementation of the Specialty Hospital Payment Methodology | dhcf,/node/1058992,1
Medicaid Update: Transmittal 15-13 - Implementation of the Specialty Hospital Payment Methodology | dhcf,/publication/medicaid-update-transmittal-15-13-implementation-specialty-hospital-payment-methodology,6
Medicaid Update: Transmittal 15-14 - Authorization for Personal Care Aide (PCA) Services - Revised | dhcf,/node/1061512,1
Medicaid Update: Transmittal 15-15- Billing for State Plan Adult Day Health Program Services - Revised | dhcf,/node/1067392,1
Medicaid Update: Transmittal 15-15- Billing for State Plan Adult Day Health Program Services - Revised | dhcf,/publication/medicaid-update-transmittal-15-15-billing-state-plan-adult-day-health-program-services,2
Medicaid Update: Transmittal 15-16- New Process to Submit Notification of Newborns to Enroll in DC Medicaid | dhcf,/node/1073302,1
Medicaid Update: Transmittal 15-16- New Process to Submit Notification of Newborns to Enroll in DC Medicaid | dhcf,/publication/medicaid-update-transmittal-15-16-new-process-submit-notification-newborns-enroll-dc,2
Medicaid Update: Transmittal 15-17- Changes to the ICF/IID Reimbursement Methodology | dhcf,/node/1074402,1
Medicaid Update: Transmittal 15-17- Changes to the ICF/IID Reimbursement Methodology | dhcf,/publication/medicaid-update-transmittal-15-17-changes-icfiid-reimbursement-methodology,0
Medicaid Update: Transmittal 15-18 - Laboratory Fee Schedule Updates | dhcf,/node/1087712,1
Medicaid Update: Transmittal 15-18 - Laboratory Fee Schedule Updates | dhcf,/publication/medicaid-update-transmittal-15-18-laboratory-fee-schedule-updates,6
Medicaid Update: Transmittal 15-19 - Anesthesia Pricing Update | dhcf,/node/1087722,1
Medicaid Update: Transmittal 15-19 - Anesthesia Pricing Update | dhcf,/publication/medicaid-update-transmittal-15-19-anesthesia-pricing-update,2
Medicaid Update: Transmittal 15-20 - Physician-Administered Drug Fee Schedule Update | dhcf,/node/1087732,1
Medicaid Update: Transmittal 15-20 - Physician-Administered Drug Fee Schedule Update | dhcf,/publication/medicaid-update-transmittal-15-20-physician-administered-drug-fee-schedule-update,3
Medicaid Update: Transmittal 15-21 - Medicaid State Plan Personal Care Aide Services When Multiple PCA’s Provide Service in the Same Day | dhcf,/node/1088562,1
Medicaid Update: Transmittal 15-22 - National Correct Coding Procedure to Procedure Edits | dhcf,/node/1089222,1
Medicaid Update: Transmittal 15-22 - National Correct Coding Procedure to Procedure Edits | dhcf,/publication/medicaid-update-transmittal-15-22-national-correct-coding-procedure-procedure-edits,5
Medicaid Update: Transmittal 15-23 - UPDATED: Nursing Facility Placement Procedures | dhcf,/node/1091682,1
Medicaid Update: Transmittal 15-23 - UPDATED: Nursing Facility Placement Procedures | dhcf,/publication/medicaid-update-transmittal-15-23-updated-nursing-facility-placement-procedures,1
Medicaid Update: Transmittal 15-24 - Revision of the Preadmission Screening for Resident Review (PASRR) | dhcf,/publication/medicaid-update-transmittal-15-24-revision-preadmission-screening-resident-review-pasrr,3
Medicaid Update: Transmittal 15-25 - Long Term Care Financial Eligibility Policy | dhcf,/node/1092232,5
Medicaid Update: Transmittal 15-25 - Long Term Care Financial Eligibility Policy | dhcf,/publication/medicaid-update-transmittal-15-25-long-term-care-financial-eligibility-policy,1
Medicaid Update: Transmittal 15-26 - Notice to Pharmacies for Medicaid Beneficiaries | dhcf,/node/1099772,1
Medicaid Update: Transmittal 15-26 - Notice to Pharmacies for Medicaid Beneficiaries | dhcf,/publication/medicaid-update-transmittal-15-26-notice-pharmacies-medicaid-beneficiaries,1
Medicaid Update: Transmittal 15-27 - Changes to the New Process to Submit Notification of Newborns to Enroll in DC Medicaid and Citrix Access Instructions | dhcf,/node/1099802,6
Medicaid Update: Transmittal 15-27 - Changes to the New Process to Submit Notification of Newborns to Enroll in DC Medicaid and Citrix Access Instructions | dhcf,/publication/medicaid-update-transmittal-15-27-changes-new-process-submit-notification-newborns,2
Medicaid Update: Transmittal 15-28 - Extension of PAs for Personal Care Assistance Services and Extension of Deadline for Submission of Conflict-Free Case Management Self Attestation Forms | dhcf,/node/1100722,1
Medicaid Update: Transmittal 15-28 - Extension of PAs for Personal Care Assistance Services and Extension of Deadline for Submission of Conflict-Free Case Management Self Attestation Forms | dhcf,/publication/medicaid-update-transmittal-15-28-extension-pas-personal-care-assistance-services-and,5
Medicaid Update: Transmittal 15-38 Payments for Durable Medical Equipment (DME) | dhcf,/node/1117011,4
Medicaid Update: Transmittal 15-38 Payments for Durable Medical Equipment (DME) | dhcf,/publication/medicaid-update-transmittal-15-38-payments-durable-medical-equipment-dme,6
"Medicaid Update: Transmittal 15-39 EPSDT Well-Child Visits: Billing Requirements, CPT and ICD-10 Coding Updates | dhcf",/node/1121122,1
"Medicaid Update: Transmittal 15-39 EPSDT Well-Child Visits: Billing Requirements, CPT and ICD-10 Coding Updates | dhcf",/publication/medicaid-update-transmittal-15-39-epsdt-well-child-visits-billing-requirements-cpt-and,1
Medicaid Update: Transmittal 15-40 Reimbursement Rate Updates for Home Health Agencies | dhcf,/node/1121786,1
Medicaid Update: Transmittal 15-41 Application Requirements Changes for Long Term Care Medicaid Beneficiaries | dhcf,/node/1122181,1
Medicaid Update: Transmittal 15-41 Application Requirements Changes for Long Term Care Medicaid Beneficiaries | dhcf,/publication/medicaid-update-transmittal-15-41-application-requirements-changes-long-term-care,3
Medicaid Update: Transmittal 15-43 Medicaid Primary Care Provider Rate Permanent Extension for Qualified Physicians and Advanced Practice Registered Nurses | dhcf,/node/1123311,1
Medicaid Update: Transmittal 15-43 Medicaid Primary Care Provider Rate Permanent Extension for Qualified Physicians and Advanced Practice Registered Nurses | dhcf,/publication/medicaid-update-transmittal-15-43-medicaid-primary-care-provider-rate-permanent,8
Medicaid Update: Transmittal 15-44 Revised: Notice of Emergency and Proposed Rule for Medicaid Reimbursement for State Plan Personal Care Services | dhcf,/node/1129727,1
"Medicaid Update: Transmittal 15-45 Extension of Comment Period Chapter 50 (Medicaid Reimbursement for Personal Care Services), of Title 29 (Public Welfare), of the District of Columbia Municipal Regulations (DCMR) | dhcf",/node/1130957,1
"Medicaid Update: Transmittal 15-45 Extension of Comment Period Chapter 50 (Medicaid Reimbursement for Personal Care Services), of Title 29 (Public Welfare), of the District of Columbia Municipal Regulations (DCMR) | dhcf",/publication/medicaid-update-transmittal-15-44-revised-notice-emergency-and-proposed-rule-medicaid-01,8
Medicaid Update: Transmittal 15-46 Ensuring Safe Discharge of Beneficiaries | dhcf,/node/1136852,5
Medicaid Update: Transmittal 15-46 Ensuring Safe Discharge of Beneficiaries | dhcf,/publication/medicaid-update-transmittal-15-46-ensuring-safe-discharge-beneficiaries,2
Medicaid Update: Transmittal 15-47 2016 CPT-HCPCS Codes Updates | dhcf,/publication/medicaid-update-transmittal-15-47-2016-cpt-hcpcs-codes-updates,4
Medicaid Update: Transmittal 16-01 Physician Assistant Services for Medicaid-Reimbursable Claiming | dhcf,/node/1133537,5
Medicaid Update: Transmittal 16-01 Physician Assistant Services for Medicaid-Reimbursable Claiming | dhcf,/publication/medicaid-update-transmittal-16-01-physician-assistant-services-medicaid-reimbursable,2
Medicaid Update: Transmittal 16-02 Money Follows the Person Demonstration ─Changes in Selection of Participants for the Elderly & Physically Disabled Home and Community-Based Services Waiver Population-Conditions of 2016 Housing Voucher Lottery | dhcf,/node/1137757,1
Medicaid Update: Transmittal 16-02 Money Follows the Person Demonstration ─Changes in Selection of Participants for the Elderly & Physically Disabled Home and Community-Based Services Waiver Population-Conditions of 2016 Housing Voucher Lottery | dhcf,/publication/medicaid-update-transmittal-16-02-money-follows-person-demonstration-─changes-selection,6
Medicaid Update: Transmittal 16-03 Reimbursement of Out-of-Pocket Expenditures for Non-Managed Care Medicaid Beneficiaries | dhcf,/node/1137152,5
Medicaid Update: Transmittal 16-03 Reimbursement of Out-of-Pocket Expenditures for Non-Managed Care Medicaid Beneficiaries | dhcf,/publication/medicaid-update-transmittal-16-03-reimbursement-out-pocket-expenditures-non-managed-care,1
Medicaid Update: Transmittal 16-04 Reimbursement of Out-of-Pocket Expenditures for Managed Care Medicaid Beneficiaries | dhcf,/node/1137161,1
Medicaid Update: Transmittal 16-04 Reimbursement of Out-of-Pocket Expenditures for Managed Care Medicaid Beneficiaries | dhcf,/publication/medicaid-update-transmittal-16-04-reimbursement-out-pocket-expenditures-managed-care,5
Medicaid Update: Transmittal 16-06 Notice of Pricing Updates to the Medicaid Physician Fee Schedule | dhcf,/node/1142596,7
Medicaid Update: Transmittal 16-06 Notice of Pricing Updates to the Medicaid Physician Fee Schedule | dhcf,/publication/medicaid-update-transmittal-16-06-notice-pricing-updates-medicaid-physician-fee-schedule,1
Medicaid Update: Transmittal 16-07 - Children's Oral Health Transmittal (2016) | dhcf,/node/1142738,0
Medicaid Update: Transmittal 16-08 - Clarifying Procedures for Obtaining Prior Authorizations for Home Health Services | dhcf,/node/1150812,1
Medicaid Update: Transmittal 16-08 - Clarifying Procedures for Obtaining Prior Authorizations for Home Health Services | dhcf,/publication/medicaid-update-transmittal-16-08-clarifying-procedures-obtaining-prior-authorizations,5
Medicaid Update: Transmittal 16-09- Update to Person-Centered Planning Template | dhcf,/node/1154496,1
Medicaid Update: Transmittal 16-09- Update to Person-Centered Planning Template | dhcf,/publication/medicaid-update-transmittal-16-09-update-person-centered-planning-template,5
Medicaid Update: Transmittal 16-10 - Services My Way Program Enrollment Announcement | dhcf,/node/1152121,1
Medicaid Update: Transmittal 16-10 - Services My Way Program Enrollment Announcement | dhcf,/publication/medicaid-update-transmittal-16-10-services-my-way-program-enrollment-announcement,13
Medicaid Update: Transmittal 16-11: Medicaid Primary Care Provider Rate Permanent Ext. for Qualified Physicians Advanced Practice RNs | dhcf,/node/1163292,5
Medicaid Update: Transmittal 16-11: Medicaid Primary Care Provider Rate Permanent Ext. for Qualified Physicians Advanced Practice RNs | dhcf,/publication/medicaid-update-transmittal-16-11-medicaid-primary-care-provider-rate-permanent-ext,4
Medicaid Update: Transmittal 16-12: New Billing and Enrollment Instructions to Federally Qualified Health Centers | dhcf,/node/1157231,6
Medicaid Update: Transmittal 16-12: New Billing and Enrollment Instructions to Federally Qualified Health Centers | dhcf,/publication/medicaid-update-transmittal-16-12-new-billing-and-enrollment-instructions-federally,1
"Medicaid Update: Transmittal 16-13: Reporting of Terminated Personal Care Aides by Medicaid Enrolled Home Health Agencies to the Department of Health, Board of Nursing | dhcf",/publication/medicaid-update-transmittal-16-13-reporting-terminated-personal-care-aides-medicaid,7
Medicaid Update: Transmittal 16-14 -New Policies and Processes for Newborns Enrollment into DC Medicaid | dhcf,/node/1163302,1
Medicaid Update: Transmittal 16-14 -New Policies and Processes for Newborns Enrollment into DC Medicaid | dhcf,/publication/medicaid-update-transmittal-16-14-new-policies-and-processes-newborns-enrollment-dc,1
Medicaid Update: Transmittal 16-15 - Revised Timeline for PCA Referrals | dhcf,/node/1165291,7
Medicaid Update: Transmittal 16-15 - Revised Timeline for PCA Referrals | dhcf,/publication/medicaid-update-transmittal-16-15-revised-timeline-pca-referrals,1
Medicaid Update: Transmittal 16-16: Rescission of Transmittal 16-12 and Revised Guidance on New Billing and Enrollment Instructions to Federally Qualified Health Centers | dhcf,/node/1162571,1
Medicaid Update: Transmittal 16-16: Rescission of Transmittal 16-12 and Revised Guidance on New Billing and Enrollment Instructions to Federally Qualified Health Centers | dhcf,/publication/medicaid-update-transmittal-16-16-rescission-transmittal-16-12-and-revised-guidance-new,7
Medicaid Update: Transmittal 16-17 -National Children's Mental Health Awareness Week and Mental Health Screening in Pediatric Primary Care | dhcf,/node/1163297,6
Medicaid Update: Transmittal 16-17 -National Children's Mental Health Awareness Week and Mental Health Screening in Pediatric Primary Care | dhcf,/publication/medicaid-update-transmittal-16-17-national-childrens-mental-health-awareness-week-and,1
Medicaid Update: Transmittal 16-18 - Medicaid Requirement for Ordering and Referring Providers | dhcf,/node/1164984,3
Medicaid Update: Transmittal 16-18 - Medicaid Requirement for Ordering and Referring Providers | dhcf,/publication/medicaid-update-transmittal-16-18-medicaid-requirement-ordering-and-referring-providers,18
Medicaid Update: Transmittal 16-19-Policy on Access to Buprenorphine | dhcf,/node/1166974,1
Medicaid Update: Transmittal 16-20: Personal Care Assistance Claims Edits and Denied Claims Instructions to Home Health Agencies | dhcf,/node/1169391,7
Medicaid Update: Transmittal 16-20: Personal Care Assistance Claims Edits and Denied Claims Instructions to Home Health Agencies | dhcf,/publication/medicaid-update-transmittal-16-20-personal-care-assistance-claims-edits-and-denied,1
Medicaid Update: Transmittal 16-21: Medicaid-Reimbursable Telemedicine Services Notice of Emergency and Proposed Rulemaking and Provider Guidance | dhcf,/node/1173701,5
Medicaid Update: Transmittal 16-21: Medicaid-Reimbursable Telemedicine Services Notice of Emergency and Proposed Rulemaking and Provider Guidance | dhcf,/publication/medicaid-update-transmittal-16-21-medicaid-reimbursable-telemedicine-services-notice,1
Medicaid Update: Transmittal 17-02 (R) Reimbursement of Out-of-Pocket Expenditures for Managed Care Medicaid Beneficiaries | dhcf,/node/1268951,1
Medicaid Update: Transmittal 17-02 (R) Reimbursement of Out-of-Pocket Expenditures for Managed Care Medicaid Beneficiaries | dhcf,/publication/medicaid-update-transmittal-17-02-r-reimbursement-out-pocket-expenditures-managed-care,1
Medicaid Update: Transmittal 17-02-Reimbursement of Out-of-Pocket Expenditures for Managed Care Medicaid Beneficiaries | dhcf,/node/1216306,8
Medicaid Update: Transmittal 17-02-Reimbursement of Out-of-Pocket Expenditures for Managed Care Medicaid Beneficiaries | dhcf,/publication/medicaid-update-transmittal-17-02-reimbursement-out-pocket-expenditures-managed-care,1
Medicaid Update: Transmittal 17-03 (R) Reimbursement of Out-of-Pocket Expenditures for Non-Managed Care Medicaid Beneficiaries | dhcf,/node/1268956,1
Medicaid Update: Transmittal 17-03-Reimbursement of Out-of-Pocket Expenditures for Non-Managed Care Medicaid Beneficiaries | dhcf,/node/1216311,1
"Medicaid Update: Transmittal 17-04-National Children's Dental Health Month, Dental Procedures and Billing Requirements | dhcf",/node/1219641,8
Medicaid Update: Transmittal 17-05: Medicaid Primary Care Provider Rate Permanent Extension for Qualified Physicians and Advanced Practice Registered Nurses | dhcf,/node/1222886,1
Medicaid Update: Transmittal 17-05: Medicaid Primary Care Provider Rate Permanent Extension for Qualified Physicians and Advanced Practice Registered Nurses | dhcf,/publication/medicaid-update-transmittal-17-05-medicaid-primary-care-provider-rate-permanent,1
Medicaid Update: Transmittal 17-06 - Revised 719A Form | dhcf,/node/1222061,1
Medicaid Update: Transmittal 17-06 - Revised 719A Form | dhcf,/publication/medicaid-update-transmittal-17-06-revised-719a-form,120
Medicaid Update: Transmittal 17-07 - Notice of Pricing Updates to the Medicaid Physician Fee Schedule - Revised | dhcf,/node/1222831,10
Medicaid Update: Transmittal 17-07 - Notice of Pricing Updates to the Medicaid Physician Fee Schedule - Revised | dhcf,/publication/medicaid-update-transmittal-17-07-notice-pricing-updates-medicaid-physician-fee-schedule,1
Medicaid Update: Transmittal 17-08 - My Health GPS Provider Application Transmittal | dhcf,/publication/medicaid-update-transmittal-17-08-my-health-gps-provider-application-transmittal,1
Medicaid Update: Transmittal 17-09: UPDATE: Out-of-State Nursing Facility Placement and Review Procedures | dhcf,/publication/medicaid-update-transmittal-17-09-update-out-state-nursing-facility-placement-and-review,10
Medicaid Update: Transmittal 17-10: Request for Information on Potential Medicaid ACOs | dhcf,/publication/medicaid-update-transmittal-17-10-request-information-potential-medicaid-acos,6
Medicaid Update: Transmittal 17-11: Limited-time Opportunity: Free support to Select EHR Vendor by June 30th | dhcf,/publication/medicaid-update-transmittal-17-11-limited-time-opportunity-free-support-select-ehr,6
Medicaid Update: Transmittal 17-12: Complying with the Access to Contraception Amendment Act of 2015 | dhcf,/publication/medicaid-update-transmittal-17-12-complying-access-contraception-amendment-act-2015,6
Medicaid Update: Transmittal 17-13 - Request for Administrative Reconsideration of MCO Decisions on Claims for Reimbursement | dhcf,/node/1250701,1
Medicaid Update: Transmittal 17-13 - Request for Administrative Reconsideration of MCO Decisions on Claims for Reimbursement | dhcf,/publication/medicaid-update-transmittal-17-13-request-administrative-reconsideration-mco-decisions,5
Medicaid Update: Transmittal 17-14-Second Medicaid-Reimbursement Telemedicine Services Notice of Emergency and Proposed Rulemaking and Provider Guidance | dhcf,/node/1243576,1
Medicaid Update: Transmittal 17-14-Second Medicaid-Reimbursement Telemedicine Services Notice of Emergency and Proposed Rulemaking and Provider Guidance | dhcf,/publication/medicaid-update-transmittal-17-14-second-medicaid-reimbursement-telemedicine-services,3
Medicaid Update: Transmittal 17-15-Language Access Services | dhcf,/node/1253456,7
Medicaid Update: Transmittal 17-16-EPSDT Periodicity Schedule Updates and the Importance of Mental Health and Vision/Hearing Screenings | dhcf,/node/1255146,7
Medicaid Update: Transmittal 17-16-EPSDT Periodicity Schedule Updates and the Importance of Mental Health and Vision/Hearing Screenings | dhcf,/publication/medicaid-update-transmittal-17-16-epsdt-periodicity-schedule-updates-and-importance,3
Medicaid Update: Transmittal 17-17- Final Deadline to Register for the DC Medicaid EHR Incentive Program Fast Approaching – Act Before August 15th | dhcf,/node/1258481,1
Medicaid Update: Transmittal 17-18-Level of Care Process Changes for Long Term Care Services and Supports | dhcf,/publication/medicaid-update-transmittal-17-18-level-care-process-changes-long-term-care-services-and,4
Medicaid Update: Transmittal 17-19-Revised Procedures for Nursing Facility Recertifications and Out-of-District Placements | dhcf,/publication/medicaid-update-transmittal-17-19-revised-procedures-nursing-facility-recertifications,1
Medicaid Update: Transmittal 17-20-Provider Billing Changes for Alliance Beneficiaries Receiving Labor and Delivery Services | dhcf,/node/1266141,7
Medicaid Update: Transmittal 17-20-Provider Billing Changes for Alliance Beneficiaries Receiving Labor and Delivery Services | dhcf,/publication/medicaid-update-transmittal-17-20-provider-billing-changes-alliance-beneficiaries,2
Medicaid Update: Transmittal 17-21- Reimbursement of Out-of-Pocket Expenditures for Managed Care Beneficiaries | dhcf,/node/1274021,8
Medicaid Update: Transmittal 17-22- Reimbursement of Out-of-Pocket Expenditures for Non-Managed Care Medicaid Beneficiaries | dhcf,/node/1274026,1
Medicaid Update: Transmittal 17-22- Reimbursement of Out-of-Pocket Expenditures for Non-Managed Care Medicaid Beneficiaries | dhcf,/publication/medicaid-update-transmittal-17-22-reimbursement-out-pocket-expenditures-non-managed-care,0
Medicaid Update: Transmittal 17-23-FY 2018 Medicaid Hospice Rates | dhcf,/node/1285931,1
Medicaid Update: Transmittal 17-23-FY 2018 Medicaid Hospice Rates | dhcf,/publication/medicaid-update-transmittal-17-23-fy-2018-medicaid-hospice-rates,6
Medicaid Update: Transmittal 17-24-Eligibility Determination and Enrollment Process for EPD Waiver: Response to G.W. Health Insurance Counseling Project (HICP) Fact Sheet | dhcf,/publication/medicaid-update-transmittal-17-24-eligibility-determination-and-enrollment-process-epd,6
"Medicaid Update: Transmittal 17-25 - My Health GPS Care Plan Incentive Extension through October 31, 2017 | dhcf",/node/1284351,1
"Medicaid Update: Transmittal 17-25 - My Health GPS Care Plan Incentive Extension through October 31, 2017 | dhcf",/publication/medicaid-update-transmittal-17-25-my-health-gps-care-plan-incentive-extension-through,7
Medicaid Update: Transmittal 17-26 - Anesthesiologist Assistant Services for Medicaid-Reimbursable Claiming | dhcf,/node/1284776,1
Medicaid Update: Transmittal 17-26 - Anesthesiologist Assistant Services for Medicaid-Reimbursable Claiming | dhcf,/publication/medicaid-update-transmittal-17-26-anesthesiologist-assistant-services-medicaid,1
Medicaid Update: Transmittal 17-27 - DHCF and DOEE Joint Letter Regarding Required Lead Screenings – Every Child. Twice by Two | dhcf,/node/1284781,1
Medicaid Update: Transmittal 17-27 - DHCF and DOEE Joint Letter Regarding Required Lead Screenings – Every Child. Twice by Two | dhcf,/publication/medicaid-update-transmittal-17-27-dhcf-and-doee-joint-letter-regarding-required-lead,1
Medicaid Update: Transmittal 17-28 -Mandatory Medicaid Managed Care Network Provider Enrollment in DC Medicaid | dhcf,/node/1287566,1
Medicaid Update: Transmittal 17-28 -Mandatory Medicaid Managed Care Network Provider Enrollment in DC Medicaid | dhcf,/publication/medicaid-update-transmittal-17-28,3
Medicaid Update: Transmittal 17-30-Enrollment for Physician Assistants (PA) | dhcf,/node/1290841,1
Medicaid Update: Transmittal 17-30-Enrollment for Physician Assistants (PA) | dhcf,/publication/medicaid-update-transmittal-17-30-enrollment-physician-assistants-pa,5
Medicaid Update: Transmittal 17-31-Update to Person-Centered Service Planning Template | dhcf,/publication/medicaid-update-transmittal-17-31-update-person-centered-service-planning-template,7
Medicaid Update: Transmittal 17-32 - Procedures for Obtaining Prior Authorizations for Home Health Services and Private Duty Nursing Services as Established Under the Medicaid State Plan | dhcf,/node/1295826,1
Medicaid Update: Transmittal 17-32 - Procedures for Obtaining Prior Authorizations for Home Health Services and Private Duty Nursing Services as Established Under the Medicaid State Plan | dhcf,/publication/medicaid-update-transmittal-17-32-procedures-obtaining-prior-authorizations-home-health,5
Medicaid Update: Transmittal 17-33-Notification to Nursing Facilities Transitioning from RUG-III to RUG-IV | dhcf,/node/1296431,1
Medicaid Update: Transmittal 17-33-Notification to Nursing Facilities Transitioning from RUG-III to RUG-IV | dhcf,/publication/medicaid-update-transmittal-17-33-notification-nursing-facilities-transitioning-rug-iii,6
Medicaid Update: Transmittal 17-34-2018 CPT-HCPCS Codes Updates | dhcf,/node/1296436,7
Medicaid Update: Transmittal 18-01: 2017 Retroactive Payment of State Supplement and January 2018 Payment Levels | dhcf,/node/1305311,5
Medicaid Update: Transmittal 18-02: REVISED Hospice Policy and Procedure: New Prior Authorization Process for Nursing Facility Room and Board | dhcf,/node/1305646,6
Medicaid Update: Transmittal 18-03-Reimbursement of Out-of-Pocket Expenditures for Non-Managed Care Medicaid Beneficiaries | dhcf,/node/1305636,1
Medicaid Update: Transmittal 18-03-Reimbursement of Out-of-Pocket Expenditures for Non-Managed Care Medicaid Beneficiaries | dhcf,/publication/medicaid-update-transmittal-18-03-reimbursement-out-pocket-expenditures-non-managed-care,10
Medicaid Update: Transmittal 18-04-Reimbursement of Out-of-Pocket Expenditures for Managed Care Medicaid Beneficiaries | dhcf,/node/1305641,8
Medicaid Update: Transmittal 18-04-Reimbursement of Out-of-Pocket Expenditures for Managed Care Medicaid Beneficiaries | dhcf,/publication/medicaid-update-transmittal-18-04-reimbursement-out-pocket-expenditures-managed-care,1
Medicaid Update: Transmittal 18-05 Balance Billing of Eligible Medicaid and Alliance Beneficiaries | dhcf,/publication/medicaid-update-transmittal-18-05-balance-billing-eligible-medicaid-and-alliance,7
Medicaid Update: Transmittal 18-06-Retroactive Implementation of Rate Change for Rehab Day Services | dhcf,/node/1308316,2
Medicaid Update: Transmittal 18-06-Retroactive Implementation of Rate Change for Rehab Day Services | dhcf,/publication/medicaid-update-transmittal-18-06-retroactive-implementation-rate-change-rehab-day,4
Medicaid Update: Transmittal 18-07-Alignment of Plan of Care Dates with Medicaid Eligibility Certification Dates | dhcf,/node/1308321,7
Medicaid Update: Transmittal 18-08: Third Medicaid-Reimbursable Telemedicine Services Notice of Emergency and Proposed Rulemaking and Provider Guidance | dhcf,/node/1312026,1
Medicaid Update: Transmittal 18-09 - National Children's Dental Health Month – Dental Procedures and Billing | dhcf,/node/1312536,1
Medicaid Update: Transmittal 18-09 - National Children's Dental Health Month – Dental Procedures and Billing | dhcf,/publication/medicaid-update-transmittal-18-09-national-childrens-dental-health-month-–-dental,9
Medicaid Update: Transmittal 18-10 - Medicaid Fee Schedule Updates for the District of Columbia Office of State Superintendent of Education Early Intervention Services | dhcf,/node/1312546,7
Medicaid Update: Transmittal 18-10 - Medicaid Fee Schedule Updates for the District of Columbia Office of State Superintendent of Education Early Intervention Services | dhcf,/publication/medicaid-update-transmittal-18-10-medicaid-fee-schedule-updates-district-columbia-office,3
Medicaid Update: Transmittal 18-11-Notice of Pricing Updates to the Medicaid Fee Schedule | dhcf,/node/1319526,6
Medicaid Update: Transmittal 18-12-Prior Authorization (PA) Requirement Removal for Nexplanon Etonogestrel implant 68 mg radiopaque (Procedure Code J7307) | dhcf,/node/1319551,1
Medicaid Update: Transmittal 18-12-Prior Authorization (PA) Requirement Removal for Nexplanon Etonogestrel implant 68 mg radiopaque (Procedure Code J7307) | dhcf,/publication/medicaid-update-transmittal-18-12-prior-authorization-pa-requirement-removal-nexplanon,4
Medicaid Update: Transmittal 18-13- Implementation of the Nursing Home Payment Methodology | dhcf,/node/1321601,1
"Medicaid Update: Transmittal 18-15- Medicaid Enrollment Requirement for Providers Who Order, Refer, or Prescribe Items, Services, or Medications to DC Medicaid Beneficiaries | dhcf",/node/1321621,1
"Medicaid Update: Transmittal 18-15- Medicaid Enrollment Requirement for Providers Who Order, Refer, or Prescribe Items, Services, or Medications to DC Medicaid Beneficiaries | dhcf",/publication/medicaid-update-transmittal-18-15-medicaid-enrollment-requirement-providers-who-order,1
Medicaid Update: Transmittal 18-16: Provider Billing Changes for Alliance Beneficiaries Emergency Medical Services | dhcf,/node/1322751,5
Medicaid Update: Transmittal 18-16: Provider Billing Changes for Alliance Beneficiaries Emergency Medical Services | dhcf,/publication/medicaid-update-transmittal-18-16-provider-billing-changes-alliance-beneficiaries,2
Medicaid Update: Transmittal 18-17: DC Medicaid Enrollment Requirement for Medical Residents and Interns | dhcf,/node/1325716,7
Medicaid Update: Transmittal 18-17: DC Medicaid Enrollment Requirement for Medical Residents and Interns | dhcf,/publication/medicaid-update-transmittal-18-17-dc-medicaid-enrollment-requirement-medical-residents,1
Medicaid Update: Transmittal 18-18: Modification for Procedure Pricing Information in Transmittal#18-10 | dhcf,/node/1325736,2
Medicaid Update: Transmittal 18-18: Modification for Procedure Pricing Information in Transmittal#18-10 | dhcf,/publication/medicaid-update-transmittal-18-18-modification-procedure-pricing-information,2
Medicaid Update:Transmittal #14-02 Notice to Pharmacies for Medicaid Beneficiaries | dhcf,/node/712112,9
Medicaid Update:Transmittal 17-29-Enrollment of Personal Care Aides (PCA) | dhcf,/node/1290851,3
Medicaid Update:Transmittal 17-29-Enrollment of Personal Care Aides (PCA) | dhcf,/publication/medicaid-updatetransmittal-17-29-enrollment-personal-care-aides-pca,1
Medicaid Update:Transmittal 17-29-Enrollment of Personal Care Aides (PCA) | dhcf,/publication/medicaid-updatetransmittal-17-29-enrollment-personal-care-aides-pca-01,1
Medicaid Update:Transmittal 18-14: Enrollment of Personal Care Aides (PCA) | dhcf,/node/1322741,2
Medicaid Update:Transmittal 18-14: Enrollment of Personal Care Aides (PCA) | dhcf,/publication/medicaid-updatetransmittal-18-14-enrollment-personal-care-aides-pca,1
Medicaid Updates: Transmittal # 11-07 Out-of-State Nursing Facility Placement Procedures | dhcf,/node/176732,1
Medicaid Updates: Transmittal # 11-07 Out-of-State Nursing Facility Placement Procedures | dhcf,/publication/medicaid-updates-transmittal-11-07-out-state-nursing-facility-placement-procedures,1
Medicaid Updates: Transmittal # 11-10 New Required Form for Ordering Personal Care Aide Services | dhcf,/node/176712,1
Medicaid Updates: Transmittal # 11-11 DC Medicaid Diabetic Supplies Program at Point of Sale | dhcf,/node/176692,7
Medicaid Updates: Transmittal # 11-11 DC Medicaid Diabetic Supplies Program at Point of Sale | dhcf,/publication/medicaid-updates-transmittal-11-11-dc-medicaid-diabetic-supplies-program-point-sale,4
Medicaid Updates: Transmittal # 11-12 DC Medicaid Diabetic Supplies Program at Point of Sale | dhcf,/node/176672,1
Medicaid Updates: Transmittal # 11-12 DC Medicaid Diabetic Supplies Program at Point of Sale | dhcf,/publication/medicaid-updates-transmittal-11-12-dc-medicaid-diabetic-supplies-program-point-sale,11
Medicaid Updates: Transmittal # 11-14 Inter-Agency Transfer Form for Medicaid Personal Care Aide (PCA) State Plan Services | dhcf,/publication/medicaid-updates-transmittal-11-14-inter-agency-transfer-form-medicaid-personal-care,9
Medicaid Updates: Transmittal # 11-23 For Medicaid Providers of Intellectual Disability and Developmental Disability Waiver Services | dhcf,/node/176372,1
Medicaid Updates: Transmittal # 11-23 For Medicaid Providers of Intellectual Disability and Developmental Disability Waiver Services | dhcf,/publication/medicaid-updates-transmittal-11-23-medicaid-providers-intellectual-disability-and,1
Medicaid Updates: Transmittal #11-21 Revision of Form for Ordering PCA Services | dhcf,/node/176492,1
Medicaid Updates: Transmittal #11-21 Revision of Form for Ordering PCA Services | dhcf,/publication/medicaid-updates-transmittal-11-21-revision-form-ordering-pca-services,8
Medicaid Updates: Transmittal #11-24 Beginning of EPD Waiver Waiting List | dhcf,/node/176302,1
Medicaid Updates: Transmittal #11-24 Beginning of EPD Waiver Waiting List | dhcf,/publication/medicaid-updates-transmittal-11-24-beginning-epd-waiver-waiting-list,1
Medicaid Updates: Transmittal #11-25 Inspector General (OIG) Audit of DC Medicaid Nursing Homes | dhcf,/node/176272,7
Medicaid Updates: Transmittal #11-25 Inspector General (OIG) Audit of DC Medicaid Nursing Homes | dhcf,/publication/medicaid-updates-transmittal-11-25-inspector-general-oig-audit-dc-medicaid-nursing-homes,1
Medicaid Updates: Transmittal #11-26 FY12 Medicaid Hospice Rates | dhcf,/node/176252,1
Medicaid Updates: Transmittal #11-26 FY12 Medicaid Hospice Rates | dhcf,/publication/medicaid-updates-transmittal-11-26-fy12-medicaid-hospice-rates,6
Medicaid Waiver – Beneficiary Freedom of Choice and Procedure for Assuring Beneficiary Freedom of Choice Form (Office of Disabilities and Aging) | dhcf,/publication/medicaid-waiver-–-beneficiary-freedom-choice-and-procedure-assuring-beneficiary-freedom,7
Medicaid Waiver – Enrollment Request/Update – DHS Form 30-AW | dhcf,/publication/medicaid-waiver-–-enrollment-requestupdate-–-dhs-form-30-aw,1
Medical Care Respite Grant Services For The Homeless | dhcf,/node/1467906,8
Medical Care Respite Grant Services For The Homeless | dhcf,/publication/medical-care-respite-grant-services-homeless,5
Medically Needy Spend-Down | dhcf,/node/892492,108
Medically Needy Spend-Down | dhcf,/service/medically-needy-spend-down,371
Medically Needy Spend-Down | dhcf,/service/spend-down,2
Medicare | dhcf,/node/835642/,1
Medicare | dhcf,/publication/medicare,12
Medicare – QMB (Qualified Medicare Beneficiary Program) | dhcf,/publication/medicare-–-qmb-qualified-medicare-beneficiary-program,13
Medicare Savings Program Application Packet | dhcf,/publication/medicare-savings-program-application-packet,8
"Meeting Minutes - September 19, 2012 - Board Approved | dhcf",/node/367492,3
Meeting Recordings and Slides | dhcf,/page/meeting-materials-0,2
Meeting Recordings and Slides | dhcf,/page/meeting-recordings-and-slides,3984
Meetings and Materials | dhcf,/es/page/meetings-and-materials,5
Meetings and Materials | dhcf,/page/meetings-and-materials,43
MEIP- MCAC Meeting Agenda and Materials - 4/26/17 | dhcf,/page/meip-mcac-meeting-agenda-and-materials-42617,1
"Melisa Byrd, Senior Deputy Director / Medicaid Director, DHCF | dhcf",/biography/melisa-byrd-senior-deputy-director-medicaid-director-dhcf,171
"Melisa Byrd, Senior Deputy Director / Medicaid Director, DHCF | dhcf",/node/1391236,59
Methods for Determining Costs of Prescribed Multiple Source Drugs Final Rulemaking | dhcf,/node/175562,1
Methods for Determining Costs of Prescribed Multiple Source Drugs Final Rulemaking | dhcf,/publication/methods-determining-costs-prescribed-multiple-source-drugs-final-rulemaking,2
MHRS Snapshot | dhcf,/node/884512,8
Mission Statement- Division of Program Integrity (DPI) | dhcf,/am/page/mission-statement-division-program-integrity-dpi,0
Mission Statement- Division of Program Integrity (DPI) | dhcf,/fr/page/mission-statement-division-program-integrity-dpi,5
Mission Statement- Division of Program Integrity (DPI) | dhcf,/node/1164469,14
Mission Statement- Division of Program Integrity (DPI) | dhcf,/page/mission-statement-division-program-integrity-dpi,52
Mobile Community Outreach Treatment Team Services Final Rulemaking | dhcf,/node/364122,1
Mobile Community Outreach Treatment Team Services Final Rulemaking | dhcf,/publication/mobile-community-outreach-treatment-team-services-final-rulemaking,5
Modified District Government Services for Independence Day | dhcf,/release/modified-district-government-services-for-independence-day,6
Modified District Government Services for Martin Luther King Jr. Day | dhcf,/release/modified-district-government-services-martin-luther-king-jr-day,4
Modified District Government Services for Memorial Day | dhcf,/node/1783381,5
Modified District Government Services for Memorial Day | dhcf,/release/modified-dc-government-services-memorial-day-2025,3
Modified District Government Services for Presidents Day | dhcf,/release/modified-district-government-services-presidents-day-feb-2025,4
Money Follows the Person Rebalancing Demonstration Project Proposed Rulemaking | dhcf,/node/858772,2
Money Follows the Person Rebalancing Demonstration Project Proposed Rulemaking | dhcf,/publication/money-follows-person-rebalancing-demonstration-project-proposed-rulemaking,7
Monitoring Protocol Materials | dhcf,/node/1515516,5
Monitoring Protocol Materials | dhcf,/page/monitoring-protocol-materials,2
Monthly Medicaid and Alliance Enrollment Reports | dhcf,/am/page/monthly-medicaid-and-alliance-enrollment-reports,45
Monthly Medicaid and Alliance Enrollment Reports | dhcf,/es/page/monthly-medicaid-and-alliance-enrollment-reports,49
Monthly Medicaid and Alliance Enrollment Reports | dhcf,/fr/page/monthly-medicaid-and-alliance-enrollment-reports,49
Monthly Medicaid and Alliance Enrollment Reports | dhcf,/node/1180991,99
Monthly Medicaid and Alliance Enrollment Reports | dhcf,/page/monthly-medicaid-and-alliance-enrollment-reports,561
Monthly Medicaid and Alliance Enrollment Reports 2024 | dhcf,/node/1758206,42
Monthly Medicaid and Alliance Enrollment Reports 2024 | dhcf,/page/monthly-medicaid-and-alliance-enrollment-reports-2024,3
Monthly Medicaid Renewals Report | dhcf,/page/monthly-medicaid-renewals-report-0,2
Monthly Medicaid Renewals Report | dhcf,/page/monthly-medicaid-renewals-report-00,12
Monthly Medicaid Renewals Report | dhcf,/page/monthly-medicaid-renewals-report-001,3
My Health GPS | dhcf,/es/node/1281186,4
My Health GPS Program Forms and Materials | dhcf,/page/my-health-gps-program-forms-and-materials,81
My Health GPS Program Forms and Materials | dhcf,/page/my-health-gps-program-forms-and-materials-july-1-2017,24
My Health GPS Program Notice of Final Rulemaking | dhcf,/node/1253606,0
My Health GPS Program Notice of Final Rulemaking | dhcf,/node/1370741,1
My Health GPS Program Notice of Final Rulemaking | dhcf,/publication/my-health-gps-program-notice-final-rulemaking,1
My Health GPS Program Notice of Final Rulemaking | dhcf,/publication/my-health-gps-program-notice-final-rulemaking-0,1
National Payment and Delivery System Reform Landscape | dhcf,/node/1121851,8
National Payment and Delivery System Reform Landscape | dhcf,/publication/national-payment-and-delivery-system-reform-landscape,1
Newborn Care | dhcf,/node/199992,25
Newborn Care | dhcf,/page/newborn-care,22
News Room | dhcf,/newsroom,767
News Room | dhcf,/newsroom/press-releases,2
Nondiscrimination Attachment 7.2A | dhcf,/node/193712,10
Non-Discrimination in the District's State Medicaid Program Based on Gender Identity or Expression | dhcf,/publication/MedicaidPolicy-GenderIdentity,32
Non-Financial Eligibility Citizenship and Non-Citizen | dhcf,/node/837692,2
Non-Financial Eligibility State Residency | dhcf,/node/837672,4
Non-MAGI Group: Optional Aged and Disable Notice of Proposed Rulemaking | dhcf,/node/1192822,1
Non-MAGI Group: Optional Aged and Disable Notice of Proposed Rulemaking | dhcf,/publication/non-magi-group-optional-aged-and-disable-notice-proposed-rulemaking,8
Non-MAGI Supplemental Security Income and Optional State Supplemental Payment Notice of Final Rulemaking | dhcf,/publication/non-magi-supplemental-security-income-and-optional-state-supplemental-payment-notice,4
"Norton to Hold ‘Affordable Care Act’ Town Hall at One Judiciary Square, Thursday, February 23 | dhcf",/release/norton-hold-‘affordable-care-act’-town-hall-one-judiciary-square-thursday-february-23,2
Notice of Final Rulemaking One-Time Transitional Services | dhcf,/node/364622,1
Notice of Final Rulemaking Shared Living Services | dhcf,/node/686152,1
Notice of Final Rulemaking Shared Living Services | dhcf,/publication/notice-final-rulemaking-shared-living-services,4
Notice of January Health Reform Implementation (HRIC) Executive Committee Meeting | dhcf,/release/notice-january-health-reform-implementation-hric-executive-committee-meeting,8
Notice of Public Meeting - DC HIE Policy Board Meeting | dhcf,/release/notice-public-meeting-dc-hie-policy-board-meeting,1
Notice of Public Meeting - DC HIE Policy Board Meeting | dhcf,/release/notice-public-meeting-dc-hie-policy-board-meeting-0,2
Notice of Public Meeting - DC HIE Policy Board Meeting | dhcf,/release/notice-public-meeting-dc-hie-policy-board-meeting-00,2
Notice of Public Meeting - DC HIE Policy Board Meeting | dhcf,/release/notice-public-meeting-dc-hie-policy-board-meeting-01,5
"Notice of Public Meeting - DC HIE Policy Board Meeting Agenda, April 24, 2014 | dhcf",/Health Information Exchange Policy Board Meeting,4
"Notice of Public Meeting - DC HIE Policy Board Meeting Agenda, August 20, 2014 | dhcf",/release/notice-public-meeting-dc-hie-policy-board-meeting-agenda-august-20-2014,2
"Notice of Public Meeting - DCHIEPB Meeting Agenda - April, 17 2013 | dhcf",/release/notice-public-meeting-dchiepb-meeting-agenda-april-17-2013,4
"Notice of Public Meeting - DCHIEPB Meeting Agenda - August 21, 2013 | dhcf",/release/notice-public-meeting-dchiepb-meeting-agenda-august-21-2013,5
"Notice of Public Meeting - DCHIEPB Meeting Agenda - January 15, 2014 | dhcf",/release/notice-public-meeting-dchiepb-meeting-agenda-january-15-2014,2
Notice of Public Meeting - DCHIEPB Meeting Agenda - July 17 2013 | dhcf,/release/notice-public-meeting-dchiepb-meeting-agenda-july-17-2013,2
Notice of Public Meeting - DCHIEPB Meeting Agenda - June 19 2013 | dhcf,/release/notice-public-meeting-dchiepb-meeting-agenda-june-19-2013,2
Notice of Public Meeting - DCHIEPB Meeting Agenda - May 15 2013 | dhcf,/release/notice-public-meeting-dchiepb-meeting-agenda-may-15-2013,2
"Notice of Public Meeting - DCHIEPB Meeting Agenda - November 20, 2013 | dhcf",/release/notice-public-meeting-dchiepb-meeting-agenda-november-20-2013,2
"Notice of Public Meeting - DCHIEPB Meeting Agenda - October 16, 2013 | dhcf",/release/notice-public-meeting-dchiepb-meeting-agenda-october-16-2013,6
"Notice of Public Meeting - DCHIEPB Meeting Agenda - September 18, 2013 | dhcf",/release/notice-public-meeting-dchiepb-meeting-agenda-september-18-2013,3
"Notice of Public Meeting - MCAC - April 9, 2014 | dhcf",/release/notice-public-meeting-mcac-01 April,2
Notice of Public Meeting - MCAC - Canceled | dhcf,/release/notice-public-meeting-mcac-canceled,2
"Notice of Public Meeting - MCAC - February 26, 2014 | dhcf",/release/notice-public-meeting-mcac-february-26-2014,2
"Notice of Public Meeting - MCAC - January 22, 2014 | dhcf",/release/notice-public-meeting-mcac-01,2
Notice of Public Meeting - MCAC | dhcf,/event/notice-public-meeting-mcac,2
Notice of Public Meeting - MCAC | dhcf,/release/notice-public-meeting-mcac,4
Notice of Public Meeting - MCAC and FY14 Budget Briefing | dhcf,/release/notice-public-meeting-mcac-and-fy14-budget-briefing,5
Notice of Public Meeting - Update on EPD Waiver and Medicaid Funded Adult Day Health Programs | dhcf,/release/notice-public-meeting-update-epd-waiver-and-medicaid-funded-adult-day-health-programs,4
"Notice of Public Meeting – DC HIE Policy Board Meeting Agenda, March 19, 2014 | dhcf",/release/notice-public-meeting-–-dc-hie-policy-board-meeting-agenda-march-19-2014,2
Notice of Public Meeting: Maternal and Child Health (MCH) Community Meeting | dhcf,/release/notice-public-meeting-maternal-and-child-health-mch-community-meeting,1
Notice of Public Meeting: Medicaid Behavioral Health Transformation Waiver | dhcf,/release/notice-public-meeting-medicaid-behavioral-health-transformation-waiver,5
Notice of Public Meeting: Telemedicine Stakeholder Meeting | dhcf,/release/notice-public-meeting-telemedicine-stakeholder-meeting,2
Notice: DHCF Implements Efforts to Ensure Medicaid Beneficiaries Continue to Receive Needed PCA Services | dhcf,/release/notice-dhcf-implements-efforts-ensure-medicaid-beneficiaries-continue-receive-needed-pca,2
November 19th Payment Model Meeting Agenda | dhcf,/node/1127036,1
November 19th Payment Model Meeting Agenda | dhcf,/publication/november-19th-payment-model-meeting-agenda,8
November 19th Payment Model Presentation | dhcf,/node/1127037,8
November 19th Payment Model Presentation | dhcf,/publication/november-19th-payment-model-presentation,6
November 2012 Enrollment Report | dhcf,/node/386242,8
November 2022 Enrollment Report – Data for October 2021-October 2022 | dhcf,/node/1640661,6
November MCAC Access Subcommittee Agenda and Materials | dhcf,/event/november-mcac-access-subcommittee-agenda-and-materials,7
November MCAC Access Subcommittee Agenda and Materials | dhcf,/node/1504721,1
November MCAC Eligibility & Enrollment Subcommittee Agenda and Materials | dhcf,/node/1511896,5
Nursing Best Practices in Home Care Workshop | dhcf,/event/nursing-best-practices-home-care-workshop,2
Nursing Best Practices in Home Care Workshop | dhcf,/node/1311336,1
Nursing Facility Forms | dhcf,/publication/nursing-facility-forms,3
Nursing Personnel Final Rulemaking | dhcf,/node/364772,8
Nutrition and Food Assistance | dhcf,/node/207862,34
Nutrition and Food Assistance | dhcf,/page/nutrition-and-food-assistance,20
Nutrition Evaluation and Consultation Services Notice of Final Rulemaking | dhcf,/node/1156977,4
Nutrition Evaluation and Consultation Services Notice of Final Rulemaking | dhcf,/publication/nutrition-evaluation-and-consultation-services-notice-final-rulemaking,4
Occupational Therapy Services Notice of Final Rulemaking | dhcf,/node/1147682,2
Occupational Therapy Services Notice of Final Rulemaking | dhcf,/publication/occupational-therapy-services-notice-final-rulemaking-0,8
October 14 - Advisory Committee Minutes | dhcf,/node/1127006,6
October 14 - Advisory Committee Minutes | dhcf,/publication/october-14-advisory-committee-minutes,7
October 14th - Agenda | dhcf,/node/1121847,6
October 14th - Agenda | dhcf,/publication/october-14th-agenda,6
October 2012 MCAC Enrollment Report | dhcf,/node/379822,9
October 2015 MCAC Minutes | dhcf,/node/1129397,1
October 2015 MCAC Minutes | dhcf,/publication/october-2015-mcac-minutes,6
October 2022 Enrollment Report – Data for September 2021-September 2022 | dhcf,/node/1640656,1
Office of the Health Care Ombudsman and Bill of Rights | dhcf,/page/office-health-care-ombudsman-and-bill-rights,371
Office of the Senior Deputy Director/Medicaid Director - Letter 21-07 | dhcf,/node/1573151,6
Office of the Senior Deputy Director/Medicaid Director - Letter 21-07 | dhcf,/publication/office-senior-deputy-directormedicaid-director-letter-21-07,0
Ombudsman Advisory Council Members | dhcf,/page/advisory-council-01,7
Omnibus IDD Waiver Rate Change Notice of Emergency and Proposed Rulemaking | dhcf,/node/1235851,4
Omnibus IDD Waiver Rate Change Notice of Emergency and Proposed Rulemaking | dhcf,/publication/omnibus-idd-waiver-rate-change-notice-emergency-and-proposed-rulemaking,2
One-Time Transitional Services Notice of Final Rulemaking | dhcf,/node/1108461,1
One-Time Transitional Services Notice of Final Rulemaking | dhcf,/publication/one-time-transitional-services-notice-final-rulemaking,4
Open Government and FOIA - DHCF | dhcf,/am/page/open-government-and-foia-dhcf,7
Open Government and FOIA - DHCF | dhcf,/es/page/open-government-and-foia-dhcf,1
Open Government and FOIA - DHCF | dhcf,/fr/page/open-government-and-foia-dhcf,7
Open Government and FOIA - DHCF | dhcf,/page/open-government-and-foia-dhcf,94
Opioid Conversion Chart | dhcf,/node/153812,7
Opioid Conversion Chart | dhcf,/publication/opioid-conversion-chart,9
Option for Coverage | dhcf,/node/838472,11
Option for Coverage | dhcf,/publication/option-coverage,1
Optional State Supplement Payment Program | dhcf,/node/892332,54
Optional State Supplement Payment Program | dhcf,/service/optional-state-supplement-payment-program,166
Options for Coverage Individuals above 133% FPL | dhcf,/node/837382,12
Options for Coverage Individuals above 133% FPL | dhcf,/publication/options-coverage-individuals-above-133-fpl,3
Options for Coverage Optional Coverage of Parents and other Caretaker Relatives | dhcf,/node/837362,3
Options for Coverage Optional Coverage of Parents and other Caretaker Relatives | dhcf,/publication/options-coverage-optional-coverage-parents-and-other-caretaker-relatives,6
Options for Coverage Optional Target Low Income | dhcf,/node/837392,2
Options for Coverage Optional Target Low Income | dhcf,/publication/options-coverage-optional-target-low-income,4
Optometry Services Notice of Final Rulemaking | dhcf,/node/1002922,4
Organ Transplant Services Notice of Emergency and Proposed Rulemaking | dhcf,/node/1530106,3
Organ Transplant Services Notice of Emergency and Proposed Rulemaking | dhcf,/publication/organ-transplant-services-notice-emergency-and-proposed-rulemaking,5
Orion Health DHCF HIE Board Presentation | dhcf,/node/399352,6
Other Laboratory and X-Ray Services Notice of Final Rulemaking | dhcf,/node/1043092,1
Other Laboratory and X-Ray Services Notice of Final Rulemaking | dhcf,/publication/other-laboratory-and-x-ray-services-notice-final-rulemaking,4
Out-of-Pocket Reimbursement Form - Spanish | dhcf,/node/912472,5
Out-of-Pocket Reimbursement Form - Spanish | dhcf,/publication/out-pocket-reimbursement-form-spanish,1
Outpatient and Emergency Room Notice of Final Rulemaking | dhcf,/node/1375971,3
Outpatient and Emergency Room Notice of Final Rulemaking | dhcf,/publication/outpatient-and-emergency-room-notice-final-rulemaking,1
Outpatient and Emergency Room Services Final Rulemaking | dhcf,/node/742172,4
Outpatient and Emergency Room Services Final Rulemaking | dhcf,/publication/outpatient-and-emergency-room-services-final-rulemaking,5
Outpatient and Emergency Room Services Notice of Final Rulemaking | dhcf,/node/1124456,3
Outpatient and Emergency Room Services Notice of Final Rulemaking | dhcf,/publication/outpatient-and-emergency-room-services-notice-final-rulemaking,5
Outpatient and Emergency Room Services Notice of Second Emergency and Proposed Rulemaking | dhcf,/node/1122016,8
Outpatient and Emergency Room Services Notice of Second Emergency and Proposed Rulemaking | dhcf,/publication/outpatient-and-emergency-room-services-notice-second-emergency-and-proposed-rulemaking,3
Overview of Payment Reform and SIM | dhcf,/node/1121757,4
PACE in DC | dhcf,/am/node/1368361,3
PACE in DC | dhcf,/node/1368361,9
PACE in DC | dhcf,/page/pace-dc,321
Parents and Caretaker Relatives | dhcf,/node/892382,385
Parents and Caretaker Relatives | dhcf,/service/parents-and-caretaker-relatives,870
Part I - Payment to General Hospitals for Inpatient Medical Services | dhcf,/node/1103932,29
Part I - Payment to General Hospitals for Inpatient Medical Services | dhcf,/publication/part-i-payment-general-hospitals-inpatient-medical-services,1
Part II - Payment to Specialty Hospitals for Inpatient Hospital Services | dhcf,/node/1103942,17
Part II - Payment to Specialty Hospitals for Inpatient Hospital Services | dhcf,/publication/part-ii-payment-specialty-hospitals-inpatient-hospital-services,1
Part III - Qualifications for Disproportionate Share Hospitals | dhcf,/node/1103952,11
Part III - Qualifications for Disproportionate Share Hospitals | dhcf,/publication/part-iii-qualifications-disproportionate-share-hospitals,1
Part IV - Provider Guidelines Relating to Provider Reimbursement | dhcf,/node/1103962,22
Part IV - Provider Guidelines Relating to Provider Reimbursement | dhcf,/publication/part-iv-provider-guidelines-relating-provider-reimbursement,1
"Part V - Cost Reports, Auditing, Records Maintenance, and Appeals – Hospital Services | dhcf",/node/1103972,12
"Part V - Cost Reports, Auditing, Records Maintenance, and Appeals – Hospital Services | dhcf",/publication/part-v-cost-reports-auditing-records-maintenance-and-appeals-–-hospital-services,2
Part VI – Inpatient Psychiatric Services for Individuals Under 21 Years | dhcf,/node/1147296,5
Part VI – Inpatient Psychiatric Services for Individuals Under 21 Years | dhcf,/publication/part-vi-–-inpatient-psychiatric-services-individuals-under-21-years,2
Partnering with DHCF | dhcf,/es/node/1458991,1
Partnering with DHCF | dhcf,/es/partnering-dhcf,1
Partnering with DHCF | dhcf,/fr/partnering-dhcf,4
Partnering with DHCF | dhcf,/page/partnering-dhcf,6
Partnering with DHCF | dhcf,/partnering-dhcf,39
Past Performance Evaluation Form | dhcf,/publication/past-performance-evaluation-form,1
Patient Centered Maternal Care Program | dhcf,/node/1403006,2
Patient Centered Maternal Care Program | dhcf,/publication/patient-centered-maternal-care-program-01,1
Payment for Services Attachment 4.19B Part 1 | dhcf,/node/192772,60
Payment for Services Attachment 4.19B Part 1 | dhcf,/publication/payment-services-attachment-419b-part-1,1
Payment for Services Attachment 4.19B: Supplement 1 | dhcf,/node/192782,22
Payment for Services Attachment 4.19B: Supplement 2 | dhcf,/node/192792,26
Payment for Services Attachment 4.19B: Supplement 2 | dhcf,/publication/payment-services-attachment-419b-supplement-2,1
Payment for Services Attachment 4.19B: Supplement 3 | dhcf,/node/560642,20
Payment for Services Attachment 4.19B: Supplement 3 | dhcf,/publication/payment-services-attachment-419b-supplement-3,1
Payment for Services Attachment 4.19C | dhcf,/node/192812,11
Payment for Services Attachment 4.19C | dhcf,/publication/payment-services-attachment-419c,1
Payment for Services Attachment 4.19D: Part 1 | dhcf,/node/192822,26
Payment for Services Attachment 4.19D: Part 2 | dhcf,/node/192832,10
Payment for Services Attachment 4.19D: Part 2 | dhcf,/publication/payment-services-attachment-419d-part-2,2
Payment for Services Attachment 4.19D: Part 3 | dhcf,/node/192842,15
Payment for Services Attachment 4.19D: Part 3 | dhcf,/publication/payment-services-attachment-419d-part-3,1
Payment for Services Attachment 4.19E | dhcf,/node/192852,12
Payment for Services Attachment 4.19E | dhcf,/publication/payment-services-attachment-419e,1
Payment Model April 27 Meeting Agenda | dhcf,/node/1157108,1
Payment Model April 27 Meeting Agenda | dhcf,/publication/payment-model-april-27-meeting-agenda,7
Payment Model December 17th Meeting Summary | dhcf,/node/1135052,3
Payment Model December 17th Navigant Presentation | dhcf,/node/1132104,6
Payment Model December 17th Payment Model Slide Deck Presentation | dhcf,/node/1132109,6
Payment Model December 17th Payment Model Slide Deck Presentation | dhcf,/publication/payment-model-december-17th-payment-model-slide-deck-presentation,4
Payment Model February 5 Meeting Summary | dhcf,/node/1140161,4
Payment Model February 5 Meeting Summary | dhcf,/publication/payment-model-february-5-meeting-summary,2
Payment Model February 5 Payment Model Slide Deck Presentation | dhcf,/node/1140162,1
Payment Model February 5 Payment Model Slide Deck Presentation | dhcf,/publication/payment-model-february-5-payment-model-slide-deck-presentation,8
Payment Model March 17 Meeting Summary | dhcf,/node/1150101,9
Payment Model March 17 Payment Model Slide Deck Presentation | dhcf,/node/1150106,4
Payment Model March 17 Payment Model Slide Deck Presentation | dhcf,/publication/payment-model-march-17-payment-model-slide-deck-presentation,4
Payment Model Meeting Summary April 27 2016 | dhcf,/node/1160322,3
Payment Model Meeting Summary April 27 2016 | dhcf,/publication/payment-model-meeting-summary-april-27-2016,1
Payment Model November 19th Meeting Summary | dhcf,/node/1127807,1
Payment Model November 19th Meeting Summary | dhcf,/publication/payment-model-november-19th-meeting-summary,5
Payments for Primary Care Physician Services - Status Update | dhcf,/release/payments-primary-care-physician-services-status-update,1
PDMS Application User Guides | dhcf,/page/pdms-application-user-guides,406
Pediatric Immunization Attachment 1.5A | dhcf,/node/170012,3
Pediatric Immunization Attachment 1.5A | dhcf,/publication/pediatric-immunization-attachment-15a,8
Pediatric Immunization Attachment 1.5B | dhcf,/node/170022,3
Pediatric Immunization Attachment 1.5B | dhcf,/publication/pediatric-immunization-attachment-15b,1
Pediatric Level of Care Determination Form | dhcf,/publication/pediatric-level-care-determination-form,2
Pediatric Palliative and Hospice Care Final Rulemaking | dhcf,/node/625712,5
Pediatric Palliative and Hospice Care Final Rulemaking | dhcf,/publication/pediatric-palliative-and-hospice-care-final-rulemaking,1
Perinatal Mental Health Task Force | dhcf,/es/publication/perinatal-mental-health-task-force,5
Perinatal Mental Health Task Force | dhcf,/fr/publication/perinatal-mental-health-task-force,1
Perinatal Mental Health Task Force | dhcf,/publication/perinatal-mental-health-task-force,96
Perinatal Mental Health Task Force Interest Meeting | dhcf,/node/1641061,5
Person Centered Planning Brochure for Beneficiaries | dhcf,/es/publication/person-centered-planning-brochure-beneficiaries,3
Person Centered Planning Brochure for Beneficiaries | dhcf,/publication/person-centered-planning-brochure-beneficiaries,6
Person Centered Planning Individual Service Plan Checklist 2016 | dhcf,/publication/person-centered-planning-individual-service-plan-checklist-2016,6
Personal Care Aide Services Reimbursement Rates Notice of Emergency and Proposed Rulemaking | dhcf,/node/1126202,7
Personal Care Aide Services Reimbursement Rates Notice of Emergency and Proposed Rulemaking | dhcf,/publication/personal-care-aide-services-reimbursement-rates-notice-emergency-and-proposed-rulemaking,1
Personal Care Services Notice of Emergency and Proposed Rulemaking | dhcf,/node/1043102,1
Personal Care Services Notice of Emergency and Proposed Rulemaking | dhcf,/publication/personal-care-services-notice-emergency-and-proposed-rulemaking,5
Personal Care Services Notice of Final Rulemaking | dhcf,/node/1090482,1
Personal Emergency Response System Services (PERS) Final Rulemaking | dhcf,/publication/personal-emergency-response-system-services-pers-final-rulemaking,2
Personal Emergency Response System Services Notice of Final Rulemaking | dhcf,/node/1147677,4
Personal Emergency Response System Services Notice of Final Rulemaking | dhcf,/publication/personal-emergency-response-system-services-notice-final-rulemaking,5
Person-Centered Individual Service Plan (PCP) Guide | dhcf,/es/publication/person-centered-individual-service-plan-pcp-guide,6
Person-Centered Individual Service Plan (PCP) Guide | dhcf,/node/1116606,2
Person-Centered Individual Service Plan (PCP) Guide | dhcf,/publication/person-centered-individual-service-plan-pcp-guide,38
Person-Centered Planning | dhcf,/am/release/person-centered-planning,1
Person-Centered Planning | dhcf,/fr/release/person-centered-planning,5
Person-Centered Planning | dhcf,/release/person-centered-planning,87
Physical Therapy Services for Participants in the Home and Community Based Services Waiver for Individual with Intellectual and Development Disabilities Notice of Emergency and Proposed Rulemaking | dhcf,/node/660882,0
Physical Therapy Services for Participants in the Home and Community Based Services Waiver for Individual with Intellectual and Development Disabilities Notice of Emergency and Proposed Rulemaking | dhcf,/publication/notice-final-rulemaking-governing-physical-therapy-individuals-enrolled-home-and-01,8
Physician Therapy Service Notice of Final Rulemaking | dhcf,/node/1176846,2
Postpartum Resources (Baby Blues) | dhcf,/node/209982,9
Postpartum Resources (Baby Blues) | dhcf,/page/postpartum-resources-baby-blues,46
Pre-existing Condition Plans (PCIP) | dhcf,/node/835862,1
Preferred Drug Program Prior Authorization (PA) Form | dhcf,/node/153792,28
Preferred Drug Program Prior Authorization (PA) Form | dhcf,/publication/preferred-drug-program-prior-authorization-pa-form,301
Pregnancy Resources | dhcf,/es/page/pregnancy-resources,2
Pregnancy Resources | dhcf,/fr/page/pregnancy-resources,2
Pregnancy Resources | dhcf,/page/pregnancy-resources,471
Pregnancy Resources | dhcf,/vi/page/pregnancy-resources,3
Pregnant Individual | dhcf,/node/892412,144
Pregnant Individual | dhcf,/node/892412/revisions/6589561/view,1
Pregnant Individual | dhcf,/service/pregnant-individual,429
Pregnant Individual | dhcf,/service/pregnant-women,1
Preguntas frecuentes sobre la carga pública para los habitantes de DC | dhcf,/node/1437866,1
Preguntas frecuentes sobre la carga pública para los habitantes de DC | dhcf,/release/preguntas-frecuentes-sobre-la-carga-pública-para-los-habitantes-de-dc,7
Prenatal Care | dhcf,/node/200182,49
Prenatal Care | dhcf,/page/prenatal-care,44
Pre-Proposal Conference Scheduled for 2/5/20 Cancelled | dhcf,/release/pre-proposal-conference-scheduled-2520-cancelled,10
Prescriptions and Distribution Final Rulemaking | dhcf,/node/364452,1
Prescriptions and Distribution Final Rulemaking | dhcf,/publication/prescriptions-and-distribution-final-rulemaking,4
Presumptive Eligibility | dhcf,/node/892432,140
Presumptive Eligibility | dhcf,/service/presumptive-eligibility,68
Prevocational Services Final Rulemaking | dhcf,/node/364422,1
Prevocational Services Final Rulemaking | dhcf,/publication/prevocational-services-final-rulemaking,7
Primary Care Enhancement through Hospital-Based Physicians Grant 2024 | dhcf,/publication/primary-care-enhancement-through-hospital-based-physicians-grant-2024,14
Privacy Policy for District Direct | dhcf,/page/privacy-policy-district-direct,39
Privacy Policy for District Direct | dhcf,/page/privacy-policy-district-direct/,2
Private Duty Nursing Services Notice of Proposed Rulemaking | dhcf,/node/1175231,5
Private Duty Nursing Services Notice of Proposed Rulemaking | dhcf,/publication/private-duty-nursing-services-notice-proposed-rulemaking,1
Produce Prescription Program for Medicaid and Other Public Insurance Programs Grant | dhcf,/node/1503271,4
Produce Prescription Program for Medicaid and Other Public Insurance Programs Grant | dhcf,/node/1694286,16
Produce Prescription Program for Medicaid and Other Public Insurance Programs Grant | dhcf,/publication/produce-prescription-program-medicaid-and-other-public-insurance-programs-grant,2
Produce Prescription Program for Medicaid and Other Public Insurance Programs Grant | dhcf,/publication/produce-prescription-program-medicaid-and-other-public-insurance-programs-grant-0,8
Produce Prescription Program for Medicaid and Other Public Insurance Programs Grant | dhcf,/publication/produce-prescription-program-medicaid-and-other-public-insurance-programs-grant-1,6
Professional Services Final Rulemaking | dhcf,/node/364572,2
Program Integrity Training | dhcf,/am/page/program-integrity-training,0
Program Integrity Training | dhcf,/page/program-integrity-training,24
Program of All-Inclusive for the Elderly Notice of Proposed Rulemaking | dhcf,/node/1462856,5
Programs for Fathers | dhcf,/node/289102,5
Programs for Fathers | dhcf,/page/programs-fathers,163
Provider Compliance Programs | dhcf,/page/provider-compliance-programs,124
Provider Compliance Programs | dhcf,/vi/node/1295876,4
Provider Directories | dhcf,/page/provider-directories,107
Provider Enrollment Application for Medicaid Electronic Health Record Incentive Program | dhcf,/release/provider-enrollment-application-medicaid-electronic-health-record-incentive-program,9
Provider Information and Forms | dhcf,/PAGE/PROVIDER-INFORMATION-AND-FORMS,4
Provider Information and Forms | dhcf,/am/page/provider-information-and-forms,8
Provider Information and Forms | dhcf,/es/page/provider-information-and-forms,4
Provider Information and Forms | dhcf,/page/provider-information-and-forms,2772
Provider Information and Forms | dhcf,/vi/page/provider-information-and-forms,10
Provider Meetings | dhcf,/node/1390591,15
Provider Meetings | dhcf,/page/learning-collaboratives-01,5
Provider Performance | dhcf,/fr/node/1542341,2
Provider Performance | dhcf,/page/provider-performance,123
Provider Registration Opens for Medicaid EHR Incentive Program | dhcf,/release/provider-registration-opens-medicaid-ehr-incentive-program,1
Provider Screening and Enrollment Notice of Final Rulemaking | dhcf,/node/609762,1
Provider Screening and Enrollment Notice of Final Rulemaking | dhcf,/publication/provider-screening-and-enrollment-notice-final-rulemaking,2
Provider Self-Audit | dhcf,/fr/page/provider-self-audit,9
Provider Self-Audit | dhcf,/page/provider-self-audit,68
Providers - EVV | dhcf,/es/node/1491841,1
Providers - EVV | dhcf,/node/1491841,6
Providers - EVV | dhcf,/page/providers-evv,99
Provision of Emergency Medical Ground Transportation Services | dhcf,/node/1453046,22
Public Forum on Integrated Care - Information to Join | dhcf,/node/1650066,6
Public Forum on Integrated Care | dhcf,/node/1548481,5
Public Forum on Integrated Care | dhcf,/page/medicaid-behavioral-health-integration-stakeholder-advisory-group,1
Public Forum on Integrated Care | dhcf,/page/public-forum-on-integrated-care,56
"Public Hearing on B24-0092, the “Substance Use Prevention and Treatment Omnibus Amendment Act of 2021 | dhcf",/release/public-hearing-b24-0092-“substance-use-prevention-and-treatment-omnibus-amendment-act-2021,7
"Public Hearing on B24-0115, the “Department of Health Care Finance Support Act of 2021” | dhcf",/release/public-hearing-b24-0115-department-health-care-finance-support-act-2021,9
"Public Hearing on B25-0565, the Direct Care Worker Amendment Act of 2023 | dhcf",/release/public-hearing-b25-0565-direct-care-worker-amendment-act-2023,9
Public Hearing on Fiscal Year 2020-21 Performance Oversight of the Department of Health Care Finance | dhcf,/release/public-hearing-fiscal-year-2020-21-performance-oversight-department-health-care-finance,7
Public Hearing on Fiscal Year 2021-22 Performance Oversight of the Department of Health Care Finance | dhcf,/release/public-hearing-fiscal-year-2021-22-performance-oversight-department-health-care-finance,9
Public Hearing on Fiscal Year 2022 Budget Hearing - DHCF's FY2022 Proposed Budget Testimony | dhcf,/release/public-hearing-fiscal-year-2022-budget-hearing-dhcfs-fy2022-proposed-budget-testimony,5
Public Hearing on Fiscal Year 2023 Budget Oversight Hearing | dhcf,/release/public-hearing-fiscal-year-2023-budget-oversight-hearing,6
Public Hearing on Fiscal Year 2023-24 Performance Oversight Hearing Performance Oversight of the Department of Health Care Finance | dhcf,/release/public-hearing-fiscal-year-2023-24-performance-oversight-hearing-performance-oversight,4
Public Meeting: DBH and DHCF Oversight of Free Standing Mental Health Clinics (FSMHCs) | dhcf,/es/node/1295981,1
Public Meeting: DBH and DHCF Oversight of Free Standing Mental Health Clinics (FSMHCs) | dhcf,/release/public-meeting-dbh-and-dhcf-oversight-free-standing-mental-health-clinics-fsmhcs,3
Public Notice and Request for Public Comment on the 2024-2027 Medicaid Managed Care Quality Strategy | dhcf,/release/public-notice-and-request-public-comment-2024-2027-medicaid-managed-care-quality-strategy,2
Public Notice and Request for Public Comment on the Medicaid Managed Care Quality Strategy Draft | dhcf,/release/public-notice-and-request-public-comment-medicaid-managed-care-quality-strategy-draft,6
Public Notice Medicaid Fee Schedule Updates for Anesthesia Services | dhcf,/node/1081192,8
Public Notice Medicaid Fee Schedule Updates for Anesthesia Services | dhcf,/publication/public-notice-medicaid-fee-schedule-updates-anesthesia-services,1
Public Notice Medicaid Fee Schedule Updates for Laboratory Services | dhcf,/node/1084642,1
Public Notice Medicaid Fee Schedule Updates for Laboratory Services | dhcf,/publication/public-notice-medicaid-fee-schedule-updates-laboratory-services,1
Public Notice Medicaid Fee Schedule Updates for Physician Administered Drug | dhcf,/node/1084672,1
Public Notice Medicaid Fee Schedule Updates for Physician Administered Drug | dhcf,/publication/public-notice-medicaid-fee-schedule-updates-physician-administered-drug,1
Public Notice of DC Health Information Exchange (HIE) Policy Board Meeting | dhcf,/release/public-notice-dc-health-information-exchange-hie-policy-board-meeting,4
Public Notice of DC Health Information Exchange Policy Board Meeting | dhcf,/release/dhcf/public-notice-dc-health-information-exchange-policy-board-meeting-0,7
Public Notice of DC Health Information Exchange Policy Board Meeting | dhcf,/release/public-notice-dc-health-information-exchange-policy-board-meeting,7
"Public Notice of DCHIEPB Meeting Agenda, Thursday, February 16, 2017 | dhcf",/release/public-notice-dchiepb-meeting-agenda-thursday-february-16-2017,7
Public Notice of June 2017 Medical Care Advisory Committee Meeting Agenda | dhcf,/release/public-notice-june-2017-medical-care-advisory-committee-meeting-agenda-0001,5
"Public Notice of May 31, 2017 MCAC Meeting | dhcf",/release/public-notice-may-31-2017-mcac-meeting,6
"Public Notice of May 31, 2017 MCAC Meeting Agenda | dhcf",/release/public-notice-may-31-2017-mcac-meeting-agenda,7
Public Notice of MCAC FY17 Meeting Schedule | dhcf,/node/1206067,1
Public Notice of MCAC FY17 Meeting Schedule | dhcf,/release/public-notice-mcac-fy17-meeting-schedule,9
Public Notice of MCAC Meeting Agenda - 1/25/17 | dhcf,/release/public-notice-mcac-meeting-agenda-12517,2
Public Notice of MCAC Meeting Agenda - 2/15/17 | dhcf,/release/public-notice-mcac-meeting-agenda-21517,6
"Public Notice of Medical Care Advisory Board (MCAC) Retreat on Feb. 15, 2017 | dhcf",/release/public-notice-medical-care-advisory-board-mcac-retreat-feb-15-2017,6
"Public Notice of Medical Care Advisory Committee Meeting and Agenda, April 26, 2017 | dhcf",/release/public-notice-medical-care-advisory-committee-meeting-and-agenda-april-26-2017,5
Public Notice of Meeting Cancelation: MCAC Eligibility & Enrollment Subcommittee Meeting | dhcf,/release/public-notice-meeting-cancelation-mcac-eligibility-enrollment-subcommittee-meeting,6
Public Notice of Potential Payment Delays | dhcf,/release/public-notice-potential-payment-delays,7
Public Notice of Proposed Amendments | dhcf,/release/public-notice-proposed-amendments,1
Public Notice of Proposed Amendments | dhcf,/vi/release/public-notice-proposed-amendments,1
Public Notice of Proposed Amendments in the Renewal Application | dhcf,/fr/release/public-notice-proposed-amendments-renewal-application,1
Public Notice of Public Forum on EPD Waiver Amendment | dhcf,/release/public-notice-public-forum-epd-waiver-amendment,2
Public Notice of Revisions to the Statewide Transition Plan for the District Medicaid Program's Home and Community-Based Services Waivers | dhcf,/release/public-notice-revisions-statewide-transition-plan-district-medicaid-programs-home-and,3
Public Notice of the DHCF Pharmacy and Therapeutics Committee | dhcf,/release/public-notice-dhcf-pharmacy-and-therapeutics-committee,9
Public Notice Regarding Federal Government Shutdown | dhcf,/fr/node/1375591,7
Public Notice Regarding Federal Government Shutdown | dhcf,/node/1375591,7
Public Notice Regarding Federal Government Shutdown | dhcf,/release/public-notice-regarding-federal-government-shutdown,21
Public Notice to COVID-19 Medicaid Providers | dhcf,/release/public-notice-covid-19-medicaid-providers,10
Public Notice: Budget Challenges for Medicaid | dhcf,/release/public-notice-budget-challenges-medicaid,39
Public Notice: CANCELED: September 2016 DC Medical Care Advisory Committee Meeting | dhcf,/release/public-notice-canceled-september-2016-dc-medical-care-advisory-committee-meeting,2
Public Notice: COVID-19 Medicaid Beneficiary FAQs 3-27-2020 | dhcf,/release/public-notice-covid-19-medicaid-beneficiary-faqs-3-16-2020,1
Public Notice: COVID-19 Medicaid Beneficiary FAQs 3-27-2020 | dhcf,/release/public-notice-covid-19-medicaid-beneficiary-faqs-3-27-2020,2
Public Notice: DC Home and Community-Based Services Settings Statewide Transition Plan- Implemented and Compliant | dhcf,/fr/node/1434811,5
Public Notice: DC Home and Community-Based Services Settings Statewide Transition Plan- Implemented and Compliant | dhcf,/release/public-notice-district-columbia-home-and-community-based-services-settings-statewide-019,1
Public Notice: DC Medicaid Providers Invited to Attend an Informational Webinar | dhcf,/release/public-notice-dc-medicaid-providers-invited-attend-informational-webinar,2
Public Notice: DC Medical Care Advisory Committee (MCAC) Member Application Period Is Now Open | dhcf,/release/public-notice-dc-medical-care-advisory-committee-mcac-member-application-period-now-open,7
Public Notice: DC Medical Care Advisory Meeting | dhcf,/release/public-notice-dc-medical-care-advisory-meeting,6
Public Notice: Department of Health Care Finance Pharmacy and Therapeutics Committee Meeting | dhcf,/release/public-notice-department-health-care-finance-pharmacy-and-therapeutics-committee-meeting,9
Public Notice: Department of Health Care Finance’s Medicaid Recovery Audit Contractor (RAC) Starting in FY 2019 | dhcf,/release/public-notice-department-health-care-finance’s-medicaid-recovery-audit-contractor-rac,2
Public Notice: DHCF Hiring Event for DCAS Administration | dhcf,/release/public-notice-dhcf-hiring-event-dcas-administration,9
Public Notice: DHCF Hosts DC Medicaid Open House: Unlock the Door to DC Medicaid Managed Care | dhcf,/release/public-notice-dhcf-hosts-dc-medicaid-open-house-unlock-door-dc-medicaid-managed-care,3
"Public Notice: DHCF is Accepting MCAC Membership Applications--Due October 3, 2017 | dhcf",/release/public-notice-dhcf-accepting-mcac-membership-applications-due-october-3-2017,2
"Public Notice: DHCF Is Extending the Deadline for MCAC Membership Applications-Applications Are Now Due Friday, February 15, 2019 | dhcf",/release/public-notice-dhcf-extending-deadline-mcac-membership-applications-applications-are-now-due,3
Public Notice: DHCF Medical Care Advisory Committee | dhcf,/release/public-notice-dhcf-medical-care-advisory-committee,5
Public Notice: DHCF Medical Care Advisory Committee | dhcf,/release/public-notice-dhcf-medical-care-advisory-committee-0,3
Public Notice: DHCF Operations in the Event of a Federal Government Shutdown | dhcf,/fr/node/1302556,1
Public Notice: DHCF Operations in the Event of a Federal Government Shutdown | dhcf,/release/public-notice-dhcf-operations-event-federal-government-shutdown,17
Public Notice: DHCF Provider Payment Delay | dhcf,/release/public-notice-dhcf-provider-payment-delay,1
Public Notice: DHCF Provider Payment Delay | dhcf,/release/public-notice-dhcf-provider-payment-delay-0,5
Public Notice: DHCF Provider Payment Delay | dhcf,/release/public-notice-dhcf-provider-payment-delay-01,3
Public Notice: DHCF Provider Payment Delay | dhcf,/release/public-notice-dhcf-provider-payment-delay-0222,6
Public Notice: DHCF Provider Payment Delay | dhcf,/release/public-notice-dhcf-provider-payment-delay-06,1
Public Notice: DHCF Provider Payment Delay | dhcf,/release/public-notice-dhcf-provider-payment-delay-1,7
"Public Notice: DHCF Provider Payments Delayed to Monday, October 6, 2014 | dhcf",/release/public-notice-dhcf-provider-payments-delayed-monday-october-6-2014,2
Public Notice: DHCF Response to Federal HHS/Centers for Medicare and Medicaid Services (CMS): Medicaid Program- Request for Information (RFI) | dhcf,/release/public-notice-dhcf-response-federal-hhscenters-medicare-and-medicaid-services-cms-medicaid,2
Public Notice: DHCF Statement on SOVALDI | dhcf,/release/public-notice-dhcf-statement-sovaldi,2
Public Notice: DHCF/DBH Medicaid Behavioral Health Transformation Request for Information (RFI) Summary | dhcf,/release/public-notice-dhcfdbh-medicaid-behavioral-health-transformation-request-information-rfi,2
Public Notice: District Medicaid Section 1115 Behavioral Health Transformation Waiver Stakeholder Kickoff Meeting | dhcf,/release/public-notice-district-medicaid-section-1115-behavioral-health-transformation-waiver,6
Public Notice: District of Columbia Home and Community-Based Services Settings Statewide Transition Plan-September 2018 Data Update | dhcf,/release/public-notice-district-columbia-home-and-community-based-services-settings-statewide,7
Public Notice: District of Columbia Plan to Comply with New Federal Home and Community Based Services Requirements | dhcf,/release/public-notice-district-columbia-plan-comply-new-federal-home-and-community-based-services,5
Public Notice: District of Columbia Substance Use Disorder Community Need and Service Capacity Assessment: Summary Report of Findings and Recommendations | dhcf,/release/public-notice-district-columbia-substance-use-disorder-community-need-and-service-capacity,12
Public Notice: DRAFT Application to Extend the Section 1115(a) Demonstration for Childless Adults | dhcf,/release/public-notice-draft-application-extend-section-1115a-demonstration-childless-adults,7
Public Notice: Long Term Care Financial Eligibility Training | dhcf,/am/release/public-notice-long-term-care-financial-eligibility-training,4
Public Notice: March 2020 MCAC Virtual Meeting | dhcf,/release/public-notice-march-2020-mcac-virtual-meeting-0,6
"Public Notice: Mayoral Order 2021-105 Health Care Resources Emergency Administrative Issuance, September 1, 2021 | dhcf",/release/public-notice-mayoral-order-2021-105-health-care-resources-emergency-administrative-issuance,4
Public Notice: MCAC Special Meeting: 2019 DHCF Budget Briefing | dhcf,/release/public-notice-mcac-special-meeting-2019-dhcf-budget-briefing,6
Public Notice: MCAC Sub-Committee Meeting Schedule | dhcf,/release/public-notice-mcac-sub-committee-meeting-schedule,10
Public Notice: Medicaid Estate Recovery Fact Sheet | dhcf,/release/public-notice-medicaid-estate-recovery-fact-sheet,104
Public Notice: Medicaid Reform is coming to DC! | dhcf,/release/public-notice-medicaid-reform-coming-dc,6
Public Notice: Medical Care Advisory Committee Meeting | dhcf,/es/release/public-notice-medical-care-advisory-committee-meeting-001,3
Public Notice: Medical Care Advisory Committee Meeting | dhcf,/release/dhcf/public-notice-medical-care-advisory-committee-meeting-0,6
Public Notice: Medical Care Advisory Committee Meeting | dhcf,/release/public-notice-medical-care-advisory-committee-meeting,6
Public Notice: Medical Care Advisory Committee Meeting | dhcf,/release/public-notice-medical-care-advisory-committee-meeting-0,6
Public Notice: Medical Care Advisory Committee Meeting | dhcf,/release/public-notice-medical-care-advisory-committee-meeting-001,1
Public Notice: Medical Care Advisory Committee Meeting | dhcf,/release/public-notice-medical-care-advisory-committee-meeting-1,1
Public Notice: Medical Care Advisory Committee Meeting | dhcf,/release/public-notice-medical-care-advisory-committee-meeting-2,5
Public Notice: Notice of Proposed Amendments and Proposed Transition Plan to the Home and Community-Based Waiver for Persons with Intellectual and Developmental Disabilities | dhcf,/release/public-notice-notice-proposed-amendments-and-proposed-transition-plan-home-and-community,2
Public Notice: Opportunity for Public Comment: IDD Waiver Renewal Documents | dhcf,/release/public-notice-opportunity-public-comment-idd-waiver-renewal-documents,4
Public Notice: Payment Delays | dhcf,/release/public-notice-payment-delays-0,7
Public Notice: Proposed Medicaid State Plan Amendment Governing Health Homes for Individuals With Serious Mental Health Conditions | dhcf,/release/public-notice-proposed-medicaid-state-plan-amendment-governing-health-homes-individuals,3
Public Notice: Provider Payment Delays | dhcf,/release/public-notice-provider-payment-delays,4
Public Notice: Provider Payment Delays | dhcf,/release/public-notice-provider-payment-delays-0,5
Public Notice: Report on Stakeholder Responses to Request for Information on Potential Medicaid ACOs | dhcf,/fr/release/public-notice-report-stakeholder-responses-request-information-potential-medicaid-acos,5
Public Notice: Report on Stakeholder Responses to Request for Information on Potential Medicaid ACOs | dhcf,/release/public-notice-report-stakeholder-responses-request-information-potential-medicaid-acos,11
Public Notice: Request for Applications (RFA) | dhcf,/release/public-notice-request-applications-rfa,1
Public Notice: Revisions to the Statewide Transition Plan: DC Medicaid Home and Community Based Services Waiver | dhcf,/release/public-notice-revisions-statewide-transition-plan-district-medicaid-programs-home-and-01,2
Public Notice: State Health Innovation Plan Released for Public Comment | dhcf,/release/public-notice-state-health-innovation-plan-released-public-comment,8
PUBLIC NOTICE: Uninsured DC Residents Can Apply for Free Health Insurance | dhcf,/release/public-notice-uninsured-dc-residents-can-apply-free-health-insurance,15
Public Notice: Updated MCAC Meeting Schedule | dhcf,/release/public-notice-updated-mcac-meeting-schedule,7
"Public Notice: Wed., Oct. 25th DC Medical Care Advisory Committee Meeting | dhcf",/release/public-notice-wed-oct-25th-dc-medical-care-advisory-committee-meeting,1
Public Oversight Roundtable On The Impacts of Pharmaceutical Marketing on Healthcare Services in the District of Columbia: Focus on Use of Antipsychotics in Children | dhcf,/release/public-oversight-roundtable-impacts-pharmaceutical-marketing-healthcare-services-district,2
"Public Roundtable on “The Department of Health Care Finance” Testimony of Wayne Turnage Deputy Mayor for Health and Human Services and Director, Department of Health Care Finance | dhcf",/release/public-roundtable-department-health-care-finance-testimony-wayne-turnage-deputy-mayor,6
"Public Roundtable on “The District's Covid-19 Vaccination Process” Testimony of Wayne Turnage Deputy Mayor for Health and Human Services and Director, Department of Health Care Finance | dhcf",/release/public-roundtable-districts-covid-19-vaccination-process-testimony-wayne-turnage-deputy,4
"Public Roundtable on “The Public Health Element of the District’s COVID-19 Response” - Testimony of Wayne Turnage Deputy Mayor for Health and Human Services and Director, Department of Health Care Finance | dhcf",/release/public-roundtable-“-public-health-element-district’s-covid-19-response”-testimony-wayne,5
Publications | dhcf,/publications,171
Publications | dhcf,/publications/medicaid,1
Publications and Forms | dhcf,/am/page/publications-and-forms,36
Publications and Forms | dhcf,/es/page/publications-and-forms,39
Publications and Forms | dhcf,/fr/page/publications-and-forms,46
Publications and Forms | dhcf,/page/publications-and-forms,182
Publications and Forms | dhcf,/vi/page/publications-and-forms,42
Publications List | dhcf,/publications-list,15
QMB Application Packet May 2014 | dhcf,/node/912502,2
Qualified Medicare Beneficiary Program (QMB) | dhcf,/publication/qualified-medicare-beneficiary-program-qmb,7
Qualified Medicare Beneficiary Program | dhcf,/node/835662,5
Qualified Medicare Beneficiary Program | dhcf,/publication/qualified-medicare-beneficiary-program,8
Quality Metrics December 14th Meeting Summary | dhcf,/node/1157115,5
Quality Metrics December 14th Presentation | dhcf,/node/1130937,1
Quality Metrics December 14th Presentation | dhcf,/publication/quality-metrics-december-14th-presentation,3
Quality Metrics Feb 22 Meeting Summary | dhcf,/node/1157121,7
Quality Metrics Feb 22 Meeting Summary | dhcf,/publication/quality-metrics-feb-22-meeting-summary,1
Quality Metrics March 28 Meeting Summary | dhcf,/node/1157131,5
Quality Metrics March 28 Meeting Summary | dhcf,/publication/quality-metrics-march-28-meeting-summary,1
Quality Metrics November 16th Meeting Agenda | dhcf,/node/1127042,9
Quality Metrics November 16th Meeting Agenda | dhcf,/publication/quality-metrics-november-16th-meeting-agenda,1
Quality Metrics November 16th Meeting Summary | dhcf,/node/1127052,3
Quality Metrics November 16th Meeting Summary | dhcf,/publication/quality-metrics-november-16th-meeting-summary,1
Quality Metrics November 16th Presentation | dhcf,/node/1127057,7
Quality Metrics November 16th Presentation | dhcf,/publication/quality-metrics-november-16th-presentation,1
Rates and Reimbursements | dhcf,/am/node/1420861,42
Rates and Reimbursements | dhcf,/es/node/1420861,48
Rates and Reimbursements | dhcf,/fr/node/1420861,52
Rates and Reimbursements | dhcf,/node/1420861,35
Rates and Reimbursements | dhcf,/page/rates-and-reimbursements,1707
Rates and Reimbursements | dhcf,/page/rates-and-reimbursements/,90
Rates and Reimbursements | dhcf,/vi/node/1420861,2
Read DHCF’s First Access Monitoring Review Plan for the FFS Medicaid Program | dhcf,/page/read-dhcf’s-first-access-monitoring-review-plan-ffs-medicaid-program,4
Register to Access the Qualis Health Provider Portal | dhcf,/es/release/register-access-qualis-health-provider-portal,3
Register to Access the Qualis Health Provider Portal | dhcf,/release/register-access-qualis-health-provider-portal,7
Registration Open for DHCF Health Information Exchange Stakeholder Summit | dhcf,/release/registration-open-dhcf-health-information-exchange-stakeholder-summit,11
Reimbursement for Intermediate Care Facilities for Individuals with Intellectual Disabilities Final Rulemaking | dhcf,/node/625692,1
Reimbursement for Intermediate Care Facilities for Individuals with Intellectual Disabilities Final Rulemaking | dhcf,/publication/reimbursement-intermediate-care-facilities-individuals-intellectual-disabilities-final,3
Reimbursement of Nursing Facilities Final Rulemaking | dhcf,/node/475422,2
Reimbursement of Nursing Facilities Final Rulemaking | dhcf,/publication/reimbursement-nursing-facilities-final-rulemaking,3
Relations with Standard-Setting and Survey Agencies Attachment 4.11A | dhcf,/node/192612,2
Relations with State Health and Vocational Rehabilitation Agencies and Title V Grantees Attachment 4.16A1 | dhcf,/node/192652,1
Relations with State Health and Vocational Rehabilitation Agencies and Title V Grantees Attachment 4.16A1 | dhcf,/publication/relations-state-health-and-vocational-rehabilitation-agencies-and-title-v-grantees,1
Relations with State Health and Vocational Rehabilitation Agencies and Title V Grantees Attachment 4.16A2 | dhcf,/node/192662,8
Relations with State Health and Vocational Rehabilitation Agencies and Title V Grantees Attachment 4.16A3 | dhcf,/node/192672,7
Remote Patient Monitoring (RPM) Pilot for Home and Community Based Services (HCBS) Providers and Beneficiaries Grant | dhcf,/publication/remote-patient-monitoring-rpm-pilot-home-and-community-based-services-hcbs-providers-and,16
Repeal of the Affordable Care Act’s Medicaid Expansion Could Cost the District $1.1 Billion in Federal Funds | dhcf,/release/repeal-affordable-care-act’s-medicaid-expansion-could-cost-district-11-billion-federal-funds,9
Repeats | dhcf,/node/1311336/repeats,1
Repeats | dhcf,/node/1504721/repeats,5
Repeats | dhcf,/node/1515181/repeats,3
"Reporting Fraud, Waste and Abuse | dhcf",/es/page/reporting-fraud-waste-and-abuse-01,1
"Reporting Fraud, Waste and Abuse | dhcf",/page/reporting-fraud-waste-and-abuse-01,118
Reporting Medicaid Fraud and Abuse | dhcf,/fr/service/reporting-medicaid-fraud-and-abuse,3
Reporting Medicaid Fraud and Abuse | dhcf,/service/reporting-medicaid-fraud-and-abuse,127
Request for Determination of Coverage and Pricing | dhcf,/node/1654686,3
Request for Determination of Coverage and Pricing | dhcf,/service/request-determination-coverage-and-pricing,16
Request for Proposal for the Not-For-Profit Hospital Corporation | dhcf,/release/request-proposal-not-profit-hospital-corporation,12
Request for Public Comments on DC Navigator Program by May 4 | dhcf,/release/request-public-comments-dc-navigator-program-may-4,1
Residential Habilitation Services Notice of Final Rulemaking | dhcf,/node/1141867,8
Residential Habilitation Services Notice of Final Rulemaking | dhcf,/publication/residential-habilitation-services-notice-final-rulemaking,2
Respite Services Notice of Final Rulemaking | dhcf,/node/1147701,5
Retroactive Medicaid Application | dhcf,/node/912522,2
Revised Joint Public Hearing Notice for Hospital Agreements | dhcf,/release/revised-joint-public-hearing-notice-hospital-agreements,6
RFA: Hospital HIE Connection Program | dhcf,/publication/rfa-hospital-hie-connection-program,5
Right Rx Initiative | dhcf,/es/service/right-rx-initiative,2
Right Rx Initiative | dhcf,/service/right-rx-initiative,150
Robert B. Vowels | dhcf,/biography/robert-b-vowels,15
rui_footer | dhcf,/rui_footer,9
rui_header | dhcf,/rui_header,7
"Screening, Diagnostic and Preventive Services Final Rulemaking | dhcf",/node/820822,1
"Screening, Diagnostic and Preventive Services Final Rulemaking | dhcf",/publication/screening-diagnostic-and-preventive-services-final-rulemaking,8
Section 1 - Single State Agency Organization | dhcf,/node/169822,18
Section 1115 Demonstration | dhcf,/1115-waiver-initiative,317
Section 1115 Demonstration | dhcf,/es/1115-waiver-initiative,10
Section 1135 Waiver Requests to Assist Healthcare Providers in Responding to COVID-19 | dhcf,/node/1473406,7
Section 1135 Waiver Requests to Assist Healthcare Providers in Responding to COVID-19 | dhcf,/publication/section-1135-waiver-requests-assist-healthcare-providers-responding-covid-19,8
Section 2 - Coverage and Eligibility | dhcf,/node/191402,29
Section 2 - Coverage and Eligibility | dhcf,/publication/section-2-coverage-and-eligibility,1
Section 3 – Services: General Provisions | dhcf,/node/192132,28
Section 4 – General Program Administration (4.1 - 4.14) | dhcf,/node/192592,20
Section 4 – General Program Administration (4.1 - 4.14) | dhcf,/publication/section-4-–-general-program-administration-41-414,4
Section 4 – General Program Administration (4.15 - 4.19) | dhcf,/node/192632,2
Section 4 – General Program Administration (4.15 - 4.19) | dhcf,/publication/section-4-–-general-program-administration-415-419,7
Section 4 – General Program Administration (4.20 - 4.40) | dhcf,/node/192872,8
Section 5 – Personnel Administration | dhcf,/node/193522,4
Section 5 – Personnel Administration | dhcf,/publication/section-5-–-personnel-administration,6
Section 6 – Financial Administration | dhcf,/node/193612,24
Section 7 – General Provisions | dhcf,/node/193702,7
Section 7 – General Provisions | dhcf,/publication/section-7-–-general-provisions,4
Sept 2012 MCAC Agenda | dhcf,/node/325262,2
Sept 2012 MCAC Agenda | dhcf,/publication/sept-2012-mcac-agenda,5
September 15 - Advisory Committee Agenda | dhcf,/node/1121751,2
September 15 - Advisory Committee Agenda | dhcf,/publication/september-15-advisory-committee-agenda,1
September 15 - Advisory Committee Minutes | dhcf,/node/1121752,4
September 15 - Advisory Committee Minutes | dhcf,/publication/september-15-advisory-committee-minutes,1
September 2015 MCAC Minutes | dhcf,/node/1140422,1
September 2015 MCAC Minutes | dhcf,/publication/september-2015-mcac-minutes,4
"September 23, 2015 MCAC Agenda | dhcf",/node/1113806,1
"September 23, 2015 MCAC Agenda | dhcf",/publication/september-23-2015-mcac-agenda,5
September MCAC Access Subcommittee Agenda and Materials | dhcf,/event/september-mcac-access-subcommittee-agenda-and-materials,4
September MCAC Access Subcommittee Agenda and Materials | dhcf,/node/1494966,1
September Monthly Meeting | dhcf,/page/september-monthly-meeting,3
Service My Way Program (PDS) Notice of Second Emergency and Proposed Rulemaking | dhcf,/node/1205815,2
Service My Way Program (PDS) Notice of Second Emergency and Proposed Rulemaking | dhcf,/publication/service-my-way-program-pds-notice-second-emergency-and-proposed-rulemaking,5
Service My Way Program Notice of Final Rulemaking | dhcf,/node/1200072,1
Service My Way Program Notice of Final Rulemaking | dhcf,/publication/service-my-way-program-notice-final-rulemaking,2
Services | dhcf,/am/services,1
Services | dhcf,/es/services,2
Services | dhcf,/fr/services,1
Services | dhcf,/services,1846
Services | dhcf,/services/career,1
Services My Way RFI Responses | dhcf,/am/node/1528246,5
Services My Way RFI Responses | dhcf,/es/node/1528246,1
Services My Way RFI Responses | dhcf,/fr/node/1528246,7
Services My Way RFI Responses | dhcf,/page/services-my-way-rfi-responses,578
Shared Living Services Notice of Final Rulemaking | dhcf,/node/1108467,5
Shared Living Services Notice of Final Rulemaking | dhcf,/publication/shared-living-services-notice-final-rulemaking,1
"Shelly Ten Napel, MSW, MPP | dhcf",/biography/shelly-ten-napel-msw-mpp,5
"Sheryl Johnson, Esq. | dhcf",/biography/sheryl-johnson-esq,27
"Sheryl Johnson, Esq. | dhcf",/node/1197302,31
SIM in the District | dhcf,/node/1121762,1
SIM in the District | dhcf,/publication/sim-district,2
SIM Master Calendar | dhcf,/es/publication/sim-master-calendar,5
SIM Master Calendar | dhcf,/node/1122724,5
SIM Master Calendar | dhcf,/publication/sim-master-calendar,1
SIM States | dhcf,/am/page/sim-states,8
SIM States | dhcf,/page/sim-states,2
Sister Agencies | dhcf,/am/node/1262406,46
Sister Agencies | dhcf,/es/node/1262406,40
Sister Agencies | dhcf,/node/1262406,47
Sister Agencies | dhcf,/page/sister-agencies,39
Skilled Nursing Services Final Rulemaking | dhcf,/node/781732,1
Skilled Nursing Services Final Rulemaking | dhcf,/publication/skilled-nursing-services-final-rulemaking,5
Skilled Nursing Services Notice of Final Rulemaking | dhcf,/node/1176856,8
Skilled Nursing Services Notice of Final Rulemaking | dhcf,/publication/skilled-nursing-services-notice-final-rulemaking-0,0
Spanish - Stakeholder Communications Toolkit | dhcf,/page/spanish-stakeholder-communications-toolkit-0,9
Special Immigrant Visa Status Medicaid Application Information | dhcf,/node/1559416,23
Special Immigrant Visa Status Medicaid Application Information | dhcf,/service/special-immigrant-visa-status-medicaid-application-information,10
"Speech, Hearing and Language Services Notice of Final Rulemaking | dhcf",/node/364552,9
"Speech, Hearing and Language Services Notice of Final Rulemaking | dhcf",/publication/speech-hearing-and-language-services-notice-final-rulemaking,1
Spenddown for Medically Needy Coverage Notice of Proposed Rulemaking | dhcf,/node/1422386,5
Spenddown for Medically Needy Coverage Notice of Proposed Rulemaking | dhcf,/publication/spenddown-medically-needy-coverage-notice-proposed-rulemaking,1
St. Elizabeths East - Photo Gallery - Draft Renderings | dhcf,/node/1317131,9
St. Elizabeths East - Photo Gallery - Draft Renderings | dhcf,/page/st-elizabeths-east-photo-gallery-draft-renderings,1
Stakeholder Meetings - EVV | dhcf,/page/stakeholder-meetings-evv,27
Standard Application for Health Coverage & Help Paying Costs | dhcf,/node/912402,5
Standard Application for Health Coverage & Help Paying Costs | dhcf,/publication/standard-application-health-coverage-help-paying-costs,1
Standard Contract Provisions (for use with the Supply and Service Contract) | dhcf,/publication/standard-contract-provisions-use-supply-and-service-contract,1
Standards for Participation of Residential Treatment Centers for Children and Youth (PRTF) Final Rulemaking | dhcf,/node/175542,1
Standards for Participation of Residential Treatment Centers for Children and Youth (PRTF) Final Rulemaking | dhcf,/publication/standards-participation-residential-treatment-centers-children-and-youth-prtf-final,4
State Innovation Model Advisory Committee Meeting | dhcf,/release/state-innovation-model-advisory-committee-meeting,1
State Medicaid Health IT Plan (SMHP) and Roadmap | dhcf,/hitroadmap,49
State Plan Administration | dhcf,/node/838452,11
State Plan Administration | dhcf,/publication/state-plan-administration,6
Statement from Mayor Bowser on Potential Disruptions of Health Care Services for Medicaid and Alliance Enrollees | dhcf,/release/statement-mayor-bowser-potential-disruptions-health-care-services-medicaid-and-alliance,6
"Statement from Mayor Bowser on the Passage of H.R. 1628, American Health Care Act | dhcf",/release/statement-mayor-bowser-passage-hr-1628-american-health-care-act,1
Streamline App Cover Letter Final | dhcf,/publication/streamline-app-cover-letter-final,2
Streamline Enrollment Form Final | dhcf,/publication/streamline-enrollment-form-final,5
Supplement 1 to Attachment 2.2-A | dhcf,/node/1171251,15
Supplement 1 to Attachment 2.2-A | dhcf,/publication/supplement-1-attachment-22,4
Supplement 18 to Attachment 2.6A | dhcf,/node/821412,14
Supplement 18 to Attachment 2.6A | dhcf,/publication/supplement-18-attachment-26a,1
Supplemental Security Income (SSI) Program | dhcf,/node/892342,74
Supplemental Security Income (SSI) Program | dhcf,/service/supplemental-security-income-ssi-program,407
Supplemental Security Income and Optional State Supplemental Payment Notice of Proposed Rulemaking | dhcf,/node/1312596,1
Supplemental Security Income Based Methodology of Certain Non-MAGI Eligibility Group Notice of Final Rulemaking | dhcf,/node/1155501,4
Supplemental Security Income Based Methodology of Certain Non-MAGI Eligibility Group Notice of Final Rulemaking | dhcf,/publication/supplemental-security-income-based-methodology-certain-non-magi-eligibility-group-notice,1
Support to Ensure Access to Outpatient Care in Wards 7 and 8 | dhcf,/node/1549651,6
Support to Ensure Access to Outpatient Care in Wards 7 and 8 | dhcf,/publication/support-ensure-access-outpatient-care-wards-7-and-8,9
Supported Employment Services Final Rulemaking | dhcf,/node/364392,4
Supported Employment Services Final Rulemaking | dhcf,/publication/supported-employment-services-final-rulemaking,1
Supported Employment Services Notice of Final Rulemaking | dhcf,/node/1176861,4
Supported Employment Services Notice of Final Rulemaking | dhcf,/publication/supported-employment-services-notice-final-rulemaking,7
Supported Living Services Notice of Final Rulemaking | dhcf,/node/1068502,1
Supported Living Services Notice of Final Rulemaking | dhcf,/publication/supported-living-services-notice-final-rulemaking,1
Surveillance/Utilization Branch Overpayment Notice | dhcf,/am/page/surveillanceutilization-branch-overpayment-notice,2
Surveillance/Utilization Branch Overpayment Notice | dhcf,/es/page/surveillanceutilization-branch-overpayment-notice,5
Surveillance/Utilization Branch Overpayment Notice | dhcf,/page/surveillanceutilization-branch-overpayment-notice,16
"Sustainability Subcommittee Meetings - June 9, 2016 | dhcf",/publication/sustainability-subcommittee-meetings-june-9-2016,1
"Sustainability Subcommittee Meetings - October 20, 2016 | dhcf",/node/1195127,1
"Sustainability Subcommittee Meetings - October 20, 2016 | dhcf",/publication/sustainability-subcommittee-meetings-october-20-2016,1
"Sustainability Subcommittee Meetings - October 6, 2016 | dhcf",/node/1194032,4
"Sustainability Subcommittee Meetings - October 6, 2016 | dhcf",/publication/sustainability-subcommittee-meetings-october-6-2016,1
"Sustainability Subcommittee Meetings - September 9, 2016 | dhcf",/publication/sustainability-subcommittee-meetings-september-9-2016,4
Tax Equity and Fiscal Responsibility Act (TEFRA)/Katie Beckett | dhcf,/katiebeckett,281
Tax Equity and Fiscal Responsibility Act (TEFRA)/Katie Beckett | dhcf,/node/892362,30
Tax Equity and Fiscal Responsibility Act (TEFRA)/Katie Beckett | dhcf,/service/tax-equity-and-fiscal-responsibility-act-tefrakatie-beckett,45
Teen Pregnancy Snapshot | dhcf,/node/1137821,6
Teen Pregnancy Snapshot | dhcf,/publication/teen-pregnancy-snapshot,5
TEFRA/Katie Beckett Care Plan Form | dhcf,/publication/tefrakatie-beckett-care-plan-form,1
Telehealth at Faith-Based Organizations Pilot Program | dhcf,/node/1393701,6
Telehealth Innovation Program | dhcf,/fr/node/1333076,3
Telehealth Innovation Program | dhcf,/telehealthinnovation,25
Telemedicine | dhcf,/es/page/telemedicine,7
Telemedicine | dhcf,/node/1173690,25
Telemedicine | dhcf,/page/telemedicine,264
Telemedicine Innovations in Medication Assisted Therapy (TeleMAT) Grant | dhcf,/node/1502196,8
Testimony of Wayne Turnage - Committee on Health Oversight Roundtable | dhcf,/release/testimony-wayne-turnage-committee-health-oversight-roundtable,8
Text LiveLongDC to 888-811 to Find No Cost Naloxone Available at 35 Sites Across the District | dhcf,/release/text-livelongdc-888-111to-find-no-cost-naloxone-available-35-sites-across-district-01,4
The Executive Building | dhcf,/fr/node/1734646,3
Third Party Liability Attachment 4.22A | dhcf,/node/192882,12
Third Party Liability Attachment 4.22A | dhcf,/publication/third-party-liability-attachment-422a,1
Third Party Liability Attachment 4.22B | dhcf,/node/192892,10
Third Party Liability Attachment 4.22B | dhcf,/publication/third-party-liability-attachment-422b,8
Third Party Liability Attachment 4.22C | dhcf,/node/192902,6
Third Party Liability Attachment 4.22C | dhcf,/publication/third-party-liability-attachment-422c,13
Time Limitation on Payment of Medicaid Provider Claims Final Rulemaking | dhcf,/node/468552,3
Training Videos | dhcf,/page/training-videos,668
Transfer Request Forms and Defective PA Forms | dhcf,/publication/transfer-request-forms-and-defective-pa-forms,2
Transforming Maternal Health | dhcf,/am/node/1773956,2
Transforming Maternal Health | dhcf,/page/transforming-maternal-health,479
Transforming Maternal Health | dhcf,/vi/node/1773956,2
Transition to Managed Care | dhcf,/node/1491391,5
Transition to Managed Care | dhcf,/page/transition-managed-care001,99
Transitional Medical Services Notice of Final Rulemaking | dhcf,/node/1002932,5
"Transmital 22-34 - Doula Benefit, Provider Qualifications and Enrollment, Rates and Reimbursement Standards | dhcf",/node/1622911,72
"Transmital 22-34 - Doula Benefit, Provider Qualifications and Enrollment, Rates and Reimbursement Standards | dhcf",/publication/transmital-22-34-doula-benefit-provider-qualifications-and-enrollment-rates-and,55
Transmittal # 21-05 (rev.) REVISED: Hospital Services Billing Codes and Reimbursement Rates for COVID-19 Vaccine Administration | dhcf,/node/1526291,1
Transmittal # 21-05 (rev.) REVISED: Hospital Services Billing Codes and Reimbursement Rates for COVID-19 Vaccine Administration | dhcf,/publication/transmittal-21-05-rev-revised-hospital-services-billing-codes-and-reimbursement-rates,4
"Transmittal # 21-52 (rev) Home Health Agency (HHA) Living Wage Rate Changes Effective January 1, 2022 | dhcf",/publication/transmittal-21-52-rev-home-health-agency-hha-living-wage-rate-changes-effective-january,7
Transmittal # 22-01 Reimbursement of Out-of-Pocket Expenditures for Managed Care Medicaid Beneficiaries | dhcf,/publication/transmittal-22-01-reimbursement-out-pocket-expenditures-managed-care-medicaid,2
Transmittal # 22-02 Reimbursement of Out-of-Pocket Expenditures for Non-Managed Care Medicaid Beneficiaries | dhcf,/publication/transmittal-22-02-reimbursement-out-pocket-expenditures-non-managed-care-medicaid,5
Transmittal # 22-05 - Updates to Chore and Homemaker Fee Schedule | dhcf,/publication/transmittal-22-05-updates-chore-and-homemaker-fee-schedule,4
Transmittal # 22-05 (rev.) - Updates to Chore and Homemaker Fee Schedule | dhcf,/publication/transmittal-22-05-rev-updates-chore-and-homemaker-fee-schedule,5
Transmittal # 22-06 - Professional Services Billing Codes and Reimbursement Rates for COVID-19 Vaccines – Addition of New Vaccines and 2022 Rates | dhcf,/publication/transmittal-22-06-professional-services-billing-codes-and-reimbursement-rates-covid-19,9
"Transmittal # 22-07 - Professional Services Billing Code and Reimbursement Rate for Newly Approved Antiviral Therapy Billing Code for COVID-19, Remdesivir | dhcf",/publication/transmittal-22-07-professional-services-billing-code-and-reimbursement-rate-newly,5
Transmittal # 22-08 - COVID-19 Test Kits Reimbursement Process | dhcf,/publication/transmittal-22-08-covid-19-test-kits-reimbursement-process,14
Transmittal # 22-09 - Personal Care Aides Maximum Hours of Service | dhcf,/publication/transmittal-22-09-personal-care-aides-maximum-hours-service,15
Transmittal # 22-10 - Updates to the Laboratory Billing Codes and Reimbursement Rates for COVID-19 Testing | dhcf,/publication/transmittal-22-10-updates-laboratory-billing-codes-and-reimbursement-rates-covid-19,4
Transmittal # 22-20 - PCA Living Wage Changes Effective 07-01-2022 - COVID-19 Enhanced Rate | dhcf,/publication/transmittal-22-20-pca-living-wage-changes-effective-07-01-2022-covid-19-enhanced-rate,9
Transmittal # 22-21 - HHA PT OT and ST Rates 07-01-2022 | dhcf,/publication/transmittal-22-21-hha-pt-ot-and-st-rates-07-01-2022,5
Transmittal # 22-23 - ICFIID 07-01-2022 Rate Change | dhcf,/publication/transmittal-22-23-icfiid-07-01-2022-rate-change,8
Transmittal # 23-35 Public Notice of Submission of State Plan Amendment – Autism Spectrum Disorder | dhcf,/node/1676901,1
Transmittal # 23-35 Public Notice of Submission of State Plan Amendment – Autism Spectrum Disorder | dhcf,/publication/transmittal-23-35-public-notice-submission-state-plan-amendment-–-autism-spectrum,5
Transmittal #19-07 – Institutional Claims: Attending Provider Enrollment and NPI Requirements | dhcf,/node/1395081,1
Transmittal #19-07 – Institutional Claims: Attending Provider Enrollment and NPI Requirements | dhcf,/publication/transmittal-19-07-–-institutional-claims-attending-provider-enrollment-and-npi,12
"Transmittal #19-12 – Final Reminder: Program Year 2018 of the DC Medicaid EHR Incentive Program will close on April 15, 2019 | dhcf",/node/1397986,1
"Transmittal #19-12 – Final Reminder: Program Year 2018 of the DC Medicaid EHR Incentive Program will close on April 15, 2019 | dhcf",/publication/transmittal-19-12-–-final-reminder-program-year-2018-dc-medicaid-ehr-incentive-program,4
Transmittal #19-13 – Pediatric Mental Health and Maternal Depression Screening Coverage and Tools | dhcf,/node/1403921,2
Transmittal #19-13 – Pediatric Mental Health and Maternal Depression Screening Coverage and Tools | dhcf,/publication/transmittal-19-13-–-pediatric-mental-health-and-maternal-depression-screening-coverage,2
Transmittal #19-25 (Rev.)_Enrollment of New Behavioral Health Provider Types | dhcf,/node/1453011,1
Transmittal #19-31 (rev.) - Services Provided in Institutions for Mental Disease for Medicaid Beneficiaries Aged 21-64 | dhcf,/publication/transmittal-19-31-rev-services-provided-institutions-mental-disease-medicaid,1
Transmittal #20-03 - Reimbursement of Out-of-Pocket Expenditures for Managed Care Medicaid Beneficiaries | dhcf,/node/1457766,1
Transmittal #20-03 - Reimbursement of Out-of-Pocket Expenditures for Managed Care Medicaid Beneficiaries | dhcf,/publication/transmittal-20-03-reimbursement-out-pocket-expenditures-managed-care-medicaid,8
Transmittal #20-06- Notice of Pricing Updates to the Medicaid Fee Schedule | dhcf,/node/1465876,0
Transmittal #20-06- Notice of Pricing Updates to the Medicaid Fee Schedule | dhcf,/publication/transmittal-20-06-notice-pricing-updates-medicaid-fee-schedule,7
Transmittal #20-36 - REVISED Temporary Enhanced Reimbursement Rates for Adult Substance Abuse Rehabilitation Services (ASARS) Due to COVID-19 | dhcf,/node/1515756,1
Transmittal #20-36 - REVISED Temporary Enhanced Reimbursement Rates for Adult Substance Abuse Rehabilitation Services (ASARS) Due to COVID-19 | dhcf,/publication/transmittal-20-36-revised-temporary-enhanced-reimbursement-rates-adult-substance-abuse,4
Transmittal #21-07 (rev.) - Provider to Beneficiary Education and Counseling for the COVID-19 Vaccine | dhcf,/node/1533181,1
Transmittal #21-07 (rev.) - Provider to Beneficiary Education and Counseling for the COVID-19 Vaccine | dhcf,/publication/transmittal-21-07-rev-provider-beneficiary-education-and-counseling-covid-19-vaccine,8
Transmittal #21-22 FFS Authorization Guidance for SUD Residential Treatment Services | dhcf,/node/1543341,6
Transmittal #21-22 FFS Authorization Guidance for SUD Residential Treatment Services | dhcf,/publication/transmittal-21-22-ffs-authorization-guidance-sud-residential-treatment-services,9
Transmittal #21-23 Managed Care Program Authorization Guidance for SUD Residential Treatment Services | dhcf,/node/1543346,2
Transmittal #21-23 Managed Care Program Authorization Guidance for SUD Residential Treatment Services | dhcf,/publication/transmittal-21-23-managed-care-program-authorization-guidance-sud-residential-treatment,3
Transmittal #22-03 National Children's Dental Health Month and Dental Procedures and Billing Requirements | dhcf,/node/1579376,1
Transmittal #22-03 National Children's Dental Health Month and Dental Procedures and Billing Requirements | dhcf,/publication/transmittal-22-03-national-childrens-dental-health-month-and-dental-procedures-and,3
Transmittal #22-04 Continuity of Care for Beneficiaries in District Dual Choice (D-SNP) and Provider Reimbursement | dhcf,/publication/transmittal-22-04-continuity-care-beneficiaries-district-dual-choice-d-snp-and-provider,4
Transmittal #22-11 - Public Notice FY22 ABP Clinical Postpartum | dhcf,/publication/transmittal-22-11-public-notice-fy22-abp-clinical-postpartum,7
Transmittal #22-19 - Noninvasive Prenatal Testing (NIPT) | dhcf,/publication/transmittal-22-19-noninvasive-prenatal-testing-nipt,11
Transmittal #23-59 Maximum Unit Decrease for Procedure Code A6250 | dhcf,/publication/transmittal-23-59-maximum-unit-decrease-procedure-code-a6250,5
"Transmittal #24-17 - Nursing Facility Rate Increase Effective May 1, 2024 | dhcf",/node/1721056,24
"Transmittal #24-17 - Nursing Facility Rate Increase Effective May 1, 2024 | dhcf",/publication/transmittal-24-17-nursing-facility-rate-increase-effective-may-1-2024,3
Transmittal #24-18 Public Notice of FQHC Rebasing SPA | dhcf,/node/1723761,2
Transmittal #24-18 Public Notice of FQHC Rebasing SPA | dhcf,/publication/transmittal-24-18-public-notice-fqhc-rebasing-spa,4
Transmittal 16-22: Physician-Administered Drug Fee Schedule Update – Chemotherapy-Related Drugs | dhcf,/publication/transmittal-16-22-physician-administered-drug-fee-schedule-update-–-chemotherapy-related,7
Transmittal 16-23: PCA Time and Activity Sheet | dhcf,/publication/transmittal-16-23-pca-time-and-activity-sheet,9
Transmittal 16-27-DHCF and DOEE Joint Letter Regarding Lead Poisoning Prevention Week | dhcf,/node/1198215,1
Transmittal 16-27-DHCF and DOEE Joint Letter Regarding Lead Poisoning Prevention Week | dhcf,/publication/transmittal-16-27-dhcf-and-doee-joint-letter-regarding-lead-poisoning-prevention-week,1
Transmittal 16-28: The Washington Home Closure | dhcf,/node/1198367,8
Transmittal 16-28: The Washington Home Closure | dhcf,/publication/transmittal-16-28-washington-home-closure,3
Transmittal 16-29 - School-Based Health Center Participation in the DC Medicaid Program | dhcf,/node/1201642,1
Transmittal 16-29 - School-Based Health Center Participation in the DC Medicaid Program | dhcf,/publication/transmittal-16-29-school-based-health-center-participation-dc-medicaid-program,5
Transmittal 16-30 - Implementation of the New Long Term Care Application for Individuals Applying and Renewing Medicaid Coverage | dhcf,/node/1204412,1
Transmittal 16-30 - Implementation of the New Long Term Care Application for Individuals Applying and Renewing Medicaid Coverage | dhcf,/publication/transmittal-16-30-implementation-new-long-term-care-application-individuals-applying-and,6
Transmittal 16-32: 2017 CPT-HCPCS Codes Updates | dhcf,/node/1208727,1
Transmittal 16-32: 2017 CPT-HCPCS Codes Updates | dhcf,/publication/transmittal-16-32-2017-cpt-hcpcs-codes-updates,0
Transmittal 16-33 Reimbursement Updates for Home Health Agencies | dhcf,/node/1208730,1
Transmittal 16-33 Reimbursement Updates for Home Health Agencies | dhcf,/publication/transmittal-16-33-reimbursement-updates-home-health-agencies,0
Transmittal 17-01-Revised Prescription Order Form (POF) for Long Term Care Services and Supports (LTCSS) | dhcf,/node/1212076,3
Transmittal 17-01-Revised Prescription Order Form (POF) for Long Term Care Services and Supports (LTCSS) | dhcf,/publication/transmittal-17-01-revised-prescription-order-form-pof-long-term-care-services-and,2
Transmittal 17-05: Medicaid Primary Care Provider Rate Permanent Extension for Qualified Physicians and Advanced Practice Registered Nurses | dhcf,/node/1189381,8
Transmittal 17-05: Medicaid Primary Care Provider Rate Permanent Extension for Qualified Physicians and Advanced Practice Registered Nurses | dhcf,/publication/transmittal-17-05-medicaid-primary-care-provider-rate-permanent-extension-qualified,1
Transmittal 18-19-Interim Process for Hospice Billing & Reimbursement for Beneficiaries Residing in Nursing Homes | dhcf,/node/1328306,1
Transmittal 18-19-Interim Process for Hospice Billing & Reimbursement for Beneficiaries Residing in Nursing Homes | dhcf,/publication/transmittal-18-19-interim-process-hospice-billing-reimbursement-beneficiaries-residing,1
Transmittal 18-20: REVISED: Prior Authorization Process for Therapeutic Abortions under the District of Columbia Fee-for Services (FFS) Medicaid Program | dhcf,/node/1333796,2
Transmittal 18-21 FQHC Mandatory Performance Measures Reporting Requirements | dhcf,/publication/transmittal-18-21-fqhc-mandatory-performance-measures-reporting-requirements,8
Transmittal 18-22: REVISED Process for Organ Transplants | dhcf,/node/1345521,6
Transmittal 18-22: REVISED Process for Organ Transplants | dhcf,/publication/transmittal-18-22-revised-process-organ-transplants-01,8
Transmittal 18-23 Policy and Procedure: MCO Behavioral Health Covered Services | dhcf,/node/1346966,1
Transmittal 18-23 Policy and Procedure: MCO Behavioral Health Covered Services | dhcf,/node/1346966.,1
Transmittal 18-24-Update to Vision Care Transmittal No. 98-11 | dhcf,/node/1348941,1
Transmittal 18-24-Update to Vision Care Transmittal No. 98-11 | dhcf,/publication/transmittal-18-24-update-vision-care-transmittal-no-98-11,5
Transmittal 18-25 Notice to Prescribers About the New Opioid-Morphine Milligram Equivalents (MME) Policy/Program | dhcf,/node/1353466,6
Transmittal 18-26-Medicaid Beneficiary Notice Poster | dhcf,/node/1354396,1
Transmittal 18-26-Medicaid Beneficiary Notice Poster | dhcf,/publication/transmittal-18-26-medicaid-beneficiary-notice-poster,3
Transmittal 18-27-Medicaid Managed Care Network Provider Enrollment in DC Medicaid | dhcf,/node/1354401,3
Transmittal 18-27-Medicaid Managed Care Network Provider Enrollment in DC Medicaid | dhcf,/publication/transmittal-18-27-medicaid-managed-care-network-provider-enrollment-dc-medicaid,11
Transmittal 18-28-FY 2019 Medicaid Hospice Rates | dhcf,/node/1360291,5
Transmittal 18-28-FY 2019 Medicaid Hospice Rates | dhcf,/publication/transmittal-18-28-fy-2019-medicaid-hospice-rates,1
Transmittal 18-29: Revised Prescription Order Form (POF) for Long Term Care Services and Supports (LTCSS) | dhcf,/node/1361076,3
Transmittal 18-30: Quality Improvement Organization for the District of Columbia | dhcf,/node/1366036,1
Transmittal 18-30: Quality Improvement Organization for the District of Columbia | dhcf,/publication/transmittal-18-30-quality-improvement-organization-district-columbia,9
Transmittal 18-31: DHCF and DOEE Joint Letter Regarding Lead Poisoning Prevention Week | dhcf,/publication/transmittal-18-31-dhcf-and-doee-joint-letter-regarding-lead-poisoning-prevention-week,0
Transmittal 18-32 - Hospice Billing & Reimbursement Process | dhcf,/node/1375996,6
Transmittal 18-32 - Hospice Billing & Reimbursement Process | dhcf,/publication/transmittal-18-32-hospice-billing-reimbursement-process,3
Transmittal 18-33- 2019 HCPCS- CPT Codes Update | dhcf,/node/1375991,4
Transmittal 18-33- 2019 HCPCS- CPT Codes Update | dhcf,/publication/transmittal-18-33-2019-hcpcs-cpt-codes-update,1
Transmittal 18-34 2019 Special Pricing CPT-HCPCS Codes Updates | dhcf,/node/1376006,4
Transmittal 18-34 2019 Special Pricing CPT-HCPCS Codes Updates | dhcf,/publication/transmittal-18-34-2019-special-pricing-cpt-hcpcs-codes-updates,1
"Transmittal 19-01 - Providers Can Now Attest to Program Year 2018 of the DC Medicaid EHR Incentive Program through April 15, 2019 | dhcf",/node/1381571,1
"Transmittal 19-01 - Providers Can Now Attest to Program Year 2018 of the DC Medicaid EHR Incentive Program through April 15, 2019 | dhcf",/publication/transmittal-19-01-providers-can-now-attest-program-year-2018-dc-medicaid-ehr-incentive,4
Transmittal 19-02 - Reimbursement for Out-of-Pocket Expenditures for Managed Care Medicaid Beneficiaries | dhcf,/node/1382671,1
Transmittal 19-03 - Reimbursement for Out-of-Pocket Expenditures for Non-Managed Care Medicaid Beneficiaries | dhcf,/node/1382676,5
Transmittal 19-03 - Reimbursement for Out-of-Pocket Expenditures for Non-Managed Care Medicaid Beneficiaries | dhcf,/publication/transmittal-19-03-reimbursement-out-pocket-expenditures-non-managed-care-medicaid,0
Transmittal 19-04 - Revised Procedures for Out-of-District Placements | dhcf,/node/1383506,1
Transmittal 19-04 - Revised Procedures for Out-of-District Placements | dhcf,/publication/transmittal-19-04-revised-procedures-out-district-placements,0
Transmittal 19-05 Medicaid Recovery Audit Contractor Starting in FY2019 | dhcf,/publication/transmittal-19-05-medicaid-recovery-audit-contractor-starting-fy2019,1
"Transmittal 19-06 - National Children's Dental Health Month, Dental Procedures and Billing Requirements | dhcf",/node/1393311,2
Transmittal 19-08 – Notice of Pricing Updates to the Medicaid Fee Schedule | dhcf,/node/1393791,3
Transmittal 19-08 – Notice of Pricing Updates to the Medicaid Fee Schedule | dhcf,/publication/transmittal-19-08-–-notice-pricing-updates-medicaid-fee-schedule,1
Transmittal 19-09 – Update of Reimbursement Rates for Emergency Medical Transportation Services | dhcf,/node/1393796,1
Transmittal 19-09 – Update of Reimbursement Rates for Emergency Medical Transportation Services | dhcf,/publication/transmittal-19-09-–-update-reimbursement-rates-emergency-medical-transportation-services,1
Transmittal 19-10 – UPDATE: Prior Authorization Process for Therapeutic Abortions under the District of Columbia (DC) Fee-For-Service (FFS) Medicaid Program | dhcf,/node/1393936,1
Transmittal 19-10 – UPDATE: Prior Authorization Process for Therapeutic Abortions under the District of Columbia (DC) Fee-For-Service (FFS) Medicaid Program | dhcf,/publication/transmittal-19-10-–-update-prior-authorization-process-therapeutic-abortions-under,1
Transmittal 19-11 – Removal of Prior Authorization Requirements for Medication-Assisted Treatments | dhcf,/node/1394901,1
Transmittal 19-11 – Removal of Prior Authorization Requirements for Medication-Assisted Treatments | dhcf,/publication/transmittal-19-11-–-removal-prior-authorization-requirements-medication-assisted,9
Transmittal 19-14 – Removal of Prior Authorization (PA) Requirements for Medication-Assisted Treatment (MAT) Drug Products | dhcf,/node/1403931,1
Transmittal 19-14 – Removal of Prior Authorization (PA) Requirements for Medication-Assisted Treatment (MAT) Drug Products | dhcf,/publication/transmittal-19-14-–-removal-prior-authorization-pa-requirements-medication-assisted,9
Transmittal 19-15-FQHC Performance Payment Program – Performance Bonus Funding Pool | dhcf,/node/1415846,1
Transmittal 19-15-FQHC Performance Payment Program – Performance Bonus Funding Pool | dhcf,/publication/transmittal-19-15-fqhc-performance-payment-program-–-performance-bonus-funding-pool,6
Transmittal 19-16-UPDATE: FQHC Performance Payment Program Provider Aggregation | dhcf,/node/1417036,1
Transmittal 19-16-UPDATE: FQHC Performance Payment Program Provider Aggregation | dhcf,/publication/transmittal-19-16-update-fqhc-performance-payment-program-provider-aggregation,1
Transmittal 19-17- District of Columbia Long Term Care Nursing Facilities' Quality Improvement Program | dhcf,/node/1419721,3
Transmittal 19-17- District of Columbia Long Term Care Nursing Facilities' Quality Improvement Program | dhcf,/publication/transmittal-19-17-district-columbia-long-term-care-nursing-facilities-quality,6
Transmittal 19-18 -Policy and Procedure: Coverage of Medical Abortions | dhcf,/node/1423696,4
Transmittal 19-18 -Policy and Procedure: Coverage of Medical Abortions | dhcf,/publication/transmittal-19-18-policy-and-procedure-coverage-medical-abortions,7
Transmittal 19-19-Removal of Prior Authorization (PA) Requirement for HCPCS Code J0887 and J0888 | dhcf,/node/1430566,7
Transmittal 19-19-Removal of Prior Authorization (PA) Requirement for HCPCS Code J0887 and J0888 | dhcf,/publication/transmittal-19-19-removal-prior-authorization-pa-requirement-hcpcs-code-j0887-and-j0888,1
Transmittal 19-20-Enrollment & Code and Rate for Lactation Consultation Services | dhcf,/node/1433546,1
Transmittal 19-20-Enrollment & Code and Rate for Lactation Consultation Services | dhcf,/publication/transmittal-19-20-enrollment-code-and-rate-lactation-consultation-services,18
Transmittal 19-21-Revised Prescription Order Form (POF) for Long Term Services and Supports (LTSS) | dhcf,/node/1432041,1
Transmittal 19-22-Adjustment to the ICF/IID Medicaid Reimbursement Rates Following Implementation of the District's UPLA | dhcf,/node/1434016,2
Transmittal 19-22-Adjustment to the ICF/IID Medicaid Reimbursement Rates Following Implementation of the District's UPLA | dhcf,/publication/transmittal-19-22-adjustment-icfiid-medicaid-reimbursement-rates-following,5
Transmittal 19-23: FY 2020 Medicaid Hospice Rates | dhcf,/node/1434026,14
Transmittal 19-23: FY 2020 Medicaid Hospice Rates | dhcf,/publication/transmittal-19-23-fy-2020-medicaid-hospice-rates,1
Transmittal 19-24-DHCF-DOEE Joint Letter Regarding Lead Poisoning Prevention Week | dhcf,/node/1439481,2
Transmittal 19-24-DHCF-DOEE Joint Letter Regarding Lead Poisoning Prevention Week | dhcf,/publication/transmittal-19-24-dhcf-doee-joint-letter-regarding-lead-poisoning-prevention-week,9
Transmittal 19-25- Enrollment of New Behavioral Health Provider Types | dhcf,/node/1448996,2
Transmittal 19-25- Enrollment of New Behavioral Health Provider Types | dhcf,/publication/transmittal-19-25-enrollment-new-behavioral-health-provider-types,2
Transmittal 19-26_Billing Guidance for Medicaid Section 1115 Behavioral Health Transformation Demonstration Services | dhcf,/node/1449501,3
Transmittal 19-26_Billing Guidance for Medicaid Section 1115 Behavioral Health Transformation Demonstration Services | dhcf,/publication/transmittal-19-26billing-guidance-medicaid-section-1115-behavioral-health-transformation,2
Transmittal 19-27-Removal of the Co-Pay for Medication Assisted Treatment (MAT) Drug Products | dhcf,/node/1449511,3
Transmittal 19-27-Removal of the Co-Pay for Medication Assisted Treatment (MAT) Drug Products | dhcf,/publication/transmittal-19-27-removal-co-pay-medication-assisted-treatment-mat-drug-products,4
Transmittal 19-29-2020 HCPCS -CPT Code Updates | dhcf,/node/1450036,2
Transmittal 19-29-2020 HCPCS -CPT Code Updates | dhcf,/publication/transmittal-19-29-2020-hcpcs-cpt-code-updates,6
Transmittal 19-30- Medicaid Fee Schedule Updates for the Intermediate Care Facilities (ICF) for Individuals with Intellectual Disabilities (ICFIID) | dhcf,/node/1450646,8
Transmittal 19-31 (rev)- Services Provided in Institutions for Mental Disease for Medicaid Beneficiaries Aged 21-64 | dhcf,/node/1450691,2
Transmittal 19-31 (rev)- Services Provided in Institutions for Mental Disease for Medicaid Beneficiaries Aged 21-64 | dhcf,/publication/transmittal-19-31-rev-services-provided-institutions-mental-disease-medicaid-0,1
Transmittal 19-31 (rev)- Services Provided in Institutions for Mental Disease for Medicaid Beneficiaries Aged 21-64 | dhcf,/publication/transmittal-19-31-services-provided-institutions-mental-disease-medicaid-beneficiaries,0
Transmittal 20-01-Written Pharmacy Point of Service (POS) Notice | dhcf,/node/1453141,2
Transmittal 20-01-Written Pharmacy Point of Service (POS) Notice | dhcf,/publication/transmittal-20-01-written-pharmacy-point-service-pos-notice,5
"Transmittal 20-02 (rev) - Program Year 2019 of the DC Medicaid EHR Incentive Program will Close April 30, 2020 | dhcf",/node/1470571,1
"Transmittal 20-02 (rev) - Program Year 2019 of the DC Medicaid EHR Incentive Program will Close April 30, 2020 | dhcf",/publication/transmittal-20-02-rev-program-year-2019-dc-medicaid-ehr-incentive-program-will-close,5
"Transmittal 20-02- Program Year 2019 of the DC Medicaid EHR Incentive Program will open on January 6, 2020 and will close on March 31, 2020 | dhcf",/node/1453201,6
"Transmittal 20-02- Program Year 2019 of the DC Medicaid EHR Incentive Program will open on January 6, 2020 and will close on March 31, 2020 | dhcf",/publication/transmittal-20-02-program-year-2019-dc-medicaid-ehr-incentive-program-will-open-january,1
"Transmittal 20-05-National Children's Dental Health Month, Dental Procedures and Billing Requirements | dhcf",/node/1463656,6
Transmittal 20-07-Medicaid-Reimbursable Telemedicine Services: Reimbursement for Healthcare Services Delivered to a Beneficiary in their Home via Telemedicine Documents | dhcf,/node/1466891,2
Transmittal 20-07-Medicaid-Reimbursable Telemedicine Services: Reimbursement for Healthcare Services Delivered to a Beneficiary in their Home via Telemedicine Documents | dhcf,/publication/transmittal-20-07-medicaid-reimbursable-telemedicine-services-reimbursement-healthcare,2
Transmittal 20-08- Public Health Emergency Guidance on Medicaid-Reimbursable Telemedicine Services Allowance for Audio-Only Visits and HIPAA | dhcf,/node/1468036,2
Transmittal 20-08- Public Health Emergency Guidance on Medicaid-Reimbursable Telemedicine Services Allowance for Audio-Only Visits and HIPAA | dhcf,/publication/transmittal-20-08-public-health-emergency-guidance-medicaid-reimbursable-telemedicine,3
Transmittal 20-09 Laboratory Billing Codes & Reimbursement Rates for COVID-19 Testing (Rev.) | dhcf,/node/1468251,6
"Transmittal 20-10 (rev.) Temporary Eligibility Policy Changes for Medicaid, Children’s Health Insurance Program (CHIP), Alliance, and Immigrant Children’s Programs in Response to Public Health Emergency (PHE) COVID-19 | dhcf",/node/1553151,4
"Transmittal 20-10 (rev.) Temporary Eligibility Policy Changes for Medicaid, Children’s Health Insurance Program (CHIP), Alliance, and Immigrant Children’s Programs in Response to Public Health Emergency (PHE) COVID-19 | dhcf",/publication/transmittal-20-10-rev-temporary-eligibility-policy-changes-medicaid-children’s-health,5
"Transmittal 20-10 Temporary Eligibility Policy Changes for Medicaid, Children’s Health Insurance Program (CHIP), Alliance, and Immigrant Children’s Programs in Response to Public Health Emergency COVID-19 | dhcf",/node/1469851,1
"Transmittal 20-10 Temporary Eligibility Policy Changes for Medicaid, Children’s Health Insurance Program (CHIP), Alliance, and Immigrant Children’s Programs in Response to Public Health Emergency COVID-19 | dhcf",/publication/transmittal-20-10-temporary-eligibility-policy-changes-medicaid-children’s-health,5
Transmittal 20-11 COVID-19 Emergency Authorization Pharmacy Dispensing | dhcf,/node/1468311,1
Transmittal 20-11 COVID-19 Emergency Authorization Pharmacy Dispensing | dhcf,/publication/transmittal-20-11-covid-19-emergency-authorization-pharmacy-dispensing,4
Transmittal 20-12 Behavioral Health Transformation Demonstration Program: HIE Participation Requirements for IMDs | dhcf,/node/1470561,1
Transmittal 20-12 Behavioral Health Transformation Demonstration Program: HIE Participation Requirements for IMDs | dhcf,/publication/transmittal-20-12-behavioral-health-transformation-demonstration-program-hie,4
Transmittal 20-13 Updates to the Laboratory Billing Codes and Reimbursement Rates for COVID-19 Testing (Rev.) | dhcf,/node/1471786,1
Transmittal 20-14 Temporary Provider Screening and Enrollment Flexibilities in Response to the COVID-19 Public Health Emergency | dhcf,/node/1473411,5
Transmittal 20-15 Fee-For-Service Prior Authorization and Programmatic changes due to COVID-19 | dhcf,/node/1473416,6
Transmittal 20-15 Fee-For-Service Prior Authorization and Programmatic changes due to COVID-19 | dhcf,/publication/transmittal-20-15-fee-service-prior-authorization-and-programmatic-changes-due-covid-19,1
Transmittal 20-16 Temporary Pharmacy Program Changes Due to COVID-19 | dhcf,/node/1473421,12
Transmittal 20-17 Temporary Enhanced Reimbursement Rates for District Nursing Homes Due to COVID-19 | dhcf,/node/1473846,7
Transmittal 20-17 Temporary Enhanced Reimbursement Rates for District Nursing Homes Due to COVID-19 | dhcf,/publication/transmittal-20-17-temporary-enhanced-reimbursement-rates-district-nursing-homes-due,2
Transmittal 20-19 (rev. #2) – HHA & ADHP Waiver Services COVID-19 Enhanced Rates | dhcf,/node/1476726,5
Transmittal 20-19 (rev. #2) – HHA & ADHP Waiver Services COVID-19 Enhanced Rates | dhcf,/publication/transmittal-20-19-rev-2-–-hha-adhp-waiver-services-covid-19-enhanced-rates,6
Transmittal 20-19 (rev.) Updates to the Temporary Enhanced Reimbursement Rates for HHA and ADHP Services Due to COVID-19 | dhcf,/node/1473931,1
Transmittal 20-20 (Rev.) COVID 19 LTC Application Telephonic Signature Process | dhcf,/node/1494916,1
Transmittal 20-20 (Rev.) COVID 19 LTC Application Telephonic Signature Process | dhcf,/publication/transmittal-20-20-rev-covid-19-ltc-application-telephonic-signature-process,7
Transmittal 20-20 COVID-19 LTC Application Telephonic Signature Process | dhcf,/publication/transmittal-20-20-covid-19-ltc-application-telephonic-signature-process,5
Transmittal 20-21 Hospital Billing Codes and Reimbursement Rates for COVID-19 Services | dhcf,/node/1477446,9
Transmittal 20-22 Updates to the Laboratory Billing Codes and Reimbursement Rates for COVID-19 Testing | dhcf,/node/1477451,1
Transmittal 20-22 Updates to the Laboratory Billing Codes and Reimbursement Rates for COVID-19 Testing | dhcf,/publication/transmittal-20-22-updates-laboratory-billing-codes-and-reimbursement-rates-covid-19,2
Transmittal 20-23 Billing for Teledentistry Encounters | dhcf,/node/1477456,3
Transmittal 20-23 Billing for Teledentistry Encounters | dhcf,/publication/transmittal-20-23-billing-teledentistry-encounters,1
"Transmittal 20-24 Reimbursement for Pharmacist Administered Vaccines, Immunizations, and Related Emergency Anaphylactic Agents | dhcf",/node/1481696,1
"Transmittal 20-24 Reimbursement for Pharmacist Administered Vaccines, Immunizations, and Related Emergency Anaphylactic Agents | dhcf",/publication/transmittal-20-24-reimbursement-pharmacist-administered-vaccines-immunizations-and,1
Transmittal 20-25 FQHC Performance Payment Program – Performance Bonus Funding Pool and Updates due to the COVID-19 PHE | dhcf,/node/1484876,3
Transmittal 20-25 FQHC Performance Payment Program – Performance Bonus Funding Pool and Updates due to the COVID-19 PHE | dhcf,/publication/transmittal-20-25-fqhc-performance-payment-program-–-performance-bonus-funding-pool-and,1
"Transmittal 20-26 Home Health Agency Living Wage Rate Changes Effective July 1, 2020 | dhcf",/node/1484881,1
"Transmittal 20-26 Home Health Agency Living Wage Rate Changes Effective July 1, 2020 | dhcf",/publication/transmittal-20-26-home-health-agency-living-wage-rate-changes-effective-july-1-2020,1
Transmittal 20-27 Temporary Enhanced Reimbursement Rates for Assisted Living Facilities Due to COVID-19 | dhcf,/node/1486346,6
Transmittal 20-28 Billing for Telemedicine Encounters | dhcf,/node/1486276,1
"Transmittal 20-29 PT, OT, & ST Rates Changes | dhcf",/node/1491351,1
Transmittal 20-30 Behavioral Health Transformation Request for Information | dhcf,/node/1493166,1
Transmittal 20-30 Behavioral Health Transformation Request for Information | dhcf,/publication/transmittal-20-30-behavioral-health-transformation-request-information,5
Transmittal 20-31 - COVID-19 ICD-10 Updates for Hospitals | dhcf,/node/1493871,5
Transmittal 20-31 - COVID-19 ICD-10 Updates for Hospitals | dhcf,/publication/transmittal-20-31-covid-19-icd-10-updates-hospitals,1
Transmittal 20-32 - FQHC PMPM during COVID 19 | dhcf,/node/1498526,2
Transmittal 20-32 - FQHC PMPM during COVID 19 | dhcf,/publication/transmittal-20-32-fqhc-pmpm-during-covid-19,6
Transmittal 20-33 FY 2021 Medicaid Hospice Rates Transmittal | dhcf,/node/1498736,2
Transmittal 20-33 FY 2021 Medicaid Hospice Rates Transmittal | dhcf,/publication/transmittal-20-33-fy-2021-medicaid-hospice-rates-transmittal,6
Transmittal 20-34 Managed Care Enrollment and Beneficiary Disenrollment | dhcf,/node/1499371,1
Transmittal 20-34 Managed Care Enrollment and Beneficiary Disenrollment | dhcf,/publication/transmittal-20-34-managed-care-enrollment-and-beneficiary-disenrollment,1
"Transmittal 20-35 Reimbursement for Medical Equipment, Supplies and Appliances | dhcf",/node/1503291,2
"Transmittal 20-35 Reimbursement for Medical Equipment, Supplies and Appliances | dhcf",/publication/transmittal-20-35,6
Transmittal 20-36 Temporary Enhanced Reimbursement Rates for Adult Substance Abuse Rehabilitation Services (ASARS) Due to COVID-19 | dhcf,/node/1501576,1
Transmittal 20-36 Temporary Enhanced Reimbursement Rates for Adult Substance Abuse Rehabilitation Services (ASARS) Due to COVID-19 | dhcf,/publication/transmittal-20-36-temporary-enhanced-reimbursement-rates-adult-substance-abuse,4
Transmittal 20-37 Delivering Psychosocial Rehabilitation Clubhouse Services via Telemedicine | dhcf,/node/1502771,1
Transmittal 20-37 Delivering Psychosocial Rehabilitation Clubhouse Services via Telemedicine | dhcf,/publication/transmittal-20-37-delivering-psychosocial-rehabilitation-clubhouse-services-telemedicine,6
Transmittal 20-38 72-hour (3-day) Emergency Supply of Medication | dhcf,/node/1503286,1
Transmittal 20-38 72-hour (3-day) Emergency Supply of Medication | dhcf,/publication/transmittal-20-38-72-hour-3-day-emergency-supply-medication,10
Transmittal 20-39 Program Year 2020 of the DC Medicaid Promoting Interoperability/EHR Incentive Program | dhcf,/node/1503596,1
Transmittal 20-40 Lead Screening and Reporting Requirements in the District of Columbia | dhcf,/node/1504216,1
Transmittal 20-40 Lead Screening and Reporting Requirements in the District of Columbia | dhcf,/publication/transmittal-20-40-lead-screening-and-reporting-requirements-district-columbia,4
Transmittal 20-41 Updates to the Laboratory Billing Codes and Reimbursement Rates for COVID-19 Testing | dhcf,/publication/transmittal-20-41-updates-laboratory-billing-codes-and-reimbursement-rates-covid-19,7
Transmittal 20-42 Documentation Standards for Services Delivered Via Telemedicine | dhcf,/node/1508471,4
Transmittal 20-42 Documentation Standards for Services Delivered Via Telemedicine | dhcf,/publication/transmittal-20-42-documentation-standards-services-delivered-telemedicine,1
Transmittal 20-43 - 2021 Living Wage Notice and Impact on Reimbursement Rates | dhcf,/publication/transmittal-20-43-2021-living-wage-notice-and-impact-reimbursement-rates,1
Transmittal 20-44 Medicaid Fee Schedule Updates to the Temporary Enhanced Reimbursement Rates for District ICFIID Due to COVID-19 | dhcf,/node/1512661,7
Transmittal 20-45 - COVID19 Vaccine Administration Rate and Billing Codes Purpose | dhcf,/node/1512666,14
Transmittal 20-45 - COVID19 Vaccine Administration Rate and Billing Codes Purpose | dhcf,/publication/transmittal-20-45-covid19-vaccine-administration-rate-and-billing-codes-purpose,5
Transmittal 21 - 05 COVID-19 Vaccines Hospital Billing Codes and Reimbursement Rates | dhcf,/node/1521121,4
Transmittal 21 - 05 COVID-19 Vaccines Hospital Billing Codes and Reimbursement Rates | dhcf,/publication/transmittal-21-05-covid-19-vaccines-hospital-billing-codes-and-reimbursement-rates,6
Transmittal 21-01 - 2021 HCPCS & CPT Code Updates | dhcf,/node/1514971,11
Transmittal 21-01 - 2021 HCPCS & CPT Code Updates | dhcf,/publication/transmittal-21-01-2021-hcpcs-cpt-code-updates,2
"Transmittal 21-02 - Updates to ADHP Rates and Modifiers, and New Temporary Reimbursement Rates and Modifiers for ADHP Services Due to COVID-19 | dhcf",/node/1514976,5
"Transmittal 21-02 - Updates to ADHP Rates and Modifiers, and New Temporary Reimbursement Rates and Modifiers for ADHP Services Due to COVID-19 | dhcf",/publication/transmittal-21-02-updates-adhp-rates-and-modifiers-and-new-temporary-reimbursement-rates,1
Transmittal 21-03 - Reimbursement of Out-of-Pocket Expenditures for Non-Managed Care Medicaid Beneficiaries | dhcf,/node/1518631,1
Transmittal 21-03 - Reimbursement of Out-of-Pocket Expenditures for Non-Managed Care Medicaid Beneficiaries | dhcf,/publication/transmittal-21-03-reimbursement-out-pocket-expenditures-non-managed-care-medicaid,5
Transmittal 21-04 - Reimbursement of Out-of-Pocket Expenditures for Managed Care Medicaid Beneficiaries | dhcf,/node/1518636,2
Transmittal 21-04 - Reimbursement of Out-of-Pocket Expenditures for Managed Care Medicaid Beneficiaries | dhcf,/publication/transmittal-21-04-reimbursement-out-pocket-expenditures-managed-care-medicaid,2
"Transmittal 21-06 National Children's Dental Health Month, Dental Procedures and Billing Requirements | dhcf",/node/1524366,6
"Transmittal 21-06 National Children's Dental Health Month, Dental Procedures and Billing Requirements | dhcf",/publication/transmittal-21-06-national-childrens-dental-health-month-dental-procedures-and-billing,3
Transmittal 21-07 - Provider to Beneficiary Education and Counseling for the COVID-19 Vaccine | dhcf,/node/1524356,1
Transmittal 21-07 - Provider to Beneficiary Education and Counseling for the COVID-19 Vaccine | dhcf,/publication/transmittal-21-07-provider-beneficiary-education-and-counseling-covid-19-vaccine,1
"Transmittal 21-08 - Program Year 2020 of the DC Medicaid Promoting Interoperability/EHR Incentive Program will close on March 15, 2021 | dhcf",/publication/transmittal-21-08-program-year-2020-dc-medicaid-promoting-interoperabilityehr-incentive,10
Transmittal 21-09 Termination of the District of Columbia’s Human Care Agreement FFS Dental Benefit Manager (Quality Plan Administrators) | dhcf,/node/1524286,2
Transmittal 21-09 Termination of the District of Columbia’s Human Care Agreement FFS Dental Benefit Manager (Quality Plan Administrators) | dhcf,/publication/transmittal-21-09-termination-district-columbia’s-human-care-agreement-ffs-dental,7
Transmittal 21-10 (rev.) Chronic Hepatitis C Treatment Coverage Policy: ore Requirement for Mavyret® and Vosevi® | dhcf,/node/1528451,4
Transmittal 21-10 (rev.) Chronic Hepatitis C Treatment Coverage Policy: ore Requirement for Mavyret® and Vosevi® | dhcf,/publication/transmittal-21-10-rev-chronic-hepatitis-c-treatment-coverage-policy-ore-requirement,1
Transmittal 21-10 Chronic Hepatitis C Treatment Coverage Policy: Removal of Minimum Fibrosis Score Requirement | dhcf,/node/1525336,1
Transmittal 21-10 Chronic Hepatitis C Treatment Coverage Policy: Removal of Minimum Fibrosis Score Requirement | dhcf,/publication/transmittal-21-10-chronic-hepatitis-c-treatment-coverage-policy-removal-minimum-fibrosis,1
Transmittal 21-11 Professional Services Billing Codes and Reimbursement Rates for Administration of COVID-19 Monoclonal Antibody Infusions | dhcf,/node/1525511,1
Transmittal 21-11 Professional Services Billing Codes and Reimbursement Rates for Administration of COVID-19 Monoclonal Antibody Infusions | dhcf,/publication/transmittal-21-11-professional-services-billing-codes-and-reimbursement-rates,1
Transmittal 21-12 Acceptable Dispense As Written (DAW) Codes for Submitted Pharmacy Claims | dhcf,/node/1528456,3
Transmittal 21-12 Acceptable Dispense As Written (DAW) Codes for Submitted Pharmacy Claims | dhcf,/publication/transmittal-21-12-acceptable-dispense-written-daw-codes-submitted-pharmacy-claims,1
Transmittal 21-13 PrEP and PEP Coverage for Medicaid Beneficiaries Enrolled in MCOs | dhcf,/node/1528461,1
Transmittal 21-13 PrEP and PEP Coverage for Medicaid Beneficiaries Enrolled in MCOs | dhcf,/publication/transmittal-21-13-prep-and-pep-coverage-medicaid-beneficiaries-enrolled-mcos,5
Transmittal 21-14 Notice of Annual Pricing Update to the Medicaid Fee-For-Service (FFS) Fee Schedule | dhcf,/node/1528741,9
Transmittal 21-14 Notice of Annual Pricing Update to the Medicaid Fee-For-Service (FFS) Fee Schedule | dhcf,/publication/transmittal-21-14-notice-annual-pricing-update-medicaid-fee-service-ffs-fee-schedule,6
Transmittal 21-15 UPDATED Professional Services Billing Codes and Reimbursement Rates for COVID-19 Vaccines | dhcf,/node/1529672,4
Transmittal 21-16 Time-Limited Opportunity for Medicaid Providers to Receive No-Cost Technical Assistance and Connectivity Fees to Access the DC HIE | dhcf,/publication/transmittal-21-16-time-limited-opportunity-medicaid-providers-receive-no-cost-technical,7
Transmittal 21-17 DC Medicaid Promoting Interoperability/Electronic Health Record Incentive Program | dhcf,/node/1539426,1
Transmittal 21-18- Updates to the Professional Services Billing Codes and Reimbursement Rates for COVID-19 Monoclonal Antibody Infusions | dhcf,/publication/transmittal-21-18- updates- professional-services-billing-codes-and-reimbursement-rates ,5
Transmittal 21-19 Updates to the Laboratory Billing Codes and Reimbursement Rates for COVID-19 Testing | dhcf,/publication/transmittal-21-19-updates-laboratory-billing-codes-and-reimbursement-rates-covid-19,3
Transmittal 21-20 Implementation of the DSP Supplemental Payment Program | dhcf,/publication/transmittal-21-20-implementation-dsp-supplemental-payment-program,9
Transmittal 21-21 Dental Prior Authorizations | dhcf,/publication/transmittal-21-21-dental-prior-authorizations,7
Transmittal 21-24 Nursing Facility Roles and Responsibilities When Admitting Managed Care Organization (MCO) Enrollees | dhcf,/node/1545026,5
Transmittal 21-24 Nursing Facility Roles and Responsibilities When Admitting Managed Care Organization (MCO) Enrollees | dhcf,/publication/transmittal-21-24-nursing-facility-roles-and-responsibilities-when-admitting-managed,7
Transmittal 21-25 Medicaid Fee Schedule Updates to the Temporary Enhanced Reimbursement Rates for District ICFIID Due to COVID-19 | dhcf,/node/1546696,1
Transmittal 21-25 Medicaid Fee Schedule Updates to the Temporary Enhanced Reimbursement Rates for District ICFIID Due to COVID-19 | dhcf,/publication/transmittal-21-25-medicaid-fee-schedule-updates-temporary-enhanced-reimbursement-rates,4
Transmittal 21-26 Professional Services Billing Codes and Reimbursement Rates for COVID-19 Vaccine | dhcf,/node/1546811,1
"Transmittal 21-27 (rev.) - Reimbursement Rate Changes for Physical Therapy (PT), Occupational Therapy (OT), Speech and Language Therapy (ST) | dhcf",/publication/transmittal-21-27-rev-reimbursement-rate-changes-physical-therapy-pt-occupational,7
"Transmittal 21-27 Reimbursement Rate Changes for Physical Therapy (PT), Occupational Therapy (OT), Speech and Language Therapy (ST) | dhcf",/node/1546816,1
Transmittal 21-28 Temporary Enhanced Reimbursement Rates for Assisted Living Facilities Due to COVID-19 | dhcf,/node/1546821,5
Transmittal 21-28 Temporary Enhanced Reimbursement Rates for Assisted Living Facilities Due to COVID-19 | dhcf,/publication/transmittal-21-28-temporary-enhanced-reimbursement-rates-assisted-living-facilities-due,8
"Transmittal 21-29 (rev.) Home Health Agency (HHA)Living Wage Rate Changes Effective July 1, 2021 | dhcf",/publication/transmittal-21-29-rev-home-health-agency-hhaliving-wage-rate-changes-effective-july-1,7
"Transmittal 21-29 Home Health Agency (HHA) Living Wage Rate Changes Effective July 1, 2021 | dhcf",/node/1546826,4
Transmittal 21-30 Update of Select DME Fee Schedule Rates | dhcf,/node/1548366,1
Transmittal 21-30 Update of Select DME Fee Schedule Rates | dhcf,/publication/transmittal-21-30-update-select-dme-fee-schedule-rates,3
Transmittal 21-31 - Fee-For-Service Coverage of Pediatric Immunizations and Administration for Medicaid and Immigrant Children’s Program Beneficiaries | dhcf,/publication/transmittal-21-31-fee-service-coverage-pediatric-immunizations-and-administration-00,3
Transmittal 21-32 Living Donor Organ Transplantation Coverage for Fee-For-Service (FFS) and Managed Care Enrollees Update on Coverage Policy and Clarification of Prior Authorization and Claims Processing Procedures | dhcf,/node/1553141,3
Transmittal 21-32 Living Donor Organ Transplantation Coverage for Fee-For-Service (FFS) and Managed Care Enrollees Update on Coverage Policy and Clarification of Prior Authorization and Claims Processing Procedures | dhcf,/publication/transmittal-21-32-living-donor-organ-transplantation-coverage-fee-service-ffs-and,6
Transmittal 21-33 Updates to the Professional Services Billing Codes and Reimbursement Rates for COVID-19 Monoclonal Antibody Infusions | dhcf,/node/1553146,1
Transmittal 21-33 Updates to the Professional Services Billing Codes and Reimbursement Rates for COVID-19 Monoclonal Antibody Infusions | dhcf,/publication/transmittal-21-33-updates-professional-services-billing-codes-and-reimbursement-rates,4
Transmittal 21-34 - 2019 Retroactive Payment of State Supplement and January 2020 and 2021 Payment Levels | dhcf,/node/1555496,6
Transmittal 21-34 - 2019 Retroactive Payment of State Supplement and January 2020 and 2021 Payment Levels | dhcf,/publication/transmittal-21-34-2019-retroactive-payment-state-supplement-and-january-2020-and-2021,6
Transmittal 21-35 Implementation of the IDD Waiver DSP Supplemental Payment Program | dhcf,/publication/transmittal-21-35-implementation-idd-waiver-dsp-supplemental-payment-program,10
Transmittal 21-36 Attending Provider Enrollment and NPI Requirements for Institutional Claims | dhcf,/node/1557771,5
Transmittal 21-36 Attending Provider Enrollment and NPI Requirements for Institutional Claims | dhcf,/publication/transmittal-21-36-attending-provider-enrollment-and-npi-requirements-institutional,12
Transmittal 21-37 Professional Services Billing Codes and Reimbursement Rates for COVID-19 Vaccines – Addition of Third Doses for Pfizer and Moderna Vaccines for Immunocompromised People | dhcf,/node/1557776,2
Transmittal 21-37 Professional Services Billing Codes and Reimbursement Rates for COVID-19 Vaccines – Addition of Third Doses for Pfizer and Moderna Vaccines for Immunocompromised People | dhcf,/publication/transmittal-21-37-professional-services-billing-codes-and-reimbursement-rates-covid-19,3
Transmittal 21-38 Public Notice of Intent to Submit State Plan Amendment on FY 2022 Physician Supplemental Payments | dhcf,/publication/transmittal-21-38-public-notice-intent-submit-state-plan-amendment-fy-2022-physician,7
Transmittal 21-39 Public Notice of Intent to Submit State Plan Amendment on Child and Adolescent Supplemental Security Income Program (CASSIP) Enrollment Eligibility for Individuals Aged 21-26 | dhcf,/node/1560886,9
Transmittal 21-39 Public Notice of Intent to Submit State Plan Amendment on Child and Adolescent Supplemental Security Income Program (CASSIP) Enrollment Eligibility for Individuals Aged 21-26 | dhcf,/publication/transmittal-21-39-public-notice-intent-submit-state-plan-amendment-child-and-adolescent,4
Transmittal 21-40 School-Based Health Center participation in the DC Medicaid Program | dhcf,/publication/transmittal-21-40-school-based-health-center-participation-dc-medicaid-program,5
Transmittal 21-41 FY 2022 Medicaid Hospice Rates | dhcf,/publication/transmittal-21-41-fy-2022-medicaid-hospice-rates,11
Transmittal 21-42 Updates to the Professional Services Billing Codes and Reimbursement Rates for COVID-19 Monoclonal Antibody Infusions | dhcf,/publication/transmittal-21-42-updates-professional-services-billing-codes-and-reimbursement-rates,11
Transmittal 21-43 FQHC Performance Bonus Funding Pool | dhcf,/publication/transmittal-21-43-fqhc-performance-bonus-funding-pool,4
Transmittal 21-44 District Direct Upcoming Launch | dhcf,/node/1563871,2
Transmittal 21-44 District Direct Upcoming Launch | dhcf,/publication/transmittal-21-44-district-direct-upcoming-launch,2
Transmittal 21-45 Payment for Services Subject to Electronic Visit Verification | dhcf,/publication/transmittal-21-45-payment-services-subject-electronic-visit-verification,10
Transmittal 21-46 Lead Screening and Reporting Requirements in the District of Columbia | dhcf,/publication/transmittal-21-46-lead-screening-and-reporting-requirements-district-columbia,5
Transmittal 21-47 Professional Services Billing Codes and Reimbursement Rates for COVID-19 Vaccines | dhcf,/node/1571006,8
Transmittal 21-47 Professional Services Billing Codes and Reimbursement Rates for COVID-19 Vaccines | dhcf,/publication/transmittal-21-47-professional-services-billing-codes-and-reimbursement-rates-covid-19,5
Transmittal 21-48 (rev) REVISED: Medicaid and Alliance MCO Emergency Medical Transportation | dhcf,/node/1575381,0
Transmittal 21-48 (rev) REVISED: Medicaid and Alliance MCO Emergency Medical Transportation | dhcf,/publication/transmittal-21-48-rev-revised-medicaid-and-alliance-mco-emergency-medical-transportation,11
Transmittal 21-48 Medicaid and Alliance MCO Emergency Medical Transportation | dhcf,/publication/transmittal-21-48-medicaid-and-alliance-mco-emergency-medical-transportation,1
Transmittal 21-49 Orthodontic Treatment Authorization Forms | dhcf,/publication/transmittal-21-49-orthodontic-treatment-authorization-forms,15
Transmittal 21-50 Medicaid Fee Schedule Updates to the Temporary Enhanced Reimbursement Rates for ICFIID | dhcf,/publication/transmittal-21-50-medicaid-fee-schedule-updates-temporary-enhanced-reimbursement-rates,4
Transmittal 21-51 2022 HCPCS/CPT Annual Update | dhcf,/publication/transmittal-21-51-2022-hcpcscpt-annual-update,4
"Transmittal 21-52 Home Health Agency (HHA) Living Wage Rate Changes Effective January 1, 2022, for Personal Care Aide (PCA) services | dhcf",/publication/transmittal-21-52-home-health-agency-hha-living-wage-rate-changes-effective-january-1,5
Transmittal 21-53 Temporary Enhanced Reimbursement Rates for Assisted Living Facilities Due to COVID-19 | dhcf,/publication/transmittal-21-53-temporary-enhanced-reimbursement-rates-assisted-living-facilities-due,5
Transmittal 21-54 (rev) - Reimbursement for PT OT and ST Rates | dhcf,/publication/transmittal-21-54-rev-reimbursement-pt-ot-and-st-rates,1
"Transmittal 21-54 Reimbursement Rate Changes for Physical Therapy (PT), Occupational Therapy (OT), Speech and Language Therapy (ST) for Home Health Agency | dhcf",/publication/transmittal-21-54-reimbursement-rate-changes-physical-therapy-pt-occupational-therapy-ot,6
Transmittal 21-55 (rev) Updates to Adult Day Health Program (ADHP) rates and Temporary Enhanced Reimbursement Rates for ADHP Services Due to COVID-19 | dhcf,/node/1575316,0
Transmittal 21-55 (rev) Updates to Adult Day Health Program (ADHP) rates and Temporary Enhanced Reimbursement Rates for ADHP Services Due to COVID-19 | dhcf,/publication/transmittal-21-55-rev-updates-adult-day-health-program-adhp-rates-and-temporary-enhanced,6
Transmittal 21-55 Updates to Adult Day Health Program (ADHP) rates and Temporary Enhanced Reimbursement Rates for ADHP Services | dhcf,/node/1574366,10
Transmittal 21-55 Updates to Adult Day Health Program (ADHP) rates and Temporary Enhanced Reimbursement Rates for ADHP Services | dhcf,/publication/transmittal-21-55-updates-adult-day-health-program-adhp-rates-and-temporary-enhanced,1
Transmittal 22-04 (rev.) Continuity of Care for Beneficiaries in District Dual Choice (D-SNP) and Provider Reimbursement | dhcf,/publication/transmittal-22-04-rev-continuity-care-beneficiaries-district-dual-choice-d-snp-and,1
Transmittal 22-06 rev. II - COVID-19 Vaccines Update | dhcf,/node/1615196,2
Transmittal 22-06 rev. II - COVID-19 Vaccines Update | dhcf,/publication/transmittal-22-06-rev-ii-covid-19-vaccines-update,6
Transmittal 22-12 Fee-For-Service Fee Schedule for Professional Services | dhcf,/publication/transmittal-22-12-fee-service-fee-schedule-professional-services,7
"Transmittal 22-13 Adding Coverage for Cologuard, an At-Home Screening for Colorectal Cancer | dhcf",/publication/transmittal-22-13-adding-coverage-cologuard-home-screening-colorectal-cancer,6
Transmittal 22-14 - Public Notice FY22 ARPA Rehab Rate Increase | dhcf,/node/1590191,6
Transmittal 22-14 - Public Notice FY22 ARPA Rehab Rate Increase | dhcf,/publication/transmittal-22-14-public-notice-fy22-arpa-rehab-rate-increase,2
Transmittal 22-15 New Language Access and Interpretive Services Contractor | dhcf,/node/1591371,1
Transmittal 22-15 New Language Access and Interpretive Services Contractor | dhcf,/publication/transmittal-22-15-new-language-access-and-interpretive-services-contractor,7
Transmittal 22-17 - Skilled Nursing Services | dhcf,/publication/transmittal-22-17-skilled-nursing-services,8
Transmittal 22-18 - COVID-19 Monoclonal Antibodies Infusions Update | dhcf,/publication/transmittal-22-18-covid-19-monoclonal-antibodies-infusions-update,4
Transmittal 22-18 (rev. II) - COVID-19 Monoclonal Antibodies Infusions Update | dhcf,/publication/transmittal-22-18-rev-ii-covid-19-monoclonal-antibodies-infusions-update,10
Transmittal 22-18 (rev.) - COVID-19 Monoclonal Antibodies Infusions Update | dhcf,/node/1596131,5
Transmittal 22-24 - DD Waiver DSP Supplemental Payment | dhcf,/publication/transmittal-22-24-dd-waiver-dsp-supplemental-payment,5
Transmittal 22-25 - New Hepatitis C Policy | dhcf,/publication/transmittal-22-25-new-hepatitis-c-policy,2
Transmittal 22-26 - Pharmacy SPAs Public Notice Lock-in VFC | dhcf,/publication/transmittal-22-26-pharmacy-spas-public-notice-lock-vfc,2
Transmittal 22-27 - CASSIP Procedures for Requesting Voluntary Enrollment Based on Disability | dhcf,/node/1615441,1
Transmittal 22-27 - CASSIP Procedures for Requesting Voluntary Enrollment Based on Disability | dhcf,/publication/transmittal-22-27-cassip-procedures-requesting-voluntary-enrollment-based-disability,16
Transmittal 22-28 - BH Rehab Benefit 3.3 Percent Increase 04.01.22 | dhcf,/node/1620441,1
Transmittal 22-28 - BH Rehab Benefit 3.3 Percent Increase 04.01.22 | dhcf,/publication/transmittal-22-28-bh-rehab-benefit-33-percent-increase-040122,1
Transmittal 22-28 (rev.) BH Rehab Benefit 3.3 Percent Increase 04.01.22 | dhcf,/publication/transmittal-22-28-rev-bh-rehab-benefit-33-percent-increase-040122,2
Transmittal 22-30 - FY23 Medicaid Hospice Rates | dhcf,/publication/transmittal-22-30-fy23-medicaid-hospice-rates,9
Transmittal 22-31 - Monkeypox Testing and Vaccination | dhcf,/publication/transmittal-22-31-monkeypox-testing-and-vaccination,5
Transmittal 22-32 - Skilled Nursing Services 2023 | dhcf,/publication/transmittal-22-32-skilled-nursing-services-2023,3
Transmittal 22-33 - BH Rehab Benefit 2.8 Percent Increase 10.01.22 | dhcf,/node/1621521,1
Transmittal 22-33 - BH Rehab Benefit 2.8 Percent Increase 10.01.22 | dhcf,/publication/transmittal-22-33-bh-rehab-benefit-28-percent-increase-100122,7
Transmittal 22-35 - Language Access and Interpretive Services | dhcf,/node/1627476,5
Transmittal 22-35 - Language Access and Interpretive Services | dhcf,/publication/transmittal-22-35-language-access-and-interpretive-services,7
Transmittal 22-36 - Lead Cover FY23 | dhcf,/node/1628251,3
Transmittal 22-37 - Ambulatory Surgery Center Rate Update for a Dental Surgery Procedure | dhcf,/node/1628316,2
Transmittal 22-37 - Ambulatory Surgery Center Rate Update for a Dental Surgery Procedure | dhcf,/publication/transmittal-22-37-ambulatory-surgery-center-rate-update-dental-surgery-procedure,5
Transmittal 22-38 - EVV Home Health Update | dhcf,/publication/transmittal-22-38-evv-home-health-update,4
Transmittal 22-39 - Repeal of Business License Certificate of Occupancy Requirement for Individual/Solo Doula Practitioners | dhcf,/node/1635886,25
Transmittal 22-39 - Repeal of Business License Certificate of Occupancy Requirement for Individual/Solo Doula Practitioners | dhcf,/publication/transmittal-22-39-repeal-business-license-certificate-occupancy-requirement,7
Transmittal 22-40 Public Notice FQHC and Specialty Hospital Rebasing Delay; ARPA 9817 Supplemental Payments | dhcf,/publication/transmittal-22-40-public-notice-fqhc-and-specialty-hospital-rebasing-delay-arpa-9817,6
Transmittal 23-01 - DCPFS22039 Annual Code Update 2023 Provider | dhcf,/node/1637261,1
Transmittal 23-01 - DCPFS22039 Annual Code Update 2023 Provider | dhcf,/publication/transmittal-23-01-dcpfs22039-annual-code-update-2023-provider,6
Transmittal 23-03 - ADHP Rates 01-01-2023 | dhcf,/node/1637271,6
Transmittal 23-04 - HHA PT OT and ST Rates 01-01-2023 | dhcf,/node/1637276,1
Transmittal 23-04 - HHA PT OT and ST Rates 01-01-2023 | dhcf,/publication/transmittal-23-04-hha-pt-ot-and-st-rates-01-01-2023,1
Transmittal 23-05 - PCA Living Wage Changes Effective 01012023-COVID-19 Enhanced Rate | dhcf,/node/1637281,2
Transmittal 23-07 - ICFIID Rate Change Effective Jan 1 2023 | dhcf,/publication/transmittal-23-07-icfiid-rate-change-effective-jan-1-2023,8
Transmittal 23-08 - Medical Benefit Drugs Policy Change | dhcf,/node/1640681,1
Transmittal 23-08 - Medical Benefit Drugs Policy Change | dhcf,/publication/transmittal-23-08-medical-benefit-drugs-policy-change,1
Transmittal 23-09 - Reimbursement of Out-of-Pocket Expenditures for Managed Care Medicaid Beneficiaries | dhcf,/publication/transmittal-23-09-reimbursement-out-pocket-expenditures-managed-care-medicaid,5
Transmittal 23-11 - Updating Telemedicine Billing Guidance | dhcf,/node/1641446,10
Transmittal 23-11 - Updating Telemedicine Billing Guidance | dhcf,/publication/transmittal-23-11-updating-telemedicine-billing-guidance,7
Transmittal 23-12 - Home Health Aid LW Rate Update Effective 01012023-COVID-19 Enhanced Rate | dhcf,/node/1641871,1
Transmittal 23-13  Personal Needs Allowance Increase | dhcf,/publication/transmittal-23-13 -personal-needs-allowance-increase,11
"Transmittal 23-14 - National Children's Dental Health Month, Dental Procedures and Billing Requirements | dhcf",/publication/transmittal-23-14-national-childrens-dental-health-month-dental-procedures-and-billing,3
Transmittal 23-15 - Implementation of the Direct Care Service Provider Supplemental Payment | dhcf,/node/1645341,35
Transmittal 23-15 - Implementation of the Direct Care Service Provider Supplemental Payment | dhcf,/publication/transmittal-23-15-implementation-direct-care-service-provider-supplemental-payment,1
Transmittal 23-16 - FY23 MCO Pharmacy Continuity of Care and Reimbursement | dhcf,/node/1652551,5
Transmittal 23-16 - FY23 MCO Pharmacy Continuity of Care and Reimbursement | dhcf,/publication/transmittal-23-16-fy23-mco-pharmacy-continuity-care-and-reimbursement,4
Transmittal 23-17 - FY23 MCO Provider Continuity of Care | dhcf,/node/1652546,3
Transmittal 23-17 - FY23 MCO Provider Continuity of Care | dhcf,/publication/transmittal-23-17-fy23-mco-provider-continuity-care,2
Transmittal 23-18 Fee-For-Service Fee Schedule for Professional Services | dhcf,/publication/transmittal-23-18-fee-service-fee-schedule-professional-services,32
Transmittal 23-19 Reimbursement Rate Changes for Adult Substance Use Rehabilitative Services tied to the end of the Public Health Emergency | dhcf,/publication/transmittal-23-19-reimbursement-rate-changes-adult-substance-use-rehabilitative-services,1
Transmittal 23-20 - Termination of the Federal COVID-19 PHE and Extension of COVID-19 Disaster Relief Policies | dhcf,/node/1655471,6
Transmittal 23-21 - Pharmacy Program Changes following the End of the Federal Public Health Emergency | dhcf,/node/1655586,3
Transmittal 23-22 - Antiretroviral (ARV) Drug Coverage Clarification | dhcf,/publication/transmittal-23-22-antiretroviral-arv-drug-coverage-clarification,1
Transmittal 23-23 - Written Pharmacy Point of Service (POS) Notice | dhcf,/NODE/1661466,4
Transmittal 23-23 - Written Pharmacy Point of Service (POS) Notice | dhcf,/node/1661466,20
Transmittal 23-23 - Written Pharmacy Point of Service (POS) Notice | dhcf,/publication/transmittal-23-23-written-pharmacy-point-service-pos-notice,6
Transmittal 23-24 Home Health Agency Living Wage (HHA) Rate Changes Effective July 1 2023 | dhcf,/node/1667801,4
Transmittal 23-24 Home Health Agency Living Wage (HHA) Rate Changes Effective July 1 2023 | dhcf,/publication/transmittal-23-24-home-health-agency-living-wage-hha-rate-changes-effective-july-1-2023,13
"Transmittal 23-25 Home Health Agency Living Wage (OT, PT, SLP) Rate Changes Effective July 1 2023 | dhcf",/node/1667826,7
Transmittal 23-26 Assisted Living Facility Rate Changes Effective July 1 2023 | dhcf,/publication/transmittal-23-26-assisted-living-facility-rate-changes-effective-july-1-2023,9
Transmittal 23-27 Home Health Agency Living Wage (PCA) Rate Changes Effective July 1 2023 Updated | dhcf,/node/1667871,4
Transmittal 23-27 Home Health Agency Living Wage (PCA) Rate Changes Effective July 1 2023 Updated | dhcf,/publication/transmittal-23-27-home-health-agency-living-wage-pca-rate-changes-effective-july-1-2023,7
"Transmittal 23-28 ICFIID Rate Change Effective Jul 1, 2023 | dhcf",/node/1668836,3
"Transmittal 23-28 ICFIID Rate Change Effective Jul 1, 2023 | dhcf",/publication/transmittal-23-28-icfiid-rate-change-effective-jul-1-2023,3
"Transmittal 23-29 Correction to the Appendix K Rates Effective January 1, 2023 | dhcf",/node/1668691,4
"Transmittal 23-30 Appendix K Rates Effective July 1, 2023 | dhcf",/node/1668906,4
Transmittal 23-31 Clarification of Coverage of Over-the-Counter Narcan® Nasal Spray | dhcf,/node/1671101,4
"Transmittal 23-32 Intensive Care Coordination (ICC), Assertive Community Treatment (ACT) - State Plan Amendment | dhcf",/publication/transmittal-23-32-intensive-care-coordination-icc-assertive-community-treatment-act,13
Transmittal 23-36 - Doula Transmittal Expansion of Eligible Entities | dhcf,/node/1677196,11
Transmittal 23-36 - Doula Transmittal Expansion of Eligible Entities | dhcf,/publication/transmittal-23-36-doula-transmittal-expansion-eligible-entities,21
Transmittal 23-37 - CLARIFICATION: Policy and Procedure regarding the District of Columbia (DC) Medicaid 719A Prescription Order Form | dhcf,/node/1677186,2
Transmittal 23-37 - CLARIFICATION: Policy and Procedure regarding the District of Columbia (DC) Medicaid 719A Prescription Order Form | dhcf,/publication/transmittal-23-37-clarification-policy-and-procedure-regarding-district-columbia-dc,9
Transmittal 23-38 - OSSP Provider Transmittal Supplemental Payments FY21 | dhcf,/node/1678151,1
Transmittal 23-39 - Changes to Delivery and Billing Requirements to Receive Reimbursement for Assertive Community Treatment (ACT) | dhcf,/node/1678166,4
Transmittal 23-39 - Changes to Delivery and Billing Requirements to Receive Reimbursement for Assertive Community Treatment (ACT) | dhcf,/publication/transmittal-23-39-changes-delivery-and-billing-requirements-receive-reimbursement,4
Transmittal 23-40 - Implementation of the Optional State Assessment | dhcf,/node/1678381,6
Transmittal 23-40 - Implementation of the Optional State Assessment | dhcf,/publication/transmittal-23-40-implementation-optional-state-assessment,8
Transmittal 23-41 - Medicaid Update - Request for Determination of Coverage and Pricing | dhcf,/node/1679661,6
"Transmittal 23-42 - Skilled Nursing Rate Changes Effective October 1, 2023 | dhcf",/node/1682001,6
"Transmittal 23-42 - Skilled Nursing Rate Changes Effective October 1, 2023 | dhcf",/publication/transmittal-23-42-skilled-nursing-rate-changes-effective-october-1-2023,6
Transmittal 23-43 - Provider Network Communication Tool Provider Inquiry Form and Guide | dhcf,/node/1682896,6
Transmittal 23-43 - Provider Network Communication Tool Provider Inquiry Form and Guide | dhcf,/publication/transmittal-23-43-provider-network-communication-tool-provider-inquiry-form-and-guide,6
"Transmittal 23-44 - Reimbursement Rate Changes for Behavioral Health Services Effective October 1, 2023 | dhcf",/node/1683161,9
"Transmittal 23-44 - Reimbursement Rate Changes for Behavioral Health Services Effective October 1, 2023 | dhcf",/publication/transmittal-23-44-reimbursement-rate-changes-behavioral-health-services-effective,1
Transmittal 23-45 - DC Medicaid Hospice Rates Update Effective 10.01.23 | dhcf,/node/1683301,7
Transmittal 23-45 - DC Medicaid Hospice Rates Update Effective 10.01.23 | dhcf,/publication/transmittal-23-45-dc-medicaid-hospice-rates-update-effective-100123,8
Transmittal 23-46 - 2023 CPT-HCPCS Mid-Year Code Update | dhcf,/node/1683311,6
Transmittal 23-47 - Specialty Hospital and ARPA Supplemental Payments | dhcf,/node/1683316,5
Transmittal 23-47 - Specialty Hospital and ARPA Supplemental Payments | dhcf,/publication/transmittal-23-47-specialty-hospital-and-arpa-supplemental-payments,1
Transmittal 23-48 - Public Notice of Intent to Submit State Plan Amendment – Rate Updates for Behavioral Health Services | dhcf,/node/1683396,6
Transmittal 23-50 (rev.) - Updated Assertive Community Treatment (ACT) Delivery and Billing Requirements | dhcf,/publication/transmittal-23-50-rev-updated-assertive-community-treatment-act-delivery-and-billing,3
Transmittal 23-50 Updated Assertive Community Treatment (ACT) Delivery and Billing Requirements | dhcf,/publication/transmittal-23-50-updated-assertive-community-treatment-act-delivery-and-billing,11
Transmittal 23-51 - SUD Residential MCP Authorizations November 1 2023 | dhcf,/node/1683481,1
Transmittal 23-51 - SUD Residential MCP Authorizations November 1 2023 | dhcf,/publication/transmittal-23-51-sud-residential-mcp-authorizations-november-1-2023,5
Transmittal 23-52 - SUD Residential FFS Authorization November 1 2023 | dhcf,/node/1683486,3
"Transmittal 23-53 - Reimbursement Rate Changes for Behavioral Health Services Effective November 1, 2023 | dhcf",/node/1686036,4
"Transmittal 23-53 - Reimbursement Rate Changes for Behavioral Health Services Effective November 1, 2023 | dhcf",/publication/transmittal-23-53-reimbursement-rate-changes-behavioral-health-services-effective,20
"Transmittal 23-53 (rev.)-Reimbursement Rate Changes for Behavioral Health Services Effective November 1, 2023 | dhcf",/publication/transmittal-23-53-rev-reimbursement-rate-changes-behavioral-health-services-effective,5
Transmittal 23-54 - Policy Guidance on Notice of Cease of Operations by Registered Entities of the DC Health Information Exchange (HIE) | dhcf,/node/1686391,6
Transmittal 23-54 - Policy Guidance on Notice of Cease of Operations by Registered Entities of the DC Health Information Exchange (HIE) | dhcf,/publication/transmittal-23-54-policy-guidance-notice-cease-operations-registered-entities-dc-health,3
"Transmittal 23-55 - Policy Guidance on AR, Notification of UA, and RA Timelines by Registered Entities of the DC HIE | dhcf",/node/1686401,7
"Transmittal 23-55 - Policy Guidance on AR, Notification of UA, and RA Timelines by Registered Entities of the DC HIE | dhcf",/publication/transmittal-23-55-policy-guidance-ar-notification-ua-and-ra-timelines-registered,2
"Transmittal 23-56 - Policy Guidance on Identifying AU for Access, Use, and Disclosure of PHI through DC HIE | dhcf",/node/1686641,1
Transmittal 23-57 - Lead Screening and Reporting Requirements in the District of Columbia & Annual Lead Screening Letter from DOEE and DHCF Directors | dhcf,/publication/transmittal-23-57-lead-screening-and-reporting-requirements-district-columbia-annual,7
Transmittal 23-58 Public Notice of Intent to Submit State Plan Amendment | dhcf,/node/1688986,6
Transmittal 23-60 - District of Columbia Long Term Care Nursing Facilities Quality Improvement Program | dhcf,/publication/transmittal-23-60-district-columbia-long-term-care-nursing-facilities-quality,12
Transmittal 23-61 - Public Notice of Intent to Submit State Plan Amendment – Behavioral Health Physician Services | dhcf,/node/1697731,1
"Transmittal 23-62 - Reimbursement Rates for NEW Behavioral Health Integration Services Effective January 1, 2024 | dhcf",/publication/transmittal-23-62-reimbursement-rates-new-behavioral-health-integration-services,17
Transmittal 23-63 - Personal Needs Allowance Increase | dhcf,/node/1698056,7
Transmittal 23-63 - Personal Needs Allowance Increase | dhcf,/publication/transmittal-23-63-personal-needs-allowance-increase,3
Transmittal 23-64 - Annual Code Update 2024 Provider | dhcf,/node/1698066,1
Transmittal 23-64 - Annual Code Update 2024 Provider | dhcf,/publication/transmittal-23-64-annual-code-update-2024-provider,14
Transmittal 23-65 - Updates to Reimbursement Rates for Ambulance Emergency Medical Services | dhcf,/node/1698086,1
Transmittal 23-65 - Updates to Reimbursement Rates for Ambulance Emergency Medical Services | dhcf,/publication/transmittal-23-65-updates-reimbursement-rates-ambulance-emergency-medical-services,4
"Transmittal 23-66 - Medicaid Doula Services Rate Change Effective January 1, 2024 | dhcf",/node/1698091,1
"Transmittal 23-66 - Medicaid Doula Services Rate Change Effective January 1, 2024 | dhcf",/publication/transmittal-23-66-medicaid-doula-services-rate-change-effective-january-1-2024,6
"Transmittal 23-67 - Medicaid HSS Rate Change Effective January 1, 2024 | dhcf",/node/1698101,8
"Transmittal 23-67 - Medicaid HSS Rate Change Effective January 1, 2024 | dhcf",/publication/transmittal-23-67-medicaid-hss-rate-change-effective-january-1-2024,25
"Transmittal 23-68 - Living Wage Rate Changes for PCA Services Effective January 1, 2024 | dhcf",/node/1698356,5
"Transmittal 23-68 - Living Wage Rate Changes for PCA Services Effective January 1, 2024 | dhcf",/publication/transmittal-23-68-living-wage-rate-changes-pca-services-effective-january-1-2024,3
"Transmittal 23-69 - Living Wage Rate Changes for Home Health Aide Services Effective January 1, 2024 | dhcf",/node/1698411,12
"Transmittal 23-69 - Living Wage Rate Changes for Home Health Aide Services Effective January 1, 2024 | dhcf",/publication/transmittal-23-69-living-wage-rate-changes-home-health-aide-services-effective-january-1,4
Transmittal 23-70 - Reimbursement Rates Change for Assisted Living Facilities 01.01.2024 | dhcf,/node/1698421,2
Transmittal 23-70 - Reimbursement Rates Change for Assisted Living Facilities 01.01.2024 | dhcf,/publication/transmittal-23-70-reimbursement-rates-change-assisted-living-facilities-01012024,7
Transmittal 23-71 - Medicaid Fee Schedule Updates to the Reimbursement Rates for District ICFs/IID | dhcf,/node/1698446,2
"Transmittal 23-72 - HHA Reimbursement Rate Changes for PT, OT, and ST Effective January 1, 2024 | dhcf",/node/1698496,7
"Transmittal 23-72 - HHA Reimbursement Rate Changes for PT, OT, and ST Effective January 1, 2024 | dhcf",/publication/transmittal-23-72-hha-reimbursement-rate-changes-pt-ot-and-st-effective-january-1-2024,7
"Transmittal 23-73 - Reimbursement Rate Changes for ADHP Services Effective January 1, 2024 | dhcf",/publication/transmittal-23-73-reimbursement-rate-changes-adhp-services-effective-january-1-2024,16
Transmittal 24-01 - Distribution of DCSP Supplemental Payment for Calendar Year 2024 Enhanced Direct Care Worker Wages | dhcf,/node/1701116,8
Transmittal 24-01 - Distribution of DCSP Supplemental Payment for Calendar Year 2024 Enhanced Direct Care Worker Wages | dhcf,/publication/transmittal-24-01-distribution-dcsp-supplemental-payment-calendar-year-2024-enhanced,5
Transmittal 24-02 - Organ Transplantation Coverage for Fee-For-Service and Managed Care Enrollees – Update on Coverage Policies | dhcf,/node/1703566,5
Transmittal 24-02 - Organ Transplantation Coverage for Fee-For-Service and Managed Care Enrollees – Update on Coverage Policies | dhcf,/publication/transmittal-24-02-organ-transplantation-coverage-fee-service-and-managed-care-enrollees-,5
Transmittal 24-03 - Notification of Policy Change-Physician Administered Drug Reimbursement Rates | dhcf,/node/1703526,4
Transmittal 24-03 - Notification of Policy Change-Physician Administered Drug Reimbursement Rates | dhcf,/publication/transmittal-24-03-notification-policy-change-physician-administered-drug-reimbursement,1
Transmittal 24-04 - 2022 Retroactive Payment of State Supplement and January 2024 Payment Levels | dhcf,/node/1703531,4
Transmittal 24-05 - Public Notice of Intent to Submit State Plan Amendment –Behavioral Health Services | dhcf,/node/1704576,6
Transmittal 24-05 - Public Notice of Intent to Submit State Plan Amendment –Behavioral Health Services | dhcf,/publication/transmittal-24-05-public-notice-intent-submit-state-plan-amendment-–behavioral-health,1
Transmittal 24-06 - Reimbursement of Out-of-Pocket Expenditures for Managed Care Medicaid Beneficiaries | dhcf,/node/1704581,3
Transmittal 24-06 - Reimbursement of Out-of-Pocket Expenditures for Managed Care Medicaid Beneficiaries | dhcf,/publication/transmittal-24-06-reimbursement-out-pocket-expenditures-managed-care-medicaid,4
Transmittal 24-07 - Reimbursement of Out-of-Pocket Expenditures for Non-Managed Care Medicaid Beneficiaries | dhcf,/node/1704586,0
Transmittal 24-07 - Reimbursement of Out-of-Pocket Expenditures for Non-Managed Care Medicaid Beneficiaries | dhcf,/publication/transmittal-24-07-reimbursement-out-pocket-expenditures-non-managed-care-medicaid,1
"Transmittal 24-08 - Reimbursement Rate Changes for Behavioral Health Services Effective February 1, 2024 | dhcf",/node/1704801,12
"Transmittal 24-08 - Reimbursement Rate Changes for Behavioral Health Services Effective February 1, 2024 | dhcf",/publication/transmittal-24-08-reimbursement-rate-changes-behavioral-health-services-effective,56
"Transmittal 24-09 - National Children's Dental Health Month, Dental Procedures and Billing Requirements | dhcf",/node/1709006,5
"Transmittal 24-09 - National Children's Dental Health Month, Dental Procedures and Billing Requirements | dhcf",/publication/transmittal-24-09-national-childrens-dental-health-month-dental-procedures-and-billing,2
Transmittal 24-10 - D.C. Medicaid claims for SBHS | dhcf,/node/1709816,7
Transmittal 24-10 - D.C. Medicaid claims for SBHS | dhcf,/publication/transmittal-24-10-dc-medicaid-claims-sbhs,9
Transmittal 24-11 - Billing Modifications for ACT Procedure Code H0040 | dhcf,/node/1711171,2
Transmittal 24-11 - Billing Modifications for ACT Procedure Code H0040 | dhcf,/publication/transmittal-24-11-billing-modifications-act-procedure-code-h0040,6
"Transmittal 24-12 Billing Modifications for Assertive Community Treatment Procedure Code H0040, supplementing Transmittal 24-11 | dhcf",/node/1715941,2
"Transmittal 24-12 Billing Modifications for Assertive Community Treatment Procedure Code H0040, supplementing Transmittal 24-11 | dhcf",/publication/transmittal-24-12-billing-modifications-assertive-community-treatment-procedure-code,2
Transmittal 24-13 Reimbursement Rate Updates for Non-Emergency Ambulance Services | dhcf,/node/1716501,1
Transmittal 24-13 Reimbursement Rate Updates for Non-Emergency Ambulance Services | dhcf,/publication/transmittal-24-13-reimbursement-rate-updates-non-emergency-ambulance-services,5
Transmittal 24-14 Notice of Pricing Updates to the Medicaid Fee-For-Service (FFS) Fee Schedule | dhcf,/node/1718866,6
Transmittal 24-14 Notice of Pricing Updates to the Medicaid Fee-For-Service (FFS) Fee Schedule | dhcf,/publication/transmittal-24-14-notice-pricing-updates-medicaid-fee-service-ffs-fee-schedule,7
Transmittal 24-15(rev) Fertility Diagnosis and Treatment Coverage | dhcf,/node/1719826,3
Transmittal 24-15(rev) Fertility Diagnosis and Treatment Coverage | dhcf,/publication/transmittal-24-15rev-fertility-diagnosis-and-treatment-coverage,3
Transmittal 24-16-Suboxone and Buprenorphine-Containing Products Daily Dosing Limit Increase | dhcf,/node/1719831,4
Transmittal 24-16-Suboxone and Buprenorphine-Containing Products Daily Dosing Limit Increase | dhcf,/publication/transmittal-24-16-suboxone-and-buprenorphine-containing-products-daily-dosing-limit,9
Transmittal 24-19 - Home Health Agency Cost Report Submission | dhcf,/node/1726421,3
Transmittal 24-19 - Home Health Agency Cost Report Submission | dhcf,/publication/transmittal-24-19-home-health-agency-cost-report-submission,7
Transmittal 24-20 Public Notice of State Plan Amendment Out-of-State Nursing Facility Reimbursement | dhcf,/node/1727706,2
Transmittal 24-20 Public Notice of State Plan Amendment Out-of-State Nursing Facility Reimbursement | dhcf,/publication/transmittal-24-20-public-notice-state-plan-amendment-out-state-nursing-facility,2
Transmittal 24-21 Medicaid Fee Schedule Updates to the Reimbursement Rates for District ICF/IID | dhcf,/node/1731756,8
Transmittal 24-21 Medicaid Fee Schedule Updates to the Reimbursement Rates for District ICF/IID | dhcf,/publication/transmittal-24-21-medicaid-fee-schedule-updates-reimbursement-rates-district-icfiid,2
"Transmittal 24-22 Living Wage Rate Changes for PCA Services effective July 1, 2024 | dhcf",/node/1731771,1
"Transmittal 24-22 Living Wage Rate Changes for PCA Services effective July 1, 2024 | dhcf",/publication/transmittal-24-22-living-wage-rate-changes-pca-services-effective-july-1-2024,9
"Transmittal 24-23 Living Wage Rate Changes for Home Health Aide Services effective July 1, 2024 | dhcf",/node/1731791,1
"Transmittal 24-23 Living Wage Rate Changes for Home Health Aide Services effective July 1, 2024 | dhcf",/publication/transmittal-24-23-living-wage-rate-changes-home-health-aide-services-effective-july-1,9
"Transmittal 24-24 Reimbursement Rate Changes for Physical Therapy (PT), Occupational Therapy (OT), and Speech and Language Therapy (ST) effective July 1, 2024 | dhcf",/node/1731811,3
"Transmittal 24-24 Reimbursement Rate Changes for Physical Therapy (PT), Occupational Therapy (OT), and Speech and Language Therapy (ST) effective July 1, 2024 | dhcf",/publication/transmittal-24-24-reimbursement-rate-changes-physical-therapy-pt-occupational-therapy-ot,10
"Transmittal 24-25 Reimbursement Rate Update for Assisted Living Facilities effective July 1, 2024 | dhcf",/node/1731826,1
"Transmittal 24-25 Reimbursement Rate Update for Assisted Living Facilities effective July 1, 2024 | dhcf",/publication/transmittal-24-25-reimbursement-rate-update-assisted-living-facilities-effective-july-1,6
"Transmittal 24-26 - Reimbursement Rate Changes for Behavioral Health Services Effective August 1, 2023 | dhcf",/publication/transmittal-24-26-reimbursement-rate-changes-behavioral-health-services-effective-august,13
"Transmittal 24-28 - Skilled Nursing Rate Changes Effective October 1, 2024 | dhcf",/node/1745276,7
"Transmittal 24-28 - Skilled Nursing Rate Changes Effective October 1, 2024 | dhcf",/publication/transmittal-24-28-skilled-nursing-rate-changes-effective-october-1-2024,2
Transmittal 24-30 - FY 2025 Medicaid Hospice Rates | dhcf,/node/1745426,12
Transmittal 24-30 - FY 2025 Medicaid Hospice Rates | dhcf,/publication/transmittal-24-30-fy-2025-medicaid-hospice-rates,15
Transmittal 24-31 - 2024 CPT-HCPCS Mid-Year Code Update | dhcf,/node/1746521,7
Transmittal 24-32 Doula Expansion of Eligible Entities | dhcf,/node/1755031,8
Transmittal 24-32 Doula Expansion of Eligible Entities | dhcf,/page/transmittal-24-32-doula-expansion-eligible-entities,29
Transmittal 24-33 - Personal Needs Allowance Increase | dhcf,/node/1757141,10
Transmittal 24-33 - Personal Needs Allowance Increase | dhcf,/page/transmittal-24-33-personal-needs-allowance-increase,1
"Transmittal 24-34 - CY 2025 Medicaid Doula Service Rates, Effective January 1, 2025 | dhcf",/node/1758196,10
"Transmittal 24-34 - CY 2025 Medicaid Doula Service Rates, Effective January 1, 2025 | dhcf",/page/transmittal-24-34-cy-2025-medicaid-doula-service-rates-effective-january-1-2025,31
"Transmittal 24-35 - CY 2025 Medicaid HSS Rates, Effective January 1, 2025 | dhcf",/node/1758201,9
"Transmittal 24-35 - CY 2025 Medicaid HSS Rates, Effective January 1, 2025 | dhcf",/page/transmittal-24-35-cy-2025-medicaid-hss-rates-effective-january-1-2025,7
"Transmittal 24-36 - Medicaid Rate Update for Assisted Living Facilities, Effective January 1, 2025 | dhcf",/node/1758856,11
"Transmittal 24-36 - Medicaid Rate Update for Assisted Living Facilities, Effective January 1, 2025 | dhcf",/publication/transmittal-24-36-medicaid-rate-update-assisted-living-facilities-effective-january-1,12
Transmittal 24-37 - 2025 HCPCS CPT Code Update | dhcf,/node/1758991,19
Transmittal 24-37 - 2025 HCPCS CPT Code Update | dhcf,/publication/transmittal-24-37-2025-hcpcs-cpt-code-update,7
Transmittal 24-38 - Medicaid Fee Schedule Updates to the Reimbursement Rates for District ICF IID | dhcf,/node/1758861,8
Transmittal 24-38 - Medicaid Fee Schedule Updates to the Reimbursement Rates for District ICF IID | dhcf,/publication/transmittal-24-38-medicaid-fee-schedule-updates-reimbursement-rates-district-icf-iid,9
"Transmittal 24-39 - Medicaid Rate Updates for PCA Services, Effective January 1, 2025 | dhcf",/node/1758866,11
"Transmittal 24-39 - Medicaid Rate Updates for PCA Services, Effective January 1, 2025 | dhcf",/publication/transmittal-24-39-medicaid-rate-updates-pca-services-effective-january-1-2025,68
"Transmittal 24-40 - Home Health Aide LW Increase Effective January 1, 2025 | dhcf",/node/1758871,5
"Transmittal 24-40 - Home Health Aide LW Increase Effective January 1, 2025 | dhcf",/publication/transmittal-24-40-home-health-aide-lw-increase-effective-january-1-2025,18
Transmittal 24-41 - Reimbursement Rate Changes for ADHP Services | dhcf,/node/1758996,13
Transmittal 24-41 - Reimbursement Rate Changes for ADHP Services | dhcf,/publication/transmittal-24-41-reimbursement-rate-changes-adhp-services,6
"Transmittal 24-42 - Reimbursement Rate Changes for PT, OT, and ST, effective January 1, 2025 | dhcf",/node/1759566,45
"Transmittal 24-42 - Reimbursement Rate Changes for PT, OT, and ST, effective January 1, 2025 | dhcf",/publication/transmittal-24-42-reimbursement-rate-changes-pt-ot-and-st-effective-january-1-2025,2
Transmittal 25-01 - OSSP Provider Transmittal Supplemental Payments CY23 | dhcf,/node/1764046,6
Transmittal 25-02-Same-Day Billing for Rehabilitation Day Services and Assertive Community Treatment (ACT) | dhcf,/node/1765031,6
Transmittal 25-02-Same-Day Billing for Rehabilitation Day Services and Assertive Community Treatment (ACT) | dhcf,/publication/transmittal-25-02-same-day-billing-rehabilitation-day-services-and-assertive-community,5
Transmittal 25-03 - Distribution of DCSP Supplemental Payment for CY2025 | dhcf,/node/1765101,7
Transmittal 25-03 - Distribution of DCSP Supplemental Payment for CY2025 | dhcf,/publication/transmittal-25-03-distribution-dcsp-supplemental-payment-cy2025,7
Transmittal 25-04 - Reimbursement Rate Increases for Behaviorial Health Services | dhcf,/node/1766986,9
Transmittal 25-04 - Reimbursement Rate Increases for Behaviorial Health Services | dhcf,/publication/transmittal-25-04-reimbursement-rate-increases-behaviorial-health-services,25
Transmittal 25-04 (rev.) - Reimbursement Rate Increases for Behavioral Health Services | dhcf,/node/1777276,107
Transmittal 25-04 (rev.) - Reimbursement Rate Increases for Behavioral Health Services | dhcf,/publication/transmittal-25-04-rev-reimbursement-rate-increases-behavioral-health-services,16
Transmittal 25-05 - Reimbursement of Out-of-Pocket Expenditures for Managed Care Medicaid Beneficiaries | dhcf,/node/1768726,12
Transmittal 25-05 - Reimbursement of Out-of-Pocket Expenditures for Managed Care Medicaid Beneficiaries | dhcf,/publication/transmittal-25-05-reimbursement-out-pocket-expenditures-managed-care-medicaid,8
Transmittal 25-06 - Reimbursement of Out-of-Pocket Expenditures for Non-Managed Care Medicaid Beneficiaries | dhcf,/node/1768736,3
Transmittal 25-06 - Reimbursement of Out-of-Pocket Expenditures for Non-Managed Care Medicaid Beneficiaries | dhcf,/publication/transmittal-25-06-reimbursement-out-pocket-expenditures-non-managed-care-medicaid,12
"Transmittal 25-07 - National Children's Dental Health Month, Dental Procedures and Billing Requirements | dhcf",/node/1768761,5
"Transmittal 25-07 - National Children's Dental Health Month, Dental Procedures and Billing Requirements | dhcf",/publication/transmittal-25-07-national-childrens-dental-health-month-dental-procedures-and-billing,6
Transmittal 25-08 - Prior Authorization Updates for General Hospitals and Nursing Home Placements | dhcf,/node/1771011,28
Transmittal 25-09 - Managed Care Plan Assignment Request | dhcf,/node/1772461,6
Transmittal 25-09 - Managed Care Plan Assignment Request | dhcf,/publication/transmittal-25-09-managed-care-plan-assignment-request,5
Transmittal 25-10 -Public Notice of Intent to Submit State Plan Amendment – Medicaid Services for Eligible Incarcerated Youth | dhcf,/node/1774176,5
Transmittal 25-10 -Public Notice of Intent to Submit State Plan Amendment – Medicaid Services for Eligible Incarcerated Youth | dhcf,/publication/transmittal-25-10-public-notice-intent-submit-state-plan-amendment-–-medicaid-services,8
Transmittal 25-11 - Notice of Pricing Updates to the Medicaid Fee-For-Service (FFS) Fee Schedule | dhcf,/node/1777206,16
Transmittal 25-11 - Notice of Pricing Updates to the Medicaid Fee-For-Service (FFS) Fee Schedule | dhcf,/publication/transmittal-25-11-notice-pricing-updates-medicaid-fee-service-ffs-fee-schedule,47
Transmittal 25-12 - Inpatient Reimbursement for Physician Administered Cell and Gene Therapy | dhcf,/node/1777991,27
Transmittal 25-12 - Inpatient Reimbursement for Physician Administered Cell and Gene Therapy | dhcf,/publication/transmittal-25-12-inpatient-reimbursement-physician-administered-cell-and-gene-therapy,22
Transmittal 25-13 - Outpatient Reimbursement for Physician Administered Cell and Gene Therapy | dhcf,/node/1777996,12
Transmittal 25-13 - Outpatient Reimbursement for Physician Administered Cell and Gene Therapy | dhcf,/publication/transmittal-25-13-outpatient-reimbursement-physician-administered-cell-and-gene-therapy,35
Transmittal 25-13 (Rev)- Outpatient Reimbursement for Physician Administered Cell and Gene Therapy | dhcf,/publication/transmittal-25-13-rev-outpatient-reimbursement-physician-administered-cell-and-gene,50
Transmittal 25-14 - Medicaid Fee Schedule Updates to the Reimbursement Rates for District ICF-IID | dhcf,/node/1788601,12
Transmittal 25-14 - Medicaid Fee Schedule Updates to the Reimbursement Rates for District ICF-IID | dhcf,/publication/transmittal-25-14-medicaid-fee-schedule-updates-reimbursement-rates-district-icf-iid,110
"Transmittal 25-15-PCA Living Wage Changes Effective July 1, 2025 | dhcf",/node/1788966,26
"Transmittal 25-15-PCA Living Wage Changes Effective July 1, 2025 | dhcf",/publication/transmittal-25-15-pca-living-wage-changes-effective-july-1-2025,7
"Transmittal 25-16 - Home Health Aide LW Increase Effective July 1, 2025 | dhcf",/node/1788981,50
"Transmittal 25-16 - Home Health Aide LW Increase Effective July 1, 2025 | dhcf",/publication/transmittal-25-16-home-health-aide-lw-increase-effective-july-1-2025,12
"Transmittal 25-17 - HHA-PT.OT.ST Rates July 1, 2025 | dhcf",/publication/transmittal-25-17-hha-ptotst-rates-july-1-2025,5
"Transmittal 25-18 - Assisted Living Facilities July 1,2025 | dhcf",/node/1789021,19
"Transmittal 25-18 - Assisted Living Facilities July 1,2025 | dhcf",/publication/transmittal-25-18-assisted-living-facilities-july-12025,5
"Transmittal 25-19 - DC Physician Fee Schedule Mid-Year CPT HCPCS Code Updates Effective July 1, 2025 | dhcf",/publication/transmittal-25-19-dc-physician-fee-schedule-mid-year-cpt-hcpcs-code-updates-effective,29
Transmittal 25-21 - Notice of Intent to Discontinue Coverage of OTC COVID-19 Testing Kits | dhcf,/node/1791986,67
Transmittal 25-21 - Notice of Intent to Discontinue Coverage of OTC COVID-19 Testing Kits | dhcf,/publication/transmittal-25-21-notice-intent-discontinue-coverage-otc-covid-19-testing-kits,8
Transmittal 25-22- DC Healthcare Alliance Medical and Pharmacy Services Transition | dhcf,/node/1798301,136
Transmittal 25-22- DC Healthcare Alliance Medical and Pharmacy Services Transition | dhcf,/publication/transmittal-25-22-dc-healthcare-alliance-medical-and-pharmacy-services-transition,15
Transmittal 25-23 - Reporting of DCSP Actuals for CY2025 | dhcf,/publication/transmittal-25-23-reporting-dcsp-actuals-cy2025,74
"Transmittal 25-24 - Skilled Nursing Rate Changes Effective October 1, 2025 | dhcf",/node/1798466,147
"Transmittal 25-24 - Skilled Nursing Rate Changes Effective October 1, 2025 | dhcf",/publication/transmittal-25-24-skilled-nursing-rate-changes-effective-october-1-2025,17
Transmittal 25-25 - Amendment to Medicaid Provider Agreements | dhcf,/node/1798691,216
Transmittal 25-25 - Amendment to Medicaid Provider Agreements | dhcf,/publication/transmittal-25-25-amendment-medicaid-provider-agreements,13
Transmittal 25-26 - Public Notice of Intent to Submit State Plan Amendments on High-Cost Curative Therapy | dhcf,/node/1800261,80
Transmittal 25-26 - Public Notice of Intent to Submit State Plan Amendments on High-Cost Curative Therapy | dhcf,/publication/transmittal-25-26-public-notice-intent-submit-state-plan-amendments-high-cost-curative,13
Transmittal 25-27 - FY 2026 Medicaid Hospice Rates | dhcf,/node/1800366,260
Transmittal 25-27 - FY 2026 Medicaid Hospice Rates | dhcf,/publication/transmittal-25-27-fy-2026-medicaid-hospice-rates,174
Transmittal 25-28: Medicaid Dental Service Rate Update | dhcf,/node/1800571,51
Transmittal 25-28: Medicaid Dental Service Rate Update | dhcf,/publication/transmittal-25-28-medicaid-dental-service-rate-update,68
Transmittal 25-29 - Lead Screening and Reporting Requirements in the District of Columbia | dhcf,/node/1802491,40
Transmittal 25-29 - Lead Screening and Reporting Requirements in the District of Columbia | dhcf,/publication/transmittal-25-29-lead-screening-and-reporting-requirements-district-columbia,20
Transmittal 25-30 - Nursing Facility Roles & Responsibilities When Admitting MCP Enrollees | dhcf,/node/1810341,2
Transmittal 25-30 - Nursing Facility Roles & Responsibilities When Admitting MCP Enrollees | dhcf,/publication/transmittal-25-30-nursing-facility-roles-responsibilities-when-admitting-mcp-enrollees,2
Transmittal Number 16-26-FY 2017 Medicaid Hospice Rates | dhcf,/node/1195550,1
Transmittal Number 16-26-FY 2017 Medicaid Hospice Rates | dhcf,/publication/transmittal-number-16-26-fy-2017-medicaid-hospice-rates,6
Transmittal-19-28 Independent Practice for Psychologists and Other Licensed Practitioners (OLPs) | dhcf,/publication/transmittal-19-28-independent-practice-psychologists-and-other-licensed-practitioners,3
Types of Long-Term Care Services | dhcf,/fr/service/types-long-term-care-services,6
Types of Long-Term Care Services | dhcf,/service/types-long-term-care-services,353
Undue Hardship Instructional Guide | dhcf,/node/1347996,33
Undue Hardship Instructional Guide | dhcf,/publication/undue-hardship-instructional-guide,55
United Medical Center Closure and Records Requests | dhcf,/page/united-medical-center-closure-and-records-requests,31
United Medical Center Closure and Records Requests | dhcf,/umcrecordrequests,6
United Medical Center Independent Review Report | dhcf,/release/united-medical-center-independent-review-report,6
Update on Managed Care Organization Procurement | dhcf,/release/update-managed-care-organization-procurement,16
User account | dhcf,/user,31
Utilization/ Quality Control Attachment 4.14B | dhcf,/node/192622,7
Utilization/ Quality Control Attachment 4.14B | dhcf,/publication/utilization-quality-control-attachment-414b,1
Vehicle Modification Services Notice of Final Rulemaking | dhcf,/node/1068492,1
Vehicle Modification Services Notice of Final Rulemaking | dhcf,/publication/vehicle-modification-services-notice-final-rulemaking,3
Victor M. Prince | dhcf,/biography/victor-m-prince,12
Videos on Medicaid Eligibility | dhcf,/page/videos-medicaid-eligibility-view,42
Vietnamese - Stakeholder Communications Toolkit | dhcf,/page/vietnamese-stakeholder-communications-toolkit-0,1
Waiver and Demonstration Projects Under Title XIX and Title XI of the Social Security Act | dhcf,/node/193912,33
Waiver and Demonstration Projects Under Title XIX and Title XI of the Social Security Act | dhcf,/page/waiver-and-demonstration-projects-under-title-xix-and-title-xi-social-security-act,19
Ward 7 and 8 Social Determinants of Health Initiatives | dhcf,/publication/ward-7-and-8-social-determinants-health-initiatives-01,46
"Wayne Turnage, M.P.A. | dhcf",/am/biography/wayne-turnage-mpa,1
"Wayne Turnage, M.P.A. | dhcf",/biography/wayne-turnage-mpa,689
"Wayne Turnage, M.P.A. | dhcf",/node/324462,82
Wellness Service Notice of Final Rulemaking | dhcf,/node/1147692,6
What are Some of the Services Covered by Medicaid? | dhcf,/service/what-are-some-services-covered-medicaid,347
What is Fraud? | dhcf,/page/what-fraud,22
What is Health Care Alliance for Children? | dhcf,/fr/service/health-care-alliance-children-formerly-immigrant-childrens-program,3
What is Health Care Alliance for Children? | dhcf,/fr/service/immigrant-childrens-program,3
Work Group Charters | dhcf,/node/1121791,5
Work Group Charters | dhcf,/publication/work-group-charters,0
Xeloda Breast Cancer Prior Authorization (PA) Form | dhcf,/node/153802,8
Xeloda Breast Cancer Prior Authorization (PA) Form | dhcf,/publication/xeloda-breast-cancer-prior-authorization-pa-form,1
