# Hostname exactly matches dmv.dc.gov,,
# Start date: 20250916,,
# End date: 20251216,,
,,
Page title and screen class,Page path and screen class,Views
| dmv,,5
| dmv,/,505737
| dmv,//checkout/,5
| dmv,//node/,1
| dmv,/PORTAL/SITE,1
| dmv,/Portal/DesktopModules/Admin/RadEditorProvider/DialogHandler.aspx,1
| dmv,/am,17
| dmv,/am/node,43
| dmv,/ar,7
| dmv,/es,16
| dmv,/es/,1
| dmv,/fr,1
| dmv,/ko,3
| dmv,/node,7688
| dmv,/node/,10
| dmv,/portal,61
| dmv,/portal/customer-service/request-vehicle-or-driver-records/online-vehicle-record-request,1
| dmv,/portal/dev,3
| dmv,/portal/dmv,1
| dmv,/portal/dmv-online,1
| dmv,/portal/dmv - 202-727-5000,3
| dmv,/portal/filemanager.php,3
| dmv,/portal/home,14
| dmv,/portal/index.php,4
| dmv,/portal/login,10
| dmv,/portal/login.html,2
| dmv,/portal/site,2
| dmv,/portal/site/DCPS/Backus/index2.html,1
| dmv,/portal/site/DCPS/schools/anacostia,1
| dmv,/portal/site/dcps/dcps/standards2005/g5.htm,3
| dmv,/portal/site/dcps/file.aspx,1
| dmv,/portal/site/dcps/offices/directory_external.htm,1
| dmv,/portal/site/dcps/parents/toolkit/transportation,3
| dmv,/vi,7
| dmv,/zh-hant,2
| Page 121 | dmv,/ar/node,6
| Page 14 | dmv,/ko/node,31
| Page 2 | dmv,/es/node,203
| Page 3 | dmv,/fr/node,1
| Page 3 | dmv,/zh-hant/node,6
| Page 7 | dmv,/NODE,47
| Page 8 | dmv,/vi/node,9
"1015 Half Street, SE, 9th Floor | dmv",/address/1015-half-street-se-9th-floor,41
"1015 Half Street, SE, 9th Floor | dmv",/es/node/1332701,1
"1800 Martin Luther King Jr. Avenue, SE | dmv",/address/1800-martin-luther-king-jr-avenue-se,12
2009 Independence Day Schedule | dmv,/release/2009-independence-day-schedule,6
2009 Memorial Day Holiday Schedule | dmv,/release/2009-memorial-day-holiday-schedule,4
5-Day Temporary Registration | dmv,/am/page/5-day-temporary-registration,1
5-Day Temporary Registration | dmv,/es/page/5-day-temporary-registration,4
5-Day Temporary Registration | dmv,/node/1175220,4089
5-Day Temporary Registration | dmv,/page/5-day-temporary-registration,1065
6-Month DC Residency Certification | dmv,/node/811382,110
6-Month DC Residency Certification | dmv,/page/6-month-dc-residency-certification,139
"¡Nuevo aspecto, nueva seguridad, el mismo usted! | dmv",/node/1688601,49
"¡Nuevo aspecto, nueva seguridad, el mismo usted! | dmv",/service/¡nuevo-aspecto-nueva-seguridad-el-mismo-usted,15
"¡Nuevo aspecto, nueva seguridad, el mismo usted! Páginas informativas | dmv",/node/1688591,1
"¡Nuevo aspecto, nueva seguridad, el mismo usted! Páginas informativas | dmv",/page/¡nuevo-aspecto-nueva-seguridad-el-mismo-usted-páginas-informativas,2
"¡Nuevo aspecto, nueva seguridad, el mismo usted! Preguntas frecuentes | dmv",/node/1688596,12
"¡Nuevo aspecto, nueva seguridad, el mismo usted! Preguntas frecuentes | dmv",/page/¡nuevo-aspecto-nueva-seguridad-el-mismo-usted-preguntas-frecuentes,69
中文 (Chinese) | dmv,/am/node/1621091,2
中文 (Chinese) | dmv,/es/node/1621091,2
中文 (Chinese) | dmv,/ko/node/1621091,4
中文 (Chinese) | dmv,/node/1621091,12
中文 (Chinese) | dmv,/page/中文-chinese,315
中文 (Chinese) | dmv,/zh-hant/node/1621091,1
የኤጀንሲው ዳይሬክተሮችን ያግኙ | dmv,/am/page/contact-agency-directors,3
“Skip the Trip” to the District DMV | dmv,/release/“skip-trip”-district-dmv,31
About DC DMV | dmv,/am/page/about-dc-dmv,1
About DC DMV | dmv,/ar/page/about-dc-dmv,1
About DC DMV | dmv,/es/page/about-dc-dmv,5
About DC DMV | dmv,/node/1089332,13
About DC DMV | dmv,/page/about-dc-dmv,1372
About DC DMV | dmv,/vi/page/about-dc-dmv,1
About the DMV | dmv,/node/137302,1
About the DMV | dmv,/page/about-dmv,77
Accepted Forms of Payments | dmv,/am/service/accepted-forms-payments,6
Accepted Forms of Payments | dmv,/es/service/accepted-forms-payments,3
Accepted Forms of Payments | dmv,/node/1119546,7
Accepted Forms of Payments | dmv,/service/accepted-forms-payments,827
Accepted Forms of Payments | dmv,/vi/service/accepted-forms-payments,1
Accepted Forms of Payments | dmv,/zh-hant/service/accepted-forms-payments,1
Active Duty and Foreign Service Driver License and Identification Card Services | dmv,/node/1699386,337
Active Duty and Foreign Service Driver License and Identification Card Services | dmv,/page/active-duty-and-foreign-service-driver-license-and-identification-card-services,151
Active Duty and Foreign Service FAQs | dmv,/node/1699576,148
Active Duty and Foreign Service FAQs | dmv,/page/active-duty-and-foreign-service-faqs,81
Active Duty and Foreign Service Vehicle Services | dmv,/node/1699391,404
Active Duty and Foreign Service Vehicle Services | dmv,/page/active-duty-and-foreign-service-vehicle-services,243
Active Duty Military and Foreign Service Residents | dmv,/activeduty,851
Active Duty Military and Foreign Service Residents | dmv,/am/activeduty,3
Active Duty Military and Foreign Service Residents | dmv,/es/activeduty,3
Active Duty Military and Foreign Service Residents | dmv,/fr/activeduty,6
Active Duty Military and Foreign Service Residents | dmv,/ko/activeduty,6
Active Duty Military and Foreign Service Residents | dmv,/node/1699381,177
Adjudication Power of Attorney Form | dmv,/node/136152,403
Adjudication Power of Attorney Form | dmv,/publication/adjudication-power-attorney-form,72
Adjudication Services | dmv,/am/page/adjudication-services-00,29
Adjudication Services | dmv,/es/page/adjudication-services-00,7
Adjudication Services | dmv,/fr/page/adjudication-services-00,4
Adjudication Services | dmv,/node/1099062,10617
Adjudication Services | dmv,/page/adjudication-services-0,1
Adjudication Services | dmv,/page/adjudication-services-00,5415
Adjudication Services Amharic | dmv,/node/1053312,15
Adjudication Services Amharic | dmv,/page/adjudication-services-amharic,6
Adjudication Services Chinese | dmv,/node/1053372,5
Adjudication Services Chinese | dmv,/page/adjudication-services-chinese,39
Adjudication Services French | dmv,/node/1052532,6
Adjudication Services French | dmv,/page/adjudication-services-french,28
Adjudication Services Korean | dmv,/node/1053402,1
Adjudication Services Korean | dmv,/page/adjudication-services-korean,24
Adjudication Services Spanish | dmv,/node/1050472,1
Adjudication Services Spanish | dmv,/page/adjudication-services-spanish,621
Admit with an Explanation | dmv,/am/service/admit-explanation,2
Admit with an Explanation | dmv,/ar/service/admit-explanation,7
Admit with an Explanation | dmv,/es/service/admit-explanation,0
Admit with an Explanation | dmv,/ko/service/admit-explanation,1
Admit with an Explanation | dmv,/node/1119637,3008
Admit with an Explanation | dmv,/service/ADMIT-explanation,1
Admit with an Explanation | dmv,/service/admit-explanation,4275
Admit with an Explanation | dmv,/vi/service/admit-explanation,22
After Buying a Vehicle | dmv,/am/service/after-buying-vehicle,2
After Buying a Vehicle | dmv,/es/service/after-buying-vehicle,6
After Buying a Vehicle | dmv,/node/1119061,474
After Buying a Vehicle | dmv,/service/after-buying-vehicle,928
Agency Directory | dmv,/directory/pages,25
Agency Directory | dmv,/directory/pages/,3
Agency Directory | dmv,/directory/places,3
Agency Directory | dmv,/directory/places/,1
Agency Partnerships | dmv,/am/page/agency-partnrships-0,1
Agency Partnerships | dmv,/ar/page/agency-partnrships-0,3
Agency Partnerships | dmv,/es/page/agency-partnrships-0,5
Agency Partnerships | dmv,/page/agency-partnrships-0,52
Agency Partnerships | dmv,/zh-hant/page/agency-partnrships-0,0
Aggressive Driving | dmv,/am/service/aggressive-driving,1
Aggressive Driving | dmv,/ar/service/aggressive-driving,1
Aggressive Driving | dmv,/es/service/aggressive-driving,6
Aggressive Driving | dmv,/fr/service/aggressive-driving,19
Aggressive Driving | dmv,/ko/service/aggressive-driving,2
Aggressive Driving | dmv,/node/1119252,21
Aggressive Driving | dmv,/service/aggressive-driving,273
All DC DMV Locations | dmv,/am/page/all-DC-DMV-locations,30
All DC DMV Locations | dmv,/am/page/all-dc-dmv-locations,11
All DC DMV Locations | dmv,/ar/page/all-DC-DMV-locations,1
All DC DMV Locations | dmv,/es/page/all-dc-dmv-locations,11
All DC DMV Locations | dmv,/fr/page/all-dc-dmv-locations,7
All DC DMV Locations | dmv,/ko/page/all-DC-DMV-locations,2
All DC DMV Locations | dmv,/ko/page/all-dc-dmv-locations,32
All DC DMV Locations | dmv,/node/1122346,4
All DC DMV Locations | dmv,/page/all-DC-DMV-locations,695
All DC DMV Locations | dmv,/page/all-dc-dmv-locations,14957
All DC DMV Locations | dmv,/vi/page/all-dc-dmv-locations,1
Amharic (አማርኛ) | dmv,/ar/page/amharic-dmv,25
Amharic (አማርኛ) | dmv,/es/page/amharic-dmv,1
Amharic (አማርኛ) | dmv,/ko/page/amharic-dmv,2
Amharic (አማርኛ) | dmv,/node/802202,4
Amharic (አማርኛ) | dmv,/page/amharic-dmv,443
Amharic Vehicle Services | dmv,/node/1053342,7
Amharic Vehicle Services | dmv,/page/amharic-vehicle-services,28
Appeals Form | dmv,/node/136082,317
Appeals Form | dmv,/publication/appeals-form,65
Appeals to Superior Court | dmv,/node/1626276,71
Appeals to Superior Court | dmv,/page/appeals-superior-court,38
Application for Disability Parking Placard or Tags | dmv,/dpptagsapplication,1565
Application for Disability Parking Placard or Tags | dmv,/node/136002,704
Application for Disability Parking Placard or Tags | dmv,/publication/application-disability-parking-placard-or-tags,1196
Application for Military Skills Test Waiver | dmv,/node/418992,16
Application for Military Skills Test Waiver | dmv,/publication/application-military-skills-test-waiver,9
April is National Donate Life Month | dmv,/es/node/1569931,1
April is National Donate Life Month | dmv,/release/april-national-donate-life-month,7
አማርኛ (Amharic) | dmv,/am/node/1615466,6
አማርኛ (Amharic) | dmv,/ar/node/1615466,5
አማርኛ (Amharic) | dmv,/es/node/1615466,3
አማርኛ (Amharic) | dmv,/ko/node/1615466,1
አማርኛ (Amharic) | dmv,/node/1615466,16
አማርኛ (Amharic) | dmv,/page/አማርኛ-amharic,993
አዲስ እይታ፣ አዲስ ጥበቃ፣ ተመሳሳይ እርስዎ! | dmv,/node/1660916,12
አዲስ እይታ፣ አዲስ ጥበቃ፣ ተመሳሳይ እርስዎ! | dmv,/service/አዲስ-እይታ፣-አዲስ-ጥበቃ፣-ተመሳሳይ-እርስዎ,8
አዲስ እይታ፣ አዲስ ጥበቃ፣ እርስዎ! በተደጋጋሚ የሚጠየቁ ጥያቄዎች (FAQs) | dmv,/node/1689356,3
አዲስ እይታ፣ አዲስ ጥበቃ፣ እርስዎ! በተደጋጋሚ የሚጠየቁ ጥያቄዎች (FAQs) | dmv,/page/አዲስ-እይታ፣-አዲስ-ጥበቃ፣-እርስዎ-በተደጋጋሚ-የሚጠየቁ-ጥያቄዎች-faqs,19
አዲስ እይታ፣ አዲስ ጥበቃ፣ እርስዎ! ባለ አንድ ገጾች | dmv,/node/1688871,9
Ask the Director - DMV | dmv,/external-link/ask-director-dmv,9
Attorney Appearance Form | dmv,/node/136092,39
Attorney Appearance Form | dmv,/publication/attorney-appearance-form,19
"Automatic Voter Registration Begins at DC DMV on June 26, 2018 | dmv",/release/automatic-voter-registration-begins-dc-dmv-june-26-2018,110
Be Aware of DC Parking Tickets Scam | dmv,/release/be-aware-dc-parking-tickets-scam,108
Beginning Drivers | dmv,/am/service/beginning-drivers,1
Beginning Drivers | dmv,/ar/service/beginning-drivers,1
Beginning Drivers | dmv,/es/service/beginning-drivers,5
Beginning Drivers | dmv,/node/1119221,409
Beginning Drivers | dmv,/service/beginning-drivers,261
Beginning Drivers | dmv,/service/beginning-drivers/,3
Benefits and Features of Trip Permit Registration for Non-Apportioned Vehicles | dmv,/am/service/benefits-and-features-trip-permit-registration-non-apportioned-vehicles,6
Benefits and Features of Trip Permit Registration for Non-Apportioned Vehicles | dmv,/es/service/benefits-and-features-dc-dmv-registration,1
Benefits and Features of Trip Permit Registration for Non-Apportioned Vehicles | dmv,/es/service/benefits-and-features-trip-permit-registration-non-apportioned-vehicles,4
Benefits and Features of Trip Permit Registration for Non-Apportioned Vehicles | dmv,/fr/service/benefits-and-features-trip-permit-registration-non-apportioned-vehicles,3
Benefits and Features of Trip Permit Registration for Non-Apportioned Vehicles | dmv,/node/1119531,15
Benefits and Features of Trip Permit Registration for Non-Apportioned Vehicles | dmv,/service/benefits-and-features-dc-dmv-registration,1
Benefits and Features of Trip Permit Registration for Non-Apportioned Vehicles | dmv,/service/benefits-and-features-trip-permit-registration-non-apportioned-vehicles,56
Benefits and Features of Trip Permit Registration for Non-Apportioned Vehicles | dmv,/zh-hant/service/benefits-and-features-trip-permit-registration-non-apportioned-vehicles,1
Benning Ridge Service Center | dmv,/am/page/benning-ridge-service-center,8
Benning Ridge Service Center | dmv,/es/page/benning-ridge-service-center,6
Benning Ridge Service Center | dmv,/ko/page/benning-ridge-service-center,4
Benning Ridge Service Center | dmv,/page/benning-ridge-service-center,6914
Benning Ridge Service Center | dmv,/zh-hant/page/benning-ridge-service-center,1
Books | dmv,/book,6
Books | dmv,/book/,1
Books | dmv,/book/content/felony-traffic-penalties,3
Books | dmv,/book/dmv-fees/Ym9vdGVkdG,2
Books | dmv,/book/dmv-fees/bootedtowed-vehicle-feesdmv.dc.gov/book/dmv-fees/bootedtowed-vehicle-fees,1
Books | dmv,/book/ticket-services-frequently-asked-questions-faqs,1
Books | dmv,/book/vehicle-fees/dmVoaWNsZS,9
Books | dmv,/book/vehicle-fees/vehicle-tag,2
Books | dmv,/book/vehicle-fees/vehicle-title.,30
Books | dmv,/book/vehiclhttps://dmv.dc.gov/page/reciprocity-permits-take-home-vehiclese-fees/parking-permit-reciprocity,1
Booted or Towed Vehicles | dmv,/am/service/booted-or-towed-vehicles,20
Booted or Towed Vehicles | dmv,/ar/service/booted-or-towed-vehicles,19
Booted or Towed Vehicles | dmv,/es/service/booted-or-towed-vehicles,6
Booted or Towed Vehicles | dmv,/ko/service/booted-or-towed-vehicles,3
Booted or Towed Vehicles | dmv,/node/1118967,1033
Booted or Towed Vehicles | dmv,/service/booted-or-towed-vehicles,3566
Booted or Towed Vehicles | dmv,/vi/service/booted-or-towed-vehicles,2
Booted or Towed Vehicles | dmv,/zh-hant/service/booted-or-towed-vehicles,1
Booted/Towed Vehicle Fees | dmv,/am/node/231422,11
Booted/Towed Vehicle Fees | dmv,/book/dmv-fees/bootedtowed-vehicle-fees,741
Booted/Towed Vehicle Fees | dmv,/es/node/231422,9
Booted/Towed Vehicle Fees | dmv,/node/231422,5
Booted/Towed Vehicle Fees | dmv,/vi/node/231422,5
Booted/Towed Vehicle Fees | dmv,/zh-hant/node/231422,4
Breast Cancer Awareness Specialty License Plate Available | dmv,/release/breast-cancer-awareness-specialty-license-plate-available,23
Business Services | dmv,/am/service/business-services,1
Business Services | dmv,/es/service/business-services,5
Business Services | dmv,/node/1119456,39
Business Services | dmv,/service/business-services,1036
Business Services | dmv,/zh-hant/service/business-services,0
Buying a Vehicle | dmv,/am/service/buying-vehicle,3
Buying a Vehicle | dmv,/es/service/buying-vehicle,2
Buying a Vehicle | dmv,/node/1119062,609
Buying a Vehicle | dmv,/service/buying-vehicle,562
Buying a Vehicle | dmv,/vi/service/buying-vehicle,7
Buying and Selling a Vehicle | dmv,/am/service/buying-and-selling-vehicle,9
Buying and Selling a Vehicle | dmv,/ar/service/buying-and-selling-vehicle,1
Buying and Selling a Vehicle | dmv,/es/service/buying-and-selling-vehicle,4
Buying and Selling a Vehicle | dmv,/ko/service/buying-and-selling-vehicle,2
Buying and Selling a Vehicle | dmv,/node/1118986,56
Buying and Selling a Vehicle | dmv,/service/buying-and-selling-vehicle,1998
Buying and Selling a Vehicle | dmv,/vi/service/buying-and-selling-vehicle,1
Car Safety Seat Program | dmv,/es/node/1605771,1
Car Safety Seat Program | dmv,/ko/node/1605771,1
Car Safety Seat Program | dmv,/node/1605771,19
Car Safety Seat Program | dmv,/service/car-safety-seat-program,1122
Career Opportunities with DC DMV | dmv,/am/page/career-opportunities-dc-dmv,7
Career Opportunities with DC DMV | dmv,/ar/page/career-opportunities-dc-dmv,1
Career Opportunities with DC DMV | dmv,/ar/page/work-dc-dmv,1
Career Opportunities with DC DMV | dmv,/es/page/career-opportunities-dc-dmv,22
Career Opportunities with DC DMV | dmv,/es/page/work-dc-dmv,2
Career Opportunities with DC DMV | dmv,/ko/page/career-opportunities-dc-dmv,7
Career Opportunities with DC DMV | dmv,/ko/page/work-dc-dmv,1
Career Opportunities with DC DMV | dmv,/node/1089582,321
Career Opportunities with DC DMV | dmv,/page/career-opportunities-dc-dmv,2244
Career Opportunities with DC DMV | dmv,/page/work-dc-dmv,8
Career Opportunities with DC DMV | dmv,/vi/page/career-opportunities-dc-dmv,1
CDL Eligibility and Documentation | dmv,/am/service/cdl-eligibility-and-documentation,25
CDL Eligibility and Documentation | dmv,/es/service/cdl-eligibility-and-documentation,2
CDL Eligibility and Documentation | dmv,/ko/service/cdl-eligibility-and-documentation,2
CDL Eligibility and Documentation | dmv,/node/1119312,285
CDL Eligibility and Documentation | dmv,/service/cdl-eligibility-and-documentation,1007
CDL Eligibility and Documentation | dmv,/zh-hant/service/cdl-eligibility-and-documentation,6
CDL Knowledge Tests | dmv,/am/service/cdl-knowledge-tests,2
CDL Knowledge Tests | dmv,/ar/service/cdl-knowledge-tests,6
CDL Knowledge Tests | dmv,/es/service/cdl-knowledge-tests,5
CDL Knowledge Tests | dmv,/ko/service/cdl-knowledge-tests,5
CDL Knowledge Tests | dmv,/node/1119416,127
CDL Knowledge Tests | dmv,/service/cdl-knowledge-tests,1776
CDL Learner Permits | dmv,/es/service/cdl-learner-permit,1
CDL Learner Permits | dmv,/es/service/cdl-learner-permits,2
CDL Learner Permits | dmv,/ko/service/cdl-learner-permits,6
CDL Learner Permits | dmv,/node/1119326,7
CDL Learner Permits | dmv,/service/cdl-learner-permit,4
CDL Learner Permits | dmv,/service/cdl-learner-permits,644
CDL Learner Permits | dmv,/vi/service/cdl-learner-permits,1
CDL Learner Permits | dmv,/zh-hant/service/cdl-learner-permits,1
CDL REAL ID Proof of Identity—Full Legal Name and Date of Birth | dmv,/node/1115286,625
CDL REAL ID Proof of Identity—Full Legal Name and Date of Birth | dmv,/page/cdl-real-id-proof-identity—full-legal-name-and-date-birth,52
CDL Road Skills Test Waiver for Military Personnel | dmv,/am/service/cdl-road-skills-test-waiver-military-personnel,1
CDL Road Skills Test Waiver for Military Personnel | dmv,/es/service/cdl-road-skills-test-waiver-military-personnel,1
CDL Road Skills Test Waiver for Military Personnel | dmv,/ko/service/cdl-road-skills-test-waiver-military-personnel,1
CDL Road Skills Test Waiver for Military Personnel | dmv,/node/1119347,7
CDL Road Skills Test Waiver for Military Personnel | dmv,/service/cdl-road-skills-test-waiver-military-personnel,67
CDL Road Skills Tests | dmv,/am/service/cdl-road-skills-tests,6
CDL Road Skills Tests | dmv,/ar/service/cdl-road-skills-tests,6
CDL Road Skills Tests | dmv,/es/service/cdl-road-skills-tests,4
CDL Road Skills Tests | dmv,/ko/service/cdl-road-skills-tests,2
CDL Road Skills Tests | dmv,/node/1119327,20
CDL Road Skills Tests | dmv,/service/cdl-road-skills-tests,504
CDL Road Skills Tests | dmv,/vi/service/cdl-road-skills-tests,1
Central Issuance and New Credentials Brochure | dmv,/page/central-issuance-and-new-credentials-brochure,50
Certificate of Title/Temporary Tag Application | dmv,/node/1119777,2293
Certificate of Title/Temporary Tag Application | dmv,/node/135842,8331
Certificate of Title/Temporary Tag Application | dmv,/publication/certificate-titletemporary-tag-application,807
Certificate of Title/Temporary Tag Application | dmv,/publication/certificate-titletemporary-tag-appliction-0,24
Certification of Eligibility for Full License with Conditions | dmv,/publication/certification-eligibility-full-license-conditions-0,45
Certification of Eligibility for Provisional and Full Licenses With Conditions | dmv,/am/publication/certification-eligibility-provisional-and-full-licensesconditions-0,1
Certification of Eligibility for Provisional and Full Licenses With Conditions | dmv,/es/publication/certification-eligibility-provisional-and-full-licensesconditions-0,9
Certification of Eligibility for Provisional and Full Licenses With Conditions | dmv,/node/1117712,1511
Certification of Eligibility for Provisional and Full Licenses With Conditions | dmv,/publication/certification-eligibility-provisional-and-full-licensesconditions-0,180
Certification of Eligibility for Provisional and Full Licenses With Conditions | dmv,/zh-hant/publication/certification-eligibility-provisional-and-full-licensesconditions-0,6
Change of Address | dmv,/am/service/change-addres-0,117
Change of Address | dmv,/ar/service/change-addres-0,2
Change of Address | dmv,/es/service/change-addres-0,9
Change of Address | dmv,/node/1118998,4058
Change of Address | dmv,/service/change-addres-0,21556
Change of Address | dmv,/zh-hant/service/change-addres-0,1
Changes Impacting Ticket Fines and Boot/Impound Process | dmv,/release/changes-impacting-ticket-fines-and-bootimpound-process,151
Chartered Buses | dmv,/am/service/chartered-buses,3
Chartered Buses | dmv,/ar/service/chartered-buses,2
Chartered Buses | dmv,/es/service/chartered-buses,7
Chartered Buses | dmv,/node/1119551,54
Chartered Buses | dmv,/service/chartered-buses,271
chiderah.monde | dmv,/users/chiderahmonde,17
Child Car Safety Seat Check | dmv,/release/child-car-safety-seat-check,16
Cita Para Obtener la Credencial de Propósito Limitado | dmv,/page/cita-para-obtener-la-credencal-de-propósito-limitado,1
Cita Para Obtener la Credencial de Propósito Limitado | dmv,/page/cita-para-obtener-la-credencial-de-propósito-limitado,92
Clearing Stops on the National Driver Registry | dmv,/am/service/clearing-stops-national-driver-registry,4
Clearing Stops on the National Driver Registry | dmv,/ar/service/clearing-stops-national-driver-registry,5
Clearing Stops on the National Driver Registry | dmv,/es/service/clearing-stops-national-driver-registry,5
Clearing Stops on the National Driver Registry | dmv,/service/clearing-stops-national-driver-registry,456
Clearing Stops on the National Driver Registry | dmv,/zh-hant/service/clearing-stops-national-driver-registry,2
CMV Group and CDL Class and Endorsements | dmv,/am/service/cmv-group-and-cdl-class-and-endorsements,7
CMV Group and CDL Class and Endorsements | dmv,/es/service/cmv-group-and-cdl-class-and-endorsements,5
CMV Group and CDL Class and Endorsements | dmv,/node/1119331,69
CMV Group and CDL Class and Endorsements | dmv,/service/cmv-group-and-cdl-class-and-endorsements,266
CMV Group and CDL Class and Endorsements | dmv,/vi/service/cmv-group-and-cdl-class-and-endorsements,7
Commercial Driver License | dmv,/am/cdlinfo,2
Commercial Driver License | dmv,/ar/service/obtain-commercial-driver-license,1
Commercial Driver License | dmv,/cdlinfo,1873
Commercial Driver License | dmv,/cdlinfo/,3
Commercial Driver License | dmv,/es/cdlinfo,4
Commercial Driver License | dmv,/ko/cdlinfo,5
Commercial Driver License | dmv,/ko/service/obtain-commercial-driver-license,2
Commercial Driver License | dmv,/node/1119307,477
Commercial Driver License | dmv,/service/obtain-commercial-driver-license,82
Commercial Driver License | dmv,/service/obtain-commercial-driver-license/,2
Commercial Driver License | dmv,/vi/cdlinfo,0
Commercial Driver License | dmv,/zh-hant/cdlinfo,7
Commercial Driver License Application | dmv,/node/135942,58
Commercial Driver License Application | dmv,/publication/commercial-driver-license-application,6
Commercial Driver License Road Test Lot | dmv,/am/page/commercial-driver-license-road-test-lot-00,2
Commercial Driver License Road Test Lot | dmv,/ar/page/commercial-driver-license-road-test-lot-00,1
Commercial Driver License Road Test Lot | dmv,/es/page/commercial-driver-license-road-test-lot-00,3
Commercial Driver License Road Test Lot | dmv,/fr/page/commercial-driver-license-road-test-lot-00,6
Commercial Driver License Road Test Lot | dmv,/node/1099132,99
Commercial Driver License Road Test Lot | dmv,/page/commercial-driver-license-road-test-lot-00,67
Commercial Driver License Supplemental Form | dmv,/node/135952,44
Commercial Driver License Supplemental Form | dmv,/publication/commercial-driver-license-supplemental-form,3
Commercial Driver's License Minimum Age Requirement Amendment | dmv,/release/commercial-drivers-license-minimum-age-requirement-amendment,5
Common Causes of Inspection Failure—Commercial Vehicles | dmv,/es/service/common-causes-inspection-failure—commercial-vehicles,1
Common Causes of Inspection Failure—Commercial Vehicles | dmv,/node/1119018,35
Common Causes of Inspection Failure—Commercial Vehicles | dmv,/service/common-causes-inspection-failure—commercial-vehicles,154
Common Causes of Inspection Failure—Commercial Vehicles | dmv,/vi/service/common-causes-inspection-failure—commercial-vehicles,1
Common Causes of Inspection Failure—For-Hire Vehicles | dmv,/es/service/common-causes-inspection-failure—-hire-vehicles,1
Common Causes of Inspection Failure—For-Hire Vehicles | dmv,/ko/service/common-causes-inspection-failure—-hire-vehicles,1
Common Causes of Inspection Failure—For-Hire Vehicles | dmv,/node/1119024,19
Common Causes of Inspection Failure—For-Hire Vehicles | dmv,/service/common-causes-inspection-failure—-hire-vehicles,110
Common Causes of Inspection Failure—Personal Vehicles | dmv,/es/service/common-causes-inspection-failure—personal-vehicles,2
Common Causes of Inspection Failure—Personal Vehicles | dmv,/fr/service/common-causes-inspection-failure—personal-vehicles,2
Common Causes of Inspection Failure—Personal Vehicles | dmv,/ko/service/common-causes-inspection-failure—personal-vehicles,1
Common Causes of Inspection Failure—Personal Vehicles | dmv,/node/1119014,791
Common Causes of Inspection Failure—Personal Vehicles | dmv,/service/common-causes-inspection-failure—personal-vehicles,328
"Consent, Waiver and Indemnity for Use of District Motor Vehicle | dmv",/node/1566096,596
"Consent, Waiver and Indemnity for Use of District Motor Vehicle | dmv",/publication/consent-waiver-and-indemnity-use-district-motor-vehicle,58
"Consent, Waiver and Indemnity for Use of District Motor Vehicle – Minor | dmv",/node/1566101,322
"Consent, Waiver and Indemnity for Use of District Motor Vehicle – Minor | dmv",/publication/consent-waiver-and-indemnity-use-district-motor-vehicle-–-minor,5
Contáctese con los directores | dmv,/es/page/contact-agency-directors,5
Contact Agency Directors | dmv,/page/contact-agency-directors,400
Contact Us | dmv,/am/contact-us,2
Contact Us | dmv,/ar/contact-us,13
Contact Us | dmv,/contact-us,8432
Contact Us | dmv,/contact-us/,1
Contact Us | dmv,/es/contact-us,6
Contact Us | dmv,/es/page/cnnect-dc-dmv,1
Contact Us | dmv,/es/page/dmv-contact-us,1
Contact Us | dmv,/ko/contact-us,2
Contact Us | dmv,/ko/page/cnnect-dc-dmv,1
Contact Us | dmv,/node/1089562,6
Contact Us | dmv,/page/cnnect-dc-dmv,3
Contact Us | dmv,/page/dmv-contact-us,19
Contact Us | dmv,/vi/contact-us,7
Contact Us | dmv,/zh-hant/contact-us,1
Contest a Minor Moving Violation Ticket | dmv,/am/service/contest-minor-moving-violation,0
Contest a Minor Moving Violation Ticket | dmv,/ar/service/contest-minor-moving-violation,2
Contest a Minor Moving Violation Ticket | dmv,/es/service/contest-minor-moving-violation,6
Contest a Minor Moving Violation Ticket | dmv,/ko/service/contest-minor-moving-violation,3
Contest a Minor Moving Violation Ticket | dmv,/node/1119657,15754
Contest a Minor Moving Violation Ticket | dmv,/service/contest-minor-moving-violation,2628
Contest a Minor Moving Violation Ticket | dmv,/vi/service/contest-minor-moving-violation,0
Contest Parking and Photo Enforcement Tickets | dmv,/am/service/contest-parking-and-photo-enforcement-tickets,139
Contest Parking and Photo Enforcement Tickets | dmv,/ar/service/contest-parking-and-photo-enforcement-tickets,4
Contest Parking and Photo Enforcement Tickets | dmv,/es/service/contest-parking-and-photo-enforcement-tickets,27
Contest Parking and Photo Enforcement Tickets | dmv,/ko/service/contest-parking-and-photo-enforcement-tickets,1
Contest Parking and Photo Enforcement Tickets | dmv,/node/1119652,79300
Contest Parking and Photo Enforcement Tickets | dmv,/service/contest-parking-and-photo-enforcement-tickets,26850
Contest Parking and Photo Enforcement Tickets | dmv,/service/contest-parking-and-photo-enforcement-tickets/,1
Convert a CDL from Another State | dmv,/am/service/convert-cdl-another-state,2
Convert a CDL from Another State | dmv,/es/service/convert-cdl-another-state,1
Convert a CDL from Another State | dmv,/ko/service/convert-cdl-another-state,5
Convert a CDL from Another State | dmv,/node/1119337,7
Convert a CDL from Another State | dmv,/service/convert-cdl-another-state,133
Convert an Out-of-State Motorcycle License or Endorsement | dmv,/am/service/convert-an-out-state-motorcycle-license-or-endorsement,3
Convert an Out-of-State Motorcycle License or Endorsement | dmv,/es/service/convert-an-out-state-motorcycle-license-or-endorsement,11
Convert an Out-of-State Motorcycle License or Endorsement | dmv,/service/convert-an-out-state-motorcycle-license-or-endorsement,115
Convert Out-of-State Driver Licenses | dmv,/am/service/convert-out-state-driver-licenses,5
Convert Out-of-State Driver Licenses | dmv,/es/service/convert-out-state-driver-licenses,79
Convert Out-of-State Driver Licenses | dmv,/ko/service/convert-out-state-driver-licenses,1
Convert Out-of-State Driver Licenses | dmv,/node/1119111,5957
Convert Out-of-State Driver Licenses | dmv,/node/1119111/1000,10
Convert Out-of-State Driver Licenses | dmv,/service/convert-out-state-driver-licenses,11054
Convert Out-of-State Driver Licenses | dmv,/vi/service/convert-out-state-driver-licenses,11
Copy of Parking Ticket | dmv,/am/page/copy-parking-ticket,34
Copy of Parking Ticket | dmv,/ar/page/copy-parking-ticket,3
Copy of Parking Ticket | dmv,/es/page/copy-parking-ticket,10
Copy of Parking Ticket | dmv,/ko/page/copy-parking-ticket,3
Copy of Parking Ticket | dmv,/page/copy-parking-ticket,5459
Copy of Parking Ticket | dmv,/vi/page/copy-parking-ticket,2
Curso Obligatorio De Education Vial | dmv,/node/1146451,27
Curso Obligatorio De Education Vial | dmv,/page/curso-obligatorio-de-education-vial,47
"DC Agency Directors to Hold Shared Web Chat on Parking Mon., Mar. 10 at Noon | dmv",/release/dc-agency-directors-hold-shared-web-chat-parking-mon-mar-10-noon,7
DC Compensated Emancipation Day Holiday Schedule | dmv,/release/dc-compensated-emancipation-day-holiday-schedule,5
DC Department of Motor Vehicles Agency Performance Oversight Hearing on Fiscal Years 2024-25 | dmv,/node/1766151,2
DC Department of Motor Vehicles Agency Performance Oversight Hearing on Fiscal Years 2024-25 | dmv,/release/dc-department-motor-vehicles-agency-performance-oversight-hearing-fiscal-years-2024-25,39
DC Department of Motor Vehicles Announces Residential Parking Permit (RPP) Fees Will Increase Effective June 1 | dmv,/ar/node/1533121,2
DC Department of Motor Vehicles Announces Residential Parking Permit (RPP) Fees Will Increase Effective June 1 | dmv,/es/node/1533121,1
DC Department of Motor Vehicles Announces Residential Parking Permit (RPP) Fees Will Increase Effective June 1 | dmv,/node/1533121,1
DC Department of Motor Vehicles Announces Residential Parking Permit (RPP) Fees Will Increase Effective June 1 | dmv,/release/dc-department-motor-vehicles-announces-residential-parking-permit-rpp-fees-will-increase,24
DC Department of Motor Vehicles Extends Deadline for Renewing Expired Driver License/ID Cards | dmv,/node/1542801,1
DC Department of Motor Vehicles Extends Deadline for Renewing Expired Driver License/ID Cards | dmv,/release/dc-department-motor-vehicles-extends-deadline-renewing-expired-driver-licenseid-cards,23
DC Department of Motor Vehicles Joins State-to-State to Increase Driver License Cross Verification | dmv,/am/node/1745401,5
DC Department of Motor Vehicles Joins State-to-State to Increase Driver License Cross Verification | dmv,/es/node/1745401,3
DC Department of Motor Vehicles Joins State-to-State to Increase Driver License Cross Verification | dmv,/ko/node/1745401,1
DC Department of Motor Vehicles Joins State-to-State to Increase Driver License Cross Verification | dmv,/node/1745401,1
DC Department of Motor Vehicles Joins State-to-State to Increase Driver License Cross Verification | dmv,/release/dc-department-motor-vehicles-joins-state-state-increase-driver-license-cross-verification,41
DC Department of Motor Vehicles Launches Permit Prep Bootcamp to Help Young Drivers Boost Knowledge Test Scores | dmv,/release/dc-department-motor-vehicles-launches-permit-prep-bootcamp-help-young-drivers-boost,24
"DC Department of Motor Vehicles Launches Uniquely DC, More Secure Driver Licenses and ID Cards for District Residents | dmv",/node/1669166,57
"DC Department of Motor Vehicles Launches Uniquely DC, More Secure Driver Licenses and ID Cards for District Residents | dmv",/release/dc-department-motor-vehicles-launches-uniquely-dc-more-secure-driver-licenses-and-id-cards,12
DC Department of Motor Vehicles to Resume Walk-in Service Beginning Week of July 19 | dmv,/node/1545021,1
DC Department of Motor Vehicles to Resume Walk-in Service Beginning Week of July 19 | dmv,/release/dc-department-motor-vehicles-resume-walk-service-beginning-week-july-19,35
DC DMV 2017-2022 Strategic Plan | dmv,/node/1277941,4
DC DMV 2017-2022 Strategic Plan | dmv,/publication/dc-dmv-2017-2022-strategic-plan,2
DC DMV ¡Noticias útiles para ti! para Agosto 2025 | dmv,/node/1795011,3
DC DMV ¡Noticias útiles para ti! para Agosto 2025 | dmv,/release/dc-dmv-¡noticias-útiles-para-ti-para-agosto-2025,10
DC DMV ¡Noticias útiles para ti! para Diciembre 2025 | dmv,/node/1810166,2
DC DMV ¡Noticias útiles para ti! para Diciembre 2025 | dmv,/release/dc-dmv-¡noticias-útiles-para-ti-para-diciembre-2025,6
DC DMV ¡Noticias útiles para ti! para Julio 2025 | dmv,/node/1794146,1
DC DMV ¡Noticias útiles para ti! para Julio 2025 | dmv,/release/dc-dmv-¡noticias-útiles-para-ti-para-julio-2025,7
DC DMV ¡Noticias útiles para ti! para Junio 2025 | dmv,/release/dc-dmv-¡noticias-útiles-para-ti-para-junio-2025,2
DC DMV ¡Noticias útiles para ti! para Noviembre 2025 | dmv,/es/node/1806396,8
DC DMV ¡Noticias útiles para ti! para Noviembre 2025 | dmv,/es/release/dc-dmv-¡noticias-útiles-para-ti-para-noviembre-2025,6
DC DMV ¡Noticias útiles para ti! para Noviembre 2025 | dmv,/node/1806396,3
DC DMV ¡Noticias útiles para ti! para Octubre 2025 | dmv,/node/1803346,4
DC DMV ¡Noticias útiles para ti! para Octubre 2025 | dmv,/release/dc-dmv-¡noticias-útiles-para-ti-para-octubre-2025,10
DC DMV ¡Noticias útiles para ti! para Septiembre 2025 | dmv,/node/1798896,4
DC DMV ¡Noticias útiles para ti! para Septiembre 2025 | dmv,/release/dc-dmv-¡noticias-útiles-para-ti-para-septiembre-2025,22
DC DMV Adjudication Services Location Closes for the Day | dmv,/release/dc-dmv-adjudication-services-location-closes-day,7
DC DMV Agency Performance Oversight Hearing on Fiscal Years 2021-22 | dmv,/am/node/1589616,1
DC DMV Agency Performance Oversight Hearing on Fiscal Years 2021-22 | dmv,/release/dc-dmv-agency-performance-oversight-hearing-fiscal-years-2021-22,3
DC DMV Agency Performance Oversight Hearing on Fiscal Years 2022-23 | dmv,/node/1642151,5
DC DMV Agency Performance Oversight Hearing on Fiscal Years 2022-23 | dmv,/release/dc-dmv-agency-performance-oversight-hearing-fiscal-years-2022-23,4
DC DMV Agency Performance Oversight Hearing on Fiscal Years 2022-23 | dmv,/vi/node/1642151,1
DC DMV Agency Performance Oversight Hearing on Fiscal Years 2023-24 | dmv,/es/node/1708026,0
DC DMV Agency Performance Oversight Hearing on Fiscal Years 2023-24 | dmv,/node/1708026,7
DC DMV Agency Performance Oversight Hearing on Fiscal Years 2023-24 | dmv,/release/dc-dmv-agency-performance-oversight-hearing-fiscal-years-2023-24,9
DC DMV Announces Increased DMV Fees | dmv,/release/dc-dmv-announces-increased-dmv-fees,7
DC DMV Announces New Mandatory Ignition Interlock Device Program for Substance-abuse Driving Offenders | dmv,/es/node/1634176,2
DC DMV Announces New Mandatory Ignition Interlock Device Program for Substance-abuse Driving Offenders | dmv,/release/dc-dmv-announces-new-mandatory-ignition-interlock-device-program-substance-abuse-driving,32
DC DMV Announces New Safe Driving Campaign to Prevent Teenage Motor Vehicle Accidents and Deaths | dmv,/release/dc-dmv-announces-new-safe-driving-campaign-prevent-teenage-motor-vehicle-accidents-and,15
DC DMV Announces New We Demand Statehood and Pride Lives Here Specialty Vehicle Tags | dmv,/ko/node/1765411,1
DC DMV Announces New We Demand Statehood and Pride Lives Here Specialty Vehicle Tags | dmv,/node/1765411,1
DC DMV Announces New We Demand Statehood and Pride Lives Here Specialty Vehicle Tags | dmv,/release/dc-dmv-announces-new-we-demand-statehood-and-pride-lives-here-specialty-vehicle-tags,218
DC DMV Annual Reports and Strategic Plan | dmv,/am/page/dc-dmv-annual-reports-and-strategic-plan,1
DC DMV Annual Reports and Strategic Plan | dmv,/es/page/dc-dmv-annual-reports-and-strategic-plan,3
DC DMV Annual Reports and Strategic Plan | dmv,/ko/page/dc-dmv-annual-reports-and-strategic-plan,4
DC DMV Annual Reports and Strategic Plan | dmv,/page/dc-dmv-annual-reports-and-strategic-plan,49
DC DMV Appointments for Limited Purpose Credentials are Free | dmv,/release/dc-dmv-appointments-limited-purpose-credentials-are-free,48
DC DMV Automobile Driver Manual | dmv,/node/1115302,2185
DC DMV Automobile Driver Manual | dmv,/publication/dc-dmv-automobile-driver-manual,13244
DC DMV Automobile Driver Manual | dmv,/publication/dc-dmv-automobile-driver-manual/,3
DC DMV Budget Testimony Before Committee on Transportation and the Environment | dmv,/node/1323106,1
DC DMV Budget Testimony Before Committee on Transportation and the Environment | dmv,/release/dc-dmv-budget-testimony-committee-transportation-and-environment,10
DC DMV Closed Due to Inclement Weather | dmv,/release/dc-dmv-closed-due-inclement-weather,6
DC DMV Commercial Driver License Manual | dmv,/node/1115307,47
DC DMV Commercial Driver License Manual | dmv,/publication/dc-dmv-commercial-driver-license-manual,453
DC DMV Correcting Insurance Lapse Letters Sent in Error | dmv,/release/dc-dmv-correcting-insurance-lapse-letters-sent-error,10
DC DMV Dealer Services | dmv,/am/service/dc-dmv-dealer-services,4
DC DMV Dealer Services | dmv,/ar/service/dc-dmv-dealer-services,1
DC DMV Dealer Services | dmv,/es/service/dc-dmv-dealer-services,4
DC DMV Dealer Services | dmv,/node/1119461,164
DC DMV Dealer Services | dmv,/service/dc-dmv-dealer-services,303
DC DMV Dealer Services | dmv,/vi/service/dc-dmv-dealer-services,1
DC DMV Dealer Services | dmv,/zh-hant/service/dc-dmv-dealer-services,6
DC DMV Dealer's Corner | dmv,/am/node/1680866,3
DC DMV Dealer's Corner | dmv,/es/node/1680866,4
DC DMV Dealer's Corner | dmv,/node/1680866,1
DC DMV Dealer's Corner | dmv,/page/dc-dmv-dealers-corner,326
DC DMV Digital Registration Card | dmv,/am/node/1377091,2
DC DMV Digital Registration Card | dmv,/es/node/1377091,11
DC DMV Digital Registration Card | dmv,/node/1377091,913
DC DMV Digital Registration Card | dmv,/page/dc-dmv-digital-registration-card,1674
DC DMV Digital Registration Card | dmv,/vi/node/1377091,0
DC DMV Document Verification Guide | dmv,/node/1117151,1108
DC DMV Document Verification Guide | dmv,/page/dc-dmv-document-verification-guide,1590
DC DMV Employee Spotlight | dmv,/am/node/1563366,1
DC DMV Employee Spotlight | dmv,/es/node/1563366,14
DC DMV Employee Spotlight | dmv,/ko/node/1563366,1
DC DMV Employee Spotlight | dmv,/page/dc-dmv-employee-spotlight,124
DC DMV Employee Spotlight | dmv,/zh-hant/node/1563366,1
DC DMV Exhaust Emissions Testing | dmv,/am/service/dc-dmv-exhaust-emissions-testing,5
DC DMV Exhaust Emissions Testing | dmv,/es/service/dc-dmv-exhaust-emissions-testing,3
DC DMV Exhaust Emissions Testing | dmv,/node/1119028,132
DC DMV Exhaust Emissions Testing | dmv,/service/dc-dmv-exhaust-emissions-testing,649
DC DMV Expanding Virtual Hearings to Include Parking and Photo Enforcement Tickets | dmv,/es/node/1578056,1
DC DMV Expanding Virtual Hearings to Include Parking and Photo Enforcement Tickets | dmv,/release/dc-dmv-expanding-virtual-hearings-include-parking-and-photo-enforcement-tickets,18
DC DMV FY 2017-2022 Strategic Plan | dmv,/publication/dc-dmv-fy-2017-2022-strategic-plan,1
DC DMV Historical Data | dmv,/am/page/dc-dmv-historcal-data,2
DC DMV Historical Data | dmv,/ar/page/dc-dmv-historcal-data,1
DC DMV Historical Data | dmv,/es/page/dc-dmv-historcal-data,4
DC DMV Historical Data | dmv,/node/1089602,6
DC DMV Historical Data | dmv,/page/dc-dmv-historcal-data,137
DC DMV Historical Data | dmv,/vi/page/dc-dmv-historcal-data,1
DC DMV Historical Data | dmv,/zh-hant/page/dc-dmv-historcal-data,3
DC DMV Hosts FREE Child Car Safety Seat Check | dmv,/release/dc-dmv-hosts-free-child-car-safety-seat-check,6
DC DMV Human Resources Contact Information | dmv,/am/node/1707011,5
DC DMV Human Resources Contact Information | dmv,/ar/node/1707011,5
DC DMV Human Resources Contact Information | dmv,/es/node/1707011,4
DC DMV Human Resources Contact Information | dmv,/ko/node/1707011,1
DC DMV Human Resources Contact Information | dmv,/node/1707011,4
DC DMV Human Resources Contact Information | dmv,/page/dc-dmv-human-resources-contact-information,107
DC DMV Human Resources Contact Information | dmv,/zh-hant/node/1707011,0
DC DMV Identifies Business Rule Impacting Ticket Refund Issuance | dmv,/release/dc-dmv-identifies-business-rule-impacting-ticket-refund-issuance,8
DC DMV Implements New Policy for Obtaining a Motorcycle Endorsement | dmv,/release/dc-dmv-implements-new-policy-obtaining-motorcycle-endorsement,36
DC DMV Implements UbiDuo Initiative | dmv,/release/dc-dmv-implements-ubiduo-initiative,4
DC DMV in Your Language | dmv,/am/node/1610776,2
DC DMV in Your Language | dmv,/ar/node/1610776,2
DC DMV in Your Language | dmv,/es/node/1610776,1
DC DMV in Your Language | dmv,/node/1610776,25
DC DMV in Your Language | dmv,/page/dc-dmv-your-language,189
DC DMV in Your Language | dmv,/vi/node/1610776,10
DC DMV Indefinitely Suspends Proposed Driver Education Regulations | dmv,/release/dc-dmv-indefinitely-suspends-proposed-driver-education-regulations,3
DC DMV Inspection Station Adjusts Hours for Excessive Heat through Friday | dmv,/release/dc-dmv-inspection-station-adjusts-hours-excessive-heat-through-friday,5
DC DMV Inspection Station Begins Fall/Winter Hours September 4 | dmv,/release/dc-dmv-inspection-station-begins-fallwinter-hours-september-4,7
DC DMV Inspection Station Begins Spring/Summer Hours June 5 | dmv,/release/dc-dmv-inspection-station-begins-springsummer-hours-june-5,4
DC DMV Inspection Station Closed Due to Power Outage | dmv,/release/dc-dmv-inspection-station-closed-due-power-outage,5
"DC DMV Inspection Station Closed on Wednesday, July 1, 2015 | dmv",/release/dc-dmv-inspection-station-closed-wednesday-july-1-2015,8
DC DMV Introduces Virtual Knowledge Test Option for New Drivers | dmv,/release/dc-dmv-introduces-virtual-knowledge-test-option-new-drivers,304
DC DMV is Hosting a Child Car Safety Seat Check | dmv,/release/dc-dmv-hosting-child-car-safety-seat-check,6
"DC DMV Joins National Program that Protects Consumers from Title Fraud, Unsafe Vehicles | dmv",/es/node/1573871,1
"DC DMV Joins National Program that Protects Consumers from Title Fraud, Unsafe Vehicles | dmv",/node/1573871,1
"DC DMV Joins National Program that Protects Consumers from Title Fraud, Unsafe Vehicles | dmv",/release/dc-dmv-joins-national-program-protects-consumers-title-fraud-unsafe-vehicles,11
DC DMV Launches Intelligent Speed Assistance (ISA) Program to Combat Aggravated Reckless Driving | dmv,/node/1800531,3
DC DMV Launches Intelligent Speed Assistance (ISA) Program to Combat Aggravated Reckless Driving | dmv,/release/dc-dmv-launches-intelligent-speed-assistance-isa-program-combat-aggravated-reckless-driving,397
DC DMV Launches New Self-Service Emissions Test Kiosk in Ward 8 | dmv,/node/1710206,125
DC DMV Launches New Self-Service Emissions Test Kiosk in Ward 8 | dmv,/release/dc-dmv-launches-new-self-service-emissions-test-kiosk-ward-8,91
DC DMV Lifts Appointment Requirement to Obtain a Limited Purpose Credential | dmv,/release/dc-dmv-lifts-appointment-requirement-obtain-limited-purpose-credential,12
DC DMV Limited Purpose Driver License | dmv,/am/service/limited-purpose-driver-license,2
DC DMV Limited Purpose Driver License | dmv,/es/service/limited-purpose-driver-license,4
DC DMV Limited Purpose Driver License | dmv,/node/1119117,1822
DC DMV Limited Purpose Driver License | dmv,/service/limited-purpose-driver-license,1045
DC DMV Limited Purpose Driver License | dmv,/vi/service/limited-purpose-driver-license,1
"DC DMV Makes Knowledge Testing Available in 10 Additional Languages, Enhances Payment Options | dmv",/node/1809846,3
"DC DMV Makes Knowledge Testing Available in 10 Additional Languages, Enhances Payment Options | dmv",/release/dc-dmv-makes-knowledge-testing-available-10-additional-languages-enhances-payment-options,29
DC DMV Media | dmv,/am/node/1687916,8
DC DMV Media | dmv,/es/node/1687916,2
DC DMV Media | dmv,/node/1687916,4
DC DMV Media | dmv,/page/dc-dmv-media,72
DC DMV Media | dmv,/vi/node/1687916,1
DC DMV Mobile App | dmv,/es/node/1503496,6
DC DMV Mobile App | dmv,/es/node/1528486,2
DC DMV Mobile App | dmv,/ko/node/1528486,7
DC DMV Mobile App | dmv,/node/1503496,11
DC DMV Mobile App | dmv,/node/1528486,21767
DC DMV Mobile App | dmv,/page/dc-dmv-mobile-app,538
DC DMV Mobile App | dmv,/service/dc-dmv-mobile-app,6060
DC DMV Motorcycle Operator Manual | dmv,/node/1115321,195
DC DMV Motorcycle Operator Manual | dmv,/publication/dc-dmv-motorcycle-operator-manual,140
DC DMV Moving to Central Issuance Process | dmv,/release/dc-dmv-moving-central-issuance-process,8
DC DMV Now Offering Renewal Reminders via Text Message | dmv,/release/dc-dmv-now-offering-renewal-reminders-text-message,4
DC DMV Offers Customers Online Vehicle Registration Reciprocity Renewal | dmv,/release/dc-dmv-offers-customers-online-vehicle-registration-reciprocity-renewal,10
DC DMV Offers Customers Two More Online Services | dmv,/release/dc-dmv-offers-customers-two-more-online-services,115
DC DMV Online Traffic School | dmv,/am/service/dc-dmv-online-traffic-school,2
DC DMV Online Traffic School | dmv,/ar/service/dc-dmv-online-traffic-school,7
DC DMV Online Traffic School | dmv,/es/service/dc-dmv-online-traffic-school,5
DC DMV Online Traffic School | dmv,/node/1119302,228
DC DMV Online Traffic School | dmv,/service/dc-dmv-online-traffic-school,544
DC DMV Online Traffic School | dmv,/vi/service/dc-dmv-online-traffic-school,5
"DC DMV Opening Benning Ridge Service Center on March 1, 2016 | dmv",/release/dc-dmv-opening-benning-ridge-service-center-march-1-2016,14
"DC DMV Opening Georgetown Service Center on April 29, 2014 | dmv",/release/dc-dmv-opening-georgetown-service-center-april-29-2014,1
"DC DMV Opening Rhode Island Service Center on April 2, 2013 | dmv",/release/dc-dmv-opening-rhode-island-service-center-april-2-2013,7
DC DMV Practice Knowledge Tests | dmv,/node/1118467,14406
DC DMV Practice Knowledge Tests | dmv,/page/dc-dmv-practice-knowledge-tests-0,30572
DC DMV REAL ID Driver License | dmv,/am/service/dc-dmv-real-id-driver-license,6
DC DMV REAL ID Driver License | dmv,/ar/service/dc-dmv-real-id-driver-license,1
DC DMV REAL ID Driver License | dmv,/es/service/dc-dmv-real-id-driver-license,5
DC DMV REAL ID Driver License | dmv,/node/1119096,9630
DC DMV REAL ID Driver License | dmv,/service/dc-dmv-real-id-driver-license,7936
DC DMV REAL ID Driver License | dmv,/vi/service/dc-dmv-real-id-driver-license,2
DC DMV REAL ID Driver License | dmv,/zh-hant/service/dc-dmv-real-id-driver-license,2
DC DMV Redesigns Temporary Tags to Mitigate Fraud | dmv,/am/node/1744591,1
DC DMV Redesigns Temporary Tags to Mitigate Fraud | dmv,/es/node/1744591,2
DC DMV Redesigns Temporary Tags to Mitigate Fraud | dmv,/fr/node/1744591,5
DC DMV Redesigns Temporary Tags to Mitigate Fraud | dmv,/node/1744591,3
DC DMV Redesigns Temporary Tags to Mitigate Fraud | dmv,/release/dc-dmv-redesigns-temporary-tags-mitigate-fraud,139
DC DMV Redesigns Temporary Tags to Mitigate Fraud | dmv,/vi/node/1744591,4
DC DMV Redesigns Temporary Tags to Mitigate Fraud | dmv,/zh-hant/node/1744591,2
DC DMV Road Test Now Offered by Third Party for Non-Commercial Driver License | dmv,/release/dc-dmv-road-test-now-offered-third-party-non-commercial-driver-license,15
DC DMV Service Center Locations | dmv,/am/page/DC-DMV-service-center-locations,7
DC DMV Service Center Locations | dmv,/am/page/dc-dmv-service-center-locations,4
DC DMV Service Center Locations | dmv,/ar/page/DC-DMV-service-center-locations,1
DC DMV Service Center Locations | dmv,/es/page/dc-dmv-service-center-locations,5
DC DMV Service Center Locations | dmv,/ko/page/dc-dmv-service-center-locations,2
DC DMV Service Center Locations | dmv,/node/1089402,19288
DC DMV Service Center Locations | dmv,/page/DC-DMV-service-center-locations,98
DC DMV Service Center Locations | dmv,/page/dc-dmv-service-center-locations,2529
"DC DMV Service Update as of June 22, 2021 | dmv",/node/1479901,16
"DC DMV Service Update as of June 22, 2021 | dmv",/release/dc-dmv-service-update-april-19-2021,1
"DC DMV Service Update as of June 22, 2021 | dmv",/release/dc-dmv-service-update-june-19-2020,2
"DC DMV Service Update as of June 22, 2021 | dmv",/release/dc-dmv-service-update-june-2-2020,1
"DC DMV Service Update as of June 22, 2021 | dmv",/release/dc-dmv-service-update-june-22-2021,139
DC DMV Tag Variations | dmv,/am/node/1686386,1
DC DMV Tag Variations | dmv,/es/node/1686386,3
DC DMV Tag Variations | dmv,/node/1686386,1293
DC DMV Tag Variations | dmv,/page/dc-dmv-tag-variations,727
DC DMV Tag Variations | dmv,/vi/node/1686386,5
DC DMV Testimony Before Committee on Transportation and the Environment | dmv,/es/release/dc-dmv-testimony-committee-transportation-and-environment-1,1
DC DMV Testimony Before Committee on Transportation and the Environment | dmv,/es/release/dc-dmv-testimony-committee-transportation-and-environment-2,1
DC DMV Testimony Before Committee on Transportation and the Environment | dmv,/es/release/dc-dmv-testimony-committee-transportation-and-environment-5,2
DC DMV Testimony Before Committee on Transportation and the Environment | dmv,/es/release/dc-dmv-testimony-committee-transportation-and-environment2016,2
DC DMV Testimony Before Committee on Transportation and the Environment | dmv,/node/1342551,1
DC DMV Testimony Before Committee on Transportation and the Environment | dmv,/release/DCDMVtestimony-TicketBills,26
DC DMV Testimony Before Committee on Transportation and the Environment | dmv,/release/dc-dmv-testimony-committee-transportation-and-environment,6
DC DMV Testimony Before Committee on Transportation and the Environment | dmv,/release/dc-dmv-testimony-committee-transportation-and-environment-0,5
DC DMV Testimony Before Committee on Transportation and the Environment | dmv,/release/dc-dmv-testimony-committee-transportation-and-environment-1,4
DC DMV Testimony Before Committee on Transportation and the Environment | dmv,/release/dc-dmv-testimony-committee-transportation-and-environment-2,5
DC DMV Testimony Before Committee on Transportation and the Environment | dmv,/release/dc-dmv-testimony-committee-transportation-and-environment-2-22-2016,6
DC DMV Testimony Before Committee on Transportation and the Environment | dmv,/release/dc-dmv-testimony-committee-transportation-and-environment-5,2
DC DMV Testimony Before Committee on Transportation and the Environment | dmv,/release/dc-dmv-testimony-committee-transportation-and-environment-6,11
DC DMV Testimony Before Committee on Transportation and the Environment | dmv,/release/dc-dmv-testimony-committee-transportation-and-environment2016,9
DC DMV Testimony Before Committee on Transportation and the Environment | dmv,/release/dc-dmv-testimony-committee-transportation-environment,7
DC DMV Testimony before the Committee on Transportation and the Environment | dmv,/es/node/1387951,1
DC DMV Testimony before the Committee on Transportation and the Environment | dmv,/es/node/1544821,1
DC DMV Testimony before the Committee on Transportation and the Environment | dmv,/node/1387951,1
DC DMV Testimony before the Committee on Transportation and the Environment | dmv,/node/1459086,1
DC DMV Testimony before the Committee on Transportation and the Environment | dmv,/node/1544821,1
DC DMV Testimony before the Committee on Transportation and the Environment | dmv,/node/1544846,1
DC DMV Testimony before the Committee on Transportation and the Environment | dmv,/node/1544851,1
DC DMV Testimony before the Committee on Transportation and the Environment | dmv,/node/1544856,5
DC DMV Testimony before the Committee on Transportation and the Environment | dmv,/release/dc-dmv-testimony-committee-transportation-and-environment-10,1
DC DMV Testimony before the Committee on Transportation and the Environment | dmv,/release/dc-dmv-testimony-committee-transportation-and-environment-11,4
DC DMV Testimony before the Committee on Transportation and the Environment | dmv,/release/dc-dmv-testimony-committee-transportation-and-environment-3,1
DC DMV Testimony before the Committee on Transportation and the Environment | dmv,/release/dc-dmv-testimony-committee-transportation-and-environment-7,10
DC DMV Testimony before the Committee on Transportation and the Environment | dmv,/release/dc-dmv-testimony-committee-transportation-and-environment-8,1
DC DMV Testimony before the Committee on Transportation and the Environment | dmv,/release/dc-dmv-testimony-committee-transportation-and-environment-9,1
DC DMV to Adjust Hours for Vehicle Inspection Station Due to Excessive Heat | dmv,/release/dc-dmv-adjust-hours-vehicle-inspection-station-due-excessive-heat-release,9
DC DMV to Enact ‘No Tickets for Stolen Vehicles and Plates’ Provisions of STEER Act by July 31 | dmv,/node/1793971,0
DC DMV to Enact ‘No Tickets for Stolen Vehicles and Plates’ Provisions of STEER Act by July 31 | dmv,/release/dc-dmv-enact-‘no-tickets-stolen-vehicles-and-plates’-provisions-steer-act-july-31,210
DC DMV to Expand Child Safety Seat Inspections and Installations to Five Days Per Week | dmv,/release/dc-dmv-expand-child-safety-seat-inspections-and-installations-five-days-week,6
DC DMV to Extend Online Research Requests for Customers | dmv,/release/dc-dmv-extend-online-research-requests-customers,4
DC DMV’s Adjudication Services is Moving to L’Enfant Plaza | dmv,/release/dc-dmv’s-adjudication-services-moving-l’enfant-plaza,248
DC DMV’s Adjudication Services is Open at L’Enfant Plaza | dmv,/es/release/dc-dmv’s-adjudication-services-open-l’enfant-plaza,1
DC DMV’s Adjudication Services is Open at L’Enfant Plaza | dmv,/release/dc-dmv’s-adjudication-services-open-l’enfant-plaza,74
DC License Plate Bills (4 Bills) | dmv,/release/dc-license-plate-bills-4-bills,4
DC Mandatory Driver Education - Driving School Accreditation Application | dmv,/page/dc-mandatory-driver-education-driving-school-accreditation-application,29
DC Municipal Regulations and DC Register | dmv,/external-link/dc-municipal-regulations-and-dcregister,26
"DC Public Schools Will Be Closed on Friday, January 7, DC Government to Open at 11:00 a.m. | dmv",/node/1575326,0
"DC Public Schools Will Be Closed on Friday, January 7, DC Government to Open at 11:00 a.m. | dmv",/release/dc-public-schools-will-be-closed-friday-january-7-dc-government-open-1100-am,1
DC Residents Can Get Earlier Notice About Ticket Updates With Changes in Ticket Alert Service (TAS) | dmv,/node/1637421,1778
DC Residents Can Get Earlier Notice About Ticket Updates With Changes in Ticket Alert Service (TAS) | dmv,/release/dc-residents-can-get-earlier-notice-about-ticket-updates-changes-ticket-alert-service-tas,80
DC Vehicle Title Replacement/Duplicate | dmv,/SERVICE/VEHICLE-TITLE-REPLACEMENT,1
DC Vehicle Title Replacement/Duplicate | dmv,/am/service/vehicle-title-replacement,6
DC Vehicle Title Replacement/Duplicate | dmv,/es/service/vehicle-title-replacement,3
DC Vehicle Title Replacement/Duplicate | dmv,/fr/service/vehicle-title-replacement,1
DC Vehicle Title Replacement/Duplicate | dmv,/ko/service/vehicle-title-replacement,63
DC Vehicle Title Replacement/Duplicate | dmv,/node/1119606,723
DC Vehicle Title Replacement/Duplicate | dmv,/service/vehicle-title-replacement,7265
DC Vehicle Title Replacement/Duplicate | dmv,/service/vehicle-title-replacement/,231
DC Vehicle Title Replacement/Duplicate | dmv,/vi/service/vehicle-title-replacement,40
DCTRUCS International Registration Plan Carriers Manual | dmv,/node/1528791,15
DCTRUCS International Registration Plan Carriers Manual | dmv,/node/1528791/revisions/6896016/view,1
DCTRUCS International Registration Plan Carriers Manual | dmv,/publication/dctrucs-international-registration-plan-carriers-manual,4
"Dealer Duplicate, Lost or Stolen Titles | dmv",/ar/service/dealer-duplicate-lost-or-stolen-titles,5
"Dealer Duplicate, Lost or Stolen Titles | dmv",/es/service/dealer-duplicate-lost-or-stolen-titles,1
"Dealer Duplicate, Lost or Stolen Titles | dmv",/node/1119487,16
"Dealer Duplicate, Lost or Stolen Titles | dmv",/service/dealer-duplicate-lost-or-stolen-titles,133
"Dealer, Commercial and For Hire Vehicle Fees | dmv",/am/node/155622,11
"Dealer, Commercial and For Hire Vehicle Fees | dmv",/book/vehicle-fees/dealer-and-commercial-vehicles,253
"Dealer, Commercial and For Hire Vehicle Fees | dmv",/es/node/155622,9
Dealership Insurance | dmv,/ar/service/dealership-insurance,1
Dealership Insurance | dmv,/es/service/dealership-insurance,2
Dealership Insurance | dmv,/fr/service/dealership-insurance,1
Dealership Insurance | dmv,/node/1119471,45
Dealership Insurance | dmv,/service/dealership-insurance,103
Deanwood Road Test/CDL Services Office | dmv,/ar/page/deanwood-roadtest-office,1
Deanwood Road Test/CDL Services Office | dmv,/es/page/brentwood-roadtest-office,1
Deanwood Road Test/CDL Services Office | dmv,/es/page/deanwood-roadtest-office,6
Deanwood Road Test/CDL Services Office | dmv,/fr/page/deanwood-roadtest-office,2
Deanwood Road Test/CDL Services Office | dmv,/node/1099122,640
Deanwood Road Test/CDL Services Office | dmv,/page/brentwood-roadtest-office,5
Deanwood Road Test/CDL Services Office | dmv,/page/deanwood-roadtest-office,888
Deanwood Road Test/CDL Services Office | dmv,/vi/page/deanwood-roadtest-office,5
Defensive Driving Course | dmv,/am/service/defensive-driving-course,1
Defensive Driving Course | dmv,/ar/service/defensive-driving-course,1
Defensive Driving Course | dmv,/es/service/defensive-driving-course,2
Defensive Driving Course | dmv,/node/1120227,1
Defensive Driving Course | dmv,/node/1120227/revisions/6868831/view,2
Defensive Driving Course | dmv,/service/defensive-driving-course,1463
Department of For-Hire Vehicles Application | dmv,/node/135902,28
Department of For-Hire Vehicles Application | dmv,/publication/department-hire-vehicles-application,16
Department of For-Hire Vehicles Application | dmv,/publication/taxicab-commission-dctc-license-application,5
Department of Motor Vehicles | dmv,/agency/department-motor-vehicles,298
Department of Motor Vehicles | dmv,/agency/department-motor-vehicles/,1
Designating A Beneficiary | dmv,/am/node/1677056,3
Designating A Beneficiary | dmv,/ar/node/1677056,1
Designating A Beneficiary | dmv,/es/node/1677056,15
Designating A Beneficiary | dmv,/fr/node/1677056,4
Designating A Beneficiary | dmv,/node/1677056,2
Designating A Beneficiary | dmv,/service/designating-beneficiary,571
Designating A Beneficiary | dmv,/zh-hant/node/1677056,5
Disability Accommodation Reduced Registration Application | dmv,/node/1683416,57
Disability Accommodation Reduced Registration Application | dmv,/publication/disability-accommodation-reduced-registration-application,4
Disability Information | dmv,/am/service/disability-access-information,4
Disability Information | dmv,/es/service/disability-access-information,3
Disability Information | dmv,/service/disability-access-information,143
Disability Parking Placards/Permits | dmv,/am/service/apply-for-disability-parking-placards-and-permits,44
Disability Parking Placards/Permits | dmv,/es/service/apply-for-disability-parking-placards-and-permits,8
Disability Parking Placards/Permits | dmv,/ko/service/apply-for-disability-parking-placards-and-permits,20
Disability Parking Placards/Permits | dmv,/node/1118981,942
Disability Parking Placards/Permits | dmv,/service/apply-for-disability-parking-placards-and-permits,2533
Disability Parking Placards/Permits | dmv,/vi/service/apply-for-disability-parking-placards-and-permits,5
Disability Placard/Permit/Tag Resourceful Information | dmv,/node/1697081,160
Disability Placard/Permit/Tag Resourceful Information | dmv,/page/disability-placardpermittag-resourceful-information,209
Disability Tags and Placards/Permits | dmv,/am/service/dmv-disability-tags-and-placards,6
Disability Tags and Placards/Permits | dmv,/ar/service/dmv-disability-tags-and-placards,1
Disability Tags and Placards/Permits | dmv,/es/service/dmv-disability-tags-and-placards,3
Disability Tags and Placards/Permits | dmv,/fr/service/dmv-disability-tags-and-placards,5
Disability Tags and Placards/Permits | dmv,/ko/service/dmv-disability-tags-and-placards,1
Disability Tags and Placards/Permits | dmv,/node/1118972,277
Disability Tags and Placards/Permits | dmv,/service/dmv-disability-tags-and-placards,1653
Disability Tags and Placards/Permits | dmv,/vi/service/dmv-disability-tags-and-placards,0
Disability Tags and Placards/Permits | dmv,/zh-hant/service/dmv-disability-tags-and-placards,1
Disability Vehicle Tags | dmv,/ar/service/apply-for-disability-tags,5
Disability Vehicle Tags | dmv,/es/service/apply-for-disability-tags,3
Disability Vehicle Tags | dmv,/fr/service/apply-for-disability-tags,11
Disability Vehicle Tags | dmv,/node/1118977,416
Disability Vehicle Tags | dmv,/service/apply-for-disability-tags,204
Disability Vehicle Tags | dmv,/vi/service/apply-for-disability-tags,3
Disability Vehicle Tags | dmv,/zh-hant/service/apply-for-disability-tags,0
Distracted Driving | dmv,/am/service/distracted-driving,2
Distracted Driving | dmv,/ar/service/distracted-driving,1
Distracted Driving | dmv,/es/service/distracted-driving,5
Distracted Driving | dmv,/node/1119266,3
Distracted Driving | dmv,/service/distracted-driving,66
Distracted Driving | dmv,/vi/service/distracted-driving,13
District Closes In-Person Customer Service Centers to Protect Residents and Government Workers | dmv,/release/district-closes-person-customer-service-centers-protect-residents-and-government-workers,4
District DMV 2011 Holiday Closing Schedule | dmv,/release/district-dmv-2011-holiday-closing-schedule,1
District DMV and OCTO Launch Mobile Initiative | dmv,/release/district-dmv-and-octo-launch-mobile-initiative,5
"District DMV Closed Saturday, January 23, 2016 | dmv",/release/district-dmv-closed-saturday-january-23-2016,1
"District DMV Inspection Station Returns to Fall/Winter Hours on September 1, 2015 | dmv",/release/district-dmv-inspection-station-returns-fallwinter-hours-september-1-2015,7
District DMV Inspection Station Returns to Summer Hours | dmv,/release/district-dmv-inspection-station-returns-summer-hours,6
"District DMV Inspection Station to Close at 10 am on Saturday, September 15, 2012 | dmv",/release/district-dmv-inspection-station-close-10-am-saturday-september-15-2012,4
District DMV Inspection Station to Extend Hours July 2nd | dmv,/release/district-dmv-inspection-station-extend-hours-july-2nd,6
"District DMV Locations OPEN Wednesday, October 31, 2012 | dmv",/node/366922,1
"District DMV Locations OPEN Wednesday, October 31, 2012 | dmv",/release/district-dmv-locations-open-wednesday-october-31-2012,4
"District DMV Locations to Close at Noon on Friday, January 22, 2016 | dmv",/release/district-dmv-locations-close-noon-friday-january-22-2016,3
District DMV Locations to Close for Christmas and New Year’s | dmv,/release/district-dmv-locations-close-christmas-and-new-year’s,2
District DMV Locations to Close for Christmas and New Year’s Day | dmv,/release/district-dmv-locations-close-christmas-and-new-year’s-day,1
District DMV Locations to Close for Christmas and New Year’s Day Holidays | dmv,/release/district-dmv-locations-close-christmas-and-new-years-day-holidays,5
District DMV Locations to Close for Christmas and New Year’s Day Holidays | dmv,/release/district-dmv-locations-close-christmas-and-new-year’s-day-holidays,5
District DMV Locations to Close for Christmas and New Year’s Day Holidays | dmv,/release/district-dmv-locations-close-christmas-and-new-year’s-day-holidays-05,10
District DMV Locations to Close for Christmas and New Year’s Holidays | dmv,/release/district-dmv-locations-close-christmas-and-new-year’s-holidays,5
District DMV Locations to Close for Christmas Holiday | dmv,/release/district-dmv-locations-close-christmas-holiday,8
District DMV Locations to Close for Columbus Day | dmv,/release/district-dmv-locations-close-columbus-day,3
District DMV Locations to Close for Columbus Day | dmv,/release/district-dmv-locations-close-columbus-day-0,6
District DMV Locations to Close for Columbus Day Holiday | dmv,/release/district-dmv-locations-close-columbus-day-holiday,25
District DMV Locations to Close for Columbus Day Holiday | dmv,/release/district-dmv-locations-close-columbus-day-holiday-1,1
District DMV Locations to Close for Columbus Day Holiday | dmv,/release/district-dmv-locations-close-columbus-day-holiday-2,3
District DMV Locations to Close for Columbus Day Holiday | dmv,/release/district-dmv-locations-close-columbus-day-holiday2013,0
District DMV Locations to Close for Columbus Day Holiday | dmv,/release/district-dmv-locations-close-columbus-day-holiday2014,4
District DMV Locations to Close for DC Emancipation Day | dmv,/release/district-dmv-locations-close-dc-emancipation-day,6
"District DMV Locations to Close for Dr. Martin Luther King, Jr. Holiday | dmv",/release/district-dmv-locations-close-dr-martin-luther-king-jr-holiday,6
District DMV Locations to Close for Emancipation Day | dmv,/es/release/district-dmv-locations-close-emancipation-day-0,1
District DMV Locations to Close for Emancipation Day | dmv,/release/district-dmv-locations-close-emancipation-day,7
District DMV Locations to Close for Emancipation Day | dmv,/release/district-dmv-locations-close-emancipation-day2017,1
District DMV Locations to Close for Emancipation Day Holiday | dmv,/release/district-dmv-locations-close-emancipation-day-holiday,5
District DMV Locations to Close for Fourth of July Holiday | dmv,/release/district-dmv-locations-close-fourth-july-holiday,9
District DMV Locations to Close for Independence Day | dmv,/release/district-dmv-locations-close-independence-day,12
District DMV Locations to Close for July 4th Holiday | dmv,/release/district-dmv-locations-close-july-4th-holiday,4
District DMV Locations to Close for Labor Day | dmv,/release/district-dmv-locations-close-labor-day,3
District DMV Locations to Close for Labor Day Holiday | dmv,/release/district-dmv-locations-close-labor-day-holiday,4
District DMV Locations to Close for Labor Day Holiday | dmv,/release/district-dmv-locations-close-labor-day-holiday-0,6
District DMV Locations to Close for Labor Day Holiday | dmv,/release/district-dmv-locations-close-labor-day-holiday14,6
"District DMV Locations to Close for Martin Luther King, Jr. Day | dmv",/release/district-dmv-locations-close-martin-luther-king-jr-day,4
"District DMV Locations to Close for Martin Luther King, Jr. Day | dmv",/release/district-dmv-locations-close-martin-luther-king-jr-day-0,1
"District DMV Locations to Close for Martin Luther King, Jr. Day | dmv",/release/district-dmv-locations-close-martin-luther-king-jr-day2014,6
"District DMV Locations to Close for Martin Luther King, Jr. Holiday | dmv",/release/district-dmv-locations-close-martin-luther-king-jr-holiday,9
"District DMV Locations to Close for Martin Luther King, Jr. Holiday | dmv",/release/district-dmv-locations-close-martin-luther-king-jr-holiday-0,1
District DMV Locations to Close for Memorial Day | dmv,/es/release/district-dmv-locations-close-memorial-day-1,1
District DMV Locations to Close for Memorial Day | dmv,/release/district-dmv-locations-close-memorial-day,6
District DMV Locations to Close for Memorial Day | dmv,/release/district-dmv-locations-close-memorial-day-0,1
District DMV Locations to Close for Memorial Day | dmv,/release/district-dmv-locations-close-memorial-day-2,5
District DMV Locations to Close for Memorial Day | dmv,/release/district-dmv-locations-close-memorial-day2014,5
District DMV Locations to Close for Memorial Day | dmv,/release/district-dmv-locations-close-memorial-day2017,5
District DMV Locations to Close for Monday’s Holiday | dmv,/release/district-dmv-locations-close-monday’s-holiday,6
District DMV Locations to Close for Thanksgiving | dmv,/release/district-dmv-locations-close-thanksgiving,8
District DMV Locations to Close for Thanksgiving Holiday | dmv,/release/district-dmv-locations-close-thanksgiving-holiday,14
District DMV Locations to Close for Thanksgiving Holiday | dmv,/release/district-dmv-locations-close-thanksgiving-holiday-0,17
District DMV Locations to Close for Thanksgiving Holiday | dmv,/release/district-dmv-locations-close-thanksgiving-holiday-1,1
District DMV Locations to Close for Thanksgiving Holiday | dmv,/release/district-dmv-locations-close-thanksgiving-holiday-news,5
District DMV Locations to Close for Thanksgiving Holiday | dmv,/release/district-dmv-locations-close-thanksgiving-holiday2012,5
District DMV Locations to Close for Thanksgiving Holiday | dmv,/release/district-dmv-locations-close-thanksgiving-holiday2013,7
District DMV Locations to Close for Upcoming Columbus Day Holiday | dmv,/release/district-dmv-locations-close-upcoming-columbus-day-holiday,15
District DMV Locations to Close for Upcoming Labor Day Holiday | dmv,/release/district-dmv-locations-close-upcoming-labor-day-holiday,5
District DMV Locations to Close for Upcoming Labor Day Holiday | dmv,/release/district-dmv-locations-close-upcoming-labor-day-holiday-0,5
District DMV Locations to Close for Veterans Day | dmv,/release/2016-district-dmv-locations-close-veterans-day,3
District DMV Locations to Close for Veterans Day | dmv,/release/district-dmv-locations-close-veterans-day,7
District DMV Locations to Close for Veterans Day | dmv,/release/district-dmv-locations-close-veterans-day-0,1
District DMV Locations to Close for Veterans Day | dmv,/release/district-dmv-locations-close-veterans-day-1,53
District DMV Locations to Close for Veterans Day | dmv,/release/district-dmv-locations-close-veterans-day-2,12
District DMV Locations to Close for Veterans Day Holiday | dmv,/release/district-dmv-locations-close-veterans-day-holiday,6
District DMV Locations to Close for Veterans Day Holiday | dmv,/release/district-dmv-locations-close-veterans-day-holiday2014,3
District DMV Locations to Close for Washington’s Birthday | dmv,/release/district-dmv-locations-close-washington’s-birthday,1
District DMV Locations to Close for Washington’s Birthday Holiday | dmv,/release/district-dmv-locations-close-washington’s-birthday-holiday,6
District DMV Locations to Close for Washington’s Birthday Holiday | dmv,/release/district-dmv-locations-close-washington’s-birthday-holiday-0,9
"District DMV Locations Will Also Be Closed on Monday, December 24, 2012 | dmv",/release/district-dmv-locations-will-also-be-closed-monday-december-24-2012,4
District DMV Offers Driver Knowledge Test in 15 Languages | dmv,/release/district-dmv-offers-driver-knowledge-test-15-languages,29
"District DMV Penn Branch Service Center Closed Tuesday, November 13, 2012 | dmv",/release/district-dmv-penn-branch-service-center-closed-tuesday-november-13-2012,5
"District DMV Penn Branch Service Center Closed Wednesday, November 14, 2012 | dmv",/release/district-dmv-penn-branch-service-center-closed-wednesday-november-14-2012,5
"District DMV Penn Branch Service Center Open Thursday, November 15, 2012 | dmv",/release/district-dmv-penn-branch-service-center-open-thursday-november-15-2012,13
District DMV Rhode Island Service Center is Open | dmv,/release/district-dmv-rhode-island-service-center-open,8
District DMV Rhode Island Service Center Temporarily Closed Due to a Power Outage | dmv,/release/district-dmv-rhode-island-service-center-temporarily-closed-due-power-outage,7
District DMV Service Centers and Inspection Station Delayed Opening due to Inclement Weather | dmv,/release/district-dmv-service-centers-and-inspection-station-delayed-opening-due-inclement-weather,9
District DMV Ticket Amnesty Program Yields Close to $1 Million in Revenue for the District in First Month | dmv,/release/district-dmv-ticket-amnesty-program-yields-close-1-million-revenue-district-first-month,5
District DMV Ticket Amnesty Program Yields Close to $2 Million in Revenue for the District | dmv,/release/district-dmv-ticket-amnesty-program-yields-close-2-million-revenue-district,6
District DMV Ticket Payment System is Down Due to a Power Issue | dmv,/release/district-dmv-ticket-payment-system-down-due-power-issue,15
District DMV Ticket Payment System is Operational | dmv,/release/district-dmv-ticket-payment-system-operational,12
District DMV to Increase Fees on Select Transactions | dmv,/release/district-dmv-increase-fees-select-transactions,14
District Government to Provide Free Car Inspections to Kick Off Child Passenger Safety Month | dmv,/release/district-government-provide-free-car-inspections-kick-child-passenger-safety-month,4
District Launches E-Mail Renewal Notification Service for DMV Customers | dmv,/release/district-launches-e-mail-renewal-notification-service-dmv-customers,11
District Residency and Documentation for Vehicle Registrations | dmv,/am/service/district-residency-and-documentation-vehicle-registrations,3
District Residency and Documentation for Vehicle Registrations | dmv,/ar/service/district-residency-and-documentation-vehicle-registrations,1
District Residency and Documentation for Vehicle Registrations | dmv,/ko/service/district-residency-and-documentation-vehicle-registrations,1
District Residency and Documentation for Vehicle Registrations | dmv,/node/1118861,824
District Residency and Documentation for Vehicle Registrations | dmv,/service/district-residency-and-documentation-vehicle-registrations,1799
District Residency and Documentation for Vehicle Registrations | dmv,/service/district-residency-and-documentation-vehicle-registrations/,6
District Residency and Documentation for Vehicle Registrations | dmv,/vi/service/district-residency-and-documentation-vehicle-registrations,6
District Resident New Car Parking Permit | dmv,/am/service/district-resident-new-car-parking-permit,1
District Resident New Car Parking Permit | dmv,/ar/service/district-resident-new-car-parking-permit,5
District Resident New Car Parking Permit | dmv,/es/service/district-resident-new-car-parking-permit,1
District Resident New Car Parking Permit | dmv,/node/1118931,422
District Resident New Car Parking Permit | dmv,/service/district-resident-new-car-parking-permit,694
District Resident Rental Car Parking Permit | dmv,/es/service/district-resident-rental-car-parking-permit,1
District Resident Rental Car Parking Permit | dmv,/fr/service/district-resident-rental-car-parking-permit,1
District Resident Rental Car Parking Permit | dmv,/ko/service/district-resident-rental-car-parking-permit,1
District Resident Rental Car Parking Permit | dmv,/node/1118936,133
District Resident Rental Car Parking Permit | dmv,/service/district-resident-rental-car-parking-permit,356
District Resident Rental Car Parking Permit | dmv,/vi/service/district-resident-rental-car-parking-permit,1
District Residents Provided With Recall Information on DC DMV Inspection Report | dmv,/es/release/district-residents-provided-recall-information-dc-dmv-inspection-report,1
District Residents Provided With Recall Information on DC DMV Inspection Report | dmv,/release/district-residents-provided-recall-information-dc-dmv-inspection-report,11
District Snow Team Encourages Residents to Get Ready for Winter Weather | dmv,/release/district-snow-team-encourages-residents-get-ready-winter-weather,2
DMV Active Dealers | dmv,/am/publication/dmv-active-dealers-list,2
DMV Active Dealers | dmv,/ar/publication/dmv-active-dealers-list,1
DMV Active Dealers | dmv,/es/publication/dmv-active-dealers-list,2
DMV Active Dealers | dmv,/fr/publication/dmv-active-dealers-list,2
DMV Active Dealers | dmv,/ko/publication/dmv-active-dealers-list,3
DMV Active Dealers | dmv,/node/1116181,125
DMV Active Dealers | dmv,/publication/dmv-active-dealers-list,502
DMV Alert | dmv,/alert/dmv-alert-0,55
DMV Announces the Closure of Brentwood Service Center | dmv,/release/dmv-announces-closure-brentwood-service-center,10
DMV Budget Hearing - FY2013 | dmv,/release/dmv-budget-hearing-fy2013,5
DMV Emergency Closures | dmv,/am/page/dmv-emerg-closures,3
DMV Emergency Closures | dmv,/ar/page/dmv-emerg-closures,7
DMV Emergency Closures | dmv,/es/page/dmv-emerg-closures,2
DMV Emergency Closures | dmv,/page/dmv-emerg-closures,1143
DMV Emergency Closures | dmv,/page/dmv-emergency-closures-0,4
DMV Facilities Will Be Closed for the Labor Day Holiday | dmv,/am/release/dmv-facilities-will-be-closed-labor-day-holiday,2
DMV Facilities Will Be Closed for the Labor Day Holiday | dmv,/es/release/dmv-facilities-will-be-closed-labor-day-holiday,7
DMV Facilities Will Be Closed for the Labor Day Holiday | dmv,/release/dmv-facilities-will-be-closed-labor-day-holiday,7
DMV Fees | dmv,/am/node/155482,5
DMV Fees | dmv,/book/dmv-fees,4569
DMV Fees | dmv,/book/dmv-fees/,1
DMV Fees | dmv,/es/node/155482,8
DMV Fees | dmv,/ko/node/155482,2
DMV Fees | dmv,/node/155482,8080
DMV Forms | dmv,/am/page/dmv-forms,52
DMV Forms | dmv,/ar/page/dmv-forms,3
DMV Forms | dmv,/es/page/dc-dmv-forms,1
DMV Forms | dmv,/es/page/dmv-forms,10
DMV Forms | dmv,/es/service/find-dmv-form,1
DMV Forms | dmv,/fr/page/dmv-forms,2
DMV Forms | dmv,/ko/page/dmv-forms,2
DMV Forms | dmv,/node/1118421,705
DMV Forms | dmv,/page/dc-dmv-forms,5
DMV Forms | dmv,/page/dmv-forms,12584
DMV Forms | dmv,/service/find-dmv-form,1
DMV Forms | dmv,/vi/page/dmv-forms,3
DMV Forms | dmv,/zh-hant/page/dc-dmv-forms,4
DMV Forms | dmv,/zh-hant/page/dmv-forms,2
DMV FY '12 Testimony for Performance Oversight Hearing on Fiscal Years 2012-2013 | dmv,/release/dmv-fy-12-testimony-performance-oversight-hearing-fiscal-years-2012-2013,5
DMV FY '14 Testimony for Committee on Transportation and the Environment | dmv,/release/dmv-fy-14-testimony-committee-transportation-and-environment,2
DMV Georgetown Service Center Closure and Temporary Relocation | dmv,/release/dmv-georgetown-service-center-closure-and-temporary-relocation,9
DMV Inspection Station Winter Hours | dmv,/am/release/dmv-inspection-station-winter-hours,2
DMV Inspection Station Winter Hours | dmv,/es/release/dmv-inspection-station-winter-hours,3
DMV Inspection Station Winter Hours | dmv,/release/dmv-inspection-station-winter-hours,28
DMV Introduces New Online Change of Address | dmv,/release/dmv-introduces-new-online-change-address,410
DMV Introduces New Online Ticket Email Alert Service | dmv,/release/dmv-introduces-new-online-ticket-email-alert-service,12
DMV Introduces Online Adjudication Request | dmv,/node/288162,1
DMV Introduces Online Adjudication Request | dmv,/release/dmv-introduces-online-adjudication-request,107
DMV Live Chat | dmv,/am/page/dmv-live-chat,1
DMV Live Chat | dmv,/ar/page/dmv-live-chat,10
DMV Live Chat | dmv,/es/page/dmv-live-chat,9
DMV Live Chat | dmv,/ko/page/dmv-live-chat,3
DMV Live Chat | dmv,/node/138772,770
DMV Live Chat | dmv,/page/dmv-live-chat,2859
DMV Live Chat | dmv,/vi/page/dmv-live-chat,1
DMV Locations Opening at 10:15 am Due to Inclement Weather | dmv,/release/dmv-locations-opening-1015-am-due-inclement-weather,6
DMV Memorial Day Closure and Start of Inspection Station Summer Hours | dmv,/release/dmv-memorial-day-closure-and-start-inspection-station-summer-hours,9
DMV News You Can Use for April 2022 | dmv,/node/1593956,1
DMV News You Can Use for April 2022 | dmv,/release/dmv-news-you-can-use-april-2022,2
DMV News You Can Use for April 2023 | dmv,/release/dmv-news-you-can-use-april-2023,1
DMV News You Can Use for April 2024 | dmv,/es/node/1719591,2
DMV News You Can Use for April 2024 | dmv,/ko/node/1719591,1
DMV News You Can Use for April 2024 | dmv,/release/dmv-news-you-can-use-april-2024,1
DMV News You Can Use for April 2025 | dmv,/release/dmv-news-you-can-use-april-2025,12
DMV News You Can Use for August 2021 | dmv,/es/node/1555571,1
DMV News You Can Use for August 2021 | dmv,/release/dmv-news-you-can-use-august-2021,2
DMV News You Can Use for August 2023 | dmv,/es/node/1677326,1
DMV News You Can Use for August 2023 | dmv,/vi/node/1677326,1
DMV News You Can Use for August 2024 | dmv,/release/dmv-news-you-can-use-august-2024,5
DMV News You Can Use for August 2025 | dmv,/node/1795006,1
DMV News You Can Use for August 2025 | dmv,/release/dmv-news-you-can-use-august-2025,21
DMV News You Can Use for December 2021 | dmv,/es/node/1573581,1
DMV News You Can Use for December 2021 | dmv,/node/1573581,1
DMV News You Can Use for December 2021 | dmv,/release/dmv-news-you-can-use-december-2021,7
DMV News You Can Use for December 2022 | dmv,/es/node/1634696,4
DMV News You Can Use for December 2022 | dmv,/release/dmv-news-you-can-use-december-2022,0
DMV News You Can Use for December 2024 | dmv,/node/1757891,1
DMV News You Can Use for December 2024 | dmv,/release/dmv-news-you-can-use-december-2024,1
DMV News You Can Use for December 2025 | dmv,/node/1810016,2
DMV News You Can Use for December 2025 | dmv,/release/dmv-news-you-can-use-december-2025,8
DMV News You Can Use for February 2025 | dmv,/node/1766936,5
DMV News You Can Use for February 2025 | dmv,/release/dmv-news-you-can-use-february-2025,3
DMV News You Can Use for February 2025 | dmv,/vi/node/1766936,1
DMV News You Can Use for February/March 2023 | dmv,/node/1652946,1
DMV News You Can Use for January 2025 | dmv,/ar/node/1762341,2
DMV News You Can Use for January 2025 | dmv,/es/node/1762341,1
DMV News You Can Use for January 2025 | dmv,/release/dmv-news-you-can-use-january-2025,18
DMV News You Can Use for January/February 2022 | dmv,/es/node/1580341,1
DMV News You Can Use for January/February 2022 | dmv,/release/dmv-news-you-can-use-januaryfebruary-2022,2
DMV News You Can Use for July 2023 | dmv,/release/dmv-news-you-can-use-july-2023,2
DMV News You Can Use for July 2024 | dmv,/node/1735221,5
DMV News You Can Use for July 2024 | dmv,/release/dmv-news-you-can-use-july-2024,0
DMV News You Can Use for July 2024 | dmv,/vi/node/1735221,1
DMV News You Can Use for July 2025 | dmv,/release/dmv-news-you-can-use-july-2025,7
DMV News You Can Use for July/August 2022 | dmv,/es/node/1611416,1
DMV News You Can Use for June 2024 | dmv,/es/node/1730036,1
DMV News You Can Use for June 2024 | dmv,/release/dmv-news-you-can-use-june-2024,1
DMV News You Can Use for June 2025 | dmv,/ar/node/1787366,1
DMV News You Can Use for June 2025 | dmv,/es/node/1787366,1
DMV News You Can Use for June 2025 | dmv,/release/dmv-news-you-can-use-june-2025,20
DMV News You Can Use for June/July 2021 | dmv,/node/1549321,1
DMV News You Can Use for June/July 2021 | dmv,/release/dmv-news-you-can-use-junejuly-2021,2
DMV News You Can Use for March 2022 | dmv,/release/dmv-news-you-can-use-march-2022,2
DMV News You Can Use for March 2025 | dmv,/release/dmv-news-you-can-use-march-2025,7
DMV News You Can Use for March 2025 | dmv,/vi/node/1771336,5
DMV News You Can Use for May 2021 | dmv,/node/1540996,2
DMV News You Can Use for May 2021 | dmv,/release/dmv-news-you-can-use-may-2021,2
DMV News You Can Use for May 2022 | dmv,/es/node/1598326,1
DMV News You Can Use for May 2022 | dmv,/release/dmv-news-you-can-use-may-2022,1
DMV News You Can Use for May 2023 | dmv,/vi/node/1663086,1
DMV News You Can Use for May 2024 | dmv,/release/dmv-news-you-can-use-may-2024,1
DMV News You Can Use for May 2025 | dmv,/es/node/1781266,1
DMV News You Can Use for May 2025 | dmv,/fr/node/1781266,4
DMV News You Can Use for May 2025 | dmv,/ko/node/1781266,1
DMV News You Can Use for May 2025 | dmv,/release/dmv-news-you-can-use-may-2025,4
DMV News You Can Use for November 2021 | dmv,/ar/node/1568966,1
DMV News You Can Use for November 2021 | dmv,/es/node/1568966,1
DMV News You Can Use for November 2021 | dmv,/node/1568966,1
DMV News You Can Use for November 2022 | dmv,/es/node/1631791,1
DMV News You Can Use for November 2023 | dmv,/node/1693326,1
DMV News You Can Use for November 2023 | dmv,/release/dmv-news-you-can-use-november-2023,1
DMV News You Can Use for November 2024 | dmv,/node/1752966,7
DMV News You Can Use for November 2024 | dmv,/release/dmv-news-you-can-use-november-2024,4
DMV News You Can Use for November 2025 | dmv,/node/1806391,2
DMV News You Can Use for November 2025 | dmv,/release/dmv-news-you-can-use-november-2025,44
DMV News You Can Use for October 2022 | dmv,/release/dmv-news-you-can-use-october-2022,2
DMV News You Can Use for October 2023 | dmv,/es/node/1687591,1
DMV News You Can Use for October 2023 | dmv,/release/dmv-news-you-can-use-october-2023,2
DMV News You Can Use for October 2024 | dmv,/release/dmv-news-you-can-use-october-2024,3
DMV News You Can Use for October 2025 | dmv,/node/1803351,4
DMV News You Can Use for October 2025 | dmv,/release/dmv-news-you-can-use-october-2025,40
DMV News You Can Use for September 2021 | dmv,/es/node/1560601,1
DMV News You Can Use for September 2021 | dmv,/node/1560601,3
DMV News You Can Use for September 2021 | dmv,/release/dmv-news-you-can-use-september-2021,2
DMV News You Can Use for September 2022 | dmv,/es/node/1622896,1
DMV News You Can Use for September 2022 | dmv,/release/dmv-news-you-can-use-september-2022,2
DMV News You Can Use for September 2025 | dmv,/node/1798891,4
DMV News You Can Use for September 2025 | dmv,/release/dmv-news-you-can-use-september-2025,35
"DMV Only Opening 3 Locations Today, Road Tests Canceled | dmv",/release/dmv-only-opening-3-locations-today-road-tests-canceled,6
DMV Open Government Report - 2014 | dmv,/publication/dmv-open-government-report-2014,13
DMV Organizational Chart | dmv,/am/publication/dmv-organizational-chart,1
DMV Organizational Chart | dmv,/ar/publication/dmv-organizational-chart,1
DMV Organizational Chart | dmv,/es/publication/dmv-organizational-chart,10
DMV Organizational Chart | dmv,/ko/publication/dmv-organizational-chart,1
DMV Organizational Chart | dmv,/node/1532406,10
DMV Organizational Chart | dmv,/node/1532406/revisions/6888971/view,1
DMV Organizational Chart | dmv,/node/1532406/revisions/7064136/view,1
DMV Organizational Chart | dmv,/publication/dmv-organizational-chart,294
DMV Organizational Chart | dmv,/vi/publication/dmv-organizational-chart,0
DMV Performance Oversight Hearing - FY11-12 | dmv,/release/dmv-performance-oversight-hearing-fy11-12,6
DMV Public Hearing Regarding 5 Bills | dmv,/release/dmv-public-hearing-regarding-5-bills,5
DMV Testimony before Committee on Small and Local Business Development | dmv,/release/dmv-testimony-committee-small-and-local-business-development,5
DMV Testimony before Committee on Transportation and the Environment | dmv,/release/dmv-testimony-committee-transportation-and-environment,6
DMV Testimony Before Committee on Transportation and the Environment | dmv,/release/dmv-testimony-committee-transportation-and-environment-0,5
DMV to End Ticket Amnesty Program Tomorrow | dmv,/release/dmv-end-ticket-amnesty-program-tomorrow,7
DMV Voter Registration Process Testimony | dmv,/release/dmv-voter-registration-process-testimony,9
Document Acceptance Requirements for Transactions (DART) Brochure | dmv,/node/135812,25
Document Acceptance Requirements for Transactions (DART) Brochure | dmv,/publication/document-acceptance-requirements-transactions-dart-brochure,11
Documents Required to Obtain or Renew a DFHV License | dmv,/am/service/documents-required-obtain-or-renew-dfhv-license,4
Documents Required to Obtain or Renew a DFHV License | dmv,/ar/service/documents-required-obtain-or-renew-dfhv-license,10
Documents Required to Obtain or Renew a DFHV License | dmv,/es/service/documents-required-obtain-or-renew-dfhv-license,4
Documents Required to Obtain or Renew a DFHV License | dmv,/ko/service/documents-required-obtain-or-renew-dfhv-license,0
Documents Required to Obtain or Renew a DFHV License | dmv,/node/1119571,22
Documents Required to Obtain or Renew a DFHV License | dmv,/service/documents-required-obtain-or-renew-dfhv-license,110
Donate Life Awareness Organizational Tag Available | dmv,/release/donate-life-awareness-organizational-tag-available,15
Driver Education | dmv,/am/service/dmv-driver-education,1
Driver Education | dmv,/ar/service/dmv-driver-education,6
Driver Education | dmv,/es/service/dmv-driver-education,2
Driver Education | dmv,/node/1119251,126
Driver Education | dmv,/node/1145076,75
Driver Education | dmv,/page/mandatory-driver-education,2386
Driver Education | dmv,/service/dmv-driver-education,85
Driver Education | dmv,/service/dmv-driver-education/,3
Driver Education | dmv,/zh-hant/service/dmv-driver-education,1
Driver Education and Testing Information | dmv,/am/service/driver-education-and-testing-information,8
Driver Education and Testing Information | dmv,/ar/service/driver-education-and-testing-information,2
Driver Education and Testing Information | dmv,/es/service/driver-education-and-testing-information,8
Driver Education and Testing Information | dmv,/ko/service/driver-education-and-testing-information,1
Driver Education and Testing Information | dmv,/node/1119217,118
Driver Education and Testing Information | dmv,/service/driver-education-and-testing-information,2241
Driver Education and Testing Information | dmv,/service/driver-education-and-testing-information/,3
Driver Education and Testing Information | dmv,/vi/service/driver-education-and-testing-information,1
Driver Education and Testing Information | dmv,/zh-hant/service/driver-education-and-testing-information,6
Driver Improvement Services | dmv,/am/service/driver-improvement-services,2
Driver Improvement Services | dmv,/ar/service/driver-improvement-services,1
Driver Improvement Services | dmv,/es/service/driver-improvement-services,7
Driver Improvement Services | dmv,/ko/service/driver-improvement-services,2
Driver Improvement Services | dmv,/node/1119227,33
Driver Improvement Services | dmv,/service/driver-improvement-services,200
Driver Improvement Services | dmv,/service/driver-improvement-services/,3
"Driver License Fee Increase for DC DMV REAL ID and Limited Purpose Credentials Effective October 1, 2015 | dmv",/release/driver-license-fee-increase-dc-dmv-real-id-and-limited-purpose-credentials-effective-october,7
Driver License Fees | dmv,/am/node/185742,3
Driver License Fees | dmv,/ar/node/185742,1
Driver License Fees | dmv,/book/vehicle-registration-fees/driver-license-fees,9354
Driver License Fees | dmv,/es/node/185742,15
Driver License Fees | dmv,/ko/node/185742,1
Driver License Fees | dmv,/node/185742,2677
Driver License Fees | dmv,/zh-hant/node/185742,5
"Driver License Fees for DC DMV REAL ID and Limited Purpose Credentials to Increase on October 1, 2015 | dmv",/release/driver-license-fees-dc-dmv-real-id-and-limited-purpose-credentials-increase-october-1-2015,82
Driver License for Non-US Citizens | dmv,/am/service/driver-license-for-non-us-citizens,13
Driver License for Non-US Citizens | dmv,/es/service/driver-license-for-non-us-citizens,33
Driver License for Non-US Citizens | dmv,/node/1119126,1854
Driver License for Non-US Citizens | dmv,/service/driver-license-for-non-us-citizens,3420
Driver License Historical Data | dmv,/page/driver-license-historical-data,28
Driver License or Identification Card Application | dmv,/am/publication/driver-license-or-identification-card-application,6
Driver License or Identification Card Application | dmv,/ar/publication/driver-license-or-identification-card-application,10
Driver License or Identification Card Application | dmv,/es/publication/driver-license-or-identification-card-application,3
Driver License or Identification Card Application | dmv,/es/publication/driver-license-or-identification-cardapplication-0,1
Driver License or Identification Card Application | dmv,/node/1117687,20487
Driver License or Identification Card Application | dmv,/publication/driver-license-or-identification-card-application,2987
Driver License or Identification Card Application | dmv,/publication/driver-license-or-identification-cardapplication-0,1
Driver License or Identification Card Application | dmv,/zh-hant/publication/driver-license-or-identification-card-application,5
Driver License Reinstatement Press Release | dmv,/release/driver-license-reinstatement-press-release,31
Driver License Renewal Link | dmv,/page/driver-license-renewal-link,29
Driver Licenses | dmv,/am/service/driver-licenses,7
Driver Licenses | dmv,/ar/service/driver-licenses,4
Driver Licenses | dmv,/es/service/driver-licenses,12
Driver Licenses | dmv,/ko/service/driver-licenses,1
Driver Licenses | dmv,/node/1119092,5231
Driver Licenses | dmv,/service/driver-licenses,39928
Driver Licenses | dmv,/service/driver-licenses/,3
Driver Licenses | dmv,/vi/service/driver-licenses,8
Driver Licenses | dmv,/zh-hant/service/driver-licenses,2
Driver Point System | dmv,/ar/service/driver-point-system,1
Driver Point System | dmv,/es/service/driver-point-system,16
Driver Point System | dmv,/node/1120261,120
Driver Point System | dmv,/service/driver-point-system,1215
Driver Point System Chart | dmv,/node/1120272,53
Driver Point System Chart | dmv,/page/point-system-chart,1581
"Driver Privacy Protection Amendment, Immobilization Amendment, Ignition Interlock Amendment | dmv",/release/driver-privacy-protection-amendment-immobilization-amendment-ignition-interlock-amendment,3
Driver Record Brochure | dmv,/page/driver-record-brochure,60
Driver Record Online Portal | dmv,/node/1229206,11
Driver Record Online Portal | dmv,/page/driver-record-online-portal,1394
Driver Records | dmv,/am/service/driver-records,70
Driver Records | dmv,/ar/service/driver-records,1
Driver Records | dmv,/es/service/driver-records,18
Driver Records | dmv,/fr/service/driver-records,1
Driver Records | dmv,/node/1119281,2377
Driver Records | dmv,/service/driver-records,6575
Driver Records | dmv,/vi/service/driver-records,2
Driver Services | dmv,/am/service/driver-services,6
Driver Services | dmv,/ar/service/driver-services,3
Driver Services | dmv,/es/service/driver-services,3
Driver Services | dmv,/fr/service/driver-services,1
Driver Services | dmv,/ko/service/driver-services,1
Driver Services | dmv,/node/1119082,4804
Driver Services | dmv,/service/driver-services,8189
Driver Services | dmv,/service/driver-services/,3
Driver Services | dmv,/vi/service/driver-services,1
Driver Services Amharic | dmv,/node/833072,17
Driver Services Amharic | dmv,/page/driver-services-amharic,102
Driver Services Chinese | dmv,/node/1053382,1
Driver Services Chinese | dmv,/page/driver-services-chinese,83
Driver Services Korean | dmv,/node/1053412,2
Driver Services Korean | dmv,/page/driver-services-korean,30
Driver Services Vietnamese | dmv,/node/1053442,4
Driver Services Vietnamese | dmv,/page/driver-services-vietnamese,150
Driver Testing | dmv,/am/service/driver-testing,1
Driver Testing | dmv,/ar/service/driver-testing,1
Driver Testing | dmv,/es/service/driver-testing,2
Driver Testing | dmv,/node/1119291,442
Driver Testing | dmv,/service/driver-testing,4333
Driver Testing | dmv,/zh-hant/service/driver-testing,1
"Driver's License Amendment, Access to Selective Service Registration | dmv",/release/drivers-license-amendment-access-selective-service-registration,6
Driving Restrictions for Specific Medical Conditions* | dmv,/am/service/driving-restrictions-for-medical-conditions,3
Driving Restrictions for Specific Medical Conditions* | dmv,/es/service/driving-restrictions-for-medical-conditions,4
Driving Restrictions for Specific Medical Conditions* | dmv,/service/driving-restrictions-for-medical-conditions,240
Driving Restrictions for Specific Medical Conditions* | dmv,/service/driving-restrictions-for-medical-conditions/,3
Driving Restrictions for Specific Medical Conditions* | dmv,/vi/service/driving-restrictions-for-medical-conditions,6
Drowsy Driving | dmv,/am/service/drowsy-driving,1
Drowsy Driving | dmv,/ar/service/drowsy-driving,1
Drowsy Driving | dmv,/es/service/drowsy-driving,3
Drowsy Driving | dmv,/node/1119267,6
Drowsy Driving | dmv,/service/drowsy-driving,232
Drowsy Driving | dmv,/vi/service/drowsy-driving,7
Drugs and Alcohol | dmv,/am/service/drugs-and-alcohol,9
Drugs and Alcohol | dmv,/ar/service/drugs-and-alcohol,1
Drugs and Alcohol | dmv,/es/service/drugs-and-alcohol,4
Drugs and Alcohol | dmv,/ko/service/drugs-and-alcohol,1
Drugs and Alcohol | dmv,/node/1119271,16
Drugs and Alcohol | dmv,/service/drugs-and-alcohol,59
Duplicate CDL | dmv,/ar/service/duplicate-cdl,1
Duplicate CDL | dmv,/es/service/duplicate-cdl,3
Duplicate CDL | dmv,/node/1119341,1
Duplicate CDL | dmv,/service/duplicate-cdl,218
"Effective August 2, 2016, DC DMV No Longer Requires District Residents to Make an Appointment to Obtain a Limited Purpose Credential | dmv",/release/effective-august-2-2016-dc-dmv-no-longer-requires-district-residents-make-appointment-obtain,10
"Effective March 30, 2016, District DMV Locations Open One Hour Later on Wednesdays | dmv",/release/effective-march-30-2016-district-dmv-locations-open-one-hour-later-wednesdays,7
Eligibility for Free Non-Driver ID | dmv,/am/service/eligibility-free-non-driver-id,9
Eligibility for Free Non-Driver ID | dmv,/es/service/eligibility-free-non-driver-id,4
Eligibility for Free Non-Driver ID | dmv,/node/1120181,1505
Eligibility for Free Non-Driver ID | dmv,/service/eligibility-free-non-driver-id,1333
Eligibility for Free Non-Driver ID | dmv,/service/eligibility-free-non-driver-id/,3
Eligibility for Free Non-Driver ID | dmv,/vi/service/eligibility-free-non-driver-id,7
emma.steinmetz | dmv,/users/emmasteinmetz,1
End Taxation Without Representation Tags | dmv,/am/service/end-taxation-without-representation-tags,2
End Taxation Without Representation Tags | dmv,/ar/service/end-taxation-without-representation-tags,3
End Taxation Without Representation Tags | dmv,/es/service/end-taxation-without-representation-tags,1
End Taxation Without Representation Tags | dmv,/ko/service/end-taxation-without-representation-tags,1
End Taxation Without Representation Tags | dmv,/node/1118901,514
End Taxation Without Representation Tags | dmv,/service/end-taxation-without-representation-tags,307
Entry-Level Driver Training | dmv,/am/node/1575651,1
Entry-Level Driver Training | dmv,/es/node/1575651,9
Entry-Level Driver Training | dmv,/fr/node/1575651,7
Entry-Level Driver Training | dmv,/ko/node/1575651,2
Entry-Level Driver Training | dmv,/node/1575651,540
Entry-Level Driver Training | dmv,/page/entry-level-driver-training,136
Entry-Level Driver Training | dmv,/vi/node/1575651,5
Español (Spanish) | dmv,/am/node/1615281,2
Español (Spanish) | dmv,/ar/node/1615281,1
Español (Spanish) | dmv,/es/node/1615281,29
Español (Spanish) | dmv,/fr/node/1615281,3
Español (Spanish) | dmv,/ko/node/1615281,40
Español (Spanish) | dmv,/node/1615281,26
Español (Spanish) | dmv,/page/español-spanish,1357
Events | dmv,/calendar/month,2
Events | dmv,/calendar/month/2022-09/page_action,1
Events | dmv,/calendar/month/2023-02/page_view_timing/jserrors/metrics/aggregate,3
Events | dmv,/calendar/month/2025-09,1
Events | dmv,/calendar/month/2025-11/jserrors/ajax/aggregate,11
Events | dmv,/calendar/month/2025-12,1
Events | dmv,/calendar/month/2025-12/jserrors/jserrors/aggregate,1
Events | dmv,/calendar/month/2025-12/metrics/page_action/metrics/aggregate,1
Events | dmv,/calendar/month/2026-01/aggregate,1
Events | dmv,/calendar/month/2026-01/ajax/metrics/page_view_timing/ajax/aggregate,1
Events | dmv,/calendar/month/2026-01/ajax/page_view_timing/aggregate/wp-admin/index.php,1
Events | dmv,/calendar/month/2026-01/spa/metrics/aggregate,1
Events | dmv,/calendar/month/2026-01/spa/page_action/aggregate,1
Events | dmv,/calendar/month/2026-02/session_trace/ajax/spa/jserrors/aggregate,1
Events | dmv,/calendar/month/2026-03/ajax/spa/session_trace/aggregate,1
Events | dmv,/calendar/month/2026-03/jserrors/spa/page_action/page_view_event/aggregate,1
Events | dmv,/calendar/month/2026-04/metrics/aggregate,4
Events | dmv,/calendar/month/2026-04/page_action/aggregate,2
Events | dmv,/calendar/month/2026-05/page_action/aggregate,1
Events | dmv,/calendar/month/2026-06/page_action/jserrors/metrics/aggregate,1
Events | dmv,/calendar/month/2026-07/jserrors/metrics/ajax/aggregate,2
Events | dmv,/calendar/month/2026-07/spa/aggregate/wp-admin/,1
Events | dmv,/calendar/month/2026-07/spa/aggregate/wp-admin/edit.php,1
Events | dmv,/calendar/month/2026-08/ajax/ajax/metrics/aggregate,1
Events | dmv,/calendar/month/2026-09/metrics/page_view_timing/aggregate,4
Events | dmv,/calendar/month/2026-09/page_view_event/spa/aggregate,1
Events | dmv,/calendar/month/2026-09/page_view_timing/page_view_event/spa/metrics/page_action/jserrors/aggregate,1
Events | dmv,/calendar/month/2026-10/jserrors/session_trace/page_view_event/page_view_event/aggregate,1
Events | dmv,/calendar/month/2026-11/spa/spa/aggregate,3
Events | dmv,/calendar/month/2027-03/jserrors/spa/page_action/ajax/aggregate,2
Events | dmv,/calendar/year,5
Events | dmv,/calendar/year/2024/spa/page_view_timing/metrics/jserrors/page_view_event/page_action/aggregate,2
Events | dmv,/calendar/year/2025,2
Events | dmv,/calendar/year/2026/aggregate,2
Events | dmv,/calendar/year/2026/session_trace/spa/session_trace/aggregate,1
Events | dmv,/events/all,41
Excise Tax Exemptions List | dmv,/node/155352,1400
Excise Tax Exemptions List | dmv,/publication/excise-tax-exemptions-list,309
Excise Tax Gift Exemption Form | dmv,/node/136102,184
Excise Tax Gift Exemption Form | dmv,/publication/excise-tax-gift-exemption-form,378
Explanation of Parking Walk-in Hearings | dmv,/node/136192,138
Explanation of Parking Walk-in Hearings | dmv,/publication/explanation-parking-walk-hearings,10
Explanation of Photo Enforcement Walk-In Hearings | dmv,/node/910172,7
Explanation of Photo Enforcement Walk-In Hearings | dmv,/page/explanation-photo-enforcement-walk-hearings,195
Fact vs Fiction | dmv,/am/page/fact-vs-fiction,2
Fact vs Fiction | dmv,/ar/page/fact-vs-fiction,1
Fact vs Fiction | dmv,/es/page/fact-vs-fiction,3
Fact vs Fiction | dmv,/page/fact-vs-fiction,132
Fact vs Fiction | dmv,/zh-hant/page/fact-vs-fiction,4
Failure to Pay a Ticket | dmv,/am/service/failure-pay-ticket,6
Failure to Pay a Ticket | dmv,/es/service/failure-pay-ticket,22
Failure to Pay a Ticket | dmv,/service/failure-pay-ticket,3800
Failure to Pay a Ticket | dmv,/vi/service/failure-pay-ticket,3
FAQs New Driver Examination Forms | dmv,/page/faqs-new-driver-examination-forms,7
Fee Schedule for Commercial Vehicles | dmv,/am/service/fee-schedule-commercial-vehicles,2
Fee Schedule for Commercial Vehicles | dmv,/es/service/fee-schedule-commercial-vehicles,4
Fee Schedule for Commercial Vehicles | dmv,/ko/service/fee-schedule-commercial-vehicles,4
Fee Schedule for Commercial Vehicles | dmv,/node/1119516,10
Fee Schedule for Commercial Vehicles | dmv,/service/fee-schedule-commercial-vehicles,119
Fiscal Year 2011 DMV Budget Hearing | dmv,/release/dmv-budget-hearing-fy2011,1
Fiscal Year 2011 DMV Budget Hearing | dmv,/release/fiscal-year-2011-dmv-budget-hearing,5
Fiscal Year 2011 Performance Oversight Hearing | dmv,/release/dmv-performance-oversight-hearing-fy10-11,1
Fiscal Year 2011 Performance Oversight Hearing | dmv,/release/fiscal-year-2011-performance-oversight-hearing,4
Fiscal Year 2015 Annual Report | dmv,/publication/fiscal-year-2015-annual-report-0,10
For New District Residents | dmv,/am/service/for-new-district-residents,4
For New District Residents | dmv,/ar/service/for-new-district-residents,2
For New District Residents | dmv,/es/service/for-new-district-residents,8
For New District Residents | dmv,/ko/service/for-new-district-residents,1
For New District Residents | dmv,/node/1119187,651
For New District Residents | dmv,/service/for-new-district-residents,8099
For New District Residents | dmv,/service/for-new-district-residents/,3
For New District Residents | dmv,/vi/service/for-new-district-residents,4
Français (French) | dmv,/am/node/1615351,3
Français (French) | dmv,/es/node/1615351,5
Français (French) | dmv,/node/1615351,15
Français (French) | dmv,/page/français-french,422
Français (French) | dmv,/vi/node/1615351,1
Fraud Reporting | dmv,/am/page/fraud-reporting,2
Fraud Reporting | dmv,/ar/page/fraud-reporting,5
Fraud Reporting | dmv,/es/page/fraud-reporting,3
Fraud Reporting | dmv,/page/fraud-reporting,396
Fraud Reporting | dmv,/vi/page/fraud-reporting,0
Free Wi-Fi Available at Select DC DMV Locations | dmv,/release/free-wi-fi-available-select-dc-dmv-locations,11
French Driver Services | dmv,/node/832392,2
French Driver Services | dmv,/page/french-driver-services,114
French Driver Services | dmv,/page/french-driver-services/,1
Full License with Conditions | dmv,/am/service/full-license-conditions,5
Full License with Conditions | dmv,/es/service/full-license-conditions,3
Full License with Conditions | dmv,/ko/service/full-license-conditions,1
Full License with Conditions | dmv,/node/1119122,947
Full License with Conditions | dmv,/service/full-license-conditions,1396
Full License with Conditions | dmv,/vi/service/full-license-conditions,8
Full License with Conditions | dmv,/zh-hant/service/full-license-conditions,0
Full Reciprocity Plan FAQs | dmv,/ar/service/full-reciprocity-plan-faqs,1
Full Reciprocity Plan FAQs | dmv,/es/service/full-reciprocity-plan-faqs,1
Full Reciprocity Plan FAQs | dmv,/ko/service/full-reciprocity-plan-faqs,1
Full Reciprocity Plan FAQs | dmv,/node/1118827,5
Full Reciprocity Plan FAQs | dmv,/service/full-reciprocity-plan-faqs,115
FY 2008-09 DMV Performance Oversight Hearing | dmv,/release/dmv-performance-oversight-hearing-fy08-09,1
FY 2008-09 DMV Performance Oversight Hearing | dmv,/release/fy-2008-09-dmv-performance-oversight-hearing,4
FY 2009 DC DMV Budget Testimony | dmv,/release/dmv-performance-oversight-hearing-fy07-08,1
FY 2009 DC DMV Budget Testimony | dmv,/release/fy-2009-dc-dmv-budget-testimony,4
FY 2010 DMV Budget Hearing | dmv,/release/dmv-budget-hearing-fy2010,1
FY 2010 DMV Budget Hearing | dmv,/release/fy-2010-dmv-budget-hearing,3
FY 2010 DMV Performance Oversight Hearing | dmv,/release/dmv-performance-oversight-hearing-fy09-10,0
FY 2010 DMV Performance Oversight Hearing | dmv,/release/fy-2010-dmv-performance-oversight-hearing,4
FY 2012 DMV Budget Hearing | dmv,/release/dmv-budget-hearing-fy2012,1
FY 2012 DMV Budget Hearing | dmv,/release/fy-2012-dmv-budget-hearing,6
FY 25 DC DMV Budget Oversight Hearing before the Committee on Transportation and the Environment | dmv,/es/node/1720401,0
FY 25 DC DMV Budget Oversight Hearing before the Committee on Transportation and the Environment | dmv,/node/1720401,4
FY 25 DC DMV Budget Oversight Hearing before the Committee on Transportation and the Environment | dmv,/release/fy-25-dc-dmv-budget-oversight-hearing-committee-transportation-and-environment,9
FY 26 DC DMV Budget Oversight Hearing before the Committee on Transportation and the Environment | dmv,/node/1786966,3
FY 26 DC DMV Budget Oversight Hearing before the Committee on Transportation and the Environment | dmv,/release/fy-26-dc-dmv-budget-oversight-hearing-committee-transportation-and-environment,28
FY16 Annual Report | dmv,/node/1326386,18
FY16 Annual Report | dmv,/publication/fy16-annual-report-1,10
FY23 DC DMV Budget Oversight Hearing before the Committee on Transportation and the Environment | dmv,/es/node/1589606,1
FY23 DC DMV Budget Oversight Hearing before the Committee on Transportation and the Environment | dmv,/release/fy23-dc-dmv-budget-oversight-hearing-committee-transportation-and-environment,1
FY24 DC DMV Budget Oversight Hearing before the Committee on Transportation and the Environment | dmv,/node/1652741,7
FY24 DC DMV Budget Oversight Hearing before the Committee on Transportation and the Environment | dmv,/release/fy24-dc-dmv-budget-oversight-hearing-committee-transportation-and-environment,6
Gabriel Robinson | dmv,/am/node/1391766,1
Gabriel Robinson | dmv,/ar/node/1391766,3
Gabriel Robinson | dmv,/biography/gabriel-robinson,1096
Gabriel Robinson | dmv,/es/node/1391766,4
Gabriel Robinson | dmv,/node/1391766,16
Gabriel Robinson | dmv,/zh-hant/node/1391766,0
Gender Self-Designation Form | dmv,/node/135972,49
Gender Self-Designation Form | dmv,/publication/gender-self-designation-form,11
Georgetown Service Center | dmv,/am/page/georgetown-servicecenter,4
Georgetown Service Center | dmv,/ar/page/georgetown-servicecenter,3
Georgetown Service Center | dmv,/es/page/georgetown-servicecenter,47
Georgetown Service Center | dmv,/ko/page/georgetown-servicecenter,9
Georgetown Service Center | dmv,/node/1099142,9594
Georgetown Service Center | dmv,/page/georgetown-servicecenter,8225
Georgetown Service Center | dmv,/page/georgetown-servicecenter/,1
Georgetown Service Center | dmv,/vi/page/georgetown-servicecenter,5
Georgetown Service Center Closes for the Day | dmv,/release/georgetown-service-center-closes-day,4
GRAD License Program | dmv,/am/service/graduated-license-program,2
GRAD License Program | dmv,/ar/service/graduated-license-program,7
GRAD License Program | dmv,/es/service/graduated-license-program,13
GRAD License Program | dmv,/node/1111502,1
GRAD License Program | dmv,/node/1119181,1596
GRAD License Program | dmv,/page/grad-license-program,27
GRAD License Program | dmv,/service/graduated-license-program,611
GRAD License Program | dmv,/vi/service/graduated-license-program,40
Historic Motor Vehicle Amendment | dmv,/release/historic-motor-vehicle-amendment,4
Historical Vehicles | dmv,/am/service/historical-vehicles,5
Historical Vehicles | dmv,/ar/service/historical-vehicles,1
Historical Vehicles | dmv,/es/service/historical-vehicles,25
Historical Vehicles | dmv,/ko/service/historical-vehicles,8
Historical Vehicles | dmv,/node/1118991,25
Historical Vehicles | dmv,/service/historical-vehicles,1139
Historical Vehicles | dmv,/vi/service/historical-vehicles,1
Holiday Closing Schedule | dmv,/am/page/2025-holiday-closing-schedule,10
Holiday Closing Schedule | dmv,/ar/page/2025-holiday-closing-schedule,2
Holiday Closing Schedule | dmv,/ar/page/dmv-holiday-closing-schedule,1
Holiday Closing Schedule | dmv,/es/page/2025-holiday-closing-schedule,2
Holiday Closing Schedule | dmv,/es/page/dmv-holiday-closing-schedule,1
Holiday Closing Schedule | dmv,/es/page/holiday-closing-schedule-016,1
Holiday Closing Schedule | dmv,/ko/page/2025-holiday-closing-schedule,9
Holiday Closing Schedule | dmv,/node/1089502,267
Holiday Closing Schedule | dmv,/page/2025-holiday-closing-schedule,2746
Holiday Closing Schedule | dmv,/page/dmv-holiday-closing-schedule,1
Holiday Closing Schedule | dmv,/zh-hant/page/2025-holiday-closing-schedule,1
How to Access the DC DMV Title Reassignment Form Portal | dmv,/ar/service/how-access-dc-dmv-title-reassignment-form-portal,1
How to Access the DC DMV Title Reassignment Form Portal | dmv,/es/service/how-access-dc-dmv-title-reassignment-form-portal,1
How to Access the DC DMV Title Reassignment Form Portal | dmv,/node/1119477,257
How to Access the DC DMV Title Reassignment Form Portal | dmv,/service/how-access-dc-dmv-title-reassignment-form-portal,172
How to Access the DC DMV Title Reassignment Form Portal | dmv,/zh-hant/service/how-access-dc-dmv-title-reassignment-form-portal,1
How to Become a DC DMV Registered Dealer | dmv,/am/service/how-become-dc-dmv-registered-dealer,3
How to Become a DC DMV Registered Dealer | dmv,/ar/service/how-become-dc-dmv-registered-dealer,2
How to Become a DC DMV Registered Dealer | dmv,/es/service/how-become-dc-dmv-registered-dealer,1
How to Become a DC DMV Registered Dealer | dmv,/fr/service/how-become-dc-dmv-registered-dealer,1
How to Become a DC DMV Registered Dealer | dmv,/node/1119466,99
How to Become a DC DMV Registered Dealer | dmv,/service/how-become-dc-dmv-registered-dealer,343
How to Become a DC DMV Registered Dealer | dmv,/vi/service/how-become-dc-dmv-registered-dealer,2
How to Become a DC DMV Registered Dealer | dmv,/zh-hant/service/how-become-dc-dmv-registered-dealer,1
How to Contest a Ticket | dmv,/am/service/how-contest-ticket,14
How to Contest a Ticket | dmv,/ar/service/contest-tickets,1
How to Contest a Ticket | dmv,/es/service/how-contest-ticket,5
How to Contest a Ticket | dmv,/ko/service/how-contest-ticket,13
How to Contest a Ticket | dmv,/node/1119647,39429
How to Contest a Ticket | dmv,/service/contest-tickets,5
How to Contest a Ticket | dmv,/service/how-contest-ticket,63744
How to Contest a Ticket | dmv,/services/contest-tickets,12
How to File an Appeal | dmv,/am/service/how-file-appeal,3
How to File an Appeal | dmv,/es/service/appeal-reconsideration-or-motion-vacate-decisions,1
How to File an Appeal | dmv,/es/service/how-file-appeal,5
How to File an Appeal | dmv,/ko/service/appeal-reconsideration-or-motion-vacate-decisions,1
How to File an Appeal | dmv,/node/1119662,107
How to File an Appeal | dmv,/service/appeal-reconsideration-or-motion-vacate-decisions,6
How to File an Appeal | dmv,/service/how-file-appeal,5999
How to File an Appeal | dmv,/vi/service/how-file-appeal,11
How to File an Appeal | dmv,/zh-hant/service/how-file-appeal,2
How to Obtain H Tags for a Taxicab | dmv,/am/service/how-obtain-h-tags-taxicab,1
How to Obtain H Tags for a Taxicab | dmv,/ar/service/how-obtain-h-tags-taxi-cab,1
How to Obtain H Tags for a Taxicab | dmv,/es/service/how-obtain-h-tags-taxi-cab,2
How to Obtain H Tags for a Taxicab | dmv,/es/service/how-obtain-h-tags-taxicab,1
How to Obtain H Tags for a Taxicab | dmv,/node/1119561,27
How to Obtain H Tags for a Taxicab | dmv,/service/how-obtain-h-tags-taxicab,146
How to Obtain H Tags for a Taxicab | dmv,/zh-hant/service/how-obtain-h-tags-taxicab,5
How to Obtain L Tags for a Limousine and Luxury Class Sedan | dmv,/am/service/how-obtain-l-tags-limousine-and-luxury-class-sedan,1
How to Obtain L Tags for a Limousine and Luxury Class Sedan | dmv,/es/service/how-obtain-l-tags-limousine-and-luxury-class-sedan,3
How to Obtain L Tags for a Limousine and Luxury Class Sedan | dmv,/node/1119566,24
How to Obtain L Tags for a Limousine and Luxury Class Sedan | dmv,/service/how-obtain-l-tags-limousine-and-luxury-class-sedan,90
How to Obtain Vehicle Title and Registration | dmv,/ar/service/how-obtain-vehicle-title-and-registration,36
How to Obtain Vehicle Title and Registration | dmv,/es/service/how-obtain-vehicle-title-and-registration,9
How to Obtain Vehicle Title and Registration | dmv,/fr/service/how-obtain-vehicle-title-and-registration,1
How to Obtain Vehicle Title and Registration | dmv,/node/1119472,126
How to Obtain Vehicle Title and Registration | dmv,/service/how-obtain-vehicle-title-and-registration,1021
How to Obtain Vehicle Title and Registration | dmv,/service/how-obtain-vehicle-title-and-registration/,7
How to Obtain Vehicle Title and Registration | dmv,/vi/service/how-obtain-vehicle-title-and-registration,29
How to Register Your Vehicle | dmv,/am/node/1718046,4
How to Register Your Vehicle | dmv,/es/node/1718046,4
How to Register Your Vehicle | dmv,/ko/node/1718046,1
How to Register Your Vehicle | dmv,/node/1718046,17685
How to Register Your Vehicle | dmv,/service/how-register-your-vehicle,7088
How to Register Your Vehicle | dmv,/zh-hant/node/1718046,8
How to Renew Your DC DMV Dealership Registration | dmv,/NODE/1119467,3
How to Renew Your DC DMV Dealership Registration | dmv,/am/service/how-renew-your-dc-dmv-dealership-registration,2
How to Renew Your DC DMV Dealership Registration | dmv,/ar/service/how-renew-your-dc-dmv-dealership-registration,2
How to Renew Your DC DMV Dealership Registration | dmv,/ar/service/how-renew-your-dealership-registration-dc-dmv,1
How to Renew Your DC DMV Dealership Registration | dmv,/es/service/how-renew-your-dc-dmv-dealership-registration,2
How to Renew Your DC DMV Dealership Registration | dmv,/es/service/how-renew-your-dealership-registration-dc-dmv,1
How to Renew Your DC DMV Dealership Registration | dmv,/ko/service/how-renew-your-dc-dmv-dealership-registration,3
How to Renew Your DC DMV Dealership Registration | dmv,/ko/service/how-renew-your-dealership-registration-dc-dmv,1
How to Renew Your DC DMV Dealership Registration | dmv,/node/1119467,95
How to Renew Your DC DMV Dealership Registration | dmv,/service/how-renew-your-dc-dmv-dealership-registration,88
How to Renew Your DC DMV Dealership Registration | dmv,/service/how-renew-your-dealership-registration-dc-dmv,2
How to Report an Unsafe Driver | dmv,/am/service/how-report-unsafe-driver,5
How to Report an Unsafe Driver | dmv,/es/service/how-report-unsafe-driver,4
How to Report an Unsafe Driver | dmv,/ko/service/how-report-unsafe-driver,11
How to Report an Unsafe Driver | dmv,/node/1119406,4
How to Report an Unsafe Driver | dmv,/service/how-report-unsafe-driver,640
How to Report an Unsafe Driver | dmv,/vi/service/how-report-unsafe-driver,2
한국어 (Korean) | dmv,/am/node/1620666,5
한국어 (Korean) | dmv,/es/node/1620666,1
한국어 (Korean) | dmv,/fr/node/1620666,1
한국어 (Korean) | dmv,/ko/node/1620666,0
한국어 (Korean) | dmv,/node/1620666,10
한국어 (Korean) | dmv,/page/한국어-korean,165
Identification Card Historical Data | dmv,/page/identification-card-historical-data,15
Ignition Interlock Device (IID) Program | dmv,/am/iidprogram,5
Ignition Interlock Device (IID) Program | dmv,/ar/iidprogram,2
Ignition Interlock Device (IID) Program | dmv,/ar/service/ignition-interlock-device-program,1
Ignition Interlock Device (IID) Program | dmv,/es/iidprogram,12
Ignition Interlock Device (IID) Program | dmv,/es/service/ignition-interlock-device-program,1
Ignition Interlock Device (IID) Program | dmv,/iidprogram,3838
Ignition Interlock Device (IID) Program | dmv,/ko/iidprogram,1
Ignition Interlock Device (IID) Program | dmv,/node/1119137,43
Ignition Interlock Device (IID) Program | dmv,/node/1119137/revisions/7145411/view,1
Ignition Interlock Device (IID) Program | dmv,/node/1119137/revisions/7152011/view,1
Ignition Interlock Device (IID) Program | dmv,/service/ignition-interlock-device-program,4
Ignition Interlock Device (IID) Program | dmv,/vi/iidprogram,1
Ignition Interlock Device Application | dmv,/node/135982,35
Ignition Interlock Device Application | dmv,/publication/ignition-interlock-device-application,5
IID Portal | dmv,/external-link/iid-portal,6
IID Program Drug and Alcohol Abuse Resources | dmv,/am/node/1735136,4
IID Program Drug and Alcohol Abuse Resources | dmv,/ar/node/1735136,2
IID Program Drug and Alcohol Abuse Resources | dmv,/es/node/1735136,5
IID Program Drug and Alcohol Abuse Resources | dmv,/node/1735136,249
IID Program Drug and Alcohol Abuse Resources | dmv,/page/iid-program-drug-and-alcohol-abuse-resources,39
IID Program Enrollment Requirements | dmv,/am/node/1634706,8
IID Program Enrollment Requirements | dmv,/ar/node/1634706,10
IID Program Enrollment Requirements | dmv,/es/node/1634706,3
IID Program Enrollment Requirements | dmv,/fr/node/1634706,2
IID Program Enrollment Requirements | dmv,/node/1634706,521
IID Program Enrollment Requirements | dmv,/page/ignition-interlock-device-program-enrollment-time-requirements,4
IID Program Enrollment Requirements | dmv,/page/iid-program-enrollment-requirements,234
IID Program Frequently Asked Questions | dmv,/am/node/1735146,3
IID Program Frequently Asked Questions | dmv,/es/node/1735146,2
IID Program Frequently Asked Questions | dmv,/fr/node/1735146,7
IID Program Frequently Asked Questions | dmv,/node/1735146,197
IID Program Frequently Asked Questions | dmv,/page/iid-program-frequently-asked-questions,195
IID Program Frequently Asked Questions | dmv,/vi/node/1735146,6
IID Program Violations and Penalties | dmv,/am/node/1634721,3
IID Program Violations and Penalties | dmv,/es/node/1634721,3
IID Program Violations and Penalties | dmv,/fr/node/1634721,4
IID Program Violations and Penalties | dmv,/node/1634721,53
IID Program Violations and Penalties | dmv,/page/ignition-interlock-device-program-violation-and-penalty-agreement,6
IID Program Violations and Penalties | dmv,/page/iid-program-violations-and-penalties,54
Inspection Exemptions and Waivers | dmv,/am/service/inspection-exemptions-and-waivers,7
Inspection Exemptions and Waivers | dmv,/ar/service/inspection-exemptions-and-waivers,4
Inspection Exemptions and Waivers | dmv,/es/service/inspection-exemptions-and-waivers,3
Inspection Exemptions and Waivers | dmv,/node/1118951,43
Inspection Exemptions and Waivers | dmv,/service/inspection-exemptions-and-waivers,1074
Inspection Exemptions and Waivers | dmv,/zh-hant/service/inspection-exemptions-and-waivers,1
Inspection Historical Data | dmv,/page/inspection-historical-data,37
Inspection Station | dmv,/am/page/inspection-station,49
Inspection Station | dmv,/ar/page/inspection-station,1
Inspection Station | dmv,/es/page/inspection-station,10
Inspection Station | dmv,/fr/page/inspection-station,1
Inspection Station | dmv,/ko/page/inspection-station,5
Inspection Station | dmv,/node/1099182,8308
Inspection Station | dmv,/page/inspection-station,16034
Inspection Station | dmv,/zh-hant/page/inspection-station,7
Inspection Station Fall/Winter Hours 2019 | dmv,/release/inspection-station-fallwinter-hours-2019,11
Inspection Sticker Renewals | dmv,/am/service/inspection-sticker-renewals,10
Inspection Sticker Renewals | dmv,/ar/service/inspection-sticker-renewals,1
Inspection Sticker Renewals | dmv,/es/service/inspection-sticker-renewals,2
Inspection Sticker Renewals | dmv,/node/1118952,129
Inspection Sticker Renewals | dmv,/service/inspection-sticker-renewals,1402
Inspection Sticker Replacements | dmv,/am/service/inspection-sticker-replacements,1
Inspection Sticker Replacements | dmv,/es/service/inspection-sticker-replacements,11
Inspection Sticker Replacements | dmv,/node/1118957,48
Inspection Sticker Replacements | dmv,/service/inspection-sticker-replacements,769
Inspection Sticker Replacements | dmv,/vi/service/inspection-sticker-replacements,2
Instructions for obtaining a Limited Occupational License | dmv,/am/publication/instructions-obtaining-limited-occupational-license,4
Instructions for Obtaining a Limited Occupational License | dmv,/ar/service/limited-occupational-license-0-6,1
Instructions for obtaining a Limited Occupational License | dmv,/es/publication/instructions-obtaining-limited-occupational-license,5
Instructions for Obtaining a Limited Occupational License | dmv,/es/service/limited-occupational-license-0-6,2
Instructions for obtaining a Limited Occupational License | dmv,/fr/publication/instructions-obtaining-limited-occupational-license,5
Instructions for Obtaining a Limited Occupational License | dmv,/node/1115346,3
Instructions for Obtaining a Limited Occupational License | dmv,/node/1119236,75
Instructions for obtaining a Limited Occupational License | dmv,/node/136122,27
Instructions for obtaining a Limited Occupational License | dmv,/publication/instructions-obtaining-limited-occupational-license,20
Instructions for Obtaining a Limited Occupational License | dmv,/service/limited-occupational-license-0-6,171
Insurance Record Fees | dmv,/am/node/155542,9
Insurance Record Fees | dmv,/book/vehicle-fees/insurance-record,280
Insurance Record Fees | dmv,/es/node/155542,8
Insurance Record Fees | dmv,/fr/node/155542,6
Insurance Records for Crashes | dmv,/am/service/insurance-records-crashes,3
Insurance Records for Crashes | dmv,/ar/service/insurance-records-accidents,1
Insurance Records for Crashes | dmv,/ar/service/insurance-records-crashes,4
Insurance Records for Crashes | dmv,/es/service/insurance-records-crashes,2
Insurance Records for Crashes | dmv,/fr/service/insurance-records-crashes,1
Insurance Records for Crashes | dmv,/ko/service/insurance-records-crashes,0
Insurance Records for Crashes | dmv,/node/1119051,2
Insurance Records for Crashes | dmv,/service/insurance-records-crashes,186
Intelligent Speed Assistance (ISA) Program | dmv,/am/node/1794151,1
Intelligent Speed Assistance (ISA) Program | dmv,/ar/node/1794151,1
Intelligent Speed Assistance (ISA) Program | dmv,/es/node/1794151,1
Intelligent Speed Assistance (ISA) Program | dmv,/fr/node/1794151,2
Intelligent Speed Assistance (ISA) Program | dmv,/ko/node/1794151,1
Intelligent Speed Assistance (ISA) Program | dmv,/node/1794151,2
Intelligent Speed Assistance (ISA) Program | dmv,/service/intelligent-speed-assistance-isa-program,975
Intelligent Speed Assistance (ISA) Program | dmv,/vi/node/1794151,1
Intelligent Speed Assistance (ISA) Program | dmv,/zh-hant/node/1794151,1
Intelligent Speed Assistance | dmv,/page/intelligent-speed-assistance,197
International Registration Plan - Buses | dmv,/node/1137041,13
International Registration Plan - Buses | dmv,/publication/international-registration-plan-buses,59
International Registration Plan (Heavy Duty Commercial Carriers) | dmv,/service/international-registration-plan-heavy-duty-commercial-carriers,2
International Registration Plan (IRP) (Heavy Duty Commercial Carriers) | dmv,/service/international-registration-plan-irp-heavy-duty-commercial-carriers,4
International Registration Plan (IRP) | dmv,/am/service/international-registration-plan-irp,1
International Registration Plan (IRP) | dmv,/ar/service/international-registration-plan-irp,3
International Registration Plan (IRP) | dmv,/es/service/international-registration-plan-irp,2
International Registration Plan (IRP) | dmv,/ko/service/international-registration-plan-irp,1
International Registration Plan (IRP) | dmv,/service/international-registration-plan-irp,47
International Registration Plan | dmv,/am/service/international-registration-plan,2
International Registration Plan | dmv,/ar/service/international-registration-plan,8
International Registration Plan | dmv,/es/service/international-registration-plan,3
International Registration Plan | dmv,/fr/service/international-registration-plan,2
International Registration Plan | dmv,/node/1119611,79
International Registration Plan | dmv,/node/1119611/revisions/7240771/view,2
International Registration Plan | dmv,/service/international-registration-plan,112
International Registration Plan | dmv,/zh-hant/service/international-registration-plan,0
Interpreter and Translation Services | dmv,/ar/page/interpreter-and-translation-services,1
Interpreter and Translation Services | dmv,/es/page/interpreter-and-translation-services,3
Interpreter and Translation Services | dmv,/ko/page/interpreter-and-translation-services,0
Interpreter and Translation Services | dmv,/page/interpreter-and-translation-services,301
IRP Application Form | dmv,/node/1277861,36
IRP Application Form | dmv,/publication/irp-application-form,9
IRP Application Process Checklist | dmv,/node/1276846,29
IRP Application Process Checklist | dmv,/publication/irp-application-process-checklist,7
IRP Apportioned and Exempt Vehicles | dmv,/am/service/irp-apportioned-and-exempt-vehicles,2
IRP Apportioned and Exempt Vehicles | dmv,/ar/service/irp-apportioned-and-exempt-vehicles,4
IRP Apportioned and Exempt Vehicles | dmv,/es/service/irp-apportioned-and-exempt-vehicles,10
IRP Apportioned and Exempt Vehicles | dmv,/fr/service/irp-apportioned-and-exempt-vehicles,3
IRP Apportioned and Exempt Vehicles | dmv,/node/1119502,18
IRP Apportioned and Exempt Vehicles | dmv,/service/irp-apportioned-and-exempt-vehicles,85
IRP Apportioned Fee Calculations | dmv,/am/service/irp-apportioned-fee-calculations,10
IRP Apportioned Fee Calculations | dmv,/es/service/irp-apportioned-fee-calculations,9
IRP Apportioned Fee Calculations | dmv,/node/1119507,15
IRP Apportioned Fee Calculations | dmv,/service/irp-apportioned-fee-calculations,122
IRP Apportioned Fee Calculations | dmv,/zh-hant/service/irp-apportioned-fee-calculations,1
"IRP Audits, Mileage Records, and Enforcement | dmv",/am/service/irp-audits-mileage-records-and-enforcement,6
"IRP Audits, Mileage Records, and Enforcement | dmv",/es/service/irp-audits-mileage-records-and-enforcement,2
"IRP Audits, Mileage Records, and Enforcement | dmv",/node/1119511,14
"IRP Audits, Mileage Records, and Enforcement | dmv",/service/irp-audits-mileage-records-and-enforcement,58
IRP Carriers Manual | dmv,/es/publication/irp-carriers-manual,1
IRP Carriers Manual | dmv,/ko/publication/irp-carriers-manual,1
IRP Carriers Manual | dmv,/publication/irp-carriers-manual,14
IRP Carriers Manual | dmv,/vi/publication/irp-carriers-manual,0
IRP Dependency Grid | dmv,/publication/irp-dependency-grid,1
IRP News | dmv,/es/publication/irp-news,2
IRP News | dmv,/ko/publication/irp-news,1
IRP News | dmv,/node/1541281,21
IRP News | dmv,/node/1541281/revisions/7205716/view,2
IRP News | dmv,/publication/irp-news,32
ISA Program Enrollment Requirements | dmv,/page/dmv-isa-program-enrollment-requirements,1
ISA Program Enrollment Requirements | dmv,/page/isa-program-enrollment-requirements,212
ISA Program Frequently Asked Questions | dmv,/node/1794186,155
ISA Program Frequently Asked Questions | dmv,/page/isa-program-frequently-asked-questions,24
ISA Program Penalties and Violations | dmv,/node/1794191,95
ISA Program Penalties and Violations | dmv,/page/isa-program-penalties-and-violations,11
kellye.underwood | dmv,/users/kellyeunderwood,12
Key Agency Directors will Hold Joint Online Chat to Discuss Parking in the District | dmv,/release/key-agency-directors-will-hold-joint-online-chat-discuss-parking-district,8
Knowledge Test Updates | dmv,/featured-content/knowledge-test-updates,6
Knowledge Tests | dmv,/am/service/knowledge-test,13
Knowledge Tests | dmv,/ar/service/knowledge-test,1
Knowledge Tests | dmv,/es/service/knowledge-test,22
Knowledge Tests | dmv,/fr/service/knowledge-test,2
Knowledge Tests | dmv,/node/1119296,6651
Knowledge Tests | dmv,/service/knowledge-test,21769
Knowledge Tests | dmv,/vi/service/knowledge-test,25
Knowledge Tests | dmv,/zh-hant/service/knowledge-test,3
Labor Day Closing 2019 | dmv,/release/labor-day-closing-2019,5
Language Access Act Waiver | dmv,/node/636142,25
Language Access Act Waiver | dmv,/page/laa-waiver-spanish,1
Language Access Act Waiver | dmv,/page/language-access-act-waiver,30
Learner Permits and Provisional Licenses | dmv,/am/service/learner-permits-and-provisional-licenses,2
Learner Permits and Provisional Licenses | dmv,/ar/service/learner-permits-and-provisional-licenses,9
Learner Permits and Provisional Licenses | dmv,/es/service/learner-permits-and-provisional-licenses,11
Learner Permits and Provisional Licenses | dmv,/ko/service/learner-permits-and-provisional-licenses,2
Learner Permits and Provisional Licenses | dmv,/node/1119161,2384
Learner Permits and Provisional Licenses | dmv,/service/learner-permits-and-provisional-licenses,10123
Learner Permits and Provisional Licenses | dmv,/service/learner-permits-and-provisional-licenses/,3
Learner Permits and Provisional Licenses | dmv,/vi/service/learner-permits-and-provisional-licenses,3
Leasing Agent Title/Temporary Registration and Tag Application | dmv,/node/734372,60
Leasing Agent Title/Temporary Registration and Tag Application | dmv,/page/leasing-agent-titletemporary-registration-and-tag-application,44
Legal Defenses to Parking Tickets | dmv,/node/1626101,2455
Legal Defenses to Parking Tickets | dmv,/page/legal-defenses-parking-tickets,366
Legal Defenses to Photo Tickets | dmv,/node/1626091,3464
Legal Defenses to Photo Tickets | dmv,/page/legal-defenses-photo-tickets,341
Legal Defenses to Photo Tickets | dmv,/page/legal-defenses-photo-tickets/,1
License and Identification Card Designations | dmv,/es/service/license-and-identification-card-designations,6
License and Identification Card Designations | dmv,/node/1119112,2211
License and Identification Card Designations | dmv,/service/license-and-identification-card-designations,152
License and Identification Card Designations | dmv,/vi/service/license-and-identification-card-designations,1
License Designations | dmv,/node/1111402,107
License Designations | dmv,/page/license-designations,79
License Reinstatement | dmv,/am/service/license-reinstatement,1
License Reinstatement | dmv,/ar/service/license-reinstatement,3
License Reinstatement | dmv,/es/service/license-reinstatement,24
License Reinstatement | dmv,/ko/service/license-reinstatement,9
License Reinstatement | dmv,/node/1119132,1346
License Reinstatement | dmv,/service/license-reinstatement,1311
License Reinstatement | dmv,/vi/service/license-reinstatement,1
License Reinstatement | dmv,/zh-hant/service/license-reinstatement,1
Lienholder Information—Repossession Procedures | dmv,/am/service/lienholder-information—repossession-procedures,8
Lienholder Information—Repossession Procedures | dmv,/ar/service/lienholder-information—repossession-procedures,1
Lienholder Information—Repossession Procedures | dmv,/es/service/lienholder-information—repossession-procedures,5
Lienholder Information—Repossession Procedures | dmv,/node/1119582,7
Lienholder Information—Repossession Procedures | dmv,/service/lienholder-information—repossession-procedures,282
Lienholder Out-of-State Title Request | dmv,/node/135872,2626
Lienholder Out-of-State Title Request | dmv,/publication/lienholder-out-state-title-request,832
Limited Occupational License | dmv,/es/service/limited-occupational-license,3
Limited Occupational License | dmv,/node/1119232,7
Limited Occupational License | dmv,/service/limited-occupational-license,76
Limited Purpose Brochure | dmv,/page/limited-purpose-brochure,34
Limited Purpose Credential FAQs | dmv,/am/service/limited-purpose-credential-faq,1
Limited Purpose Credential FAQs | dmv,/ar/service/limited-purpose-credential-faq,8
Limited Purpose Credential FAQs | dmv,/ar/service/limited-purpose-credential-faqs,1
Limited Purpose Credential FAQs | dmv,/es/service/limited-purpose-credential-faq,4
Limited Purpose Credential FAQs | dmv,/es/service/limited-purpose-credential-faqs,2
Limited Purpose Credential FAQs | dmv,/node/1115397,2
Limited Purpose Credential FAQs | dmv,/node/1120167,754
Limited Purpose Credential FAQs | dmv,/page/limited-purpose-credential-faqs,5
Limited Purpose Credential FAQs | dmv,/service/limited-purpose-credential-faq,110
Limited Purpose Credential FAQs | dmv,/service/limited-purpose-credential-faqs,3
Limited Purpose Credential Required and Acceptable Documents | dmv,/page/limited-purpose-credential-required-and-acceptable-documents,321
Limited Purpose Credential Social Security Number Ineligibility | dmv,/node/1115371,210
Limited Purpose Credential Social Security Number Ineligibility | dmv,/page/limited-purpose-credential-social-security-number-inelgibility-0,74
Limited Purpose Credential Step by Step Process | dmv,/node/829352,700
Limited Purpose Credential Step by Step Process | dmv,/page/limited-purpose-credential-step-step-process,79
Limited Purpose Proof of Identity—Name and Date of Birth | dmv,/node/1115407,541
Limited Purpose Proof of Identity—Name and Date of Birth | dmv,/page/limited-purpose-proof-identity—name-and-date-birth,60
Locate a Towed Vehicle | dmv,/node/1118457,8
Locate a Towed Vehicle | dmv,/page/locate-towed-vehicle,3916
lynn.romano | dmv,/users/lynnromano,1
Mail Adjudication Form | dmv,/node/136132,1502
Mail Adjudication Form | dmv,/publication/mail-adjudication-form,74
Major Moving Violations | dmv,/am/service/major-moving-violations,4
Major Moving Violations | dmv,/es/service/major-moving-violations,2
Major Moving Violations | dmv,/node/1120171,119
Major Moving Violations | dmv,/page/major-moving-violations-0,27
Major Moving Violations | dmv,/service/major-moving-violations,232
"Mandatory District DMV Driver Education Program Effective May 1, 2016 | dmv",/release/mandatory-district-dmv-driver-education-program-effective-may-1-2016,22
Martin Luther King Day Holiday and Inaugural Schedule | dmv,/release/martin-luther-king-day-holiday-and-inaugural-schedule,7
Mature Driver Fitness to Drive Certification | dmv,/node/1532496,450
Mature Driver Fitness to Drive Certification | dmv,/publication/mature-driver-fitness-drive-certification,278
Mayor Announces DC Department of Motor Vehicles AAMVA Awards | dmv,/release/mayor-announces-dc-department-motor-vehicles-aamva-awards,22
Mayor Announces DC Department of Motor Vehicles AAMVA Awards | dmv,/release/mayor-vincent-c-gray-announces-dc-department-motor-vehicles-aamva-awards,1
Mayor Announces New DMV Operation Schedule | dmv,/release/fenty-administration-announces-new-dmv-operation-schedule,1
Mayor Announces New DMV Operation Schedule | dmv,/release/mayor-announces-new-dmv-operation-schedule,7
Mayor Announces Ticket Amnesty Program | dmv,/release/mayor-announces-ticket-amnesty-program-0,25
Mayor Announces Ticket Amnesty Program | dmv,/release/mayor-vincent-c-gray-announces-ticket-amnesty-program-0,1
Mayor Bowser Activates the District’s First Cold Weather Emergency of the Season | dmv,/release/mayor-bowser-activates-district’s-first-cold-weather-emergency-season-0,2
Mayor Bowser Announces Addition of Gender Neutral Identifier to Drivers Licenses and Identification Cards | dmv,/release/mayor-bowser-announces-addition-gender-neutral-identifier-drivers-licenses-and,14
Mayor Bowser Announces Amnesty Program for Drivers With Outstanding Tickets as Enforcement Functions Begin June 1 | dmv,/node/1533546,1
Mayor Bowser Announces Amnesty Program for Drivers With Outstanding Tickets as Enforcement Functions Begin June 1 | dmv,/release/mayor-bowser-announces-amnesty-program-drivers-outstanding-tickets-enforcement-functions,47
"Mayor Bowser Announces DC DMV to Resume In-Person Services on Tuesday, June 23 | dmv",/release/mayor-bowser-announces-dc-dmv-resume-person-services-tuesday-june-23,3
Mayor Bowser Announces Driver Licenses and Identification Cards Now Available to Permanent Residents for up to Eight Years | dmv,/release/mayor-bowser-announces-driver-licenses-and-identification-cards-now-available-permanent,11
Mayor Bowser Announces Organizational Changes within DC Government | dmv,/node/1736511,1
Mayor Bowser Announces Organizational Changes within DC Government | dmv,/release/mayor-bowser-announces-organizational-changes-within-dc-government,9
Mayor Bowser Announces that All DC Government Employees Will Be Required to Get Vaccinated Against COVID-19 | dmv,/node/1553016,1
Mayor Bowser Announces that All DC Government Employees Will Be Required to Get Vaccinated Against COVID-19 | dmv,/release/mayor-bowser-announces-all-dc-government-employees-will-be-required-get-vaccinated-against,1
"Mayor Bowser Extends Deadline for Ticket Amnesty Program Until December 31, 2021 | dmv",/node/1560376,1
"Mayor Bowser Extends Deadline for Ticket Amnesty Program Until December 31, 2021 | dmv",/release/mayor-bowser-extends-deadline-ticket-amnesty-program-until-december-31-2021,78
Mayor Bowser Extends DPR Spray Park Hours Through September 26 | dmv,/node/1557011,1
Mayor Bowser Extends DPR Spray Park Hours Through September 26 | dmv,/release/mayor-bowser-extends-dpr-spray-park-hours-through-september-26,1
Mayor Bowser Launches District’s First Self-Service Vehicle Emissions Test Kiosk | dmv,/release/mayor-bowser-launches-district’s-first-self-service-vehicle-emissions-test-kiosk,269
"Mayor Bowser Reminds Drivers of Approaching Deadlines for DC DMV Credential Renewals, Ticket Amnesty Program | dmv",/node/1557271,1
"Mayor Bowser Reminds Drivers of Approaching Deadlines for DC DMV Credential Renewals, Ticket Amnesty Program | dmv",/release/mayor-bowser-reminds-drivers-approaching-deadlines-dc-dmv-credential-renewals-ticket-amnesty,3
Mayor Bowser Welcomes Back Employees as DC Government Leads in Returning to the Workplace | dmv,/node/1548321,2
Mayor Bowser Welcomes Back Employees as DC Government Leads in Returning to the Workplace | dmv,/release/mayor-bowser-welcomes-back-employees-dc-government-leads-returning-workplace,8
Mayor Urges Public to Pay Outstanding Tickets Today | dmv,/release/mayor-urges-public-pay-outstanding-tickets,7
Mayor Urges Public to Pay Outstanding Tickets Today | dmv,/release/mayor-vincent-c-gray-urges-public-pay-outstanding-tickets,1
"Mayor’s Press Conference Announcement - April, 18 2012 | dmv",/release/mayor’s-press-conference-announcement-april-18-2012,6
Medical Requirements | dmv,/am/service/dmv-medical-requirements,3
Medical Requirements | dmv,/ar/service/dmv-medical-requirements,7
Medical Requirements | dmv,/es/service/dmv-medical-requirements,24
Medical Requirements | dmv,/node/1119367,44
Medical Requirements | dmv,/service/dmv-medical-requirements,1207
Medical Requirements | dmv,/service/dmv-medical-requirements/,3
Medical Requirements | dmv,/zh-hant/service/dmv-medical-requirements,1
Medical Waivers for Vehicle Window Tinting Restrictions | dmv,/am/service/medical-waivers-vehicle-window-tinting-restrictions,1
Medical Waivers for Vehicle Window Tinting Restrictions | dmv,/es/service/medical-waivers-vehicle-window-tinting-restrictions,8
Medical Waivers for Vehicle Window Tinting Restrictions | dmv,/fr/service/medical-waivers-vehicle-window-tinting-restrictions,4
Medical Waivers for Vehicle Window Tinting Restrictions | dmv,/node/1119382,2
Medical Waivers for Vehicle Window Tinting Restrictions | dmv,/service/medical-waivers-vehicle-window-tinting-restrictions,752
Medical/Eye Report | dmv,/node/136022,1938
Medical/Eye Report | dmv,/publication/medical-eye-report,1
Medical/Eye Report | dmv,/publication/medicaleye-report,1953
Membership Organization Tags | dmv,/am/service/membership-organization-tags,1
Membership Organization Tags | dmv,/ar/service/membership-organization-tags,1
Membership Organization Tags | dmv,/es/service/membership-organization-tags,2
Membership Organization Tags | dmv,/node/1118896,569
Membership Organization Tags | dmv,/service/membership-organization-tags,201
Minor Moving Violations Virtual Hearing Calendar | dmv,/node/1490296,4090
Minor Moving Violations Virtual Hearing Calendar | dmv,/node/1490296/revisions/7195726/view,1
Minor Moving Violations Virtual Hearing Calendar | dmv,/page/minor-moving-violations-virtual-hearing-calendar,632
Minor Moving Violations Virtual Hearing Calendar | dmv,/page/moving-violations-virtual-hearing-calendar,5
Minor Moving Violations Virtual Hearing Calendar | dmv,/page/test-dc-dmvs virtual-hearing-calendar-minor-moving-violations,110
Minor Moving Violations Virtual Hearing Calendar | dmv,/page/virtual-hearing-calendar,1
Modified District Government Services for 2021 Fourth of July | dmv,/node/1546961,1
Modified District Government Services for 2021 Fourth of July | dmv,/release/modified-district-government-services-2021-fourth-july,9
Modified District Government Services for Christmas Day | dmv,/node/1513016,1
Modified District Government Services for Christmas Day | dmv,/release/modified-district-government-services-christmas-day,2
Modified District Government Services for Christmas Eve and Christmas Day | dmv,/node/1573766,2
Modified District Government Services for Christmas Eve and Christmas Day | dmv,/release/modified-district-government-services-christmas-eve-and-christmas-day-2021,1
Modified District Government Services for DC Emancipation Day | dmv,/node/1532916,1
Modified District Government Services for DC Emancipation Day | dmv,/release/modified-district-government-services-dc-emancipation-day,8
Modified District Government Services for Emancipation Day | dmv,/release/modified-district-government-services-emancipation-day,1
Modified District Government Services for Indigenous Peoples’ Day | dmv,/node/1500656,1
Modified District Government Services for Indigenous Peoples’ Day | dmv,/node/1748556,8
Modified District Government Services for Indigenous Peoples’ Day | dmv,/release/modified-district-government-services-indigenous-peoples’-day,5
Modified District Government Services for Indigenous Peoples’ Day | dmv,/release/modified-district-government-services-indigenous-peoples’-day-0a,1
Modified District Government Services for Juneteenth | dmv,/release/modified-district-services-juneteenth,6
Modified District Government Services for Labor Day | dmv,/node/1494971,1
Modified District Government Services for Labor Day | dmv,/release/modified-district-government-services-labor-day,1
Modified District Government Services for Labor Day | dmv,/release/modified-district-government-services-labor-day-0a,1
Modified District Government Services for Labor Day 2021 | dmv,/node/1556846,1
Modified District Government Services for Martin Luther King Jr. Day | dmv,/release/2023-modified-district-government-services-martin-luther-king-jr-day,4
"Modified District Government Services for Martin Luther King, Jr.’s Birthday | dmv",/node/1516576,1
"Modified District Government Services for Martin Luther King, Jr.’s Birthday | dmv",/release/modified-district-government-services-martin-luther-king-jr-birthday,5
Modified District Government Services for Memorial Day | dmv,/release/modified-district-government-services-2022-memorial-day,1
Modified District Government Services for Memorial Day 2021 | dmv,/release/modified-district-government-services-memorial-day-2021,8
Modified District Government Services for New Year’s Day | dmv,/node/1513616,1
Modified District Government Services for New Year’s Day | dmv,/release/modified-district-government-services-new-year’s-day,1
Modified District Government Services for New Year's Day 2022 | dmv,/node/1574361,1
Modified District Government Services for New Year's Day 2022 | dmv,/release/modified-district-government-services -new-years-day-2022,1
Modified District Government Services for Presidents Day | dmv,/node/1582821,0
Modified District Government Services for Presidents Day | dmv,/release/modified-district-government-services-presidents-day,2
Modified District Government Services for Presidents’ Day | dmv,/node/1522061,1
Modified District Government Services for Presidents’ Day | dmv,/release/modified-district-government-services-presidents-day-2021,1
Modified District Government Services for Thanksgiving | dmv,/release/modified-district-government-services-thanksgiving,6
Modified District Government Services for Thanksgiving Day | dmv,/node/1507736,1
Modified District Government Services for Thanksgiving Day | dmv,/release/modified-district-government-services-thanksgiving-day,1
Modified District Government Services for Thanksgiving Day 2022 | dmv,/release/-2022-modified-district-government-services-thanksgiving-day,2
Modified District Government Services for Veterans Day | dmv,/release/modified-district-government-services-veterans-day,15
Modified District Government Services for Veterans Day 2020 | dmv,/node/1505486,1
Modified District Government Services for Veterans Day 2020 | dmv,/release/modified-district-government-services-veterans-day-2020,5
Modified District Government Services for Veterans Day 2021 | dmv,/node/1567881,1
Modified District Government Services for Veterans Day 2021 | dmv,/release/modified-district-government-services-veterans-day-2021,10
Modified District Government Services for Thanksgiving Day | dmv,/release/modified-district-government-services-2021-thanksgiving-day,6
Modified District Government Services for Thanksgiving Day | dmv,/release/modified district government-services-thanksgiving-day,1
Modified Government Services for Martin Luther King Jr.’s Birthday | dmv,/release/modified-district-government-services-for-martin-luther-king-jr-birthday-2022,2
Modified Holiday Schedule for Select District Services | dmv,/release/2019-modified-holiday-schedule-select-district-services,8
Modified Holiday Schedule for Select District Services | dmv,/release/dc/modified-holiday-schedule-select-district-services-3,3
Modified Holiday Schedule for Select District Services | dmv,/release/mayor/modified-holiday-schedule-select-district-services-2,1
Modified Holiday Schedule for Select District Services | dmv,/release/modified-holiday-schedule-select-district-services-016,11
Modified Holiday Schedule for Select District Services | dmv,/release/modified-holiday-schedule-select-district-services-dec-jan,4
Modified Holiday Schedule for Select District Services Christmas Day 2019 and New Year's Day 2020 | dmv,/release/modified-holiday-schedule-select-district-services-christmas-day-2019-and-new-years-day-2020,4
Modified Holiday Schedule for Select District Services for Presidents Day | dmv,/release/modified-holiday-schedule-select-district-services-presidents-day,2
"Modified Holiday Schedule for Select District Services January 18-20, 2020 | dmv",/release/modified-holiday-schedule-select-district-services-january-18-20-2020u,6
Modified District Government Services for Independence Day | dmv,/release/modified-district-government-services-for-independence-day,22
Modified District Government Services for Juneteenth | dmv,/node/1730621,0
Modified District Government Services for Juneteenth | dmv,/release/2023-modified-district-government-services-juneteenth,0
Modified District Government Services for Juneteenth | dmv,/release/modified-district-government-services-juneteenth25,9
Modified District Government Services for Juneteenth | dmv,/release/modified district-government-services-juneteenth,4
Modified District Government Services for Memorial Day | dmv,/node/1726416,3
Modified District Government Services for Memorial Day | dmv,/release/modified district-government-services-memorial-day,5
Modified District Government Services for DC Emancipation Day | dmv,/release/modified-district-government-services-emancipation-day-april-2025,2
Modified District Government Services for Fourth of July | dmv,/release/modified district-government-services- fourth-july,1
Modified District Government Services for Labor Day | dmv,/release/modified district-government-services- labor-day,2
Modified District Government Services for Memorial Day | dmv,/node/1783381,2
Modified District Government Services for Memorial Day | dmv,/release/modified-dc-government-services-memorial-day-2025,11
Modified District Government Services for Presidents Day | dmv,/release/modified-district-government-services-presidents-day-feb-2025,0
Modified District Government Services for Indigenous Peoples’ Day | dmv,/node/1562816,1
Modified District Government Services for Indigenous Peoples’ Day | dmv,/release/modified district government services -indigenous-peoples’-day,1
Motion to Vacate Default Judgment | dmv,/am/node/1625956,7
Motion to Vacate Default Judgment | dmv,/es/node/1625956,4
Motion to Vacate Default Judgment | dmv,/node/1625956,1628
Motion to Vacate Default Judgment | dmv,/page/motion-vacate-default-judgment,2822
Motion to Vacate Default Judgment | dmv,/zh-hant/node/1625956,1
Motion to Vacate Default Judgment Instructions | dmv,/es/publication/motion-vacate-default-judgment-instructions,1
Motion to Vacate Default Judgment Instructions | dmv,/es/publication/motion-vacate-instructions-and-form,1
Motion to Vacate Default Judgment Instructions | dmv,/ko/publication/motion-vacate-default-judgment,1
Motion to Vacate Default Judgment Instructions | dmv,/node/136112,1621
Motion to Vacate Default Judgment Instructions | dmv,/publication/explanation-motion-process,1
Motion to Vacate Default Judgment Instructions | dmv,/publication/motion-vacate-default-judgment,4
Motion to Vacate Default Judgment Instructions | dmv,/publication/motion-vacate-default-judgment-instructions,233
Motion to Vacate Default Judgment Instructions | dmv,/publication/motion-vacate-instructions-and-form,5
Motion to Vacate Default Judgment Instructions | dmv,/vi/publication/motion-vacate-default-judgment-instructions,3
Motion to Vacate Default Judgment Instructions | dmv,/zh-hant/publication/motion-vacate-default-judgment-instructions,1
Motorcycle Endorsement | dmv,/am/service/get-motorcycle-endorsement,6
Motorcycle Endorsement | dmv,/ar/service/get-motorcycle-endorsement,1
Motorcycle Endorsement | dmv,/es/service/get-motorcycle-endorsement,6
Motorcycle Endorsement | dmv,/ko/service/get-motorcycle-endorsement,0
Motorcycle Endorsement | dmv,/node/1119351,352
Motorcycle Endorsement | dmv,/service/get-motorcycle-endorsement,1326
Motorcycle Endorsement | dmv,/service/get-motorcycle-endorsement/,3
Motorcycle Safety Tips | dmv,/am/service/safety-tips-motorcycle,27
Motorcycle Safety Tips | dmv,/es/service/motorcycle-safety-tips,1
Motorcycle Safety Tips | dmv,/es/service/safety-tips-motorcycle,9
Motorcycle Safety Tips | dmv,/fr/service/safety-tips-motorcycle,1
Motorcycle Safety Tips | dmv,/ko/service/safety-tips-motorcycle,39
Motorcycle Safety Tips | dmv,/service/motorcycle-safety-tips,33
Motorcycle Safety Tips | dmv,/service/safety-tips-motorcycle,88
Motorcycle Safety Tips | dmv,/vi/service/motorcycle-safety-tips,1
Motorized Bicycle Amendment Act and the Excise Tax Amendment | dmv,/release/motorized-bicycle-amendment-act-and-excise-tax-amendment,6
Moving Tickets Historical Data | dmv,/page/moving-tickets-historical-data-0,4
Moving Tickets Historical Data | dmv,/page/moving-violation-tickets-historical-data,32
Multi-Owner Fleet Application | dmv,/node/136182,9
Multi-Owner Fleet Application | dmv,/publication/multi-owner-fleet-application,13
Multi-Vehicle Fleet Ticket Service | dmv,/ar/service/multi-vehicle-fleet-ticket-service,1
Multi-Vehicle Fleet Ticket Service | dmv,/es/service/multi-vehicle-fleet-ticket-service,3
Multi-Vehicle Fleet Ticket Service | dmv,/node/1119671,5
Multi-Vehicle Fleet Ticket Service | dmv,/service/multi-vehicle-fleet-ticket-service,765
Multi-Vehicle Fleet Ticket Service | dmv,/zh-hant/service/multi-vehicle-fleet-ticket-service,1
Name Changes and Corrections | dmv,/am/page/name-changes-and-corrections,3
Name Changes and Corrections | dmv,/ar/page/name-changes-and-corrections,6
Name Changes and Corrections | dmv,/es/page/name-changes-and-corrections,10
Name Changes and Corrections | dmv,/ko/page/name-changes-and-corrections,5
Name Changes and Corrections | dmv,/node/1115442,321
Name Changes and Corrections | dmv,/page/name-changes-and-corrections,1262
National Motor Vehicle Title Information System (NMVTIS) | dmv,/am/node/1572406,6
National Motor Vehicle Title Information System (NMVTIS) | dmv,/es/node/1572406,3
National Motor Vehicle Title Information System (NMVTIS) | dmv,/ko/node/1572406,9
National Motor Vehicle Title Information System (NMVTIS) | dmv,/node/1572406,89
National Motor Vehicle Title Information System (NMVTIS) | dmv,/service/national-motor-vehicle-information-system-nmvtis,7
National Motor Vehicle Title Information System (NMVTIS) | dmv,/service/national-motor-vehicle-title-information-system-nmvtis,1755
Need Help? Ask DC DMV a Question! | dmv,/am/node/1601126,4
Need Help? Ask DC DMV a Question! | dmv,/es/node/1601126,7
Need Help? Ask DC DMV a Question! | dmv,/node/1601126,2
Need Help? Ask DC DMV a Question! | dmv,/service/need-help-ask-dc-dmv-question,633
Need Help? Ask DC DMV a Question! | dmv,/zh-hant/node/1601126,8
Need Help? Ask the DC DMV! | dmv,/external-link/need-help-ask-dc-dmv,40
"New Look, New Security, Same You! | dmv",/es/securecredential,2
"New Look, New Security, Same You! | dmv",/ko/securecredential,1
"New Look, New Security, Same You! | dmv",/node/1658646,5
"New Look, New Security, Same You! | dmv",/securecredential,792
"New Look, New Security, Same You! | dmv",/service/new-look-new-security-same-you,6557
"New Look, New Security, Same You! | dmv",/vi/securecredential,2
"New Look, New Security, Same You! Foire aux questions (FAQ) | dmv",/node/1688661,5
"New Look, New Security, Same You! Foire aux questions (FAQ) | dmv",/page/new-look-new-security-same-you-foire-aux-questions-faq,26
"New Look, New Security, Same You! Frequently Asked Questions (FAQs) | dmv",/node/1669226,227
"New Look, New Security, Same You! Frequently Asked Questions (FAQs) | dmv",/page/new-look-new-security-same-you-frequently-asked-questions-faqs,196
"New Look, New Security, Same You! One-Pagers | dmv",/node/1669301,48
"New Look, New Security, Same You! One-Pagers | dmv",/page/new-look-new-security-same-you-one-pagers,4
New Ticket Adjudication Laws in Effect | dmv,/release/new-ticket-adjudication-laws-effect,36
News Room | dmv,/newsroom,548
News Room | dmv,/newsroom/newsletters,7
News Room | dmv,/newsroom/press-releases,82
NMVTIS Frequently Asked Questions | dmv,/am/node/1572386,12
NMVTIS Frequently Asked Questions | dmv,/es/node/1572386,4
NMVTIS Frequently Asked Questions | dmv,/fr/node/1572386,2
NMVTIS Frequently Asked Questions | dmv,/node/1572386,108
NMVTIS Frequently Asked Questions | dmv,/page/nmvtis-frequently-asked-questions,257
Non-Commercial Driver License (NCDL) Third Party Road Test Program | dmv,/node/601302,590
Non-Commercial Driver License (NCDL) Third Party Road Test Program | dmv,/page/non-commercial-driver-license-ncdl-third-party-road-test-program,123
Non-DC DMV Dealer Services | dmv,/node/1680876,180
Non-DC DMV Dealer Services | dmv,/service/non-dc-dmv-dealer-services,15
Non-District of Columbia Residents Can Apply for ROSA Online | dmv,/release/non-district-columbia-residents-can-apply-rosa-online,272
Non-Driver Identification Cards | dmv,/am/service/non-driver-identification-cards,4
Non-Driver Identification Cards | dmv,/ar/service/non-driver-identification-cards,1
Non-Driver Identification Cards | dmv,/es/service/non-driver-identification-cards,7
Non-Driver Identification Cards | dmv,/fr/service/non-driver-identification-cards,2
Non-Driver Identification Cards | dmv,/ko/service/non-driver-identification-cards,1
Non-Driver Identification Cards | dmv,/node/1119142,2067
Non-Driver Identification Cards | dmv,/node/1119142/,3
Non-Driver Identification Cards | dmv,/service/non-driver-identification-cards,10042
Non-Driver Identification Cards | dmv,/service/non-driver-identification-cards/,3
Non-Driver Identification Cards | dmv,/vi/service/non-driver-identification-cards,2
Non-Traditional Motor Vehicles | dmv,/am/nontraditionalvehicles,1
Non-Traditional Motor Vehicles | dmv,/ar/nontraditionalvehicles,2
Non-Traditional Motor Vehicles | dmv,/es/nontraditionalvehicles,2
Non-Traditional Motor Vehicles | dmv,/ko/nontraditionalvehicles,1
Non-Traditional Motor Vehicles | dmv,/node/1729576,205
Non-Traditional Motor Vehicles | dmv,/nontraditionalvehicles,782
Non-Traditional Motor Vehicles | dmv,/service/non-traditional-motor-vehicles,7
"Non-Traditional Motor Vehicles, Other Vehicles and DC Law | dmv",/am/publication/non-traditional-motor-vehicles-other-vehicles-and-dc-law,7
"Non-Traditional Motor Vehicles, Other Vehicles and DC Law | dmv",/es/publication/non-traditional-motor-vehicles-other-vehicles-and-dc-law,2
"Non-Traditional Motor Vehicles, Other Vehicles and DC Law | dmv",/node/155382,40
"Non-Traditional Motor Vehicles, Other Vehicles and DC Law | dmv",/publication/non-traditional-motor-vehicles-other-vehicles-and-dc-law,64
Obtain a Copy of Your DC Driver Record | dmv,/am/service/obtain-copy-your-dc-driver-record,7
Obtain a Copy of Your DC Driver Record | dmv,/es/service/obtain-copy-your-dc-driver-record,6
Obtain a Copy of Your DC Driver Record | dmv,/service/obtain-copy-your-dc-driver-record,2099
Obtain a Limited Purpose Driver License | dmv,/am/limitedlicense,4
Obtain a Limited Purpose Driver License | dmv,/ar/limitedlicense,3
Obtain a Limited Purpose Driver License | dmv,/es/service/obtain-limited-purpose-driver-license,1
Obtain a Limited Purpose Driver License | dmv,/fr/service/obtain-limited-purpose-driver-license,1
Obtain a Limited Purpose Driver License | dmv,/limitedlicense,444
Obtain a Limited Purpose Driver License | dmv,/node/1120571,270
Obtain a Limited Purpose Driver License | dmv,/service/obtain-limited-purpose-driver-license,1
Obtain a Limited Purpose Driver License | dmv,/vi/limitedlicense,4
Obtain a Limited Purpose Learner Permit | dmv,/am/service/obtain-limited-purpose-learner-permit,4
Obtain a Limited Purpose Learner Permit | dmv,/es/service/obtain-limited-purpose-learner-permit,3
Obtain a Limited Purpose Learner Permit | dmv,/fr/service/obtain-limited-purpose-learner-permit,1
Obtain a Limited Purpose Learner Permit | dmv,/node/1119171,794
Obtain a Limited Purpose Learner Permit | dmv,/service/obtain-limited-purpose-learner-permit,356
Obtain a Limited Purpose Learner Permit | dmv,/vi/service/obtain-limited-purpose-learner-permit,1
Obtain a Limited Purpose Non-Driver Identification Card | dmv,/am/service/obtain-limited-purpose-non-driver-identification-card,6
Obtain a Limited Purpose Non-Driver Identification Card | dmv,/ar/service/obtain-limited-purpose-non-driver-identification-card,1
Obtain a Limited Purpose Non-Driver Identification Card | dmv,/es/service/obtain-limited-purpose-non-driver-identification-card,8
Obtain a Limited Purpose Non-Driver Identification Card | dmv,/node/1119151,2411
Obtain a Limited Purpose Non-Driver Identification Card | dmv,/service/obtain-limited-purpose-non-driver-identification-card,619
Obtain a Limited Purpose Non-Driver Identification Card | dmv,/service/obtain-limited-purpose-non-driver-identification-card/,3
Obtain a REAL ID Driver License | dmv,/am/service/obtain-a-real-id-driver-license,2
Obtain a REAL ID Driver License | dmv,/ar/service/obtain-a-real-id-driver-license,1
Obtain a REAL ID Driver License | dmv,/es/service/obtain-a-real-id-driver-license,16
Obtain a REAL ID Driver License | dmv,/ko/service/obtain-a-real-id-driver-license,5
Obtain a REAL ID Driver License | dmv,/node/1119101,13058
Obtain a REAL ID Driver License | dmv,/service/obtain-a-real-id-driver-license,6402
Obtain a REAL ID Driver License | dmv,/vi/service/obtain-a-real-id-driver-license,2
Obtain a REAL ID Learner Permit | dmv,/am/service/obtain-real-id-learner-permit,5
Obtain a REAL ID Learner Permit | dmv,/es/service/obtain-real-id-learner-permit,4
Obtain a REAL ID Learner Permit | dmv,/node/1119166,7340
Obtain a REAL ID Learner Permit | dmv,/service/obtain-real-id-learner-permit,1938
Obtain a REAL ID Learner Permit | dmv,/vi/service/obtain-real-id-learner-permit,14
Obtain a REAL ID Non-Driver Identification Card | dmv,/am/service/obtain-a-real-id-non-driver-identification-card,22
Obtain a REAL ID Non-Driver Identification Card | dmv,/ar/service/obtain-a-real-id-non-driver-identification-card,3
Obtain a REAL ID Non-Driver Identification Card | dmv,/es/service/obtain-a-real-id-non-driver-identification-card,5
Obtain a REAL ID Non-Driver Identification Card | dmv,/ko/service/obtain-a-real-id-non-driver-identification-card,16
Obtain a REAL ID Non-Driver Identification Card | dmv,/node/1119146,4518
Obtain a REAL ID Non-Driver Identification Card | dmv,/service/obtain-a-real-id-non-driver-identification-card,7709
Obtain a REAL ID Non-Driver Identification Card | dmv,/service/obtain-a-real-id-non-driver-identification-card/,3
Obtain an Intrastate CDL | dmv,/am/service/obtain-intrastate-cdl,3
Obtain an Intrastate CDL | dmv,/es/service/obtain-intrastate-cdl,2
Obtain an Intrastate CDL | dmv,/node/1119342,24
Obtain an Intrastate CDL | dmv,/service/obtain-intrastate-cdl,52
Obtain an Intrastate CDL | dmv,/zh-hant/service/obtain-intrastate-cdl,7
Obtain Ticket Payment Options | dmv,/am/service/obtain-ticket-payment-options,12
Obtain Ticket Payment Options | dmv,/ar/service/obtain-ticket-or-insurance-payment-options,1
Obtain Ticket Payment Options | dmv,/ar/service/obtain-ticket-payment-options,1
Obtain Ticket Payment Options | dmv,/es/service/obtain-ticket-or-insurance-payment-options,1
Obtain Ticket Payment Options | dmv,/es/service/obtain-ticket-payment-options,65
Obtain Ticket Payment Options | dmv,/ko/service/obtain-ticket-payment-options,2
Obtain Ticket Payment Options | dmv,/node/1119636,947
Obtain Ticket Payment Options | dmv,/service/obtain-ticket-or-insurance-payment-options,5
Obtain Ticket Payment Options | dmv,/service/obtain-ticket-payment-options,12743
Obtain Ticket Payment Options | dmv,/vi/service/obtain-ticket-payment-options,2
Obtaining Trip Permits for Non-Apportioned Commercial Vehicles | dmv,/am/service/obtaining-trip-permits-non-apportioned-commercial-vehicles,8
Obtaining Trip Permits for Non-Apportioned Commercial Vehicles | dmv,/es/service/obtaining-trip-permits-non-apportioned-commercial-vehicles,5
Obtaining Trip Permits for Non-Apportioned Commercial Vehicles | dmv,/node/1119526,62
Obtaining Trip Permits for Non-Apportioned Commercial Vehicles | dmv,/service/dc-dmv-registered-businesses,1
Obtaining Trip Permits for Non-Apportioned Commercial Vehicles | dmv,/service/obtaining-trip-permits-non-apportioned-commercial-vehicles,40
Obtaining Trip Permits for Non-Apportioned Commercial Vehicles | dmv,/zh-hant/service/obtaining-trip-permits-non-apportioned-commercial-vehicles,1
One-Week Temporary Disability Parking Permit Application | dmv,/node/136012,39
One-Week Temporary Disability Parking Permit Application | dmv,/publication/one-week-temporary-disability-parking-permit-application,2
Online Dealer Interface System (ODIS) | dmv,/am/page/online-dealer-interface-system-odis,4
Online Dealer Interface System (ODIS) | dmv,/es/page/online-dealer-interface-system-odis,3
Online Dealer Interface System (ODIS) | dmv,/ko/page/online-dealer-interface-system-odis,3
Online Dealer Interface System (ODIS) | dmv,/node/1139206,279
Online Dealer Interface System (ODIS) | dmv,/page/online-dealer-interface-system-odis,370
Online Drivers License Renewal | dmv,/am/service/online-drivers-license-renewal,50
Online Drivers License Renewal | dmv,/ar/service/online-drivers-license-renewal,21
Online Drivers License Renewal | dmv,/es/service/online-drivers-license-renewal,19
Online Drivers License Renewal | dmv,/node/1120186,5106
Online Drivers License Renewal | dmv,/page/online-drivers-licenserenewal-0,197
Online Drivers License Renewal | dmv,/service/online-drivers-license-renewal,8315
Online Drivers License Renewal | dmv,/vi/service/online-drivers-license-renewal,27
Online Driving Self-Assessment | dmv,/es/service/online-driving-self-assessment,3
Online Driving Self-Assessment | dmv,/node/1119306,353
Online Driving Self-Assessment | dmv,/service/online-driving-self-assessment,135
Online Insurance Record | dmv,/page/online-insurance-record,393
Online Private Sale Vehicle Registration | dmv,/node/1519106,146
Online Private Sale Vehicle Registration | dmv,/service/online-private-sale-vehicle-registration,256
Online Services | dmv,/SERVICE/ONLINE-SERVICES,2
Online Services | dmv,/am/service/online-services,11
Online Services | dmv,/ar/service/dmv-online-services,1
Online Services | dmv,/ar/service/online-services,10
Online Services | dmv,/es/service/dmv-online-services,1
Online Services | dmv,/es/service/online-services,38
Online Services | dmv,/ko/service/dmv-online-services,1
Online Services | dmv,/ko/service/online-services,22
Online Services | dmv,/node/1119072,98
Online Services | dmv,/node/1119072/revisions/7188701/view,1
Online Services | dmv,/online-services,14
Online Services | dmv,/online-services/,1
Online Services | dmv,/online-services/1000,2
Online Services | dmv,/online-services/pay-tickets,2
Online Services | dmv,/service/dmv-online-services,372
Online Services | dmv,/service/dmv-online-services-0,2
Online Services | dmv,/service/online-services,117125
Online Services | dmv,/service/online-services/,4
Online Services | dmv,/vi/service/online-services,94
Online Services | dmv,/zh-hant/service/online-services,3
Online Tag Cancellation | dmv,/node/348102,69
Online Tag Cancellation | dmv,/page/online-tag-cancellation,3019
Open Government and the Freedom of Information Act (FOIA) | dmv,/ar/page/open-government-and-freedom-information-act-foia,1
Open Government and the Freedom of Information Act (FOIA) | dmv,/es/page/open-government-and-freedom-information-act-foia,4
Open Government and the Freedom of Information Act (FOIA) | dmv,/page/open-government-and-freedom-information-act-foia,214
Open Government and the Freedom of Information Act (FOIA) | dmv,/vi/page/open-government-and-freedom-information-act-foia,0
Organ Donor Historical Data | dmv,/node/1191485,10
Organ Donor Historical Data | dmv,/page/organ-donor-historical-data,13
Organizational Vehicle Tags Application | dmv,/node/135882,32
Organizational Vehicle Tags Application | dmv,/publication/organizational-vehicle-tags-application,12
Organizations Offering DC DMV Vehicle Tags | dmv,/ar/service/organizations-offering-dc-dmv-vehicle-tags,1
Organizations Offering DC DMV Vehicle Tags | dmv,/es/service/organizations-offering-dc-dmv-vehicle-tags,1
Organizations Offering DC DMV Vehicle Tags | dmv,/fr/service/organizations-offering-dc-dmv-vehicle-tags,3
Organizations Offering DC DMV Vehicle Tags | dmv,/ko/service/organizations-offering-dc-dmv-vehicle-tags,1
Organizations Offering DC DMV Vehicle Tags | dmv,/node/1119013,6
Organizations Offering DC DMV Vehicle Tags | dmv,/service/organizations-offering-dc-dmv-vehicle-tags,89
Out-of-State Traffic School | dmv,/es/service/out-state-traffic-school,1
Out-of-State Traffic School | dmv,/fr/service/out-state-traffic-school,1
Out-of-State Traffic School | dmv,/service/out-state-traffic-school,34
Out-of-Town Inspection Sticker Renewals | dmv,/am/service/out-town-inspection-sticker-renewals,4
Out-of-Town Inspection Sticker Renewals | dmv,/es/service/out-town-inspection-sticker-renewals,1
Out-of-Town Inspection Sticker Renewals | dmv,/node/1119041,28
Out-of-Town Inspection Sticker Renewals | dmv,/service/out-town-inspection-sticker-renewals,683
Page Not Found - DMV | dmv,/es/node/305572,2
Page Not Found - DMV | dmv,/system-use/page-not-found-dmv,1
Parallel Parking Video | dmv,/external-link/parallel-parking-video,6
Parental Consent Form to Obtain a Learner Permit or Identification Card | dmv,/node/136072,1078
Parental Consent Form to Obtain a Learner Permit or Identification Card | dmv,/parentconsentform,183
Parental Consent Form to Obtain a Learner Permit or Identification Card | dmv,/publication/parental-consent-form-obtain-learner-permit-or-identification-card,17
Parking and Reciprocity Permits | dmv,/am/service/parking-and-reciprocity-permits,29
Parking and Reciprocity Permits | dmv,/ar/service/parking-and-reciprocity-permits,2
Parking and Reciprocity Permits | dmv,/ar/service/parking-permits-and-reciprocity-permits,1
Parking and Reciprocity Permits | dmv,/es/service/parking-and-reciprocity-permits,6
Parking and Reciprocity Permits | dmv,/es/service/parking-permits-and-reciprocity-permits,2
Parking and Reciprocity Permits | dmv,/ko/service/parking-and-reciprocity-permits,7
Parking and Reciprocity Permits | dmv,/node/1118907,1000
Parking and Reciprocity Permits | dmv,/service/parking-and-reciprocity-permits,7438
Parking and Reciprocity Permits | dmv,/service/parking-permits-and-reciprocity-permits,1
Parking and Reciprocity Permits | dmv,/zh-hant/service/parking-and-reciprocity-permits,0
Parking Permit / Reciprocity Fees | dmv,/am/node/155512,9
Parking Permit / Reciprocity Fees | dmv,/book/vehicle-fees/parking-permit-reciprocity,1912
Parking Permit / Reciprocity Fees | dmv,/es/node/155512,6
Parking Permit / Reciprocity Fees | dmv,/node/155512,378
Parking Permits | dmv,/am/node/1684686,3
Parking Permits | dmv,/es/node/1684686,1
Parking Permits | dmv,/node/1684686,3537
Parking Permits | dmv,/page/parking-permits,2846
Parking Permits and Reciprocity Permits | dmv,/page/parking-permits-and-reciprocity-permits,104
Parking Tickets Historical Data | dmv,/page/parking-tickets-historical-data,67
Parking Virtual Hearing Calendar | dmv,/node/1573521,3128
Parking Virtual Hearing Calendar | dmv,/node/1573521/revisions/7195751/view,1
Parking Virtual Hearing Calendar | dmv,/node/1788046,21
Parking Virtual Hearing Calendar | dmv,/page/parking-virtual-hearing-calendar,154
Parking Virtual Hearing Calendar | dmv,/page/test-dc-dmvs virtual-hearing-calendar-parking-enforcement,102
Parking/Photo Enforcement Virtual Hearing Calendar | dmv,/page/parkingphoto-enforcement-virtual-hearing-calendar,174
Pay Tickets | dmv,//service/pay-tickets,22
Pay Tickets | dmv,/SERVICE/PAY-TICKETS,418
Pay Tickets | dmv,/SERVICE/PAY-tickets,3
Pay Tickets | dmv,/SERVICE/pay-tickets,8
Pay Tickets | dmv,/SERVIce/pay-tickets,1
Pay Tickets | dmv,/SERVice/PAY-TICKETS,1
Pay Tickets | dmv,/SERvice/PAY-TICKETS,1
Pay Tickets | dmv,/SERvice/pay-tickets,1
Pay Tickets | dmv,/Service/Pay-tickets,2
Pay Tickets | dmv,/Service/pay-tickets,20
Pay Tickets | dmv,/am/service/pay-tickets,51
Pay Tickets | dmv,/ar/service/pay-tickets,23
Pay Tickets | dmv,/es/service/pay-tickets,117
Pay Tickets | dmv,/fr/service/pay-tickets,3
Pay Tickets | dmv,/ko/service/pay-tickets,100
Pay Tickets | dmv,/node/1119626,18191
Pay Tickets | dmv,/servicE/PAY-TICKETS,1
Pay Tickets | dmv,/service/PAY-TICKETS,13
Pay Tickets | dmv,/service/Pay-tickets,4
Pay Tickets | dmv,/service/pay-TICKETS,1
Pay Tickets | dmv,/service/pay-Tickets,1
Pay Tickets | dmv,/service/pay-tickets,712419
Pay Tickets | dmv,/service/pay-tickets/,24
Pay Tickets | dmv,/vi/service/pay-tickets,6
Pay Tickets | dmv,/zh-hant/service/pay-tickets,1
Pedestrian Safety Amendment Act 2017 | dmv,/node/1355891,9
Pedestrian Safety Amendment Act 2017 | dmv,/publication/pedestrian-safety-amendment-act-2017,5
Pedestrian Safety Amendment Act 2017 | dmv,/publication/pedestrian-safety-amendment-act-2017-data,1
Pedestrian Safety Amendment Act 2018 Data | dmv,/node/1385396,4
Pedestrian Safety Amendment Act 2018 Data | dmv,/publication/pedestrian-safety-amendment-act-2018-data,4
Pedestrian Safety Amendment Act 2019 | dmv,/node/1477536,9
Pedestrian Safety Amendment Act 2019 | dmv,/publication/pedestrian-safety-amendment-act-2019,5
Pedestrian Safety Amendment Act 2020 Data | dmv,/node/1546571,4
Pedestrian Safety Amendment Act 2020 Data | dmv,/publication/pedestrian-safety-amendment-act-2020-data,5
Pedestrian Safety Amendment Act 2021 | dmv,/publication/pedestrian-safety-amendment-act-2021,8
Pedestrian Safety Amendment Act 2022 | dmv,/node/1261851,8
Pedestrian Safety Amendment Act 2022 | dmv,/publication/pedestrian-safety-amendment-act,1
Pedestrian Safety Amendment Act 2023 | dmv,/node/1649781,7
Pedestrian Safety Amendment Act 2023 | dmv,/publication/pedestrian-safety-amendment-act-2023,3
Pedestrian Safety Amendment Act 2024 | dmv,/node/1713306,6
Pedestrian Safety Amendment Act 2024 | dmv,/publication/pedestrian-safety-amendment-act-2024,6
Pedestrian Safety Amendment Act 2025 | dmv,/node/1766666,10
Pedestrian Safety Amendment Act 2025 | dmv,/publication/pedestrian-safety-amendment-act-2025,6
Pedestrian Safety Reinforcement Act | dmv,/release/pedestrian-safety-reinforcement-act,7
Permit Change Request | dmv,/am/service/permit-change-request,5
Permit Change Request | dmv,/es/service/permit-change-request,9
Permit Change Request | dmv,/node/1119541,12
Permit Change Request | dmv,/service/permit-change-request,33
Permit Change Request | dmv,/zh-hant/service/permit-change-request,1
Permit Control / Show Cause Virtual Hearing Calendar | dmv,/page/permit-control-show-cause-virtual-hearing-calendar,177
Permit Control/Show Cause Virtual Hearing Calendar | dmv,/page/permit-controlshow-cause-virtual-hearing-calendar,1
Personalized Tag Application | dmv,/node/135852,96
Personalized Tag Application | dmv,/publication/personalized-tag-application,20
Personalized Tags | dmv,/ar/service/personalized-tags,11
Personalized Tags | dmv,/es/service/personalized-tags,1
Personalized Tags | dmv,/ko/service/personalized-tags,1
Personalized Tags | dmv,/node/1118891,845
Personalized Tags | dmv,/service/personalized-tags,1949
Personalized Tags | dmv,/vi/service/personalized-tags,8
Phishing Scam Related to DC Photo Enforcement Tickets | dmv,/release/phishing-scam-related-dc-photo-enforcement-tickets,111
Photo Enforcement Virtual Hearing Calendar | dmv,/node/1573516,5313
Photo Enforcement Virtual Hearing Calendar | dmv,/node/1573516/revisions/7195741/view,1
Photo Enforcement Virtual Hearing Calendar | dmv,/node/1788056,40
Photo Enforcement Virtual Hearing Calendar | dmv,/page/photo-enforcement-virtual-hearing-calendar,274
Photo Enforcement Virtual Hearing Calendar | dmv,/page/test-dc-dmvs virtual-hearing-calendar-photo-enforcement,93
Photo Tickets Historical Data | dmv,/page/photo-tickets-historical-data,81
Points Waiver Form | dmv,/node/1219351,30
Points Waiver Form | dmv,/page/points-waiver-form,13
Privacy Policy | dmv,/am/page/dc-dmv-privcy-policy,1
Privacy Policy | dmv,/ar/page/dc-dmv-privcy-policy,1
Privacy Policy | dmv,/es/page/dc-dmv-privcy-policy,4
Privacy Policy | dmv,/ko/page/dc-dmv-privcy-policy,10
Privacy Policy | dmv,/page/dc-dmv-privcy-policy,305
Privacy Policy | dmv,/vi/page/dc-dmv-privcy-policy,0
Proof of Ability to Drive | dmv,/node/1115487,3716
Proof of Ability to Drive | dmv,/page/proof-ability-drive,53
Proof of Current District of Columbia Residency | dmv,/am/proofofresidency,3
Proof of Current District of Columbia Residency | dmv,/ar/page/proof-current-district-columbia-residency,1
Proof of Current District of Columbia Residency | dmv,/ar/proofofresidency,5
Proof of Current District of Columbia Residency | dmv,/es/page/proof-current-district-columbia-residency,0
Proof of Current District of Columbia Residency | dmv,/es/proofofresidency,11
Proof of Current District of Columbia Residency | dmv,/node/1115502,22092
Proof of Current District of Columbia Residency | dmv,/page/proof-current-district-columbia-residency,100
Proof of Current District of Columbia Residency | dmv,/proofofresidency,7720
Proof of Current District of Columbia Residency | dmv,/vi/proofofresidency,1
Proof of DC Residency Certifications | dmv,/node/717182,5317
Proof of DC Residency Certifications | dmv,/page/proof-dc-residency-certifications,5768
Provisional License | dmv,/am/service/provisional-license,7
Provisional License | dmv,/es/service/provisional-license,5
Provisional License | dmv,/ko/service/provisional-license,5
Provisional License | dmv,/node/1119121,2113
Provisional License | dmv,/service/provisional-license,2356
"Public Hearing On B19-1013, Safety-Based Traffic Enforcement Amendment Act of 2012 | dmv",/release/public-hearing-b19-1013-safety-based-traffic-enforcement-amendment-act-2012,7
Public Oversight Roundtable on the DC Taxicab Commission | dmv,/release/public-oversight-roundtable-dc-taxicab-commission,3
Publications | dmv,/Publications/jserrors/page_view_timing/page_action/metrics/metrics/aggregate,1
Publications | dmv,/Publications/session_trace/spa/jserrors/metrics/aggregate,1
Publications | dmv,/Publications/spa/page_action/page_view_timing/spa/aggregate,1
Publications | dmv,/Publications/spa/spa/metrics/aggregate,1
Publications | dmv,/publications,35
Publications | dmv,/publications/ajax/spa/session_trace/aggregate,2
Publications | dmv,/publications/jserrors/aggregate,2
Publications | dmv,/publications/jserrors/metrics/spa/aggregate,1
Publications | dmv,/publications/jserrors/page_action/aggregate,1
Publications | dmv,/publications/maps,8
Publications | dmv,/publications/metrics/metrics/aggregate,3
Publications | dmv,/publications/page_action/ajax/jserrors/metrics/aggregate,1
Publications | dmv,/publications/page_view_timing/ajax/metrics/aggregate,3
Publications | dmv,/publications/publications-by-type/other-publications-reports/page_action/page_action/page_view_timing/metrics/aggregate,1
Publications | dmv,/publications/spa/page_action/page_view_timing/page_view_event/page_action/aggregate,1
Publications | dmv,/publications/spa/page_action/page_view_timing/page_view_event/page_view_timing/aggregate,1
Publications | Page 2 | dmv,/Publications/jserrors/aggregate,1
Publications | Page 2 | dmv,/Publications/spa/jserrors/page_action/aggregate,1
Publications | Page 2 | dmv,/publications/jserrors/page_action/page_action/page_view_event/spa/aggregate,1
Publications | Page 3 | dmv,/publications/metrics/page_view_event/ajax/metrics/page_view_timing/session_trace/aggregate,1
Publications | Page 4 | dmv,/Publications/page_view_event/page_view_timing/aggregate,1
Publications | Page 4 | dmv,/publications/page_action/ajax/aggregate,1
Publications | Page 6 | dmv,/Publications/session_trace/page_action/aggregate,2
Publications | Page 6 | dmv,/Publications/spa/jserrors/page_view_event/spa/aggregate,2
Publications | Page 6 | dmv,/publications/jserrors/spa/jserrors/page_view_event/aggregate,1
Publications | Page 6 | dmv,/publications/metrics/jserrors/jserrors/page_view_timing/aggregate,1
Publications | Page 6 | dmv,/publications/page_action/spa/aggregate,2
Publications | Page 7 | dmv,/publications/jserrors/page_action/page_view_event/aggregate,1
Publications | Page 8 | dmv,/Publications/spa/page_view_event/ajax/page_view_event/aggregate,1
Publications | Page 8 | dmv,/publications/spa/jserrors/jserrors/page_action/aggregate,1
Publications List | dmv,/publications-list,50
REAL ID Brochure | dmv,/page/real-id-brochure,71
REAL ID Credential Step-by-Step Process | dmv,/node/1113592,1287
REAL ID Credential Step-by-Step Process | dmv,/publication/real-id-credential-step-step-process,158
REAL ID Driver License and Non-Driver IDs | dmv,/am/service/real-id-driver-license-and-non-driver-ids,12
REAL ID Driver License and Non-Driver IDs | dmv,/ar/service/real-id-driver-license-and-non-driver-ids,1
REAL ID Driver License and Non-Driver IDs | dmv,/es/service/real-id-driver-license-and-non-driver-ids,4
REAL ID Driver License and Non-Driver IDs | dmv,/fr/service/real-id-driver-license-and-non-driver-ids,6
REAL ID Driver License and Non-Driver IDs | dmv,/node/1119192,3906
REAL ID Driver License and Non-Driver IDs | dmv,/service/real-id-driver-license-and-non-driver-ids,1554
REAL ID Driver License and Non-Driver IDs | dmv,/service/real-id-driver-license-and-non-driver-ids/,1
REAL ID FAQs | dmv,/am/page/real-id-faqs,8
REAL ID FAQs | dmv,/es/page/real-id-faqs,17
REAL ID FAQs | dmv,/fr/page/real-id-faqs,5
REAL ID FAQs | dmv,/node/1115546,2160
REAL ID FAQs | dmv,/page/real-id-faqs,734
"REAL ID Proof of Identity-Full Legal Name, Date of Birth and Lawful Presence | dmv",/am/proofofidentity,11
"REAL ID Proof of Identity-Full Legal Name, Date of Birth and Lawful Presence | dmv",/ar/page/real-id-proof-identity-full-legal-name-date-birth-and-lawful-presence,1
"REAL ID Proof of Identity-Full Legal Name, Date of Birth and Lawful Presence | dmv",/ar/proofofidentity,1
"REAL ID Proof of Identity-Full Legal Name, Date of Birth and Lawful Presence | dmv",/es/page/real-id-proof-identity-full-legal-name-and-date-birth,1
"REAL ID Proof of Identity-Full Legal Name, Date of Birth and Lawful Presence | dmv",/es/page/real-id-proof-identity-full-legal-name-date-birth-and-lawful-presence,1
"REAL ID Proof of Identity-Full Legal Name, Date of Birth and Lawful Presence | dmv",/es/proofofidentity,5
"REAL ID Proof of Identity-Full Legal Name, Date of Birth and Lawful Presence | dmv",/ko/proofofidentity,2
"REAL ID Proof of Identity-Full Legal Name, Date of Birth and Lawful Presence | dmv",/node/1115566,7651
"REAL ID Proof of Identity-Full Legal Name, Date of Birth and Lawful Presence | dmv",/page/real-id-proof-identity-full-legal-name-and-date-birth,1
"REAL ID Proof of Identity-Full Legal Name, Date of Birth and Lawful Presence | dmv",/page/real-id-proof-identity-full-legal-name-date-birth-and-lawful-presence,146
"REAL ID Proof of Identity-Full Legal Name, Date of Birth and Lawful Presence | dmv",/page/real-id-proof-identity—full-legal-name-and-date-birth,2
"REAL ID Proof of Identity-Full Legal Name, Date of Birth and Lawful Presence | dmv",/proofofidentity,1675
"REAL ID Proof of Identity-Full Legal Name, Date of Birth and Lawful Presence | dmv",/vi/proofofidentity,1
REAL ID Proof of Lawful Presence | dmv,/am/node/1414691,9
REAL ID Proof of Lawful Presence | dmv,/ar/node/1414691,8
REAL ID Proof of Lawful Presence | dmv,/es/node/1414691,5
REAL ID Proof of Lawful Presence | dmv,/ko/node/1414691,0
REAL ID Proof of Lawful Presence | dmv,/node/1414691,5151
REAL ID Proof of Lawful Presence | dmv,/page/real-id-proof-lawful-presence,941
REAL ID Proof of Lawful Presence | dmv,/vi/node/1414691,30
REAL ID Proof of Social Security Number | dmv,/am/proofofssn,2
REAL ID Proof of Social Security Number | dmv,/ar/page/real-id-proof-social-security-number,2
REAL ID Proof of Social Security Number | dmv,/es/page/real-id-proof-social-security-number,1
REAL ID Proof of Social Security Number | dmv,/es/proofofssn,1
REAL ID Proof of Social Security Number | dmv,/ko/proofofssn,1
REAL ID Proof of Social Security Number | dmv,/node/1115577,6445
REAL ID Proof of Social Security Number | dmv,/page/real-id-proof-social-security-number,16
REAL ID Proof of Social Security Number | dmv,/proofofssn,886
REAL ID Proof of Social Security Number | dmv,/proofofssn/,3
REAL ID Proof of Social Security Number | dmv,/vi/page/real-id-proof-social-security-number,6
REAL ID Proof of Social Security Number | dmv,/vi/proofofssn,1
REAL ID Proof of Social Security Number | dmv,/zh-hant/proofofssn,3
Reciprocity Permit Renewals | dmv,/es/service/reciprocity-permit-renewals,2
Reciprocity Permit Renewals | dmv,/fr/service/reciprocity-permit-renewals,1
Reciprocity Permit Renewals | dmv,/node/1118921,422
Reciprocity Permit Renewals | dmv,/service/reciprocity-permit-renewals,297
Reciprocity Permits | dmv,/ar/service/reciprocity-permits,2
Reciprocity Permits | dmv,/es/service/reciprocity-parking-permits-temporary-and-part-time-district-residents,2
Reciprocity Permits | dmv,/ko/service/reciprocity-parking-permits-temporary-and-part-time-district-residents,1
Reciprocity Permits | dmv,/ko/service/reciprocity-permits,34
Reciprocity Permits | dmv,/node/1118916,3970
Reciprocity Permits | dmv,/service/reciprocity-parking-permits-temporary-and-part-time-district-residents,6
Reciprocity Permits | dmv,/service/reciprocity-permits,4402
Reciprocity Permits | dmv,/vi/service/reciprocity-permits,36
Reciprocity Permits and Renewal | dmv,/node/1685856,2640
Reciprocity Permits and Renewal | dmv,/page/reciprocity-permits-and-renewal,201
Reciprocity Permits for Take Home Vehicles | dmv,/node/1675701,24
Reciprocity Permits for Take Home Vehicles | dmv,/page/reciprocity-permits-take-home-vehicles,256
Refund Request Form | dmv,/node/1397051,124
Refund Request Form | dmv,/publication/refund-request-form,76
Register for DC DMV's Job Prep Workshop | dmv,/event/register-dc-dmvs-job-prep-workshop,10
Register for DC DMV's Job Prep Workshop | dmv,/fr/node/1743686,1
Registration for Ticket Alert Service (TAS) | dmv,/SERVICE/REGISTRATION-TICKET-ALERT-SERVICE-TAS,3
Registration for Ticket Alert Service (TAS) | dmv,/am/service/registration-ticket-alert-service-tas,12
Registration for Ticket Alert Service (TAS) | dmv,/ar/service/registration-ticket-alert-service-tas,5
Registration for Ticket Alert Service (TAS) | dmv,/es/service/registration-email-ticket-alert-service-tas,1
Registration for Ticket Alert Service (TAS) | dmv,/es/service/registration-ticket-alert-service-tas,7
Registration for Ticket Alert Service (TAS) | dmv,/ko/service/registration-ticket-alert-service-tas,174
Registration for Ticket Alert Service (TAS) | dmv,/node/1119672,6248
Registration for Ticket Alert Service (TAS) | dmv,/service/registrAtion-ticket-alert-service-tas,1
Registration for Ticket Alert Service (TAS) | dmv,/service/registration-email-ticket-alert-service-tas,1
Registration for Ticket Alert Service (TAS) | dmv,/service/registration-ticket-alert-service-tas,26924
Registration for Ticket Alert Service (TAS) | dmv,/service/registration-ticket-alert-sérvice-tas,1
Registration for Ticket Alert Service (TAS) | dmv,/vi/service/registration-ticket-alert-service-tas,13
Registration of a New or Used Vehicle | dmv,/am/service/registration-new-or-used-vehicle,15
Registration of a New or Used Vehicle | dmv,/ar/service/initial-registration-new-or-used-vehicle,1
Registration of a New or Used Vehicle | dmv,/es/service/initial-registration-new-or-used-vehicle,1
Registration of a New or Used Vehicle | dmv,/es/service/registration-new-or-used-vehicle,26
Registration of a New or Used Vehicle | dmv,/ko/service/registration-new-or-used-vehicle,3
Registration of a New or Used Vehicle | dmv,/node/1118856,17854
Registration of a New or Used Vehicle | dmv,/service/initial-registration-new-or-used-vehicle,5
Registration of a New or Used Vehicle | dmv,/service/registration-new-or-used-vehicle,10639
Registration of a New or Used Vehicle | dmv,/vi/service/registration-new-or-used-vehicle,43
Registration of Out-of-State Automobiles (ROSA) | dmv,/am/service/registration-out-state-automobile-rosa-0,4
Registration of Out-of-State Automobiles (ROSA) | dmv,/ar/service/registration-out-state-automobile-rosa-0,6
Registration of Out-of-State Automobiles (ROSA) | dmv,/es/service/registration-out-state-automobile-rosa-0,10
Registration of Out-of-State Automobiles (ROSA) | dmv,/ko/service/registration-out-state-automobile-rosa-0,3
Registration of Out-of-State Automobiles (ROSA) | dmv,/node/1118966,111
Registration of Out-of-State Automobiles (ROSA) | dmv,/service/registration-out-state-automobile-rosa-0,6379
Registration Renewal By Mail | dmv,/am/service/registration-renewal-mail,2
Registration Renewal By Mail | dmv,/ar/service/registration-renewal-mail,3
Registration Renewal By Mail | dmv,/es/service/registration-renewal-mail,1
Registration Renewal By Mail | dmv,/node/1120702,1
Registration Renewal By Mail | dmv,/service/registration-renewal-mail,228
Registration Renewal By Mail | dmv,/vi/service/registration-renewal-mail,1
Reinstatement Application | dmv,/node/170552,453
Reinstatement Application | dmv,/publication/administrative-hearing-application,1
Reinstatement Application | dmv,/publication/reinstatement-application,221
Renew a CDL | dmv,/am/service/renew-cdl,5
Renew a CDL | dmv,/es/service/renew-cdl,1
Renew a CDL | dmv,/ko/service/renew-cdl,2
Renew a CDL | dmv,/service/renew-cdl,519
Renew a CDL | dmv,/vi/service/renew-cdl,0
Renew a Non-Driver ID Card | dmv,/am/service/renew-a-non-driver-id-card,7
Renew a Non-Driver ID Card | dmv,/es/service/renew-a-non-driver-id-card,7
Renew a Non-Driver ID Card | dmv,/ko/service/renew-a-non-driver-id-card,1
Renew a Non-Driver ID Card | dmv,/node/1119152,1094
Renew a Non-Driver ID Card | dmv,/service/renew-a-non-driver-id-card,2779
Renew a Non-Driver ID Card | dmv,/service/renew-a-non-driver-id-card/,3
Renew a Non-Driver ID Card | dmv,/vi/service/renew-a-non-driver-id-card,34
Renew a REAL ID or Limited Purpose Driver License | dmv,/am/service/renew-real-id-or-limited-purpose-driver-license,18
Renew a REAL ID or Limited Purpose Driver License | dmv,/ar/service/renew-real-id-or-limited-purpose-driver-license,2
Renew a REAL ID or Limited Purpose Driver License | dmv,/es/service/renew-real-id-or-limited-purpose-driver-license,8
Renew a REAL ID or Limited Purpose Driver License | dmv,/node/1119107,7569
Renew a REAL ID or Limited Purpose Driver License | dmv,/service/renew-real-id-or-limited-purpose-driver-license,6535
Renew Disability Tags or Placards | dmv,/am/service/renew-disability-tags-or-placards,4
Renew Disability Tags or Placards | dmv,/es/service/renew-disability-tags-or-placards,5
Renew Disability Tags or Placards | dmv,/node/1118982,13
Renew Disability Tags or Placards | dmv,/service/renew-disability-tags-or-placards,435
Renew Disability Tags or Placards | dmv,/vi/service/renew-disability-tags-or-placards,1
Renew or Replace a Motorcycle Endorsement | dmv,/am/service/renew-or-replace-motorcycle-endorsement,3
Renew or Replace a Motorcycle Endorsement | dmv,/es/service/renew-or-replace-motorcycle-endorsement,5
Renew or Replace a Motorcycle Endorsement | dmv,/service/renew-or-replace-motorcycle-endorsement,39
Renew your Drivers License Online Quiz | dmv,/external-link/renew-your-drivers-license-online-quiz,1
Renewals | dmv,/am/service/renewals,8
Renewals | dmv,/es/service/renewals,9
Renewals | dmv,/node/1119211,125
Renewals | dmv,/service/renewals,2607
Renewals | dmv,/vi/service/renewals,48
Replace a Learner Permit | dmv,/es/service/replace-a-learner-permit,2
Replace a Learner Permit | dmv,/node/1119177,391
Replace a Learner Permit | dmv,/service/replace-a-learner-permit,658
Replace a Learner Permit | dmv,/vi/service/replace-a-learner-permit,7
Replace a Non-Driver ID Card | dmv,/am/service/replace-a-non-driver-id-card,64
Replace a Non-Driver ID Card | dmv,/ar/service/replace-a-non-driver-id-card,1
Replace a Non-Driver ID Card | dmv,/es/service/replace-a-non-driver-id-card,3
Replace a Non-Driver ID Card | dmv,/node/1119156,1458
Replace a Non-Driver ID Card | dmv,/service/replace-a-non-driver-id-card,5851
Replace a Non-Driver ID Card | dmv,/service/replace-a-non-driver-id-card/,3
Replace a Non-Driver ID Card | dmv,/vi/service/replace-a-non-driver-id-card,1
Replace a REAL ID or Limited Purpose Driver License | dmv,/am/service/replace-real-id-or-limited-purpose-driver-license,3
Replace a REAL ID or Limited Purpose Driver License | dmv,/es/service/replace-real-id-or-limited-purpose-driver-license,26
Replace a REAL ID or Limited Purpose Driver License | dmv,/fr/service/replace-real-id-or-limited-purpose-driver-license,27
Replace a REAL ID or Limited Purpose Driver License | dmv,/ko/service/replace-real-id-or-limited-purpose-driver-license,3
Replace a REAL ID or Limited Purpose Driver License | dmv,/node/1120151,5197
Replace a REAL ID or Limited Purpose Driver License | dmv,/service/replace-real-ID-or-limited-purpose-driver-license,1
Replace a REAL ID or Limited Purpose Driver License | dmv,/service/replace-real-id-or-limited-purpose-driver-license,12771
Replace a REAL ID or Limited Purpose Driver License | dmv,/service/replace-real-id-or-limited-purpose-driver-license/,3
Replace a REAL ID or Limited Purpose Driver License | dmv,/vi/service/replace-real-id-or-limited-purpose-driver-license,15
Request for Reconsideration Forms | dmv,/node/1120718,474
Request for Reconsideration Forms | dmv,/publication/request-reconsideration-forms,43
Request Reconsideration after Contesting | dmv,/am/service/request-reconsideration-after-contesting,4
Request Reconsideration after Contesting | dmv,/ar/service/request-reconsideration-after-contesting,2
Request Reconsideration after Contesting | dmv,/es/service/request-reconsideration-after-contesting,8
Request Reconsideration after Contesting | dmv,/node/1119682,394
Request Reconsideration after Contesting | dmv,/service/request-reconsideration-after-contesting,7799
Request Reconsideration after Contesting | dmv,/vi/service/request-reconsideration-after-contesting,2
Request Reconsideration after Contesting | dmv,/zh-hant/service/request-reconsideration-after-contesting,1
Requirements for Clearance of Title on Vehicle Sold for Garage Keeper's Lien | dmv,/node/136162,41
Requirements for Clearance of Title on Vehicle Sold for Garage Keeper's Lien | dmv,/publication/requirements-clearance-title-vehicle-sold-garage-keepers-lien,27
Requirements to Title and Register Imported Vehicles to the US | dmv,/am/service/requirements-title-and-register-imported-vehicles-us,3
Requirements to Title and Register Imported Vehicles to the US | dmv,/ar/service/requirements-title-and-register-imported-vehicles-us,13
Requirements to Title and Register Imported Vehicles to the US | dmv,/es/service/registering-motorcycles-and-motorized-bicycles,1
Requirements to Title and Register Imported Vehicles to the US | dmv,/es/service/requirements-title-and-register-imported-vehicles-us,2
Requirements to Title and Register Imported Vehicles to the US | dmv,/fr/service/requirements-title-and-register-imported-vehicles-us,1
Requirements to Title and Register Imported Vehicles to the US | dmv,/ko/service/requirements-title-and-register-imported-vehicles-us,8
Requirements to Title and Register Imported Vehicles to the US | dmv,/node/1118999,106
Requirements to Title and Register Imported Vehicles to the US | dmv,/service/registering-motorcycles-and-motorized-bicycles,1
Requirements to Title and Register Imported Vehicles to the US | dmv,/service/requirements-title-and-register-imported-vehicles-us,180
Reset password | dmv,/user/reset/76286/1758115463/confirm,1
Reset password | dmv,/user/reset/76286/1758555341/confirm,1
Reset password | dmv,/user/reset/76286/1759762042/confirm,1
Reset password | dmv,/user/reset/76286/1760537638/confirm,1
Reset password | dmv,/user/reset/76286/1760541310/confirm,1
Reset password | dmv,/user/reset/76286/1761146480/confirm,1
Reset password | dmv,/user/reset/76286/1761569466/confirm,1
Reset password | dmv,/user/reset/76286/1762179352/confirm,1
Reset password | dmv,/user/reset/76286/1762781079/confirm,1
Reset password | dmv,/user/reset/76286/1763560373/confirm,1
Reset password | dmv,/user/reset/76286/1763998847/confirm,1
Reset password | dmv,/user/reset/76286/1764696141/confirm,1
Reset password | dmv,/user/reset/76286/1765376305/confirm,1
Reset password | dmv,/user/reset/76286/1765485162/confirm,1
Reset password | dmv,/user/reset/76286/1765806242/confirm,1
Residential Parking | dmv,/es/service/residential-parking,1
Residential Parking | dmv,/fr/service/residential-parking,1
Residential Parking | dmv,/service/residential-parking,139
Residential Parking Permits | dmv,/am/service/residential-parking-permits,90
Residential Parking Permits | dmv,/es/service/residential-parking-permits,9
Residential Parking Permits | dmv,/node/1118912,4923
Residential Parking Permits | dmv,/service/residential-parking-permits,14569
Residential Parking Permits | dmv,/service/residential-parking-permits+,1
Residential Parking Permits | dmv,/vi/service/residential-parking-permits,11
Respond to a Ticket | dmv,/am/node/1569271,6
Respond to a Ticket | dmv,/ar/node/1569271,7
Respond to a Ticket | dmv,/es/node/1569271,11
Respond to a Ticket | dmv,/ko/node/1569271,14
Respond to a Ticket | dmv,/node/1569271,180
Respond to a Ticket | dmv,/service/respond-ticket,28780
Respond to a Ticket | dmv,/vi/node/1569271,3
Respond to a Ticket | dmv,/zh-hant/node/1569271,2
Revised Parking Fine Structure Takes Effect with New Fiscal Year | dmv,/release/revised-parking-fine-structure-takes-effect-new-fiscal,14
Rhode Island Service Center | dmv,/am/page/rhodeisland-service-center,3
Rhode Island Service Center | dmv,/ar/page/rhodeisland-service-center,11
Rhode Island Service Center | dmv,/es/page/rhodeisland-service-center,8
Rhode Island Service Center | dmv,/node/1099102,7746
Rhode Island Service Center | dmv,/page/rhodeisland-service-center,2468
Rhode Island Service Center Closure Update | dmv,/release/rhode-island-service-center-closure-update,6
Road Skills Test Requirements | dmv,/am/service/dmv-road-skills-test-requirements,5
Road Skills Test Requirements | dmv,/ar/service/dmv-road-skills-test-requirements,1
Road Skills Test Requirements | dmv,/es/service/dmv-road-skills-test-requirements,4
Road Skills Test Requirements | dmv,/fr/service/dmv-road-skills-test-requirements,9
Road Skills Test Requirements | dmv,/service/dmv-road-skills-test-requirements,1298
Road Skills Test Requirements | dmv,/vi/service/dmv-road-skills-test-requirements,8
Road Skills Tests | dmv,/am/page/road-skills-tests,4
Road Skills Tests | dmv,/es/page/road-skills-tests,48
Road Skills Tests | dmv,/node/1114977,3518
Road Skills Tests | dmv,/page/road-skills-tests,7897
Road Skills Tests | dmv,/zh-hant/page/road-skills-tests,1
rui_footer | dmv,/es/node/21222,2
rui_footer | dmv,/node/21222,3
rui_footer | dmv,/rui_footer,6
rui_header | dmv,/node/21212,5
rui_header | dmv,/rui_header,3
Salvage Vehicle MPD Anti-Theft Inspection Form | dmv,/node/1263641,344
Salvage Vehicle MPD Anti-Theft Inspection Form | dmv,/publication/salvage-vehicle-mpd-anti-theft-inspection-form,70
Salvage Vehicle Procedure Acknowledgement Form | dmv,/node/1462256,308
Salvage Vehicle Procedure Acknowledgement Form | dmv,/publication/salvage-vehicle-procedure-acknowledgement-form,25
Salvage Vehicle Title/Registration | dmv,/am/service/salvage-vehicle-titleregistration,3
Salvage Vehicle Title/Registration | dmv,/ar/service/salvage-vehicle,1
Salvage Vehicle Title/Registration | dmv,/ar/service/salvage-vehicle-titleregistration,1
Salvage Vehicle Title/Registration | dmv,/es/service/salvage-vehicle,1
Salvage Vehicle Title/Registration | dmv,/es/service/salvage-vehicle-titleregistration,3
Salvage Vehicle Title/Registration | dmv,/fr/service/salvage-vehicle-titleregistration,2
Salvage Vehicle Title/Registration | dmv,/node/1119008,65
Salvage Vehicle Title/Registration | dmv,/service/salvage-titles,2
Salvage Vehicle Title/Registration | dmv,/service/salvage-vehicle,4
Salvage Vehicle Title/Registration | dmv,/service/salvage-vehicle-titleregistration,1457
Salvage Vehicle Title/Registration | dmv,/vi/service/salvage-vehicle-titleregistration,2
Select DC DMV Locations Closed due to Inclement Weather | dmv,/release/select-dc-dmv-locations-closed-due-inclement-weather,5
Selective Service Brochure | dmv,/node/1342646,77
Selective Service Brochure | dmv,/publication/selective-service-brochure,7
Self-Service Vehicle Emissions Inspection Kiosk - Fort Stanton | dmv,/node/1710306,94
Self-Service Vehicle Emissions Inspection Kiosk - Fort Stanton | dmv,/page/self-service-vehicle-emissions-inspection-kiosk-fort-stanton,561
Self-Service Vehicle Emissions Inspection Kiosk - Takoma | dmv,/am/node/1455196,4
Self-Service Vehicle Emissions Inspection Kiosk - Takoma | dmv,/es/node/1455196,5
Self-Service Vehicle Emissions Inspection Kiosk - Takoma | dmv,/ko/node/1455196,6
Self-Service Vehicle Emissions Inspection Kiosk - Takoma | dmv,/node/1455196,5
Self-Service Vehicle Emissions Inspection Kiosk - Takoma | dmv,/page/self-service-vehicle-emissions-inspection-kiosk,7
Self-Service Vehicle Emissions Inspection Kiosk - Takoma | dmv,/page/self-service-vehicle-emissions-inspection-kiosk-takoma,2634
Selling a Vehicle | dmv,/am/page/selling-vehicle,1
Selling a Vehicle | dmv,/es/page/selling-vehicle,4
Selling a Vehicle | dmv,/ko/page/selling-vehicle,11
Selling a Vehicle | dmv,/node/1116806,865
Selling a Vehicle | dmv,/page/selling-vehicle,1238
Selling a Vehicle | dmv,/zh-hant/page/selling-vehicle,1
Senior Driver Information | dmv,/am/service/senior-driver-information,1
Senior Driver Information | dmv,/ar/service/senior-driver-information,1
Senior Driver Information | dmv,/es/service/senior-driver-information,4
Senior Driver Information | dmv,/node/1119277,2
Senior Driver Information | dmv,/service/senior-driver-information,318
Senior Driver Information | dmv,/zh-hant/service/senior-driver-information,0
Services | dmv,"/Services/page_view_timing/session_trace/session_trace/url(""https:/dmv.dc.gov/sites/all/themes/dc_agen",1
Services | dmv,"/services/,contest-tickets",1
Services | dmv,"/services/contest-tickets,",2
Services | dmv,"/services/services/page_action/page_view_timing/session_trace/url(""https:/dmv.dc.gov/sites/all/theme",1
Services | dmv,"/services/vontest/modules/system/API/API/noticeError/url(""https:/dmv.dc.gov/sites/all/themes/&quot;https:/www.google.com/cse/static/images/1x/en/branding.png&quot;",3
Services | dmv,//services//contest-tickets,1
Services | dmv,//services/pay-tickets,7
Services | dmv,/SERVICES,2
Services | dmv,/SERVICES/CONTEST-TICKECTS.,1
Services | dmv,/SERVICES/CONTEST-TICKET,2
Services | dmv,/SERVICES/CONTEST-TICKETS.,6
Services | dmv,/SERVICES/COTEST-TICKETS,2
Services | dmv,/SERVICES/CPNTEST-TICKETS,1
Services | dmv,/SERVICES/PAY-TICKET,2
Services | dmv,/SERVICES/PAY-TICKETS,36
Services | dmv,/SERVICES/PAY-TICKETS.,1
Services | dmv,/SERVICES/ajax/page_action/session_trace/page_view_timing/page_action/page_view_event/spa/metrics/page_action/metrics/aggregate,5
Services | dmv,/SERVICES/metrics/ajax/page_view_timing/page_view_event/javascript:;,2
Services | dmv,/Services/ajax/ajax/page_view_event/page_view_timing/aggregate,9
Services | dmv,/Services/jserrors/page_action/session_trace/metrics,1
Services | dmv,/Services/metrics/ajax/page_view_timing/page_view_timing/page_view_event/session_trace/spa/metrics/spa/page_action/aggregate,11
Services | dmv,/Services/page_view_timing/ajax/session_trace/session_trace/page_view_event/spa/aggregate,14
Services | dmv,/Services/page_view_timing/page_action/session_trace,16
Services | dmv,/Services/pay-tickets,6
Services | dmv,/Services/session_trace/ajax/ajax/metrics/aggregate,1
Services | dmv,/Services/spa/ajax/page_view_timing/page_action/ajax/metrics,4
Services | dmv,/ko/services,1
Services | dmv,/services,24968
Services | dmv,/services/,33
Services | dmv,/services/ contest- tickets,4
Services | dmv,/services/ inspections,4
Services | dmv,/services/-tickets,1
Services | dmv,/services//contest-tickets,2
Services | dmv,/services//pay-tickets,2
Services | dmv,/services/<my_tag_42e764c7ffd40d52f797cc8f8b9ea434,1
Services | dmv,/services/API/API/start,1
Services | dmv,/services/API/API/start/modules/use,2
Services | dmv,/services/API/modules/comment/API/noticeError/modules/system,1
Services | dmv,/services/API/modules/user/API/sites/all/modules/google_analytics/session_trace.enabled,1
Services | dmv,/services/API/noticeError/modules/google_analytics/otr.cfo,1
Services | dmv,/services/API/noticeError/modules/system/sites/all/modules/google_analytics/otr.cfo,22
Services | dmv,/services/API/noticeError/modules/user/page_view_timing/page_action/session_trace/ajax/page_view_timing/metrics/aggregate,7
Services | dmv,/services/API/start/modules/user/API/start,3
Services | dmv,/services/CONTEST-YICKETS,5
Services | dmv,/services/Framework/API/noticeError/API/application.version,1
Services | dmv,/services/Framework/modules/system/page_view_timing/ajax/page_action/page_view_event/metrics/session_trace/jserrors/spa/page_action/spa/session_trace,3
Services | dmv,/services/Generic/Obfuscate/API/modules/user/API/<my_tag_6203c0105b26e8bfc61f206a4387da75/>,1
Services | dmv,/services/Generic/Version/Framework/session_trace/jserrors/spa/ajax/page_action/page_view_timing/aggregate,1
Services | dmv,/services/HR-Services/HRX/sites/all/themes/omega/omega/css/otr.cfo,1
Services | dmv,/services/ONTEST-TICKETS,6
Services | dmv,/services/PAY-TICKETS,6
Services | dmv,/services/Y29udGVzdC,125
Services | dmv,/services/ZW9udGVzdC,1
Services | dmv,/services/[ay-tickets,1
Services | dmv,/services/ajax/ajax/page_view_event/page_view_timing/modules/user/API/API,0
Services | dmv,/services/ajax/metrics/page_view_event/session_trace/aggregate,1
Services | dmv,/services/ajax/page_action/modules/comment/otr.cfo,1
Services | dmv,/services/api/page_view_event/spa/API/API/modules/user/API,10
Services | dmv,/services/api/page_view_event/spa/modules/comment/API/start/privacy.cookies_enabled,1
Services | dmv,/services/api/page_view_timing/sites/all/modules/ctools/css/otr.cfo,4
Services | dmv,/services/api/session_trace/jserrors/jserrors/aggregate,20
Services | dmv,/services/c,3
Services | dmv,/services/c ontest-tickets,1
Services | dmv,/services/cdl-knowledge-tests,8
Services | dmv,/services/centest-tickets,1
Services | dmv,/services/change-of-address,2
Services | dmv,/services/cntest-tickets,1
Services | dmv,/services/co,10
Services | dmv,/services/comment-tickets,1
Services | dmv,/services/comsent-tickets,1
Services | dmv,/services/comtest-tickets,5
Services | dmv,/services/comtest-tickets.,3
Services | dmv,/services/con,2
Services | dmv,/services/conest-tickets,10
Services | dmv,/services/conests-tickets,1
Services | dmv,/services/conetest-tickets,1
Services | dmv,/services/config.env,33
Services | dmv,/services/connteset-tickets,1
Services | dmv,/services/consent-tickets,7
Services | dmv,/services/constest-tickets,9
Services | dmv,/services/contact-us,4
Services | dmv,/services/conte,1
Services | dmv,/services/contect-tickets,5
Services | dmv,/services/contect-tickets.,1
Services | dmv,/services/conteest-tickets,2
Services | dmv,/services/content-tickets,10
Services | dmv,/services/contentes-ticket,1
Services | dmv,/services/contes-tickets,14
Services | dmv,/services/contese-tickets,1
Services | dmv,/services/conteset-tickets,11
Services | dmv,/services/contesrt-tickets,23
Services | dmv,/services/contest,30
Services | dmv,/services/contest -tickets>;,1
Services | dmv,/services/contest -tikets.,1
Services | dmv,/services/contest t,6
Services | dmv,/services/contest tickets,24
Services | dmv,/services/contest-kids,1
Services | dmv,/services/contest-parking-and-photo-enforement-tickets,1
Services | dmv,/services/contest-pay-tickets.,1
Services | dmv,/services/contest-tcikets,1
Services | dmv,/services/contest-tckets,2
Services | dmv,/services/contest-tecikets,1
Services | dmv,/services/contest-teicket,2
Services | dmv,/services/contest-test,4
Services | dmv,/services/contest-ticekts,1
Services | dmv,/services/contest-ticetks,1
Services | dmv,/services/contest-ticets,1
Services | dmv,/services/contest-tichets,1
Services | dmv,/services/contest-tichkets,1
Services | dmv,/services/contest-tickeks,1
Services | dmv,/services/contest-tickekscontest tickets,1
Services | dmv,/services/contest-tickers.com,1
Services | dmv,/services/contest-tickerts,2
Services | dmv,/services/contest-tickes,13
Services | dmv,/services/contest-ticket,183
Services | dmv,/services/contest-ticket.com,1
Services | dmv,/services/contest-ticketd,5
Services | dmv,/services/contest-ticketes,1
Services | dmv,/services/contest-tickets-tickets,1
Services | dmv,/services/contest-tickets.,258
Services | dmv,/services/contest-tickets.b),2
Services | dmv,/services/contest-tickets.com,31
Services | dmv,/services/contest-ticketscom,3
Services | dmv,/services/contest-ticketss,6
Services | dmv,/services/contest-ticketz,3
Services | dmv,/services/contest-tickeys.,1
Services | dmv,/services/contest-tickrts,6
Services | dmv,/services/contest-ticktets,1
Services | dmv,/services/contest-tickts,4
Services | dmv,/services/contest-ticlets,2
Services | dmv,/services/contest-tidkets,1
Services | dmv,/services/contest-tieckets,1
Services | dmv,/services/contest-tigkets,2
Services | dmv,/services/contest-tikets,11
Services | dmv,/services/contest-tockets,4
Services | dmv,/services/contest-tockeys,1
Services | dmv,/services/contest-yickets,2
Services | dmv,/services/contest.tickets,3
Services | dmv,/services/contest/-tickets,1
Services | dmv,/services/contest/jserrors/page_view_event/metrics/jserrors/metrics/session_trace/page_action/page_view_event/spa/aggregate,8
Services | dmv,/services/contest/jserrors/page_view_event/metrics/jserrors/metrics/session_trace/page_view_event/page_action/page_view_timing/page_action/aggregate,1
Services | dmv,/services/contest/metrics/ajax/jserrors/spa/ajax/spa/aggregate,1
Services | dmv,/services/contest/page_view_event/metrics/session_trace/spa/ajax/API/start,1
Services | dmv,/services/contest/pay-tickets,2
Services | dmv,/services/contest/spa/ajax/jserrors/spa/page_view_event/page_action/page_view_timing/page_view_timing/jserrors/metrics/aggregate,7
Services | dmv,/services/contest/spa/page_view_event/jserrors/page_view_event/page_view_timing/metrics/aggregate,12
Services | dmv,/services/contest/tickets,10
Services | dmv,/services/contest1tickets,1
Services | dmv,/services/contest=tickets,2
Services | dmv,/services/contested-tickests,1
Services | dmv,/services/contested-tickets,3
Services | dmv,/services/contestest-tickets,1
Services | dmv,/services/contestickets,3
Services | dmv,/services/contests-tickets,16
Services | dmv,/services/contestticket.,1
Services | dmv,/services/contesttickets,28
Services | dmv,/services/contet-tickets,5
Services | dmv,/services/context-ticket,1
Services | dmv,/services/context-tickets,12
Services | dmv,/services/context-tickrts.,1
Services | dmv,/services/contrst-ticket,2
Services | dmv,/services/contrst-tickets,24
Services | dmv,/services/contrst-tickets.,1
Services | dmv,/services/contst-tickets,9
Services | dmv,/services/contst-tickets.,1
Services | dmv,/services/contwst-tickets.,1
Services | dmv,/services/coontest-tickets,1
Services | dmv,/services/copntest-ticketas,1
Services | dmv,/services/costest-tickets,3
Services | dmv,/services/cotest-tickets,3
Services | dmv,/services/cotest-tickets.,11
Services | dmv,/services/cpay-tickets,1
Services | dmv,/services/cpntest-tickets,5
Services | dmv,/services/driver_services/API/API/sites/all/modules/google_analytics/jserrors/page_action/spa/session_trace/ajax/spa/page_view_timing/session_trace/javascript:;,1
Services | dmv,/services/driver_services/drivers_license/dr_lic_renewals.shtml,1
Services | dmv,/services/driver_services/drivers_license/modules/system/API/modules/comment/API,8
Services | dmv,/services/driver_services/drivers_license/spa/page_view_event/page_action/ajax/page_view_event/jserrors/aggregate,12
Services | dmv,/services/driver_services/jserrors/spa/aggregate,1
Services | dmv,/services/go,1
Services | dmv,/services/how-contest-ticket,5
Services | dmv,/services/jserrors/ajax/page_view_timing/page_view_timing/privacy.cookies_enabled,1
Services | dmv,/services/knowledge-test,1
Services | dmv,/services/metrics/ajax/page_view_timing/page_view_event/API/start/API/API,3
Services | dmv,/services/metrics/jserrors/metrics/page_action/page_view_event/page_view_timing/session_trace/spa/session_trace/aggregate,1
Services | dmv,/services/metrics/jserrors/session_trace/API/API,6
Services | dmv,/services/metrics/metrics/session_trace/spa/spa/session_trace.enabled,1
Services | dmv,/services/metrics/page_view_event/page_view_event/session_trace/metrics/aggregate,6
Services | dmv,/services/metrics/session_trace/page_action/page_view_event/jserrors/javascript:,1
Services | dmv,/services/modules/comment/API/noticeError/called,1
Services | dmv,/services/modules/comment/API/start/otr.cfo,1
Services | dmv,/services/modules/comment/modules/system/API/modules/comment,1
Services | dmv,/services/modules/system/page_view_timing/metrics/spa/jserrors/page_view_event/page_view_timing/page_action/aggregate,17
Services | dmv,/services/modules/system/sites/all/modules,11
Services | dmv,/services/obtain-residential-parking-permit-rpp,5
Services | dmv,/services/online-private-sale-vehicle-registration,1
Services | dmv,/services/online-services,20
Services | dmv,/services/p/ajax/jserrors/metrics/page_view_event/session_trace/aggregate,4
Services | dmv,/services/page/API/noticeError/API/start,1
Services | dmv,/services/page/virtual-hearings,3
Services | dmv,/services/page_action/page_view_event/ajax/page_view_event/API/start/application.version,1
Services | dmv,/services/page_action/page_view_event/jserrors/metrics/spa/page_action/spa,1
Services | dmv,/services/page_action/page_view_event/page_action/jserrors/jserrors/ajax/page_view_event/aggregate,4
Services | dmv,/services/page_action/spa/page_view_event/API/noticeError/API/application.version,1
Services | dmv,/services/page_view_event/jserrors/ajax/session_trace/page_action/aggregate,2
Services | dmv,/services/page_view_event/metrics/page_action/jserrors/page_view_event/aggregate,1
Services | dmv,/services/page_view_event/page_view_timing/metrics/spa/jserrors/aggregate,1
Services | dmv,/services/page_view_event/spa/ajax/aggregate,2
Services | dmv,/services/page_view_event/spa/page_view_timing/page_action/jserrors/session_trace/API/API/application.version,2
Services | dmv,/services/page_view_timing/page_view_event/ajax/modules/system/API/start/API,9
Services | dmv,/services/page_view_timing/spa/jserrors/spa/page_view_event/page_view_event/metrics/aggregate,2
Services | dmv,/services/pas-tickets,3
Services | dmv,/services/pat tickets,1
Services | dmv,/services/pat-tiakets,1
Services | dmv,/services/pat-tickets,4
Services | dmv,/services/patickets,1
Services | dmv,/services/pau-tickets,1
Services | dmv,/services/pau-tickets172.64.147.958/4/modules/user/API/noticeError/called,3
Services | dmv,/services/pau-tickrts,1
Services | dmv,/services/pay,17
Services | dmv,/services/pay tickete,1
Services | dmv,/services/pay tickets,2
Services | dmv,/services/pay-,1
Services | dmv,/services/pay- tickets,28
Services | dmv,/services/pay-/tickets,1
Services | dmv,/services/pay-Tickets.,1
Services | dmv,/services/pay-contest/modules/system/modules/comment/API/API/start/otr.cfo,1
Services | dmv,/services/pay-rickets,1
Services | dmv,/services/pay-thichets,2
Services | dmv,/services/pay-ticekts,1
Services | dmv,/services/pay-ticjets,1
Services | dmv,/services/pay-tickeets,1
Services | dmv,/services/pay-tickers,1
Services | dmv,/services/pay-tickest,4
Services | dmv,/services/pay-ticket,111
Services | dmv,/services/pay-ticket.,1
Services | dmv,/services/pay-ticket.com,1
Services | dmv,/services/pay-ticketa,6
Services | dmv,/services/pay-ticketd,7
Services | dmv,/services/pay-ticketds,1
Services | dmv,/services/pay-tickets,2504
Services | dmv,/services/pay-tickets pay tickey,1
Services | dmv,/services/pay-tickets',14
Services | dmv,/services/pay-tickets.,60
Services | dmv,/services/pay-tickets.com,6
Services | dmv,/services/pay-ticketss,1
Services | dmv,/services/pay-ticketts,2
Services | dmv,/services/pay-tickeys,2
Services | dmv,/services/pay-ticks,1
Services | dmv,/services/pay-ticktets.com,1
Services | dmv,/services/pay-tickts,1
Services | dmv,/services/pay-tictes,10
Services | dmv,/services/pay-tikets.,4
Services | dmv,/services/pay/,4
Services | dmv,/services/pay/API/metrics/spa/aggregate,8
Services | dmv,/services/pay/API/sites/all/modules/panels/css,1
Services | dmv,/services/pay/ajax/ajax/session_trace/page_view_event/page_action/aggregate,11
Services | dmv,/services/pay/jserrors/spa/page_view_event/spa/session_trace/metrics/jserrors/page_view_timing/ajax/page_view_event/session_trace.enabled,8
Services | dmv,/services/pay/metrics/page_action/jserrors/spa/API/noticeError/API,1
Services | dmv,/services/pay/metrics/page_view_event/page_view_timing/page_action/spa/ajax/page_view_event/ajax/spa/aggregate,1
Services | dmv,/services/pay/modules/user/API/API/noticeError/API/start,1
Services | dmv,/services/pay/modules/user/API/modules/comment/session_trace.enabled,1
Services | dmv,/services/pay/modules/user/API/modules/system,1
Services | dmv,/services/pay/sites/all/modules/ckeditor/css/api/jserrors/page_action/spa/page_view_event/page_view_event/page_view_timing/aggregate,10
Services | dmv,/services/pay/spa/modules/comment/API,2
Services | dmv,/services/pay/ticket,203
Services | dmv,/services/pay/tickets,3
Services | dmv,/services/pay0ickets,1
Services | dmv,/services/pay=tickets,6
Services | dmv,/services/pay_tckets,3
Services | dmv,/services/pay_tickets,2
Services | dmv,/services/payk,1
Services | dmv,/services/payment,2
Services | dmv,/services/payptickets,14
Services | dmv,/services/payticket,2
Services | dmv,/services/paytickets,11
Services | dmv,/services/payticketsail/u/metrics/spa/page_view_timing/jserrors/page_view_event/page_action/aggregate,1
Services | dmv,/services/payy-tickets,1
Services | dmv,/services/play-ticket.,1
Services | dmv,/services/pluginscript,7
Services | dmv,/services/py-tickets,1
Services | dmv,/services/rcontest-tickets,2
Services | dmv,/services/registr/,1
Services | dmv,/services/registration,3
Services | dmv,/services/registration-ticket-alert-service-tas,20
Services | dmv,/services/registration-ticket-alert-service-tas/,1
Services | dmv,/services/registration-ticket-alert-services-tas,4
Services | dmv,/services/renewer,1
Services | dmv,/services/request-tickets,1
Services | dmv,/services/service/API/modules/comment/modules/system/otr.cfo,1
Services | dmv,/services/service/page_action/page_view_event/API/noticeError/API/start,10
Services | dmv,/services/service/page_action/spa/jserrors/API/session_trace.enabled,24
Services | dmv,/services/service/page_action/spa/jserrors/privacy.cookies_enabled,1
Services | dmv,/services/service/page_view_timing/page_view_event/page_view_timing/aggregate,10
Services | dmv,/services/service/sites/all/modules/views/css/API,4
Services | dmv,/services/service/spa/page_action/spa/ajax/jserrors/metrics/session_trace/page_action/jserrors,3
Services | dmv,/services/services/jserrors/page_action/page_view_event,4
Services | dmv,/services/services/page_action/jserrors/metrics/session_trace/page_view_event/aggregate,1
Services | dmv,/services/services/page_action/page_view_timing/page_action/aggregate,11
Services | dmv,/services/services/session_trace/spa/sites/all/modules/ckeditor/css/session_trace.enabled,1
Services | dmv,/services/services/spa/page_action/page_view_timing/session_trace/modules/system/otr.cfo,1
Services | dmv,/services/session_trace/page_view_event/jserrors,4
Services | dmv,/services/session_trace/page_view_event/page_action/session_trace/page_view_event/aggregate,9
Services | dmv,/services/session_trace/session_trace/page_view_timing/modules/system/API,0
Services | dmv,/services/session_trace/spa/ajax/page_view_timing/page_action/metrics/aggregate,10
Services | dmv,/services/session_trace/spa/page_view_timing/ajax/ajax/aggregate,1
Services | dmv,/services/signature/career-development,5
Services | dmv,/services/signature/modules/system/modules/user/API/otr.cfo,1
Services | dmv,/services/sites/all/modules/ckeditor/css/API/jserrors/page_view_event/page_view_timing/spa/jserrors/spa/metrics/aggregate,1
Services | dmv,/services/sites/all/modules/ckeditor/css/spa/jserrors/aggregate,14
Services | dmv,/services/sites/all/modules/ctools/css/API/noticeError,5
Services | dmv,/services/sites/all/modules/ctools/css/API/session_trace/page_action/aggregate,3
Services | dmv,/services/sites/all/modules/google_analytics/modules/user/API/createTracer/session_trace.enabled,2
Services | dmv,/services/sontest-tickets,1
Services | dmv,/services/spa/ajax/jserrors/metrics/page_view_timing/aggregate,9
Services | dmv,/services/spa/ajax/jserrors/spa/aggregate,2
Services | dmv,/services/spa/ajax/jserrors/spa/page_action/API,1
Services | dmv,/services/spa/ajax/spa/jserrors/page_view_event/ajax/page_action/metrics,2
Services | dmv,/services/spa/ajax/spa/jserrors/page_view_event/session_trace/page_action/metrics/ajax/page_view_event/aggregate,18
Services | dmv,/services/spa/page_action,3
Services | dmv,/services/spa/page_view_timing/aggregate,2
Services | dmv,/services/spa/page_view_timing/page_action/page_view_timing/page_view_event/javascript:;,1
Services | dmv,/services/spa/sites/all/themes/omega/omega/js,1
Services | dmv,/services/ticket,2
Services | dmv,/services/ticket-services>,3
Services | dmv,/services/ticket/metrics/jserrors/API/noticeError/API,2
Services | dmv,/services/ticket/page_action/ajax/page_view_timing/aggregate,1
Services | dmv,/services/ticket/session_trace/API/noticeError/modules/user,1
Services | dmv,/services/tickets-pay,30
Services | dmv,/services/towed-vehicle-locator,1
Services | dmv,/services/user/jserrors/page_action/page_view_event/modules/system/API/start,3
Services | dmv,/services/user/jserrors/page_view_event/spa/spa/API/noticeError,7
Services | dmv,/services/virtual-hearings,18
Services | dmv,/services/visitor-parkingpermits,1
Services | dmv,/services/vontest,1
Services | dmv,/services/vontest/modules/comment/modules/system/javascript:;,18
Services | dmv,/services/vontest/modules/user/API/noticeError/modules/comment/otr.cfo,1
Services | dmv,/services/vontest/sites/all/modules/google_analytics/API/noticeError/spa/page_view_timing/spa/metrics/metrics/aggregate,9
Services | dmv,/services/wp-includes/css/modules/system/API/modules/system/privacy.cookies_enabled,20
Services | Page 10 | dmv,"/services/config/modules/system/url(""https:/dmv.dc.gov/modul",9
Services | Page 10 | dmv,"/services/metrics/ajax/page_view_timing/session_trace/url(""https://dmv.dc.gov/sites/all/modules/ex",2
Services | Page 10 | dmv,"/services/page_view_timing/page_view_timing/metrics/jserrors/metrics/url(""https:/dmv.d",13
Services | Page 10 | dmv,"/services/pay/ajax/metrics/spa/page_view_event/url(""https:/dmv.dc.gov/sites/all/themes/omega/alpha/css/grid/alpha_default/normal/alpha-default-norm",0
Services | Page 10 | dmv,"/services/url(""https://dmv.dc.gov/sites/all/themes/dc_agency_om",1
Services | Page 10 | dmv,/SERVICES/page_action/page_view_event/page_action/jserrors/jserrors/ajax/page_view_event/javascript:,2
Services | Page 10 | dmv,/SERVICES/page_view_event/page_view_timing/metrics/session_trace/page_view_timing/javascript:;,1
Services | Page 10 | dmv,/SERVICES/page_view_timing/jserrors/ajax/page_action/jserrors/aggregate,11
Services | Page 10 | dmv,/SERVICES/page_view_timing/metrics/spa/session_trace/page_view_event/page_action/aggregate,3
Services | Page 10 | dmv,/SERVICES/spa/metrics/jserrors/jserrors/page_view_timing/page_action/session_trace/ajax/metrics/page_view_event/aggregate,1
Services | Page 10 | dmv,/Services/jserrors/metrics/page_view_timing/spa/page_action/ajax/page_view_timing/session_trace/jserrors/ajax/aggregate,1
Services | Page 10 | dmv,/Services/jserrors/page_action/page_view_timing/ajax/metrics/session_trace/aggregate,1
Services | Page 10 | dmv,/Services/jserrors/page_view_event,4
Services | Page 10 | dmv,/Services/metrics/spa/page_view_timing/ajax/session_trace/metrics/jserrors/jserrors/page_action/aggregate,3
Services | Page 10 | dmv,/Services/page_view_event/metrics/ajax/page_view_event/aggregate,3
Services | Page 10 | dmv,/Services/page_view_timing/ajax/page_view_timing/spa/ajax/page_action/metrics/aggregate>,1
Services | Page 10 | dmv,/Services/page_view_timing/page_view_timing/ajax/aggregate,12
Services | Page 10 | dmv,/Services/session_trace/metrics/aggregate,4
Services | Page 10 | dmv,/Services/session_trace/page_action/session_trace/jserrors/page_view_event/aggregate,11
Services | Page 10 | dmv,/Services/spa/page_action/ajax/ajax/page_view_event/javascript:;,6
Services | Page 10 | dmv,/Services/spa/page_view_timing/spa/metrics/jserrors/ajax/aggregate,2
Services | Page 10 | dmv,/services /API/API/start,8
Services | Page 10 | dmv,/services /sites/all/modules/views/css/modules/comment/API/otr.cfo,3
Services | Page 10 | dmv,/services/-tickets.,4
Services | Page 10 | dmv,/services/5m3akdp2ev3g.php,2
Services | Page 10 | dmv,/services/API/API/modules/comment/sites/all/modules/google_analytics/privacy.cookies_enabled,7
Services | Page 10 | dmv,/services/API/API/noticeError/jserrors/metrics/page_view_timing/session_trace/page_action/ajax/ajax/page_view_event/aggregate,1
Services | Page 10 | dmv,/services/API/API/noticeError/jserrors/metrics/spa/page_view_timing/session_trace/ajax/page_view_event/page_view_event/aggregate,4
Services | Page 10 | dmv,/services/API/API/noticeError/modules/user/modules/comment/API,3
Services | Page 10 | dmv,/services/API/API/noticeError/page_view_event/modules/system/API/start,2
Services | Page 10 | dmv,/services/API/API/noticeError/spa/jserrors/aggregate,1
Services | Page 10 | dmv,/services/API/API/sites/all/modules/views/css/API/otr.cfo,4
Services | Page 10 | dmv,/services/API/Framework/sites/all/themes/omega/omega/js/ajax/page_action/page_view_event/ajax/page_view_event/session_trace/aggregate,9
Services | Page 10 | dmv,/services/API/modules/google_analytics/otr.cfo,8
Services | Page 10 | dmv,/services/API/modules/system/modules/system/API/noticeError/url,12
Services | Page 10 | dmv,/services/API/modules/system/sites/all/modules/ctools/css/privacy.cookies_enabled,11
Services | Page 10 | dmv,/services/API/noticeError/modules/system/API/modules/system/otr.cfo,2
Services | Page 10 | dmv,/services/API/noticeError/modules/user/API/pauseReplay,4
Services | Page 10 | dmv,/services/API/sites/all/modules/ckeditor/css/API/recordReplay/called,8
Services | Page 10 | dmv,/services/API/sites/all/modules/ctools/css/API/spa/page_view_timing/jserrors/session_trace/page_view_event/spa/aggregate,2
Services | Page 10 | dmv,/services/API/start/modules/system/API/API/application.version,3
Services | Page 10 | dmv,/services/API/start/sites/all/modules/google_analytics/application.version,9
Services | Page 10 | dmv,/services/Framework/modules/system/page_view_timing/page_action/page_view_event/jserrors/aggregate,1
Services | Page 10 | dmv,/services/Framework/page_view_event/page_view_timing/otr.cfo,2
Services | Page 10 | dmv,/services/Framework/sites/all/modules/views/css/modules/comment,1
Services | Page 10 | dmv,/services/Generic/Obfuscate/API/modules/user/API/noticeError,1
Services | Page 10 | dmv,/services/Generic/Obfuscate/API/modules/user/API/noticeError/API,7
Services | Page 10 | dmv,/services/PAY-tickets,3
Services | Page 10 | dmv,/services/Workers/API/sites/all/modules/views/css/privacy.cookies_enabled,5
Services | Page 10 | dmv,/services/Workers/modules/user/API/start/privacy.cookies_enabled,4
Services | Page 10 | dmv,/services/ajax/metrics/session_trace/page_action/page_view_timing/spa/aggregate,2
Services | Page 10 | dmv,/services/ajax/page_action/metrics/page_action/ajax/aggregate,3
Services | Page 10 | dmv,/services/ajax/page_action/session_trace/page_view_timing/page_action/metrics/aggregate,20
Services | Page 10 | dmv,/services/ajax/page_view_event/aggregate,10
Services | Page 10 | dmv,/services/ajax/page_view_event/jserrors/page_action/API/start/API/noticeError/otr.cfo,2
Services | Page 10 | dmv,/services/ajax/page_view_event/page_view_timing/session_trace/session_trace/aggregate,1
Services | Page 10 | dmv,/services/ajax/spa/spa/page_view_event/page_view_timing/modules/system/API,2
Services | Page 10 | dmv,/services/api/page_view_timing/aggregate,5
Services | Page 10 | dmv,/services/api/session_trace/jserrors/jserrors/API/start/API/start/otr.cfo,2
Services | Page 10 | dmv,/services/config/modules/system/API,3
Services | Page 10 | dmv,/services/contest-ticketd172.64.147.958/4/otr.cfo,2
Services | Page 10 | dmv,/services/contest-tocket,2
Services | Page 10 | dmv,/services/contest/API/start/API/modules/user/session_trace.enabled,6
Services | Page 10 | dmv,/services/contest/modules/comment/metrics/javascript:;,5
Services | Page 10 | dmv,/services/contest/modules/comment/metrics/spa/spa/page_view_timing/jserrors/page_view_timing/page_action/ajax/page_view_event/aggregate,5
Services | Page 10 | dmv,/services/contest/modules/comment/otr.cfo,3
Services | Page 10 | dmv,/services/contest/modules/comment/session_trace/metrics,2
Services | Page 10 | dmv,/services/contest/session_trace/session_trace/sites/all/modules/google_analytics/API/application.version,1
Services | Page 10 | dmv,/services/contest/sites/all/modules/google_analytics/API/API,1
Services | Page 10 | dmv,/services/contest/spa/session_trace/jserrors/session_trace/page_view_timing/aggregate,1
Services | Page 10 | dmv,/services/contest/spa/session_trace/page_view_event/session_trace/spa/jserrors/page_action/page_view_timing/jserrors/page_view_timing/metrics/ajax/aggregate,1
Services | Page 10 | dmv,/services/contesticket,6
Services | Page 10 | dmv,/services/contests-ticket,1
Services | Page 10 | dmv,/services/contezt-tickets,7
Services | Page 10 | dmv,/services/driver-records,5
Services | Page 10 | dmv,/services/driver_services/API/modules/system/API/noticeError/called,1
Services | Page 10 | dmv,/services/driver_services/API/start,4
Services | Page 10 | dmv,/services/driver_services/ajax/jserrors/sites/all/modules/ckeditor/css/application.version,1
Services | Page 10 | dmv,/services/driver_services/ajax/session_trace/aggregate,2
Services | Page 10 | dmv,/services/driver_services/drivers_license/API,2
Services | Page 10 | dmv,/services/driver_services/drivers_license/page_view_timing/spa/page_view_timing/ajax/aggregate,5
Services | Page 10 | dmv,/services/driver_services/modules/system/modules/comment/otr.cfo,17
Services | Page 10 | dmv,/services/driver_services/session_trace/spa/metrics/aggregate,12
Services | Page 10 | dmv,/services/driver_services/spa/jserrors/metrics/page_view_timing/ajax/page_view_event/jserrors/metrics/page_view_event/aggregate,1
Services | Page 10 | dmv,/services/jserrors/API,7
Services | Page 10 | dmv,/services/jserrors/ajax/ajax/page_view_event/jserrors/metrics/page_view_event/spa/page_view_timing/page_action/aggregate,12
Services | Page 10 | dmv,/services/jserrors/ajax/metrics/page_view_event/aggregate,1
Services | Page 10 | dmv,/services/jserrors/ajax/metrics/spa,4
Services | Page 10 | dmv,/services/jserrors/ajax/page_action/page_view_timing/page_action/modules/comment/application.version,8
Services | Page 10 | dmv,/services/jserrors/ajax/page_view_timing/aggregate,3
Services | Page 10 | dmv,/services/jserrors/metrics/jserrors/session_trace/ajax/aggregate,8
Services | Page 10 | dmv,/services/jserrors/metrics/page_view_event/page_view_timing/jserrors/api/noticeerror/otr.cfo,3
Services | Page 10 | dmv,/services/jserrors/metrics/page_view_event/page_view_timing/page_view_event/spa/aggregate,5
Services | Page 10 | dmv,/services/jserrors/page_action/page_view_timing/ajax/metrics/session_trace/aggregate,1
Services | Page 10 | dmv,/services/jserrors/page_view_timing/page_action/session_trace/jserrors/modules/comment/otr.cfo,1
Services | Page 10 | dmv,/services/jserrors/session_trace/ajax/aggregate,2
Services | Page 10 | dmv,/services/jserrors/spa/session_trace/metrics/page_action/application.version,1
Services | Page 10 | dmv,/services/metrics/jserrors/session_trace/page_view_event/page_view_event/page_action/API/noticeError/called,6
Services | Page 10 | dmv,/services/metrics/session_trace/metrics/modules/user/modules/comment/application.version,5
Services | Page 10 | dmv,/services/metrics/session_trace/spa,1
Services | Page 10 | dmv,/services/metrics/spa/jserrors/metrics/page_action/aggregate,6
Services | Page 10 | dmv,/services/metrics/spa/page_view_timing/session_trace/page_view_event/ajax/spa/session_trace/aggregate,1
Services | Page 10 | dmv,/services/modules/comment/API/API/noticeError/&quot;https:/www.google.com/cse/static/images/1x/en/branding.png&quot;,1
Services | Page 10 | dmv,/services/modules/comment/API/API/start/application.version,2
Services | Page 10 | dmv,/services/modules/comment/API/noticeError/modules/user/application.version,8
Services | Page 10 | dmv,/services/modules/comment/modules/comment/API/API,2
Services | Page 10 | dmv,/services/modules/comment/modules/system/spa/aggregate,1
Services | Page 10 | dmv,/services/modules/ctools/css/session_trace.enabled,7
Services | Page 10 | dmv,/services/modules/system/API/API/noticeError/session_trace.enabled,17
Services | Page 10 | dmv,/services/modules/system/modules/user/API/start,6
Services | Page 10 | dmv,/services/modules/user/API/page_view_timing/metrics/spa/jserrors,1
Services | Page 10 | dmv,/services/p/jserrors/spa/jserrors/page_action/modules/user/privacy.cookies_enabled,4
Services | Page 10 | dmv,/services/p/page_view_event/page_view_timing/ajax/session_trace/jserrors/API/noticeError/application.version,1
Services | Page 10 | dmv,/services/p/page_view_timing/page_view_timing/spa/metrics/aggregate,2
Services | Page 10 | dmv,/services/p/page_view_timing/session_trace/metrics/spa/ajax/ajax/jserrors/metrics/aggregate,1
Services | Page 10 | dmv,/services/p/session_trace/jserrors/ajax/session_trace/page_action/page_view_timing/spa/page_view_timing/jserrors/page_action/ur,1
Services | Page 10 | dmv,/services/pa-tickets,1
Services | Page 10 | dmv,/services/page_action/page_action/spa/session_trace/jserrors/ajax/modules/system/privacy.cookies_enabled,7
Services | Page 10 | dmv,/services/page_action/page_view_event/javascript:,2
Services | Page 10 | dmv,/services/page_action/spa/jserrors/modules/system/API/start/API,8
Services | Page 10 | dmv,/services/page_action/spa/page_view_event/modules/user/API/noticeError/API/application.version,1
Services | Page 10 | dmv,/services/page_view_event/metrics/session_trace/javascript:;,1
Services | Page 10 | dmv,/services/page_view_event/page_view_timing/metrics,8
Services | Page 10 | dmv,/services/page_view_event/page_view_timing/metrics/API/modules/system/API/application.version,1
Services | Page 10 | dmv,/services/page_view_event/page_view_timing/metrics/modules/user/modules/comment/application.version,4
Services | Page 10 | dmv,/services/page_view_event/page_view_timing/metrics/session_trace/page_view_timing/javascript:,6
Services | Page 10 | dmv,/services/page_view_event/spa/metrics/page_view_timing/aggregate,1
Services | Page 10 | dmv,/services/page_view_event/spa/page_view_timing/jserrors/page_view_event/metrics/spa/metrics/aggregate,5
Services | Page 10 | dmv,/services/page_view_timing/aggregate,2
Services | Page 10 | dmv,/services/page_view_timing/session_trace/aggregate,4
Services | Page 10 | dmv,/services/page_view_timing/session_trace/jserrors/spa/page_action/modules/system/otr.cfo,1
Services | Page 10 | dmv,/services/page_view_timing/session_trace/page_action/jserrors/modules/user/API/noticeError/called,2
Services | Page 10 | dmv,/services/paid-tikets,14
Services | Page 10 | dmv,/services/pay-contest/API/modules/comment/sites/all/modules/google_analytics/googleanalytics.js,1
Services | Page 10 | dmv,/services/pay-contest/API/noticeError/sites/all/modules/google_analytics/API/<my_tag_88ae67bb8425a3e1779fa800f8a14b32/>,1
Services | Page 10 | dmv,/services/pay-contest/API/start/modules/user/modules/system/session_trace.enabled,4
Services | Page 10 | dmv,/services/pay-contest/modules/system/application.version,10
Services | Page 10 | dmv,/services/pay-contest/modules/system/sites/all/modules/google_analytics/API/session_trace.enabled,7
Services | Page 10 | dmv,/services/pay-contest/modules/user/API/noticeError/modules/comment/application.version,8
Services | Page 10 | dmv,/services/pay-parking>,23
Services | Page 10 | dmv,/services/pay-tickets%2525252527,10
Services | Page 10 | dmv,/services/pay-tivkets,4
Services | Page 10 | dmv,/services/pay-tockets,8
Services | Page 10 | dmv,/services/pay/API/API,4
Services | Page 10 | dmv,/services/pay/API/metrics/ajax/session_trace/jserrors/aggregate,3
Services | Page 10 | dmv,/services/pay/API/metrics/ajax/sites/all/modules/google_analytics/session_trace.enabled,18
Services | Page 10 | dmv,/services/pay/API/modules/comment/API/modules/user/otr.cfo,1
Services | Page 10 | dmv,/services/pay/API/page_view_timing/jserrors/aggregate,16
Services | Page 10 | dmv,/services/pay/API/session_trace/page_action/jserrors/metrics/spa/page_view_timing/ajax/page_view_timing/metrics/spa/page_action/session_trace/aggregate,1
Services | Page 10 | dmv,/services/pay/API/spa/ajax/jserrors/jserrors/metrics/spa/page_action/page_view_timing/page_view_timing/aggregate,3
Services | Page 10 | dmv,/services/pay/ajax/session_trace/spa/jserrors/page_view_timing/metrics/page_action/page_view_event/aggregate,1
Services | Page 10 | dmv,/services/pay/api/noticeerror/modules/system/api/noticeerror/api,2
Services | Page 10 | dmv,/services/pay/jserrors/spa/page_view_event/jserrors/session_trace/aggregate,1
Services | Page 10 | dmv,/services/pay/jserrors/spa/spa/ajax/page_view_timing/page_action/<my_tag_2b58ad22b33a3dc788e6d9a4f7fefd9f/>,3
Services | Page 10 | dmv,/services/pay/metrics/page_action/jserrors/spa/API/privacy.cookies_enabled,1
Services | Page 10 | dmv,/services/pay/metrics/page_view_event/page_view_timing/page_action/spa/session_trace/spa/page_view_event/aggregate,3
Services | Page 10 | dmv,/services/pay/metrics/spa/ajax/jserrors/ajax/page_view_timing/javascript:,4
Services | Page 10 | dmv,/services/pay/modules/user/API/metrics/jserrors/page_view_timing/page_view_event/session_trace/page_view_timing/page_action/aggregate,1
Services | Page 10 | dmv,/services/pay/page_view_timing/page_view_event/session_trace/jserrors/aggregate,1
Services | Page 10 | dmv,/services/pay/sites/all/modules/panels/css/modules/comment/otr.cfo,2
Services | Page 10 | dmv,/services/payticketsail/u/page_view_timing/jserrors/aggregate,11
Services | Page 10 | dmv,/services/platform/v4/resources/data,12
Services | Page 10 | dmv,/services/service/jserrors/session_trace/page_action/page_view_timing/page_view_event/page_view_timing/metrics/jserrors/aggregate,14
Services | Page 10 | dmv,/services/service/modules/user/API/modules/user/otr.cfo,14
Services | Page 10 | dmv,/services/service/page_action/page_view_event/page_view_timing/spa/ajax/metrics/jserrors/ajax/aggregate,16
Services | Page 10 | dmv,/services/service/page_action/session_trace/session_trace/aggregate,1
Services | Page 10 | dmv,/services/service/page_action/session_trace/session_trace/modules/comment/API,4
Services | Page 10 | dmv,/services/service/page_view_event/ajax/metrics/page_view_event/otr.cfo,2
Services | Page 10 | dmv,/services/service/page_view_timing/session_trace/page_view_event/page_view_timing/API,3
Services | Page 10 | dmv,/services/service/spa/page_action/page_view_event/API/start,4
Services | Page 10 | dmv,/services/service/spa/spa/page_action/session_trace/page_action/page_view_event/aggregate,2
Services | Page 10 | dmv,/services/services/metrics/session_trace/page_view_event/page_view_timing/page_view_timing/metrics/ajax/page_action/aggregate,9
Services | Page 10 | dmv,/services/services/page_action/metrics/spa/page_view_event/ajax/aggregate,16
Services | Page 10 | dmv,/services/session_trace/API/API/modules/user/application.version,2
Services | Page 10 | dmv,/services/session_trace/API/modules/system/API/noticeError/API/application.version,2
Services | Page 10 | dmv,/services/session_trace/API/modules/system/session_trace.enabled,1
Services | Page 10 | dmv,/services/session_trace/API/sites/all/modules/google_analytics/API/start,1
Services | Page 10 | dmv,/services/session_trace/ajax/page_view_event/modules/comment/API/modules/system/privacy.cookies_enabled,10
Services | Page 10 | dmv,/services/session_trace/metrics/page_action/modules/user/API/start/application.version,4
Services | Page 10 | dmv,/services/session_trace/metrics/page_action/page_view_timing/metrics/ajax/ajax/page_action/session_trace/spa/jserrors/aggregate,3
Services | Page 10 | dmv,/services/session_trace/metrics/page_view_timing/jserrors,1
Services | Page 10 | dmv,/services/session_trace/modules/system/API/start/API,1
Services | Page 10 | dmv,/services/session_trace/page_action/jserrors/metrics/page_action/aggregate,1
Services | Page 10 | dmv,/services/session_trace/page_view_timing/jserrors/jserrors/page_action/aggregate,2
Services | Page 10 | dmv,/services/session_trace/page_view_timing/page_action/session_trace/page_action/modules/user/API,3
Services | Page 10 | dmv,/services/session_trace/session_trace/page_view_timing/aggregate,4
Services | Page 10 | dmv,/services/sites/all/modules/ctools/css/API/<my_tag_40dfd49a36b98fa2e460e1815d221c47/>,2
Services | Page 10 | dmv,/services/sites/all/modules/google_analytics/API/API/noticeError/API,3
Services | Page 10 | dmv,/services/spa/ajax/jserrors/spa/modules/system/API/start/application.version,1
Services | Page 10 | dmv,/services/spa/jserrors/spa/metrics/ajax/page_view_timing/modules/user/privacy.cookies_enabled,3
Services | Page 10 | dmv,/services/spa/metrics/page_action/page_action/jserrors/aggregate,9
Services | Page 10 | dmv,/services/spa/metrics/session_trace/modules/user/API,3
Services | Page 10 | dmv,/services/spa/modules/user/API/noticeError/API/noticeError/called,6
Services | Page 10 | dmv,/services/spa/page_action/API/API/start,1
Services | Page 10 | dmv,/services/spa/page_view_timing/page_view_event/page_view_event/metrics/session_trace/aggregate,14
Services | Page 10 | dmv,/services/spa/session_trace/aggregate,1
Services | Page 10 | dmv,/services/ticket/API/noticeError/modules/user/API/noticeError/API,7
Services | Page 10 | dmv,/services/ticket/jserrors/metrics/session_trace/jserrors/ajax/page_action/metrics/spa/page_action/page_view_event/page_view_timing/spa/aggregate,1
Services | Page 10 | dmv,/services/ticket/session_trace/<my_tag_69a10c7fe36f315b843c4c6e72266e04/>,0
Services | Page 10 | dmv,/services/ticket/session_trace/API/noticeError/modules/user/otr.cfo,24
Services | Page 10 | dmv,/services/ticket/session_trace/API/start/API,1
Services | Page 10 | dmv,/services/ticket/session_trace/modules/user/API/start,5
Services | Page 10 | dmv,/services/ticket/sites/all/modules/panels/css,2
Services | Page 10 | dmv,/services/ticket/spa/jserrors/page_view_timing/ajax/API/start/API,8
Services | Page 10 | dmv,/services/user/session_trace/ajax/jserrors/page_action/page_view_event/aggregate,2
Services | Page 10 | dmv,/services/vontest/sites/all/modules/google_analytics/API/noticeError/application.version,10
Services | Page 10 | dmv,/services/vontest/sites/all/modules/google_analytics/API/noticeError/page_action/metrics/metrics/spa/jserrors/page_view_event/page_action/aggregate,6
Services | Page 10 | dmv,/services/wp-includes/css/API/API/noticeError/modules/user/otr.cfo,3
Services | Page 10 | dmv,/services/wp-includes/css/API/API/start/API/modules/comment/otr.cfo,7
Services | Page 2 | dmv,"/Services/page_view_timing/metrics/ajax/jserrors/ajax/page_view_timing/url(""https:",1
Services | Page 2 | dmv,"/services/API/start/API/noticeError/url(""",73
Services | Page 2 | dmv,"/services/Framework/page_view_timing/page_view_timing/page_view_event/modules/comment/url(""http",46
Services | Page 2 | dmv,"/services/ajax/page_view_event/page_action/metrics/spa/modules/system/url(""https:/dmv.dc.gov/modules/s",19
Services | Page 2 | dmv,"/services/ajax/page_view_timing/page_action/API/modules/comment/API/start/url(""https",15
Services | Page 2 | dmv,"/services/contest/API/modules/user/url(""https:",9
Services | Page 2 | dmv,"/services/contest/API/start/API/modules/system/modules/user/url(""https:/dm",3
Services | Page 2 | dmv,"/services/driver_services/drivers_license/page_view_timing/ajax/session_trace/url(""https:/dmv.dc.gov/sites/all/modules/ckeditor/css/ckeditor",1
Services | Page 2 | dmv,"/services/jserrors/page_view_event/ajax/page_view_timing/spa/url(""https:/dmv.dc.gov/sites/all/themes",1
Services | Page 2 | dmv,"/services/metrics/page_action/jserrors/page_view_event/spa/metrics/page_action/page_view_timing/url(""http",5
Services | Page 2 | dmv,"/services/metrics/page_view_timing/sites/all/modules/panels/css/url(""https:/dmv.dc.gov/modules/system",12
Services | Page 2 | dmv,"/services/service/sites/all/modules/google_analytics/API/start/url(""https:/dmv.dc.gov/modules/system/system.theme.cs",17
Services | Page 2 | dmv,"/services/url(""https:/dmv.dc.gov/modules/us",54
Services | Page 2 | dmv,"/services/url(""https:/dmv.dc.gov/sites/all/themes/dc_agency_omega/css/global",26
Services | Page 2 | dmv,"/services/vontest/sites/all/modules/google_analytics/API/noticeError/page_view_event/page_action/ajax/spa/url(""https://dmv.dc.gov/modules/field/theme/field.c",5
Services | Page 2 | dmv,"/services/wp-includes/css/API/modules/comment/API/noticeError/url(""",4
Services | Page 2 | dmv,/SERVICES/ONTEST-TICKETS,32
Services | Page 2 | dmv,/SERVICES/ajax/session_trace/ajax/aggregate,7
Services | Page 2 | dmv,/SERVICES/jserrors/page_view_timing/spa/metrics/aggregate,1
Services | Page 2 | dmv,/SERVICES/metrics/metrics/session_trace/spa/page_view_event/aggregate,9
Services | Page 2 | dmv,/SERVICES/metrics/session_trace/page_action/page_view_event/jserrors/javascript:,18
Services | Page 2 | dmv,/SERVICES/page_action/page_view_event/page_action/jserrors/jserrors/ajax/page_view_event/aggregate,9
Services | Page 2 | dmv,/SERVICES/page_view_event/page_view_timing/metrics/spa/jserrors/aggregate,18
Services | Page 2 | dmv,/SERVICES/page_view_event/session_trace/page_action/session_trace/jserrors/aggregate,2
Services | Page 2 | dmv,/SERVICES/page_view_timing/jserrors/aggregate,12
Services | Page 2 | dmv,/SERVICES/page_view_timing/page_view_event/jserrors/spa/aggregate,8
Services | Page 2 | dmv,/SERVICES/page_view_timing/spa/page_view_event/page_action/session_trace/ajax/aggregate,1
Services | Page 2 | dmv,/SERVICES/spa/page_action/metrics/ajax/metrics/aggregate,1
Services | Page 2 | dmv,/SERVICES/spa/page_view_timing/page_action/page_view_timing/page_view_event/javascript:;,21
Services | Page 2 | dmv,/Services/ajax/metrics/page_view_timing/page_view_event/page_view_event/page_action/aggregate,7
Services | Page 2 | dmv,/Services/ajax/page_view_event/page_view_timing/page_action/page_view_timing/aggregate,18
Services | Page 2 | dmv,/Services/metrics/ajax/session_trace/page_view_timing/aggregate,3
Services | Page 2 | dmv,/Services/page_action/page_view_event/aggregate,11
Services | Page 2 | dmv,/Services/page_view_event/metrics/page_action/page_action/spa/metrics/aggregate,1
Services | Page 2 | dmv,/Services/page_view_timing/page_view_event/spa/aggregate,6
Services | Page 2 | dmv,/Services/page_view_timing/spa/jserrors/spa/page_view_event/page_view_event/metrics/aggregate,43
Services | Page 2 | dmv,/Services/session_trace/ajax/page_action/metrics/page_view_event/spa/page_action/aggregate,4
Services | Page 2 | dmv,/Services/session_trace/page_view_event/jserrors,7
Services | Page 2 | dmv,/Services/spa/ajax/spa/jserrors/page_view_event/ajax/page_action/metrics,22
Services | Page 2 | dmv,/Services/spa/page_action/page_view_timing/page_action,6
Services | Page 2 | dmv,/Services/spa/page_view_timing/jserrors/metrics/session_trace/page_action/metrics/ajax/page_view_event/page_view_event/aggregate,15
Services | Page 2 | dmv,/Services/spa/page_view_timing/jserrors/page_view_event/page_view_timing/spa/page_action/page_action/aggregate,3
Services | Page 2 | dmv,/services /API/modules/system,6
Services | Page 2 | dmv,/services /API/start/API/noticeError/otr.cfo,3
Services | Page 2 | dmv,/services /otr.cfo,24
Services | Page 2 | dmv,/services/ contest a cticket,2
Services | Page 2 | dmv,/services/ contest-ticket,97
Services | Page 2 | dmv,/services/ contest-tickets,3
Services | Page 2 | dmv,/services/<my_tag_279a1040a9fa2402906b9d42d9104cbe/>,3
Services | Page 2 | dmv,/services/API,36
Services | Page 2 | dmv,/services/API/API/<my_tag_94e6969b2583af82183805d1f03e1a4f/>,12
Services | Page 2 | dmv,/services/API/API/createTracer/API,68
Services | Page 2 | dmv,/services/API/API/modules/comment/modules/user/API,1
Services | Page 2 | dmv,/services/API/API/modules/user/API,9
Services | Page 2 | dmv,/services/API/API/noticeError/jserrors/page_view_event/page_view_timing/spa/metrics/metrics/ajax/aggregate,3
Services | Page 2 | dmv,/services/API/API/noticeError/modules/comment/metrics/page_view_event/page_view_timing/jserrors/metrics/aggregate,12
Services | Page 2 | dmv,/services/API/API/noticeError/modules/comment/page_view_timing/session_trace/spa/page_view_event/jserrors/aggregate,21
Services | Page 2 | dmv,/services/API/API/noticeError/page_view_event/modules/system/API,13
Services | Page 2 | dmv,/services/API/API/noticeError/spa/jserrors/modules/system/API/application.version,1
Services | Page 2 | dmv,/services/API/API/sites/all/modules/ctools/css/&quot;https:/www.google.com/cse/static/images/1x/en/branding.png&quot;,14
Services | Page 2 | dmv,/services/API/API/start/sites/all/modules/views/css/views.css,1
Services | Page 2 | dmv,/services/API/createTracer/API/modules/comment/API,3
Services | Page 2 | dmv,/services/API/createTracer/API/start,28
Services | Page 2 | dmv,/services/API/createTracer/sites/all/themes/omega/omega/css/otr.cfo,23
Services | Page 2 | dmv,/services/API/createTracer/sites/all/themes/omega/omega/css/session_trace.enabled,1
Services | Page 2 | dmv,/services/API/logging/API/wrapLogger/called,20
Services | Page 2 | dmv,/services/API/modules/comment/API/noticeError/modules/system/otr.cfo,2
Services | Page 2 | dmv,/services/API/modules/comment/API/otr.cfo,4
Services | Page 2 | dmv,/services/API/modules/system/API/noticeError/modules/comment/otr.cfo,9
Services | Page 2 | dmv,/services/API/noticeError/API/createTracer/sites/all/modules/google_analytics/privacy.cookies_enabled,2
Services | Page 2 | dmv,/services/API/noticeError/API/sites/all/modules/google_analytics/&quot;https:/www.google.com/cse/static/images/1x/en/branding.png&quot,2
Services | Page 2 | dmv,/services/API/noticeError/jserrors/page_action/aggregate,10
Services | Page 2 | dmv,/services/API/noticeError/modules/comment/modules/user/application.version,4
Services | Page 2 | dmv,/services/API/noticeError/modules/user/spa/page_view_event/jserrors/aggregate,1
Services | Page 2 | dmv,/services/API/pauseReplay/otr.cfo,7
Services | Page 2 | dmv,/services/API/recordReplay/called,26
Services | Page 2 | dmv,/services/API/recordReplay/modules/system/API/log/called,17
Services | Page 2 | dmv,/services/API/start/API/otr.cfo,2
Services | Page 2 | dmv,/services/API/start/API/recordReplay/called,3
Services | Page 2 | dmv,/services/API/start/modules/system/API/noticeError/API,20
Services | Page 2 | dmv,/services/CONTEST-TICKET,1
Services | Page 2 | dmv,/services/CONTEST-TUCKERS,2
Services | Page 2 | dmv,/services/CONTEXT-TICKETS,18
Services | Page 2 | dmv,/services/Framework/jserrors,23
Services | Page 2 | dmv,/services/Framework/modules/system/API,1
Services | Page 2 | dmv,/services/Framework/modules/system/page_view_timing/spa/jserrors/session_trace/page_action/ajax/page_view_timing/ajax/page_action/jserrors/aggregate,2
Services | Page 2 | dmv,/services/Framework/page_view_event/page_view_timing/sites/all/modules/google_analytics,1
Services | Page 2 | dmv,/services/Framework/page_view_timing/spa/page_view_event/aggregate,1
Services | Page 2 | dmv,/services/Framework/sites/all/themes/omega/omega/css/privacy.cookies_enabled,1
Services | Page 2 | dmv,/services/Framework/spa/page_action/ajax/page_view_timing/jserrors/metrics/page_view_timing/aggregate,19
Services | Page 2 | dmv,/services/Framework/spa/page_action/ajax/page_view_timing/jserrors/metrics/page_view_timing/otr.cfo,35
Services | Page 2 | dmv,/services/Framework/spa/page_action/ajax/page_view_timing/jserrors/metrics/page_view_timing/spa/page_action/page_view_event/jserrors/aggregate,1
Services | Page 2 | dmv,/services/Framework/spa/session_trace/metrics/jserrors/aggregate,1
Services | Page 2 | dmv,/services/Generic/FileProtocol/sites/all/modules/google_analytics/Generic/Version,22
Services | Page 2 | dmv,/services/Generic/Obfuscate/modules/user/API/modules/system/application.version,13
Services | Page 2 | dmv,/services/Generic/Obfuscate/page_view_event/session_trace/jserrors/page_action/aggregate,1
Services | Page 2 | dmv,/services/Generic/Obfuscate/session_trace/page_view_event/jserrors/aggregate,3
Services | Page 2 | dmv,/services/Generic/Version/privacy.cookies_enabled,2
Services | Page 2 | dmv,/services/Generic/Version/sites/all/modules/google_analytics/API/noticeError/called,37
Services | Page 2 | dmv,/services/MotorCarrier,5
Services | Page 2 | dmv,/services/Workers/modules/user/API/start,1
Services | Page 2 | dmv,/services/ajax/ajax/page_view_event/page_view_timing/API/session_trace.enabled,5
Services | Page 2 | dmv,/services/ajax/jserrors/page_action/spa/ajax/session_trace/aggregate,1
Services | Page 2 | dmv,/services/ajax/jserrors/page_view_timing/aggregate,17
Services | Page 2 | dmv,/services/ajax/metrics/page_view_timing/page_view_timing/aggregate,2
Services | Page 2 | dmv,/services/ajax/modules,21
Services | Page 2 | dmv,/services/ajax/page_action/ajax/API/API/noticeError/session_trace.enabled,9
Services | Page 2 | dmv,/services/ajax/page_view_event/jserrors/page_action,4
Services | Page 2 | dmv,/services/ajax/page_view_event/metrics/metrics/ajax/spa/page_action/page_view_timing/aggregate,3
Services | Page 2 | dmv,/services/ajax/page_view_event/page_action/metrics/spa/&quot;https:/www.google.com/cse/static/images/1x/en/branding.png&quot;,3
Services | Page 2 | dmv,/services/ajax/page_view_event/page_view_timing/page_action/page_view_timing/API/start,1
Services | Page 2 | dmv,/services/ajax/page_view_event/page_view_timing/page_view_event/ajax/API/start,2
Services | Page 2 | dmv,/services/ajax/page_view_timing/jserrors/aggregate,36
Services | Page 2 | dmv,/services/ajax/page_view_timing/page_action/API/API/session_trace.enabled,5
Services | Page 2 | dmv,/services/ajax/page_view_timing/page_action/modules/comment/API/noticeError/otr.cfo,4
Services | Page 2 | dmv,/services/ajax/page_view_timing/page_action/modules/comment/modules/system,5
Services | Page 2 | dmv,/services/ajax/page_view_timing/page_action/modules/user/API/start,2
Services | Page 2 | dmv,/services/ajax/page_view_timing/page_view_event/modules/system/modules/system/application.version,3
Services | Page 2 | dmv,/services/ajax/session_trace/API/API/modules/comment/modules/user,13
Services | Page 2 | dmv,/services/ajax/session_trace/API/modules/system/API/session_trace.enabled,1
Services | Page 2 | dmv,/services/ajax/session_trace/modules/comment/application.version,4
Services | Page 2 | dmv,/services/ajax/spa/page_action/ajax/modules/system/API/start,2
Services | Page 2 | dmv,/services/ajax/spa/page_view_event/aggregate,9
Services | Page 2 | dmv,/services/api/page_view_event/spa/modules/user/modules/system/API/privacy.cookies_enabled,5
Services | Page 2 | dmv,/services/api/page_view_timing/sites/all/modules/google_analytics/privacy.cookies_enabled,1
Services | Page 2 | dmv,/services/api/session_trace/jserrors/jserrors/modules/user/API,2
Services | Page 2 | dmv,/services/business,18
Services | Page 2 | dmv,/services/ccontees-tickets,12
Services | Page 2 | dmv,/services/consent-tickets.,2
Services | Page 2 | dmv,/services/conteast-tickets,15
Services | Page 2 | dmv,/services/contentst-tickets,6
Services | Page 2 | dmv,/services/conteset-tickets104.18.40.1618/4/API/start/API/noticeError/called,11
Services | Page 2 | dmv,/services/contest -/tickets,19
Services | Page 2 | dmv,/services/contest ticket,18
Services | Page 2 | dmv,/services/contest tickets.,1
Services | Page 2 | dmv,/services/contest-,14
Services | Page 2 | dmv,/services/contest-0ticket,63
Services | Page 2 | dmv,/services/contest-tick,13
Services | Page 2 | dmv,/services/contest-ticke,13
Services | Page 2 | dmv,/services/contest-tickers,3
Services | Page 2 | dmv,/services/contest-tickests,2
Services | Page 2 | dmv,/services/contest-ticket.,45
Services | Page 2 | dmv,/services/contest-ticketd%09172.64.147.95%098/4/API/start,1
Services | Page 2 | dmv,/services/contest-ticketd172.64.147.958/4/API,20
Services | Page 2 | dmv,/services/contest-ticketd172.64.147.958/4/API/start/API/API,2
Services | Page 2 | dmv,/services/contest-ticketpay-tickets,4
Services | Page 2 | dmv,/services/contest-tickets/<my_tag_7e4227abe05ea617290e31e4c13028d2/>,3
Services | Page 2 | dmv,/services/contest-tickeys,14
Services | Page 2 | dmv,/services/contest-tictets,13
Services | Page 2 | dmv,/services/contest-tivkets,10
Services | Page 2 | dmv,/services/contest-tockets.,1
Services | Page 2 | dmv,/services/contest-virtual-tickets,19
Services | Page 2 | dmv,/services/contest/API/API/start/modules/user/API/noticeError/session_trace.enabled,2
Services | Page 2 | dmv,/services/contest/API/noticeError/modules/user/page_action/page_view_timing/aggregate,19
Services | Page 2 | dmv,/services/contest/API/sites/all/modules/views/css,1
Services | Page 2 | dmv,/services/contest/API/start/modules/system/API/start/application.version,6
Services | Page 2 | dmv,/services/contest/contest-tickets,17
Services | Page 2 | dmv,/services/contest/jserrors/page_view_event/ajax/page_view_timing/API/recordReplay/otr.cfo,3
Services | Page 2 | dmv,/services/contest/jserrors/page_view_event/jserrors/session_trace/page_action/aggregate,23
Services | Page 2 | dmv,/services/contest/jserrors/page_view_event/page_action/spa/page_view_timing/jserrors/aggregate,1
Services | Page 2 | dmv,/services/contest/modules/comment/API,17
Services | Page 2 | dmv,/services/contest/modules/comment/API/modules/comment/API/otr.cfo,3
Services | Page 2 | dmv,/services/contest/modules/comment/metrics/spa/session_trace/jserrors/session_trace/ajax/jserrors/spa/aggregate,2
Services | Page 2 | dmv,/services/contest/modules/system/session_trace.enabled,33
Services | Page 2 | dmv,/services/contest/page_action/page_view_timing/page_action/aggregate,21
Services | Page 2 | dmv,/services/contest/page_action/page_view_timing/page_view_timing,7
Services | Page 2 | dmv,/services/contest/page_action/page_view_timing/page_view_timing/sites/all/modules/google_analytics/experimental.resources,57
Services | Page 2 | dmv,/services/contest/page_view_event/page_action/aggregate,20
Services | Page 2 | dmv,/services/contest/page_view_timing/spa/ajax/metrics/spa/page_action,16
Services | Page 2 | dmv,/services/contest/session_trace/page_view_event/ajax/metrics/jserrors/modules/system/privacy.cookies_enabled,8
Services | Page 2 | dmv,/services/contest/session_trace/spa/ajax/aggregate,3
Services | Page 2 | dmv,/services/contest/session_trace/spa/metrics/page_view_event/ajax/page_view_event/spa/session_trace/javascript:,2
Services | Page 2 | dmv,/services/contest/sites/all/themes/omega/alpha/css/alpha-reset.css,12
Services | Page 2 | dmv,/services/contest/spa/ajax/session_trace/aggregate,36
Services | Page 2 | dmv,/services/contest/spa/page_view_event/spa/page_view_timing/API/start/API/application.version,2
Services | Page 2 | dmv,/services/contest/spa/page_view_event/spa/page_view_timing/modules/comment/API/privacy.cookies_enabled,1
Services | Page 2 | dmv,/services/contest/spa/session_trace/spa/metrics/aggregate,2
Services | Page 2 | dmv,/services/contest_tickets,20
Services | Page 2 | dmv,/services/contests,18
Services | Page 2 | dmv,/services/contesttickets.,1
Services | Page 2 | dmv,/services/contest–tickets,16
Services | Page 2 | dmv,/services/contesy-tickets,14
Services | Page 2 | dmv,/services/contrst-ticlets,23
Services | Page 2 | dmv,/services/cotest-ticket,1
Services | Page 2 | dmv,/services/cotest.tickets,1
Services | Page 2 | dmv,/services/cpmtest-tickets,2
Services | Page 2 | dmv,/services/criminal-matters/traffic-violations,2
Services | Page 2 | dmv,/services/designating-beneficiary,4
Services | Page 2 | dmv,/services/driver_services/API/API/noticeError/modules/user/modules/system/otr.cfo,1
Services | Page 2 | dmv,/services/driver_services/API/API/sites/all/modules/google_analytics/API,4
Services | Page 2 | dmv,/services/driver_services/API/API/sites/all/modules/google_analytics/metrics/ajax/spa/page_view_timing/page_action/session_trace/aggregate,5
Services | Page 2 | dmv,/services/driver_services/API/start/sites/all/modules/google_analytics/API,3
Services | Page 2 | dmv,/services/driver_services/ajax/jserrors/aggregate,4
Services | Page 2 | dmv,/services/driver_services/ajax/session_trace/modules/comment/API/start,4
Services | Page 2 | dmv,/services/driver_services/drivers_license,2
Services | Page 2 | dmv,/services/driver_services/drivers_license/API/noticeError/called,16
Services | Page 2 | dmv,/services/driver_services/drivers_license/API/noticeError/modules/comment/API/application.version,3
Services | Page 2 | dmv,/services/driver_services/drivers_license/modules/comment/API/noticeError/API/API,41
Services | Page 2 | dmv,/services/driver_services/jserrors/metrics/API/privacy.cookies_enabled,1
Services | Page 2 | dmv,/services/driver_services/jserrors/page_view_timing/ajax/aggregate,1
Services | Page 2 | dmv,/services/driver_services/modules/comment/API/modules/user/API,38
Services | Page 2 | dmv,/services/driver_services/modules/comment/sites/all/modules/google_analytics/googleanalytics.js,1
Services | Page 2 | dmv,/services/driver_services/session_trace/spa/metrics/API/modules/user/application.version,8
Services | Page 2 | dmv,/services/driver_services/spa/jserrors/metrics/page_view_timing/ajax/page_view_event/spa/aggregate,11
Services | Page 2 | dmv,/services/driver_services/spa/metrics/session_trace/session_trace/javascript:,8
Services | Page 2 | dmv,/services/driver_services/spa/spa/metrics/jserrors/page_view_event/page_view_timing/page_view_timing/metrics/session_trace/aggregate,3
Services | Page 2 | dmv,/services/javascript:;,18
Services | Page 2 | dmv,/services/jserrors/ajax/page_action/ajax/spa/session_trace/API/API,37
Services | Page 2 | dmv,/services/jserrors/ajax/page_action/page_view_timing/page_action/modules/system/API/application.version,1
Services | Page 2 | dmv,/services/jserrors/jserrors/spa/metrics/page_view_timing/spa/aggregate,5
Services | Page 2 | dmv,/services/jserrors/page_action/page_view_timing/ajax/ajax/aggregate,38
Services | Page 2 | dmv,/services/jserrors/page_view_event/page_view_timing/metrics/ajax/spa/aggregate,1
Services | Page 2 | dmv,/services/jserrors/page_view_timing/page_action/metrics/ajax/jserrors/aggregate,33
Services | Page 2 | dmv,/services/jserrors/page_view_timing/page_action/session_trace/jserrors/API/privacy.cookies_enabled,5
Services | Page 2 | dmv,/services/jserrors/page_view_timing/page_view_event/page_view_event/jserrors/API,2
Services | Page 2 | dmv,/services/jserrors/page_view_timing/spa/spa/metrics/aggregate,1
Services | Page 2 | dmv,/services/jserrors/spa/ajax/page_view_event/page_action/session_trace/page_view_event/aggregate,1
Services | Page 2 | dmv,/services/jserrors/spa/page_action/jserrors/ajax/metrics/page_view_timing/metrics/page_view_event/aggregate,20
Services | Page 2 | dmv,/services/jserrors/spa/page_action/jserrors/metrics/page_action/aggregate,20
Services | Page 2 | dmv,/services/jserrors/spa/page_view_timing/metrics/metrics/session_trace/page_action/aggregate,3
Services | Page 2 | dmv,/services/lara/info.php,1
Services | Page 2 | dmv,/services/metrics/ajax/page_action/aggregate,4
Services | Page 2 | dmv,/services/metrics/ajax/page_view_timing/page_view_event/API/noticeError/called,3
Services | Page 2 | dmv,/services/metrics/ajax/page_view_timing/spa/page_action/aggregate,15
Services | Page 2 | dmv,/services/metrics/jserrors/page_action/page_view_timing/ajax/aggregate,1
Services | Page 2 | dmv,/services/metrics/jserrors/session_trace/aggregate,1
Services | Page 2 | dmv,/services/metrics/jserrors/session_trace/modules/user/API/start/API/application.version,22
Services | Page 2 | dmv,/services/metrics/jserrors/session_trace/spa/API/start/API,2
Services | Page 2 | dmv,/services/metrics/jserrors/session_trace/spa/privacy.cookies_enabled,2
Services | Page 2 | dmv,/services/metrics/jserrors/spa/metrics/session_trace/page_action/aggregate,1
Services | Page 2 | dmv,/services/metrics/metrics/session_trace/spa/spa/modules/comment/API/otr.cfo,24
Services | Page 2 | dmv,/services/metrics/modules/system,3
Services | Page 2 | dmv,/services/metrics/page_action/spa/aggregate,1
Services | Page 2 | dmv,/services/metrics/page_view_event/aggregate,0
Services | Page 2 | dmv,/services/metrics/page_view_event/ajax/page_view_timing/aggregate,8
Services | Page 2 | dmv,/services/metrics/page_view_event/jserrors/page_view_event,2
Services | Page 2 | dmv,/services/metrics/page_view_event/jserrors/page_view_event/API/start/session_trace.enabled,2
Services | Page 2 | dmv,/services/metrics/page_view_event/jserrors/page_view_event/otr.cfo,9
Services | Page 2 | dmv,/services/metrics/page_view_event/spa/page_view_timing/spa/aggregate,15
Services | Page 2 | dmv,/services/metrics/page_view_timing/jserrors/jserrors/metrics/aggregate,4
Services | Page 2 | dmv,/services/metrics/session_trace/javascript:;,1
Services | Page 2 | dmv,/services/metrics/session_trace/metrics/aggregate,34
Services | Page 2 | dmv,/services/metrics/session_trace/metrics/modules/comment/API/API/privacy.cookies_enabled,3
Services | Page 2 | dmv,/services/metrics/session_trace/spa/spa,10
Services | Page 2 | dmv,/services/metrics/spa/session_trace/modules/system/modules/comment/comment.css,1
Services | Page 2 | dmv,/services/modules/comment/API/API/noticeError/modules/system/session_trace.enabled,2
Services | Page 2 | dmv,/services/modules/comment/API/Generic/page_action/metrics/spa/session_trace/page_view_timing/page_view_event/aggregate,9
Services | Page 2 | dmv,/services/modules/comment/API/modules/system,1
Services | Page 2 | dmv,/services/modules/comment/modules/user/API/API/start/otr.cfo,1
Services | Page 2 | dmv,/services/modules/node/n,3
Services | Page 2 | dmv,/services/modules/system,22
Services | Page 2 | dmv,/services/modules/system/API/modules/comment/session_trace.enabled,10
Services | Page 2 | dmv,/services/modules/system/API/noticeError/modules/system/API/start,17
Services | Page 2 | dmv,/services/modules/system/API/pauseReplay/modules/system/otr.cfo,3
Services | Page 2 | dmv,/services/modules/system/API/start/API/modules/system/session_trace.enabled,4
Services | Page 2 | dmv,/services/modules/system/API/start/API/noticeError/session_trace.enabled,2
Services | Page 2 | dmv,/services/modules/system/metrics/modules/comment/javascript:,11
Services | Page 2 | dmv,/services/modules/system/modules/system/API/API,2
Services | Page 2 | dmv,/services/modules/system/page_view_timing/page_action/aggregate,2
Services | Page 2 | dmv,/services/modules/user/API/API/noticeError/modules/user/otr.cfo,1
Services | Page 2 | dmv,/services/modules/user/API/ajax/metrics/spa/page_action/aggregate,62
Services | Page 2 | dmv,/services/modules/user/API/ajax/page_view_timing/spa/jserrors/session_trace/session_trace/page_view_event/jserrors/spa/aggregate,23
Services | Page 2 | dmv,/services/modules/user/API/modules/comment/API/API,1
Services | Page 2 | dmv,/services/modules/user/API/page_view_timing/page_action/ajax/jserrors/session_trace/metrics/spa/page_view_event/metrics,72
Services | Page 2 | dmv,/services/modules/user/API/page_view_timing/page_action/session_trace/page_view_event/aggregate,15
Services | Page 2 | dmv,/services/modules/user/API/page_view_timing/page_view_timing/spa/page_view_event/metrics/page_view_event/aggregate,5
Services | Page 2 | dmv,/services/modules/user/API/start/modules/system/API/start,16
Services | Page 2 | dmv,/services/modules/user/modules/comment/API/modules/system,4
Services | Page 2 | dmv,/services/modules/user/privacy.cookies_enabled,20
Services | Page 2 | dmv,/services/modules/user/sites/all/themes/omega/alpha/css/otr.cfo,10
Services | Page 2 | dmv,/services/modules/vendor/phpunit/phpunit/LICENSE/spa/jserrors/session_trace/metrics/ajax/aggregate,6
Services | Page 2 | dmv,/services/old_phpinfo.php,6
Services | Page 2 | dmv,/services/p,1
Services | Page 2 | dmv,/services/p/ajax/jserrors/session_trace/page_view_event/spa/page_view_timing/aggregate,1
Services | Page 2 | dmv,/services/p/ajax/page_action/ajax/%3Cmy_tag_920f154bb1a5c2bcb6173b2fb7cc25ae,1
Services | Page 2 | dmv,/services/p/jserrors/ajax/page_view_timing/metrics/page_action/spa/javascript:,8
Services | Page 2 | dmv,/services/p/jserrors/page_view_timing/session_trace/metrics/page_view_timing/metrics/ajax/ajax/aggregate,6
Services | Page 2 | dmv,/services/p/page_view_event/session_trace/page_action/ajax/page_action/spa/metrics/jserrors/page_view_timing/metrics/aggregate,1
Services | Page 2 | dmv,/services/p/page_view_event/session_trace/spa/page_action/jserrors/ajax/otr.cfo,40
Services | Page 2 | dmv,/services/p/page_view_event/spa/jserrors/aggregate,1
Services | Page 2 | dmv,/services/p/session_trace/page_view_event/page_view_timing/jserrors/metrics/aggregate,4
Services | Page 2 | dmv,/services/p/spa/ajax/page_action/metrics/API/start,1
Services | Page 2 | dmv,/services/pack-tickets,10
Services | Page 2 | dmv,/services/page_action/jserrors/metrics/session_trace/page_view_event/aggregate,6
Services | Page 2 | dmv,/services/page_action/metrics/jserrors/page_action/metrics/aggregate,8
Services | Page 2 | dmv,/services/page_action/page_action/page_view_timing/API/&quot;https:/www.google.com/cse/static/images/1x/en/branding.png&quot;,2
Services | Page 2 | dmv,/services/page_action/page_view_event/jserrors/metrics/spa/page_action/spa/aggregate,2
Services | Page 2 | dmv,/services/page_action/page_view_event/page_action/jserrors/jserrors/ajax/page_view_event/javascript:;,2
Services | Page 2 | dmv,/services/page_action/page_view_event/page_view_event/modules/comment/API/noticeError/called,2
Services | Page 2 | dmv,/services/page_action/spa,5
Services | Page 2 | dmv,/services/page_action/spa/jserrors/API/start/modules/comment/application.version,42
Services | Page 2 | dmv,/services/page_action/spa/page_view_event/modules/comment/session_trace.enabled,6
Services | Page 2 | dmv,/services/page_action/spa/page_view_timing/modules/system/application.version,1
Services | Page 2 | dmv,/services/page_view_event/ajax/metrics/modules/comment/API/start/session_trace.enabled,1
Services | Page 2 | dmv,/services/page_view_event/jserrors/page_view_timing/spa/metrics/aggregate,1
Services | Page 2 | dmv,/services/page_view_event/metrics/metrics/page_view_timing/ajax/page_view_event/spa/spa/ajax/aggregate,3
Services | Page 2 | dmv,/services/page_view_event/metrics/page_action/session_trace/aggregate,23
Services | Page 2 | dmv,/services/page_view_event/metrics/page_view_event/spa/page_action/API/API/noticeError/session_trace.enabled,5
Services | Page 2 | dmv,/services/page_view_event/metrics/session_trace/API,5
Services | Page 2 | dmv,/services/page_view_event/metrics/spa/metrics/aggregate,48
Services | Page 2 | dmv,/services/page_view_event/page_view_timing/metrics/API/modules/user/API,1
Services | Page 2 | dmv,/services/page_view_event/page_view_timing/metrics/API/session_trace.enabled,47
Services | Page 2 | dmv,/services/page_view_event/page_view_timing/metrics/session_trace/page_view_timing/API/start/session_trace.enabled,4
Services | Page 2 | dmv,/services/page_view_event/page_view_timing/metrics/spa/jserrors/API/recordReplay/called,3
Services | Page 2 | dmv,/services/page_view_event/session_trace/page_view_timing/ajax/spa/metrics/aggregate,19
Services | Page 2 | dmv,/services/page_view_event/spa/jserrors/aggregate,2
Services | Page 2 | dmv,/services/page_view_event/spa/page_action/ajax/aggregate,2
Services | Page 2 | dmv,/services/page_view_event/spa/page_view_event/page_view_timing/page_view_timing/API/API/privacy.cookies_enabled,1
Services | Page 2 | dmv,/services/page_view_timing/ajax/session_trace/metrics/metrics/spa/API/API/application.version,1
Services | Page 2 | dmv,/services/page_view_timing/jserrors/ajax/page_action/jserrors/aggregate,1
Services | Page 2 | dmv,/services/page_view_timing/jserrors/page_view_event/metrics/page_view_event/aggregate,10
Services | Page 2 | dmv,/services/page_view_timing/jserrors/page_view_event/page_action/API/logging,1
Services | Page 2 | dmv,/services/page_view_timing/jserrors/page_view_event/spa/page_action/aggregate,1
Services | Page 2 | dmv,/services/page_view_timing/jserrors/page_view_timing,5
Services | Page 2 | dmv,/services/page_view_timing/metrics/page_view_timing/session_trace/page_action/jserrors/javascript:,16
Services | Page 2 | dmv,/services/page_view_timing/page_action,21
Services | Page 2 | dmv,/services/page_view_timing/page_action/page_view_event/metrics/page_view_timing,20
Services | Page 2 | dmv,/services/page_view_timing/page_view_event/page_view_timing/page_action/API,18
Services | Page 2 | dmv,/services/page_view_timing/page_view_timing/metrics/jserrors/metrics/API/noticeError/session_trace.enabled,19
Services | Page 2 | dmv,/services/page_view_timing/session_trace/page_action/jserrors/javascript:,3
Services | Page 2 | dmv,/services/page_view_timing/session_trace/page_view_event/jserrors/metrics/spa,16
Services | Page 2 | dmv,/services/page_view_timing/session_trace/session_trace/modules/comment/API/modules/user/otr.cfo,1
Services | Page 2 | dmv,/services/page_view_timing/session_trace/session_trace/modules/user/API/modules/comment/application.version,10
Services | Page 2 | dmv,/services/page_view_timing/spa/ajax/ajax/h6s5xefabn4w.php,9
Services | Page 2 | dmv,/services/page_view_timing/spa/ajax/ajax/modules/user/privacy.cookies_enabled,26
Services | Page 2 | dmv,/services/page_view_timing/spa/ajax/modules/system/privacy.cookies_enabled,12
Services | Page 2 | dmv,/services/pay-contest/API/noticeError/API/modules/user/privacy.cookies_enabled,1
Services | Page 2 | dmv,/services/pay-contest/API/noticeError/API/start/session_trace.enabled,1
Services | Page 2 | dmv,/services/pay-contest/API/noticeError/sites/all/modules/google_analytics/API/application.version,10
Services | Page 2 | dmv,/services/pay-contest/modules/system/modules/comment/API/API,6
Services | Page 2 | dmv,/services/pay-contest/modules/user/API/noticeError/API/start/API,10
Services | Page 2 | dmv,/services/pay-contest/sites/all/modules/panels/css/modules/user/application.version,1
Services | Page 2 | dmv,/services/pay-teckets,10
Services | Page 2 | dmv,/services/pay-teickets,8
Services | Page 2 | dmv,/services/pay-tic,4
Services | Page 2 | dmv,/services/pay-tickects,3
Services | Page 2 | dmv,/services/pay-tickerts,2
Services | Page 2 | dmv,/services/pay-tickes,27
Services | Page 2 | dmv,/services/pay-tickets%25252527,2
Services | Page 2 | dmv,/services/pay-tickets%2527,4
Services | Page 2 | dmv,/services/pay-ticklets,6
Services | Page 2 | dmv,/services/pay-ticksts,68
Services | Page 2 | dmv,/services/pay-ticktes,1
Services | Page 2 | dmv,/services/pay-ticktets,18
Services | Page 2 | dmv,/services/pay-tickwta,4
Services | Page 2 | dmv,/services/pay-ticvkets,30
Services | Page 2 | dmv,/services/pay-tikets,10
Services | Page 2 | dmv,/services/pay-tockets.,43
Services | Page 2 | dmv,/services/pay-toclets,15
Services | Page 2 | dmv,/services/pay.tickets,22
Services | Page 2 | dmv,/services/pay/API/API/start/API/start/application.version,6
Services | Page 2 | dmv,/services/pay/API/ajax/session_trace/metrics/page_action/page_view_event/spa/aggregate,30
Services | Page 2 | dmv,/services/pay/API/modules/system/modules/system/otr.cfo,24
Services | Page 2 | dmv,/services/pay/API/noticeError/API/modules/comment/API,15
Services | Page 2 | dmv,/services/pay/API/session_trace/jserrors/page_view_timing/page_action/page_view_event/spa/session_trace/jserrors/ajax/ajax/spa/aggregate,7
Services | Page 2 | dmv,/services/pay/API/session_trace/privacy.cookies_enabled,32
Services | Page 2 | dmv,/services/pay/API/spa/ajax/page_view_timing/metrics/aggregate,2
Services | Page 2 | dmv,/services/pay/API/spa/page_view_event/spa/jserrors/aggregate,41
Services | Page 2 | dmv,/services/pay/ajax/page_view_timing/page_view_event/jserrors/spa/ajax/page_view_event/aggregate,3
Services | Page 2 | dmv,/services/pay/ajax/spa/jserrors/page_action/aggregate,1
Services | Page 2 | dmv,/services/pay/jserrors/ajax/page_view_event/ajax/metrics/spa/spa/page_view_event/page_view_timing/session_trace/aggregate,3
Services | Page 2 | dmv,/services/pay/jserrors/page_action/page_action/API/API/noticeError/API,1
Services | Page 2 | dmv,/services/pay/jserrors/page_action/page_action/aggregate,3
Services | Page 2 | dmv,/services/pay/jserrors/page_view_timing/ajax/page_view_event/aggregate,3
Services | Page 2 | dmv,/services/pay/modules/system/API/page_view_event/aggregate,46
Services | Page 2 | dmv,/services/pay/modules/user/API/metrics/page_view_event/spa/page_view_timing/metrics/session_trace/jserrors/page_view_event/session_trace/page_action/jserrors/aggregate,1
Services | Page 2 | dmv,/services/pay/page_view_event/ajax/aggregate,1
Services | Page 2 | dmv,/services/pay/page_view_event/jserrors/session_trace/aggregate,1
Services | Page 2 | dmv,/services/pay/page_view_timing/page_view_event/page_action/aggregate,29
Services | Page 2 | dmv,/services/pay/sites/all/modules/ckeditor/css/api/spa/browser/logs,2
Services | Page 2 | dmv,/services/pay/sites/all/modules/google_analytics/page_action/aggregate,6
Services | Page 2 | dmv,/services/pay/sites/all/themes/omega/omega/js/API/otr.cfo,2
Services | Page 2 | dmv,/services/pay/spa/sites/all/themes/omega/omega/css/session_trace.enabled,32
Services | Page 2 | dmv,/services/pay_-ickets,5
Services | Page 2 | dmv,/services/payticketsail/u/jserrors/session_trace/metrics/spa/page_action/page_view_timing/ajax/aggregate,8
Services | Page 2 | dmv,/services/payticketsail/u/page_view_timing/metrics/page_view_timing/javascript:;,1
Services | Page 2 | dmv,/services/ppay-tickets,11
Services | Page 2 | dmv,/services/registration-email-ticket-alert-service-tas,29
Services | Page 2 | dmv,/services/renewals,42
Services | Page 2 | dmv,/services/respond-ticket,16
Services | Page 2 | dmv,/services/responsive-calendar.ashx,1
Services | Page 2 | dmv,/services/service/jserrors/metrics/session_trace/page_view_event/metrics/spa/page_view_event/aggregate,1
Services | Page 2 | dmv,/services/service/modules/comment/API/API/privacy.cookies_enabled,21
Services | Page 2 | dmv,/services/service/modules/user/API/modules/user/otr.cfo>,4
Services | Page 2 | dmv,/services/service/modules/user/API/modules/user/otr.cfo>;,8
Services | Page 2 | dmv,/services/service/modules/user/API/noticeError/modules/system/API,1
Services | Page 2 | dmv,/services/service/page_action/metrics/page_view_event/page_view_timing/spa/aggregate,12
Services | Page 2 | dmv,/services/service/page_action/session_trace/aggregate,3
Services | Page 2 | dmv,/services/service/page_action/spa/jserrors,7
Services | Page 2 | dmv,/services/service/page_action/spa/page_action/page_view_timing/spa/aggregate,1
Services | Page 2 | dmv,/services/service/page_action/spa/page_action/session_trace/aggregate,2
Services | Page 2 | dmv,/services/service/page_view_event/ajax/page_view_timing/spa/spa/aggregate,1
Services | Page 2 | dmv,/services/service/page_view_timing/jserrors/metrics/jserrors/ajax/aggregate,12
Services | Page 2 | dmv,/services/service/page_view_timing/metrics/spa/ajax/jserrors/modules/user/privacy.cookies_enabled,4
Services | Page 2 | dmv,/services/service/page_view_timing/session_trace/page_view_event/page_view_timing/session_trace.enabled,4
Services | Page 2 | dmv,/services/service/pay-tickets,10
Services | Page 2 | dmv,/services/service/session_trace/ajax,7
Services | Page 2 | dmv,/services/service/sites/all/modules/ctools,18
Services | Page 2 | dmv,/services/service/sites/all/modules/ctools/css,15
Services | Page 2 | dmv,/services/services/jserrors/page_action/metrics/page_view_event/aggregate,1
Services | Page 2 | dmv,/services/services/jserrors/page_view_timing/session_trace/ajax/page_view_event/ajax/page_view_timing/spa/aggregate,29
Services | Page 2 | dmv,/services/services/page_action/jserrors/metrics/session_trace/ajax/spa/session_trace/page_view_event/javascript:,1
Services | Page 2 | dmv,/services/services/page_view_event/jserrors/page_view_timing/spa/metrics/aggregate,32
Services | Page 2 | dmv,/services/services/session_trace/spa/sites/all/modules/google_analytics/session_trace.enabled,1
Services | Page 2 | dmv,/services/services/spa/jserrors/ajax/aggregate,1
Services | Page 2 | dmv,/services/session_trace.enabled,1
Services | Page 2 | dmv,/services/session_trace/API/start/modules/system/API/start/privacy.cookies_enabled,2
Services | Page 2 | dmv,/services/session_trace/ajax/ajax/metrics/aggregate,1
Services | Page 2 | dmv,/services/session_trace/ajax/page_view_event/API/start/modules/comment/session_trace.enabled,42
Services | Page 2 | dmv,/services/session_trace/jserrors/aggregate,1
Services | Page 2 | dmv,/services/session_trace/metrics/page_view_event/page_view_timing/jserrors/API,28
Services | Page 2 | dmv,/services/session_trace/metrics/page_view_timing/jserrors/aggregate,2
Services | Page 2 | dmv,/services/session_trace/metrics/session_trace/API/API/start,5
Services | Page 2 | dmv,/services/session_trace/metrics/spa/spa/aggregate,2
Services | Page 2 | dmv,/services/session_trace/page_view_event/aggregate,37
Services | Page 2 | dmv,/services/session_trace/page_view_timing,27
Services | Page 2 | dmv,/services/session_trace/page_view_timing/page_view_event/ajax/page_action,10
Services | Page 2 | dmv,/services/session_trace/page_view_timing/session_trace/page_view_event/API/noticeError,15
Services | Page 2 | dmv,/services/session_trace/page_view_timing/session_trace/page_view_event/modules/system/API/API,8
Services | Page 2 | dmv,/services/session_trace/session_trace/spa/page_view_timing/aggregate,44
Services | Page 2 | dmv,/services/session_trace/spa/jserrors/page_action/jserrors,6
Services | Page 2 | dmv,/services/signature/modules/system/API/modules/user/API,1
Services | Page 2 | dmv,/services/signature/modules/system/modules/user/API/start,1
Services | Page 2 | dmv,/services/sites/all/modules/ckeditor/css/API/jserrors/ajax/page_view_event/aggregate,39
Services | Page 2 | dmv,/services/sites/all/modules/ckeditor/css/API/jserrors/page_view_timing/session_trace/metrics/page_view_event/page_action/aggregate,20
Services | Page 2 | dmv,/services/sites/all/modules/ckeditor/css/API/jserrors/page_view_timing/spa/session_trace/page_action/page_view_event/spa/ajax/aggregate,7
Services | Page 2 | dmv,/services/sites/all/modules/ckeditor/css/API/spa/session_trace/page_view_event/page_action/page_view_timing/ajax/page_view_event/aggregate,26
Services | Page 2 | dmv,/services/sites/all/modules/ctools/css/modules/user/API,48
Services | Page 2 | dmv,/services/sites/all/modules/google_analytics/API/session_trace/metrics/spa/metrics/jserrors/page_view_timing/page_action/aggregate,1
Services | Page 2 | dmv,/services/sites/all/modules/google_analytics/modules/comment/otr.cfo,12
Services | Page 2 | dmv,/services/sites/all/modules/panels/css/API,1
Services | Page 2 | dmv,/services/sites/all/modules/panels/css/API/start,1
Services | Page 2 | dmv,/services/sites/all/themes/omega/alpha/css/API,5
Services | Page 2 | dmv,/services/sites/all/themes/omega/omega/css/API/1228.PROD,16
Services | Page 2 | dmv,/services/spa,12
Services | Page 2 | dmv,/services/spa/ajax/jserrors/ajax/page_view_event/aggregate,19
Services | Page 2 | dmv,/services/spa/ajax/jserrors/metrics/page_action/spa/ajax/session_trace/aggregate,3
Services | Page 2 | dmv,/services/spa/ajax/jserrors/spa/API/API/noticeError/called,1
Services | Page 2 | dmv,/services/spa/ajax/page_view_event/page_view_event/aggregate,2
Services | Page 2 | dmv,/services/spa/jserrors/session_trace/ajax/API,10
Services | Page 2 | dmv,/services/spa/metrics/metrics/jserrors/aggregate,4
Services | Page 2 | dmv,/services/spa/metrics/session_trace/modules/system/modules/comment/API,5
Services | Page 2 | dmv,/services/spa/modules/comment/API/start/session_trace.enabled,27
Services | Page 2 | dmv,/services/spa/modules/user/API/noticeError/API/noticeError/<my_tag_edbd68b9609ca36c07bb6c47db5349aa/>,1
Services | Page 2 | dmv,/services/spa/page_action/API/start/otr.cfo,10
Services | Page 2 | dmv,/services/spa/page_action/metrics/page_action/API/noticeError/modules/user/privacy.cookies_enabled,2
Services | Page 2 | dmv,/services/spa/page_view_event/jserrors/page_action/metrics/page_action/aggregate,16
Services | Page 2 | dmv,/services/spa/page_view_event/page_action/jserrors/metrics/page_view_timing/aggregate,4
Services | Page 2 | dmv,/services/spa/spa/aggregate,5
Services | Page 2 | dmv,/services/ticekt,1
Services | Page 2 | dmv,/services/ticket/API/modules/system/API/modules/system/otr.cfo,2
Services | Page 2 | dmv,/services/ticket/API/modules/user/API/modules/comment/API,4
Services | Page 2 | dmv,/services/ticket/API/sites/all/modules/panels/css/ajax/session_trace/page_view_timing/metrics/jserrors/aggregate,10
Services | Page 2 | dmv,/services/ticket/API/sites/all/modules/panels/css/page_action/session_trace/page_action/aggregate,3
Services | Page 2 | dmv,/services/ticket/modules/system/API,1
Services | Page 2 | dmv,/services/ticket/modules/system/API/noticeError/API,6
Services | Page 2 | dmv,/services/ticket/modules/system/API/noticeError/page_view_event/metrics/session_trace/jserrors,9
Services | Page 2 | dmv,/services/ticket/modules/user/modules/system/API/API,11
Services | Page 2 | dmv,/services/ticket/modules/user/otr.cfo,2
Services | Page 2 | dmv,/services/ticket/page_view_timing/page_view_event/metrics/aggregate,32
Services | Page 2 | dmv,/services/ticket/parking_contesttix_moving.shtm,1
Services | Page 2 | dmv,/services/user/jserrors/page_action/session_trace/spa/ajax/page_view_event/jserrors/page_view_event/spa/page_action/ajax/aggregate,11
Services | Page 2 | dmv,/services/user/jserrors/page_view_timing/metrics/page_action/ajax/modules/comment/application.version,32
Services | Page 2 | dmv,/services/user/page_view_event/page_action/page_view_timing/metrics/aggregate,1
Services | Page 2 | dmv,/services/user/page_view_event/session_trace/session_trace/API/modules/system/session_trace.enabled,27
Services | Page 2 | dmv,/services/user/page_view_event/session_trace/session_trace/API/start/API/start,3
Services | Page 2 | dmv,/services/user/page_view_event/session_trace/session_trace/aggregate,1
Services | Page 2 | dmv,/services/vontest/sites/all/modules/google_analytics/API/noticeError/spa/page_view_timing/ajax/page_view_timing/page_view_event/session_trace/aggregate,14
Services | Page 2 | dmv,/services/vontest/sites/all/themes/omega/omega/js/API/session_trace.enabled,2
Services | Page 2 | dmv,/services/wp-includes/css/page_view_timing/spa/page_action/ajax/jserrors/session_trace/privacy.cookies_enabled,2
Services | Page 2 | dmv,/vi/services,3
Services | Page 3 | dmv,"/services /modules/system/API/start/modules/user/API/url(""https:",1
Services | Page 3 | dmv,"/services/>""'><my_tag_8b805b7959cadb813f1ac837f9899cc2/>",21
Services | Page 3 | dmv,"/services/contest/API/modules/system/modules/user/url(""https:",2
Services | Page 3 | dmv,"/services/metrics/ajax/spa/page_view_event/page_action/session_trace/url(""https:/dmv.dc.gov/sites/all/themes/omega/alpha/css/grid/alpha_default",7
Services | Page 3 | dmv,"/services/modules/vendor/phpunit/phpunit/LICENSE/spa/jserrors/page_action/spa/page_view_event/metrics/url(""h",1
Services | Page 3 | dmv,"/services/pay/spa/page_view_timing/page_view_timing/jserrors/url(""https:/dmv.dc.gov/sites/all/themes/d",1
Services | Page 3 | dmv,"/services/service/page_action/session_trace/metrics/metrics/spa/page_view_timing/ajax/page_view_timing/page_action/url(""https:/dmv.dc.gov/sites/all/themes/omega/alpha/css/grid/alpha_default/wide/alpha-default-wide-",3
Services | Page 3 | dmv,"/services/sites/all/modules/google_analytics/url(""https:/dmv.dc.gov/sites/all/themes/omega/alpha/css/alpha-re",9
Services | Page 3 | dmv,"/services/vontest/sites/all/modules/ctools/css/API/url(""https:/dmv.dc.gov/modules/search",7
Services | Page 3 | dmv,/SERVICES/jserrors/spa/session_trace/page_action/page_view_event/page_view_event/aggregate,1
Services | Page 3 | dmv,/SERVICES/metrics/page_action/jserrors/page_view_event/spa/metrics/page_action/page_view_timing/aggregate,11
Services | Page 3 | dmv,/SERVICES/metrics/page_action/session_trace/page_view_timing/page_action/aggregate,2
Services | Page 3 | dmv,/SERVICES/metrics/page_view_event/session_trace/ajax/jserrors/page_action/ajax/page_view_timing/page_view_event/spa/aggregate,2
Services | Page 3 | dmv,/SERVICES/page_view_timing/session_trace/metrics/page_view_timing/jserrors/aggregate,1
Services | Page 3 | dmv,/SERVICES/spa/ajax/page_view_event/metrics/aggregate,1
Services | Page 3 | dmv,/SERVICES/spa/page_action/page_view_event/session_trace/page_view_timing/aggregate,2
Services | Page 3 | dmv,/SERVICES/spa/page_view_timing/page_action/metrics/aggregate,4
Services | Page 3 | dmv,/SERVICES/spa/page_view_timing/page_action/page_view_timing/page_view_event/aggregate,10
Services | Page 3 | dmv,/Services/jserrors/ajax/ajax/spa/session_trace/metrics/page_view_timing/jserrors/aggregate,4
Services | Page 3 | dmv,/Services/jserrors/ajax/metrics/metrics/page_view_event/aggregate,6
Services | Page 3 | dmv,/Services/metrics/spa/ajax/session_trace/aggregate,2
Services | Page 3 | dmv,/Services/page_action/spa/page_view_event/aggregate,7
Services | Page 3 | dmv,/Services/page_view_event/metrics/session_trace/ajax/page_action/ajax/session_trace/page_view_event/aggregate,6
Services | Page 3 | dmv,/Services/page_view_event/page_view_timing/metrics/jserrors/spa/ajax/aggregate,1
Services | Page 3 | dmv,/Services/page_view_event/spa/page_view_event/session_trace/session_trace/aggregate,1
Services | Page 3 | dmv,/Services/page_view_timing/metrics/page_view_event/aggregate,12
Services | Page 3 | dmv,/Services/page_view_timing/page_action/<my_tag_48f797903ceb222eeff7d29d09a1f6e3/>,3
Services | Page 3 | dmv,/Services/page_view_timing/page_action/page_view_event/spa,6
Services | Page 3 | dmv,/Services/page_view_timing/page_action/page_view_event/spa/aggregate,2
Services | Page 3 | dmv,/Services/page_view_timing/spa/page_view_event/page_action/ajax/aggregate,8
Services | Page 3 | dmv,/Services/session_trace/page_view_timing/page_view_event/ajax/page_action,9
Services | Page 3 | dmv,/Services/spa/ajax/session_trace/page_view_timing/page_view_event/page_action/page_view_timing/metrics/jserrors/ajax,3
Services | Page 3 | dmv,/Services/spa/page_action/page_view_event/page_view_timing/jserrors/ajax/session_trace/metrics/ajax/page_action/session_trace/aggregate,5
Services | Page 3 | dmv,/Services/spa/page_action/page_view_timing/page_action/aggregate,2
Services | Page 3 | dmv,/fr/services,1
Services | Page 3 | dmv,/services /API/noticeError/sites/all/themes/omega/omega/js/otr.cfo,1
Services | Page 3 | dmv,/services /API/sites/all/themes/omega/alpha/css/otr.cfo,1
Services | Page 3 | dmv,/services /javascript:,1
Services | Page 3 | dmv,/services/956960@,6
Services | Page 3 | dmv,/services/<my_tag_a25206fd830b5a0d34542440d4dfbd79/>,2
Services | Page 3 | dmv,/services/<my_tag_e32e59703b83d8877d161e87d8276d6e/>,3
Services | Page 3 | dmv,/services/API/API,4
Services | Page 3 | dmv,/services/API/API/modules/user/application.version,1
Services | Page 3 | dmv,/services/API/API/noticeError/jserrors/metrics/ajax/page_view_event/jserrors/page_action,2
Services | Page 3 | dmv,/services/API/API/noticeError/jserrors/metrics/session_trace/aggregate,3
Services | Page 3 | dmv,/services/API/API/noticeError/modules/comment/session_trace/page_action/page_view_event/metrics/jserrors/aggregate,9
Services | Page 3 | dmv,/services/API/API/noticeError/modules/comment/spa/page_action/jserrors/aggregate,2
Services | Page 3 | dmv,/services/API/logging/API/pauseReplay/called,4
Services | Page 3 | dmv,/services/API/modules/user/API/noticeError/called,7
Services | Page 3 | dmv,/services/API/noticeError/sites/all/modules/google_analytics/modules/user/privacy.cookies_enabled,2
Services | Page 3 | dmv,/services/API/otr.cfo,2
Services | Page 3 | dmv,/services/API/privacy.cookies_enabled,15
Services | Page 3 | dmv,/services/API/recordReplay/API/modules,11
Services | Page 3 | dmv,/services/API/start,15
Services | Page 3 | dmv,/services/API/start/API/noticeError/modules/user/API,9
Services | Page 3 | dmv,/services/API/start/sites/all/modules/ctools/css/otr.cfo,2
Services | Page 3 | dmv,/services/CITAS,15
Services | Page 3 | dmv,/services/Framework/modules/system/page_view_timing/API/noticeError/API/start,5
Services | Page 3 | dmv,/services/Framework/modules/system/page_view_timing/ajax/page_action/page_view_event/page_view_event/metrics/page_view_timing/aggregate,3
Services | Page 3 | dmv,/services/Framework/modules/system/page_view_timing/page_view_event/page_action/session_trace/ajax,20
Services | Page 3 | dmv,/services/Framework/modules/system/page_view_timing/page_view_event/page_action/session_trace/ajax/page_view_timing/aggregate,2
Services | Page 3 | dmv,/services/Framework/modules/system/page_view_timing/page_view_event/page_action/session_trace/metrics/aggregate,5
Services | Page 3 | dmv,/services/Framework/modules/system/spa/page_action/jserrors/jserrors/spa/session_trace/page_view_event/aggregate,1
Services | Page 3 | dmv,/services/Framework/page_view_timing/jserrors/page_action/aggregate,9
Services | Page 3 | dmv,/services/Framework/page_view_timing/page_view_timing/page_view_event/modules/comment/session_trace.enabled,3
Services | Page 3 | dmv,/services/Framework/sites/all/modules/ctools/css/API/noticeError/called,1
Services | Page 3 | dmv,/services/Framework/sites/all/themes/omega/css/API,2
Services | Page 3 | dmv,/services/Generic/Obfuscate,4
Services | Page 3 | dmv,/services/Generic/Obfuscate/API/modules/user/modules/comment/session_trace.enabled,19
Services | Page 3 | dmv,/services/Generic/Obfuscate/modules/comment/API/noticeError/API/start,18
Services | Page 3 | dmv,/services/Generic/Obfuscate/modules/system/modules/system/API,3
Services | Page 3 | dmv,/services/Generic/Version/Framework/ajax/page_action/aggregate,12
Services | Page 3 | dmv,/services/Generic/Version/Framework/spa/spa/session_trace/browser/logs,2
Services | Page 3 | dmv,/services/ajax/jserrors/metrics/page_view_event/session_trace/page_action/page_action/aggregate,4
Services | Page 3 | dmv,/services/ajax/jserrors/page_action/page_view_timing/page_view_event/aggregate,2
Services | Page 3 | dmv,/services/ajax/jserrors/page_view_timing/API/API,2
Services | Page 3 | dmv,/services/ajax/page_view_event/page_view_timing/page_view_event/ajax/aggregate,1
Services | Page 3 | dmv,/services/ajax/page_view_timing/spa/otr.cfo,25
Services | Page 3 | dmv,/services/ajax/session_trace/jserrors/jserrors/page_view_timing/API/noticeError/otr.cfo,1
Services | Page 3 | dmv,/services/ajax/session_trace/modules/system/API,2
Services | Page 3 | dmv,/services/api/page_view_event/session_trace/API/otr.cfo,1
Services | Page 3 | dmv,/services/api/page_view_event/session_trace/API/sites/all/modules/google_analytics/privacy.cookies_enabled,1
Services | Page 3 | dmv,/services/api/spa/page_view_event/page_action/API/start/modules/comment/application.version,5
Services | Page 3 | dmv,/services/api/spa/page_view_event/page_action/aggregate,9
Services | Page 3 | dmv,/services/conest-ticket,1
Services | Page 3 | dmv,/services/contes-ticket,13
Services | Page 3 | dmv,/services/conteset-tickets104.18.40.1618/4/modules/system/modules/system/API/noticeError/called,16
Services | Page 3 | dmv,/services/contesr-tickets,6
Services | Page 3 | dmv,/services/contesr=tickets,3
Services | Page 3 | dmv,/services/contest-contest-tickets,11
Services | Page 3 | dmv,/services/contest-tickects,19
Services | Page 3 | dmv,/services/contest-ticketas,2
Services | Page 3 | dmv,/services/contest-ticketrs,1
Services | Page 3 | dmv,/services/contest-tickets/<my_tag_7e4227abe05ea617290e31e4c13028d2,4
Services | Page 3 | dmv,/services/contest-tickkets,4
Services | Page 3 | dmv,/services/contest-tiickets,14
Services | Page 3 | dmv,/services/contest-tikets.,5
Services | Page 3 | dmv,/services/contest.ticket,13
Services | Page 3 | dmv,/services/contest/API/modules/comment/modules/user/API,2
Services | Page 3 | dmv,/services/contest/API/noticeError/API/modules/system/API,15
Services | Page 3 | dmv,/services/contest/API/noticeError/modules/comment/API/API,3
Services | Page 3 | dmv,/services/contest/API/noticeError/modules/user/modules/user/API/otr.cfo,5
Services | Page 3 | dmv,/services/contest/API/noticeError/modules/user/session_trace/page_view_timing/page_action/page_view_event/ajax/page_view_event/aggregate,2
Services | Page 3 | dmv,/services/contest/API/noticeError/sites/all/modules/ckeditor/css/otr.cfo,9
Services | Page 3 | dmv,/services/contest/API/start/API/modules/system/modules/user/application.version,2
Services | Page 3 | dmv,/services/contest/API/start/modules/comment/API/modules/comment/application.version,2
Services | Page 3 | dmv,/services/contest/jserrors/ajax/metrics/ajax/page_view_timing,8
Services | Page 3 | dmv,/services/contest/jserrors/page_view_event/ajax/page_view_timing/API/noticeError/API/application.version,1
Services | Page 3 | dmv,/services/contest/jserrors/page_view_event/ajax/page_view_timing/aggregate,6
Services | Page 3 | dmv,/services/contest/modules/comment/API/modules/system/application.version,1
Services | Page 3 | dmv,/services/contest/modules/comment/metrics/spa/page_view_event/session_trace/javascript:,1
Services | Page 3 | dmv,/services/contest/modules/user/API/start/API/modules/comment/&quot;https:/www.google.com/cse/static/images/1x/en/branding.png&quot;,1
Services | Page 3 | dmv,/services/contest/page_action/metrics/session_trace.enabled,4
Services | Page 3 | dmv,/services/contest/page_view_event/page_action/modules/system/API,3
Services | Page 3 | dmv,/services/contest/page_view_timing/page_view_event/API/API/noticeError/called,12
Services | Page 3 | dmv,/services/contest/session_trace,8
Services | Page 3 | dmv,/services/contest/session_trace/API/start,2
Services | Page 3 | dmv,/services/contest/session_trace/page_view_event/jserrors/spa/ajax/otr.cfo,9
Services | Page 3 | dmv,/services/contest/session_trace/page_view_event/page_action/session_trace/API/API,14
Services | Page 3 | dmv,/services/contest/spa/ajax/page_view_event/page_view_timing/API/API/privacy.cookies_enabled,22
Services | Page 3 | dmv,/services/contest/spa/ajax/page_view_event/page_view_timing/modules/user/API/session_trace.enabled,2
Services | Page 3 | dmv,/services/contest/spa/page_view_event/jserrors/page_view_timing/API/API/noticeError/called,1
Services | Page 3 | dmv,/services/contest/spa/session_trace/metrics/jserrors/ajax/aggregate,2
Services | Page 3 | dmv,/services/contests tickets,2
Services | Page 3 | dmv,/services/contests-ticketss,2
Services | Page 3 | dmv,/services/contestt-ticket,1
Services | Page 3 | dmv,/services/contestticket,4
Services | Page 3 | dmv,/services/contest~tickets,1
Services | Page 3 | dmv,/services/contset-tickets,20
Services | Page 3 | dmv,/services/conttest-tickets,2
Services | Page 3 | dmv,/services/driver_services/API/sites/all/modules/google_analytics/otr.cfo,11
Services | Page 3 | dmv,/services/driver_services/ajax/jserrors/modules/system/application.version,5
Services | Page 3 | dmv,/services/driver_services/ajax/session_trace/modules/comment/API/start/session_trace.enabled,1
Services | Page 3 | dmv,/services/driver_services/ajax/spa/page_view_timing/page_action/page_view_event/aggregate,10
Services | Page 3 | dmv,/services/driver_services/drivers_license/modules/system/modules/system/API/noticeError/otr.cfo,3
Services | Page 3 | dmv,/services/driver_services/drivers_license/modules/user/API/noticeError/modules/comment/application.version,2
Services | Page 3 | dmv,/services/driver_services/jserrors/spa/API/start/application.version,10
Services | Page 3 | dmv,/services/driver_services/modules/system/API/noticeError/API,3
Services | Page 3 | dmv,/services/driver_services/modules/system/sites/all/modules/google_analytics/googleanalytics.js,1
Services | Page 3 | dmv,/services/driver_services/session_trace/spa/metrics/API/noticeError/otr.cfo,1
Services | Page 3 | dmv,/services/driver_services/session_trace/spa/metrics/API/start/modules/system/application.version,8
Services | Page 3 | dmv,/services/driver_services/sites/all/modules/google_analytics/modules,16
Services | Page 3 | dmv,/services/driver_services/sites/all/modules/google_analytics/modules/user/otr.cfo,1
Services | Page 3 | dmv,/services/driver_services/spa/spa/metrics/session_trace/session_trace/javascript:;,12
Services | Page 3 | dmv,/services/drivrec,4
Services | Page 3 | dmv,/services/javascript:,3
Services | Page 3 | dmv,/services/jserrors/page_view_event/page_action/page_view_timing/page_action/spa/aggregate,1
Services | Page 3 | dmv,/services/jserrors/session_trace/jserrors/ajax/ajax/API/modules/user/application.version,2
Services | Page 3 | dmv,/services/jserrors/session_trace/jserrors/ajax/ajax/aggregate,14
Services | Page 3 | dmv,/services/knowledge-tests,6
Services | Page 3 | dmv,/services/metrics/ajax/session_trace/page_view_timing/API/noticeError,3
Services | Page 3 | dmv,/services/metrics/jserrors/page_action/jserrors/spa/session_trace/spa/page_view_event/ajax/page_view_timing/page_view_timing/aggregate,12
Services | Page 3 | dmv,/services/metrics/jserrors/page_view_timing/ajax/API/privacy.cookies_enabled,4
Services | Page 3 | dmv,/services/metrics/jserrors/page_view_timing/ajax/page_action/page_action/aggregate,2
Services | Page 3 | dmv,/services/metrics/jserrors/session_trace/API/start/API/noticeError/otr.cfo,3
Services | Page 3 | dmv,/services/metrics/jserrors/session_trace/page_action/ajax/ajax/API/start,12
Services | Page 3 | dmv,/services/metrics/jserrors/session_trace/spa/API/noticeError/application.version,2
Services | Page 3 | dmv,/services/metrics/metrics/session_trace/spa/spa/API/otr.cfo,1
Services | Page 3 | dmv,/services/metrics/page_action/ajax/page_view_event/page_view_timing/page_view_timing/aggregate,7
Services | Page 3 | dmv,/services/metrics/page_view_event/jserrors/page_view_event/spa/javascript:;,2
Services | Page 3 | dmv,/services/metrics/page_view_timing/ajax/API/start/application.version,5
Services | Page 3 | dmv,/services/metrics/page_view_timing/ajax/sites/all/modules/google_analytics/session_trace.enabled,9
Services | Page 3 | dmv,/services/metrics/session_trace/javascript:,1
Services | Page 3 | dmv,/services/metrics/session_trace/metrics/modules/user/API,9
Services | Page 3 | dmv,/services/metrics/session_trace/page_view_event/page_view_timing/session_trace/page_action/aggregate,13
Services | Page 3 | dmv,/services/metrics/spa/page_view_timing,7
Services | Page 3 | dmv,/services/metrics/spa/session_trace/API/noticeError/API/session_trace.enabled,3
Services | Page 3 | dmv,/services/modules/<my_tag_b5e8f487e1b9f472c8e1fe3e9a15314b/>,1
Services | Page 3 | dmv,/services/modules/comment/API/Generic/page_action/jserrors/spa/metrics/session_trace/spa/page_view_event/session_trace/page_view_event/page_view_timing/aggregate,8
Services | Page 3 | dmv,/services/modules/comment/API/modules/system/API/noticeError/privacy.cookies_enabled,10
Services | Page 3 | dmv,/services/modules/comment/modules/user/&quot;https:/www.google.com/cse/static/images/1x/en/branding.png&quot,2
Services | Page 3 | dmv,/services/modules/comment/sites/all/themes/omega/alpha/css/privacy.cookies_enabled,16
Services | Page 3 | dmv,/services/modules/system/API/noticeError/modules/comment/API,4
Services | Page 3 | dmv,/services/modules/system/API/recordReplay/modules/comment/otr.cfo,2
Services | Page 3 | dmv,/services/modules/system/API/start/application.version,1
Services | Page 3 | dmv,/services/modules/system/API/start/otr.cfo,12
Services | Page 3 | dmv,/services/modules/system/Framework/modules/system/API/API/noticeError/application.version,6
Services | Page 3 | dmv,/services/modules/system/Framework/modules/system/API/noticeError/API/application.version,8
Services | Page 3 | dmv,/services/modules/system/page_action/aggregate,15
Services | Page 3 | dmv,/services/modules/system/sites/all/modules/ctools/css/API/otr.cfo,6
Services | Page 3 | dmv,/services/modules/system/sites/all/modules/ctools/css/API/privacy.cookies_enabled,9
Services | Page 3 | dmv,/services/modules/system/sites/all/modules/google_analytics,2
Services | Page 3 | dmv,/services/modules/user/API/ajax/metrics/session_trace/spa/page_view_event/page_view_timing/aggregate,2
Services | Page 3 | dmv,/services/modules/user/API/modules/comment/API/noticeError/otr.cfo,1
Services | Page 3 | dmv,/services/modules/user/API/noticeError/modules/user/API/privacy.cookies_enabled,10
Services | Page 3 | dmv,/services/modules/user/API/start/modules/system/application.version,1
Services | Page 3 | dmv,/services/modules/user/modules/comment/API/modules/user/session_trace.enabled,3
Services | Page 3 | dmv,/services/modules/user/modules/user/API/API,1
Services | Page 3 | dmv,/services/modules/user/sites/all/themes/omega/alpha/css/session_trace.enabled,4
Services | Page 3 | dmv,/services/p/ajax/page_action/ajax/<my_tag_920f154bb1a5c2bcb6173b2fb7cc25ae,8
Services | Page 3 | dmv,/services/p/jserrors/page_action/aggregate,1
Services | Page 3 | dmv,/services/p/jserrors/page_view_timing/aggregate,2
Services | Page 3 | dmv,/services/p/jserrors/page_view_timing/page_view_timing/page_action,4
Services | Page 3 | dmv,/services/p/page_view_event/ajax/spa/session_trace/aggregate,1
Services | Page 3 | dmv,/services/p/page_view_event/session_trace/spa/page_view_timing/ajax,1
Services | Page 3 | dmv,/services/p/page_view_timing/ajax/page_action/page_view_event/spa/spa/session_trace/ajax/metrics/aggregate,9
Services | Page 3 | dmv,/services/p/page_view_timing/page_view_timing/jserrors/session_trace/session_trace/aggregate,2
Services | Page 3 | dmv,/services/p/session_trace/jserrors/spa/page_view_timing/metrics/metrics/page_view_event/spa/aggregate,5
Services | Page 3 | dmv,/services/page_action/metrics/API/createTracer/session_trace.enabled,17
Services | Page 3 | dmv,/services/page_action/page_view_event/page_view_timing/page_view_event/aggregate,1
Services | Page 3 | dmv,/services/page_action/page_view_event/page_view_timing/session_trace/metrics/otr.cfo,19
Services | Page 3 | dmv,/services/page_action/spa/page_view_event/modules/comment/API/start,8
Services | Page 3 | dmv,/services/page_view_event/page_view_timing/metrics/spa/jserrors/modules/system/otr.cfo,6
Services | Page 3 | dmv,/services/page_view_event/page_view_timing/page_view_timing/aggregate,5
Services | Page 3 | dmv,/services/page_view_event/spa/aggregate,3
Services | Page 3 | dmv,/services/page_view_timing/jserrors/page_view_event/aggregate,9
Services | Page 3 | dmv,/services/page_view_timing/jserrors/page_view_timing/ajax/metrics/metrics/API/start,4
Services | Page 3 | dmv,/services/page_view_timing/metrics/jserrors/page_action/ajax/aggregate,1
Services | Page 3 | dmv,/services/page_view_timing/page_action/page_view_event/spa/API/start/modules/system/privacy.cookies_enabled,5
Services | Page 3 | dmv,/services/page_view_timing/page_action/page_view_timing/jserrors/spa/aggregate,5
Services | Page 3 | dmv,/services/page_view_timing/page_action/session_trace,3
Services | Page 3 | dmv,/services/page_view_timing/page_view_event/ajax/modules/comment/modules/system,3
Services | Page 3 | dmv,/services/page_view_timing/page_view_event/page_view_timing/page_action/modules/system/API/otr.cfo,5
Services | Page 3 | dmv,/services/page_view_timing/page_view_event/page_view_timing/page_action/modules/system/application.version,1
Services | Page 3 | dmv,/services/page_view_timing/page_view_timing/metrics/API/noticeError/otr.cfo,3
Services | Page 3 | dmv,/services/page_view_timing/session_trace/page_action/jserrors/javascript:;,11
Services | Page 3 | dmv,/services/page_view_timing/session_trace/page_view_timing/ajax/metrics/session_trace/API/otr.cfo,10
Services | Page 3 | dmv,/services/page_view_timing/session_trace/session_trace/API/noticeError/API/noticeError/otr.cfo,5
Services | Page 3 | dmv,/services/page_view_timing/session_trace/session_trace/API/noticeError/modules/user/API/otr.cfo,9
Services | Page 3 | dmv,/services/page_view_timing/session_trace/session_trace/sites/all/modules/panels/css/session_trace.enabled,2
Services | Page 3 | dmv,/services/paty-tickets,7
Services | Page 3 | dmv,/services/pay'tickets,22
Services | Page 3 | dmv,/services/pay-contest/API/application.version,21
Services | Page 3 | dmv,/services/pay-contest/API/modules/user/modules/user/session_trace.enabled,1
Services | Page 3 | dmv,/services/pay-contest/API/session_trace.enabled,6
Services | Page 3 | dmv,/services/pay-contest/modules/system/API/createTracer,1
Services | Page 3 | dmv,/services/pay-contest/modules/system/modules/comment/API/start/API,8
Services | Page 3 | dmv,/services/pay-contest/sites/all/modules/ckeditor/css/API/noticeError/session_trace.enabled,13
Services | Page 3 | dmv,/services/pay-contest/sites/all/modules/google_analytics/API/API/start/application.version,2
Services | Page 3 | dmv,/services/pay-contest/sites/all/themes/omega/alpha/css/API/session_trace.enabled,14
Services | Page 3 | dmv,/services/pay-ticker,5
Services | Page 3 | dmv,/services/pay/API/modules/system/API/privacy.cookies_enabled,2
Services | Page 3 | dmv,/services/pay/API/page_view_timing/session_trace/modules/user/API,5
Services | Page 3 | dmv,/services/pay/API/session_trace/jserrors/page_view_event/page_view_timing/metrics/page_action/session_trace/page_view_timing/jserrors/page_action/spa/aggregate,5
Services | Page 3 | dmv,/services/pay/API/session_trace/metrics/aggregate,16
Services | Page 3 | dmv,/services/pay/ajax/spa/jserrors/metrics/session_trace/aggregate,2
Services | Page 3 | dmv,/services/pay/jserrors/spa/spa/ajax/session_trace/ajax/page_view_timing/aggregate,3
Services | Page 3 | dmv,/services/pay/metrics/ajax/jserrors/spa/aggregate,6
Services | Page 3 | dmv,/services/pay/metrics/ajax/spa/page_view_timing/page_view_event,14
Services | Page 3 | dmv,/services/pay/metrics/jserrors/ajax/ajax/modules/comment/API,20
Services | Page 3 | dmv,/services/pay/metrics/jserrors/ajax/ajax/modules/system/<my_tag_cc29c906b44ae6ac2471ca2142021d7b,15
Services | Page 3 | dmv,/services/pay/metrics/jserrors/ajax/ajax/modules/system/API,3
Services | Page 3 | dmv,/services/pay/metrics/page_action/jserrors/spa/modules/comment/application.version,14
Services | Page 3 | dmv,/services/pay/metrics/page_view_event/ajax/page_action/ajax/page_view_timing/metrics/jserrors/jserrors/spa/aggregate,11
Services | Page 3 | dmv,/services/pay/modules/google_analytics/API,2
Services | Page 3 | dmv,/services/pay/modules/system/API/API/session_trace.enabled,2
Services | Page 3 | dmv,/services/pay/modules/system/API/noticeError/API/start/application.version,5
Services | Page 3 | dmv,/services/pay/modules/user/API/otr.cfo,1
Services | Page 3 | dmv,/services/pay/page_view_timing/page_view_event/metrics/page_view_event/session_trace/jserrors/otr.cfo,4
Services | Page 3 | dmv,/services/pay/sites/all/modules/ckeditor/css/api/jserrors/page_action/metrics/spa/page_view_event/session_trace/spa/jserrors/metrics/page_view_timing/aggregate,2
Services | Page 3 | dmv,/services/pay/sites/all/modules/ckeditor/css/api/jserrors/page_action/page_view_timing/ajax/jserrors/page_view_event/metrics/page_view_timing/ajax/aggregate,1
Services | Page 3 | dmv,/services/pay/sites/all/modules/panels/css/API/start/session_trace.enabled,10
Services | Page 3 | dmv,/services/pay/sites/all/themes/omega/alpha/css/privacy.cookies_enabled,10
Services | Page 3 | dmv,/services/pay/spa/session_trace/spa/aggregate,2
Services | Page 3 | dmv,/services/payitickets,18
Services | Page 3 | dmv,/services/paytockets,5
Services | Page 3 | dmv,/services/phpinfo.php,10
Services | Page 3 | dmv,/services/service/API/start/modules/user/application.version,5
Services | Page 3 | dmv,/services/service/jserrors/spa/aggregate,7
Services | Page 3 | dmv,/services/service/page_action/page_view_event/API/modules/system/API/noticeError/called,8
Services | Page 3 | dmv,/services/service/page_view_event/page_view_event/spa/session_trace/metrics/page_action/aggregate,5
Services | Page 3 | dmv,/services/service/page_view_event/page_view_event/spa/session_trace/page_action/metrics/spa/jserrors/page_view_timing/page_view_timing/aggregate,5
Services | Page 3 | dmv,/services/service/page_view_event/spa/metrics/page_view_event/page_action/spa/jserrors/aggregate,1
Services | Page 3 | dmv,/services/service/sites/all/modules/<my_tag_53ae7c4d9d3fdb9d1d1b453365809547,4
Services | Page 3 | dmv,/services/service/spa/page_action/page_view_event/aggregate,1
Services | Page 3 | dmv,/services/service/spa/page_action/page_view_event/session_trace/jserrors/aggregate,1
Services | Page 3 | dmv,/services/service/spa/page_action/page_view_timing/metrics/page_view_event/metrics/spa/aggregate,4
Services | Page 3 | dmv,/services/service/spa/page_action/session_trace/page_action/page_view_event/modules/comment/privacy.cookies_enabled,1
Services | Page 3 | dmv,/services/service/spa/page_action/spa/ajax/page_view_event/spa/session_trace/page_view_timing/metrics/aggregate,4
Services | Page 3 | dmv,/services/services/jserrors/ajax/page_view_timing/jserrors/aggregate,7
Services | Page 3 | dmv,/services/services/metrics/ajax/page_action/aggregate,11
Services | Page 3 | dmv,/services/services/metrics/session_trace/spa/page_view_timing/aggregate,3
Services | Page 3 | dmv,/services/services/spa/page_action/page_view_timing/session_trace/javascript:;,1
Services | Page 3 | dmv,/services/session_trace/API/start/modules/comment/modules/user/API,1
Services | Page 3 | dmv,/services/session_trace/ajax/spa/jserrors/page_view_timing/aggregate,12
Services | Page 3 | dmv,/services/session_trace/jserrors/page_view_timing/jserrors/spa/page_view_event/page_view_timing/aggregate,7
Services | Page 3 | dmv,/services/session_trace/jserrors/page_view_timing/page_view_timing,5
Services | Page 3 | dmv,/services/session_trace/jserrors/page_view_timing/page_view_timing/aggregate,2
Services | Page 3 | dmv,/services/session_trace/metrics/spa/page_view_timing/metrics/spa/jserrors/ajax/page_view_event/aggregate,1
Services | Page 3 | dmv,/services/session_trace/page_action/jserrors/metrics/session_trace/ajax/aggregate,1
Services | Page 3 | dmv,/services/session_trace/page_action/session_trace/spa/jserrors/jserrors/page_view_event/spa/page_view_timing/ajax/aggregate,1
Services | Page 3 | dmv,/services/session_trace/page_view_event/session_trace/page_view_timing/page_view_event/aggregate,8
Services | Page 3 | dmv,/services/session_trace/page_view_timing/page_action/session_trace/page_action/jserrors/ajax/metrics/page_view_event/page_view_timing/aggregate,3
Services | Page 3 | dmv,/services/session_trace/sites/all/modules/panels/css/modules,3
Services | Page 3 | dmv,/services/session_trace/spa/ajax/page_view_timing/page_action/metrics/API/API,2
Services | Page 3 | dmv,/services/session_trace/spa/ajax/session_trace/javascript:,2
Services | Page 3 | dmv,/services/session_trace/spa/jserrors,13
Services | Page 3 | dmv,/services/session_trace/spa/jserrors/metrics/page_view_timing/page_view_event/page_action/session_trace.enabled,5
Services | Page 3 | dmv,/services/session_trace/spa/jserrors/page_view_event/metrics/ajax/jserrors/spa/ajax/aggregate,11
Services | Page 3 | dmv,/services/session_trace/spa/sites/all/modules/google_analytics/session_trace.enabled,4
Services | Page 3 | dmv,/services/signature/modules/system/API/noticeError/API/application.version,3
Services | Page 3 | dmv,/services/sites/all/modules/ckeditor/css/API/jserrors/page_view_event/ajax/spa/page_action/page_view_timing/page_view_timing,2
Services | Page 3 | dmv,/services/sites/all/modules/ckeditor/css/page_view_event/spa/spa/page_view_timing/page_view_event/aggregate,3
Services | Page 3 | dmv,/services/sites/all/modules/ckeditor/css/page_view_timing/jserrors/spa/aggregate,1
Services | Page 3 | dmv,/services/sites/all/modules/ctools/css/api/noticeerror,10
Services | Page 3 | dmv,/services/sites/all/modules/views/css/API/noticeError/API/application.version,1
Services | Page 3 | dmv,/services/sites/all/modules/views/css/Generic/FileProtocol/otr.cfo,1
Services | Page 3 | dmv,/services/spa/ajax/jserrors/spa/modules/system/API,6
Services | Page 3 | dmv,/services/spa/ajax/page_view_timing/page_action/ajax,1
Services | Page 3 | dmv,/services/spa/ajax/session_trace/page_view_timing/page_view_event/page_action/page_view_event/aggregate,7
Services | Page 3 | dmv,/services/spa/jserrors/page_view_event/spa/page_view_timing/metrics/ajax/aggregate,1
Services | Page 3 | dmv,/services/spa/metrics/session_trace/aggregate,6
Services | Page 3 | dmv,/services/spa/page_action/metrics/page_action/API/noticeError/API/start/otr.cfo,12
Services | Page 3 | dmv,/services/spa/page_action/page_action/page_view_event/jserrors/browser/application.version,2
Services | Page 3 | dmv,/services/spa/page_view_event/page_action/metrics/jserrors/spa/page_view_event/aggregate,1
Services | Page 3 | dmv,/services/spa/page_view_timing/page_view_event/aggregate,18
Services | Page 3 | dmv,/services/spa/page_view_timing/page_view_timing/jserrors/spa/API/modules/comment/privacy.cookies_enabled,9
Services | Page 3 | dmv,/services/spa/page_view_timing/session_trace/ajax/jserrors/ajax/page_view_event/API/session_trace.enabled,1
Services | Page 3 | dmv,/services/spa/page_view_timing/session_trace/session_trace/ajax/aggregate,1
Services | Page 3 | dmv,/services/spa/sites/all/themes/omega/omega,3
Services | Page 3 | dmv,/services/ticket/API/sites/all/modules/panels/css/page_action/session_trace/page_action/page_view_event/ajax/jserrors/aggregate,1
Services | Page 3 | dmv,/services/ticket/metrics/jserrors/API/API,12
Services | Page 3 | dmv,/services/ticket/page_view_timing/page_action/page_view_event/API/start,3
Services | Page 3 | dmv,/services/ticket/session_trace/API/noticeError/modules/system/API,6
Services | Page 3 | dmv,/services/ticket/spa/spa/jserrors/ajax/metrics/modules/system/session_trace.enabled,11
Services | Page 3 | dmv,/services/tr,28
Services | Page 3 | dmv,/services/translated-strings,5
Services | Page 3 | dmv,/services/user/jserrors/ajax/modules/comment/session_trace.enabled,5
Services | Page 3 | dmv,/services/user/jserrors/page_action/session_trace/page_view_timing/API/noticeError/called,17
Services | Page 3 | dmv,/services/user/metrics/page_view_timing/ajax/page_action/page_view_event/page_view_event/spa/jserrors/aggregate,11
Services | Page 3 | dmv,/services/user/values.xml,4
Services | Page 3 | dmv,/services/vehicle-inspection-landing-page,2
Services | Page 3 | dmv,/services/version,4
Services | Page 3 | dmv,/services/vontest/API/API/modules/system/system.menus.css,1
Services | Page 3 | dmv,/services/vontest/API/noticeError/sites/all/modules/ctools/css/privacy.cookies_enabled,6
Services | Page 3 | dmv,/services/vontest/sites/all/modules/google_analytics/API/noticeError/page_view_event/jserrors/session_trace/page_action/aggregate,2
Services | Page 3 | dmv,/services/vontest/sites/all/modules/google_analytics/API/noticeError/spa/page_view_timing/ajax/page_view_timing/page_view_event/page_action/ajax/API/start,2
Services | Page 3 | dmv,/services/wp-includes/css/page_view_timing/page_action/metrics/page_view_event/aggregate,6
Services | Page 4 | dmv,"/services/ajax/spa/session_trace/url(""http",2
Services | Page 4 | dmv,"/services/p/jserrors/page_view_timing/spa/jserrors/url(""https:",1
Services | Page 4 | dmv,"/services/page_view_timing/page_view_event/ajax/modules/system/API/start/url(""https:/dmv.dc.gov/m",3
Services | Page 4 | dmv,"/services/pay/jserrors/ajax/API/start/modules/system/url(""https:/dmv.dc.gov/modules/syst",6
Services | Page 4 | dmv,"/services/service/page_view_timing/metrics/spa/ajax/jserrors/url(""https:/dmv.dc.gov/modules/system/sys",1
Services | Page 4 | dmv,"/services/sites/all/modules/ckeditor/css/API/noticeError/url(""https:",8
Services | Page 4 | dmv,/SERVICES/CONTEST%20TICKET,1
Services | Page 4 | dmv,/SERVICES/jserrors/metrics/page_action/page_action/spa/session_trace/aggregate,4
Services | Page 4 | dmv,/SERVICES/page_action/page_view_event/page_view_timing/spa/page_view_event/metrics/spa/ajax/page_view_timing/session_trace/aggregate,1
Services | Page 4 | dmv,/SERVICES/page_view_event/metrics/ajax/ajax/&quot;https:/www.google.com/cse/static/images/1x/en/branding.png&quot;,1
Services | Page 4 | dmv,/SERVICES/page_view_event/page_view_timing/spa/page_action/ajax/page_view_timing/metrics/jserrors/jserrors/aggregate,2
Services | Page 4 | dmv,/SERVICES/page_view_timing/jserrors/page_view_timing,13
Services | Page 4 | dmv,/SERVICES/page_view_timing/page_view_event/ajax/aggregate,1
Services | Page 4 | dmv,/SERVICES/page_view_timing/session_trace/jserrors/page_view_event/aggregate,7
Services | Page 4 | dmv,/Services/jserrors/metrics/page_view_event/page_view_timing/page_view_event/spa/aggregate,7
Services | Page 4 | dmv,/Services/jserrors/metrics/page_view_timing/page_view_event/metrics/page_action/spa/session_trace/page_action/ajax/aggregate,1
Services | Page 4 | dmv,/Services/page_view_event/metrics/page_view_event/jserrors/ajax/page_view_timing/page_view_timing/aggregate,1
Services | Page 4 | dmv,/Services/page_view_event/spa/page_view_event/session_trace/aggregate,2
Services | Page 4 | dmv,/Services/page_view_timing/ajax/session_trace/page_view_event/spa/aggregate,2
Services | Page 4 | dmv,/Services/session_trace/page_view_timing/page_view_event/ajax/page_action/aggregate,1
Services | Page 4 | dmv,/ar/services,14
Services | Page 4 | dmv,/services /API/modules/system/sites/all/modules/ctools/css/session_trace.enabled,7
Services | Page 4 | dmv,/services /API/sites/all/modules/ctools/css/modules/system/application.version,1
Services | Page 4 | dmv,/services /contest-tickets,2
Services | Page 4 | dmv,/services /modules/user/sites/all/modules/google_analytics/API/start/otr.cfo,12
Services | Page 4 | dmv,/services/API/API/noticeError/jserrors/metrics/spa/page_view_timing/metrics/page_view_event/page_action/aggregate,3
Services | Page 4 | dmv,/services/API/API/noticeError/modules/user/modules/system/API,2
Services | Page 4 | dmv,/services/API/API/noticeError/page_view_event,10
Services | Page 4 | dmv,/services/API/API/noticeError/spa,5
Services | Page 4 | dmv,/services/API/API/sites/all/themes/omega/omega/css/otr.cfo,3
Services | Page 4 | dmv,/services/API/API/sites/all/themes/omega/omega/css/session_trace.enabled,1
Services | Page 4 | dmv,/services/API/API/start/sites/all/modules/google_analytics,5
Services | Page 4 | dmv,/services/API/createTracer/API/recordReplay/application.version,2
Services | Page 4 | dmv,/services/API/noticeError/API/start/session_trace.enabled,1
Services | Page 4 | dmv,/services/API/noticeError/modules/system/API/noticeError/privacy.cookies_enabled,6
Services | Page 4 | dmv,/services/API/noticeError/modules/user/modules/system/application.version,6
Services | Page 4 | dmv,/services/API/pauseReplay/API/noticeError/modules/system/API,1
Services | Page 4 | dmv,/services/API/sites/all/modules/ckeditor/css/API/start,3
Services | Page 4 | dmv,/services/API/start/sites/all/modules/google_analytics/modules/comment,8
Services | Page 4 | dmv,/services/Framework/modules/system/page_view_timing/page_action/page_view_event/spa/aggregate,1
Services | Page 4 | dmv,/services/Framework/modules/system/spa/page_action/ajax/page_view_timing/metrics/aggregate,3
Services | Page 4 | dmv,/services/Framework/modules/system/spa/session_trace/ajax/aggregate,3
Services | Page 4 | dmv,/services/Generic/FileProtocol/sites/all/themes/omega/omega/js/otr.cfo,7
Services | Page 4 | dmv,/services/HR-Services/HRX/API/sites/all/modules/google_analytics/googleanalytics.js,4
Services | Page 4 | dmv,/services/Workers/API/page_view_timing.long_task,1
Services | Page 4 | dmv,/services/ajax/API/noticeError/session_trace.enabled,4
Services | Page 4 | dmv,/services/ajax/jserrors/jserrors/page_view_event/metrics/ajax/aggregate,2
Services | Page 4 | dmv,/services/ajax/jserrors/page_view_timing/modules/user/application.version,1
Services | Page 4 | dmv,/services/ajax/page_view_timing/page_view_timing/page_action/page_view_event/page_view_event/spa/aggregate,1
Services | Page 4 | dmv,/services/ajax/page_view_timing/spa/API/API/start/modules/system/application.version,17
Services | Page 4 | dmv,/services/ajax/page_view_timing/spa/API/start/application.version,2
Services | Page 4 | dmv,/services/api/page_view_event/session_trace/sites/all/modules/views/css/privacy.cookies_enabled,2
Services | Page 4 | dmv,/services/api/page_view_event/spa/API/start/modules/system/API/application.version,3
Services | Page 4 | dmv,/services/api/spa/page_view_event/page_action/modules/system/modules/system/privacy.cookies_enabled,2
Services | Page 4 | dmv,/services/application.version,6
Services | Page 4 | dmv,/services/cobtest-tickets.,1
Services | Page 4 | dmv,/services/cont,3
Services | Page 4 | dmv,/services/contedst-tickets,3
Services | Page 4 | dmv,/services/contedt-tickets,15
Services | Page 4 | dmv,/services/conteset-tickets104.18.40.1618/4/modules/comment/modules/comment/application.version,3
Services | Page 4 | dmv,/services/contest tibkers,14
Services | Page 4 | dmv,/services/contest%20ticket,1
Services | Page 4 | dmv,/services/contest-hearings,2
Services | Page 4 | dmv,/services/contest-services,5
Services | Page 4 | dmv,/services/contest-stickets,1
Services | Page 4 | dmv,/services/contest-tests.,5
Services | Page 4 | dmv,/services/contest-ticketd172.64.147.958/4/API/start/modules/system/modules/system/otr.cfo,1
Services | Page 4 | dmv,/services/contest-tickkets.,1
Services | Page 4 | dmv,/services/contest-ticktes,5
Services | Page 4 | dmv,/services/contest-tikckets,6
Services | Page 4 | dmv,/services/contest/jserrors/page_view_event/jserrors/session_trace/page_action/spa/session_trace/page_view_timing/aggregate,1
Services | Page 4 | dmv,/services/contest/metrics/ajax/aggregate,3
Services | Page 4 | dmv,/services/contest/metrics/ajax/page_view_timing/metrics/aggregate,1
Services | Page 4 | dmv,/services/contest/modules/comment/API/API/start/modules/system/session_trace.enabled,10
Services | Page 4 | dmv,/services/contest/modules/comment/modules/user/API/application.version,2
Services | Page 4 | dmv,/services/contest/page_action/metrics/aggregate,4
Services | Page 4 | dmv,/services/contest/session_trace/page_view_event/page_action/session_trace/API/API/start/application.version,4
Services | Page 4 | dmv,/services/contest/session_trace/page_view_event/page_view_timing/page_action/page_view_timing/ajax/aggregate,1
Services | Page 4 | dmv,/services/contested%20tickets,6
Services | Page 4 | dmv,/services/driver_services,8
Services | Page 4 | dmv,/services/driver_services/API,7
Services | Page 4 | dmv,/services/driver_services/API/API/sites/all/modules/google_analytics/spa/jserrors/ajax/page_action/ajax/page_view_event/session_trace/page_view_timing/spa/aggregate,1
Services | Page 4 | dmv,/services/driver_services/ajax/metrics/spa/page_action/API,6
Services | Page 4 | dmv,/services/driver_services/ajax/page_view_event/page_view_event/aggregate,16
Services | Page 4 | dmv,/services/driver_services/ajax/spa/page_view_timing/page_action/page_view_event/modules/system,1
Services | Page 4 | dmv,/services/driver_services/dr_crs_agressive.shtml,16
Services | Page 4 | dmv,/services/driver_services/drivers_license/modules/user/otr.cfo,7
Services | Page 4 | dmv,/services/driver_services/jserrors/metrics/modules/system/API/start/session_trace.enabled,5
Services | Page 4 | dmv,/services/jserrors/page_view_event/page_view_timing/metrics/page_action/page_view_event/jserrors/API,1
Services | Page 4 | dmv,/services/jserrors/page_view_event/privacy.cookies_enabled,1
Services | Page 4 | dmv,/services/jserrors/page_view_timing/page_action/metrics/page_action/ajax/aggregate,2
Services | Page 4 | dmv,/services/jserrors/session_trace/jserrors/spa/spa/page_action/aggregate,6
Services | Page 4 | dmv,/services/metrics/API/noticeError/API,5
Services | Page 4 | dmv,/services/metrics/ajax/page_view_timing/page_view_timing/page_view_event/ajax/jserrors/aggregate,19
Services | Page 4 | dmv,/services/metrics/jserrors/jserrors/session_trace/spa/aggregate,8
Services | Page 4 | dmv,/services/metrics/jserrors/page_view_timing/ajax/modules/system/session_trace.enabled,19
Services | Page 4 | dmv,/services/metrics/jserrors/session_trace/API,1
Services | Page 4 | dmv,/services/metrics/jserrors/session_trace/API/API/start,15
Services | Page 4 | dmv,/services/metrics/jserrors/session_trace/API/noticeError/otr.cfo,25
Services | Page 4 | dmv,/services/metrics/jserrors/session_trace/spa/modules/system,3
Services | Page 4 | dmv,/services/metrics/metrics/page_action/aggregate,1
Services | Page 4 | dmv,/services/metrics/metrics/session_trace/spa/page_view_event/aggregate,1
Services | Page 4 | dmv,/services/metrics/page_action/API,2
Services | Page 4 | dmv,/services/metrics/page_action/page_action/page_view_timing/metrics/aggregate,19
Services | Page 4 | dmv,/services/metrics/page_action/page_view_timing/metrics/API,1
Services | Page 4 | dmv,/services/metrics/page_action/spa,2
Services | Page 4 | dmv,/services/metrics/page_action/spa/jserrors/modules/user/privacy.cookies_enabled,2
Services | Page 4 | dmv,/services/metrics/page_view_event/API/API,1
Services | Page 4 | dmv,/services/metrics/page_view_event/jserrors/aggregate,1
Services | Page 4 | dmv,/services/metrics/page_view_event/page_view_event/page_action/session_trace/aggregate,3
Services | Page 4 | dmv,/services/metrics/page_view_timing/page_view_timing/jserrors/page_view_event/page_view_event/ajax/session_trace/ajax/spa/aggregate,2
Services | Page 4 | dmv,/services/metrics/session_trace/page_view_timing/jserrors/ajax/page_action/aggregate,3
Services | Page 4 | dmv,/services/metrics/spa/spa/ajax/jserrors/aggregate,1
Services | Page 4 | dmv,/services/modules/<my_tag_d6ea977ebea3de7424248620496da104,2
Services | Page 4 | dmv,/services/modules/comment/API/Generic/page_view_event/session_trace/spa/metrics/jserrors/jserrors/page_view_timing/page_action/aggregate,1
Services | Page 4 | dmv,/services/modules/comment/API/Generic/session_trace/ajax/spa/page_view_event/page_action/session_trace/ajax/jserrors/jserrors/aggregate,9
Services | Page 4 | dmv,/services/modules/comment/API/modules/system/otr.cfo,2
Services | Page 4 | dmv,/services/modules/comment/API/noticeError/modules/comment/application.version,3
Services | Page 4 | dmv,/services/modules/google_analytics,6
Services | Page 4 | dmv,/services/modules/system/API/API/recordReplay/otr.cfo,11
Services | Page 4 | dmv,/services/modules/system/API/modules,2
Services | Page 4 | dmv,/services/modules/system/API/modules/user/metrics/aggregate,2
Services | Page 4 | dmv,/services/modules/system/modules/system/session_trace.enabled,23
Services | Page 4 | dmv,/services/modules/system/page_view_timing/metrics/jserrors/page_view_event/jserrors/page_action/metrics/spa/aggregate>,1
Services | Page 4 | dmv,/services/modules/user/API/API,4
Services | Page 4 | dmv,/services/modules/user/API/ajax/spa/session_trace/page_view_event/page_view_event/ajax/page_action/jserrors/aggregate,11
Services | Page 4 | dmv,/services/modules/user/API/application.version,1
Services | Page 4 | dmv,/services/modules/user/API/noticeError/otr.cfo,2
Services | Page 4 | dmv,/services/modules/user/modules/comment/API/noticeError/API,1
Services | Page 4 | dmv,/services/modules/vendor/phpunit/phpunit/LICENSE/spa/jserrors/page_view_event/metrics/session_trace/page_action/ajax/aggregate,1
Services | Page 4 | dmv,/services/modules/vendor/phpunit/phpunit/LICENSE/spa/metrics/jserrors/page_view_event/page_action/ajax/aggregate,1
Services | Page 4 | dmv,/services/newsletter,1
Services | Page 4 | dmv,/services/online-private-sale...,1
Services | Page 4 | dmv,/services/p/ajax/page_action/ajax/session_trace,4
Services | Page 4 | dmv,/services/p/jserrors/page_view_timing/session_trace/page_view_timing,1
Services | Page 4 | dmv,/services/p/page_view_event/jserrors/page_view_event/metrics/page_view_timing/jserrors/spa/session_trace/session_trace/aggregate,13
Services | Page 4 | dmv,/services/p/page_view_event/session_trace/spa/page_action/jserrors/ajax/aggregate,3
Services | Page 4 | dmv,/services/p/page_view_event/session_trace/spa/page_view_timing/ajax/aggregate,2
Services | Page 4 | dmv,/services/p/session_trace/jserrors/ajax/ajax/session_trace/page_view_event/page_view_timing/jserrors/metrics/aggregate,3
Services | Page 4 | dmv,/services/p/session_trace/page_action/metrics/aggregate,4
Services | Page 4 | dmv,/services/pY-tickets,13
Services | Page 4 | dmv,/services/pa,1
Services | Page 4 | dmv,/services/page,2
Services | Page 4 | dmv,/services/page_action/metrics/jserrors/session_trace.enabled,4
Services | Page 4 | dmv,/services/page_action/page_action/metrics/API/pauseReplay/API/start,9
Services | Page 4 | dmv,/services/page_action/page_view_event/API/noticeError/API/otr.cfo,1
Services | Page 4 | dmv,/services/page_action/page_view_event/jserrors/ajax/metrics/aggregate,1
Services | Page 4 | dmv,/services/page_action/page_view_event/page_view_event/aggregate,10
Services | Page 4 | dmv,/services/page_action/page_view_event/page_view_event/modules/system/API/noticeError,11
Services | Page 4 | dmv,/services/page_action/page_view_event/session_trace/spa/jserrors/page_view_timing/API/otr.cfo,14
Services | Page 4 | dmv,/services/page_view_event/page_view_timing/metrics/modules/system/modules/user/u,2
Services | Page 4 | dmv,/services/page_view_event/spa/metrics/aggregate,13
Services | Page 4 | dmv,/services/page_view_event/spa/page_view_event/session_trace/session_trace/modules/user/session_trace.enabled,2
Services | Page 4 | dmv,/services/page_view_timing/ajax/session_trace/session_trace/page_view_event/spa/aggregate,1
Services | Page 4 | dmv,/services/page_view_timing/metrics/ajax/jserrors/page_action/javascript:,9
Services | Page 4 | dmv,/services/page_view_timing/metrics/page_view_timing/session_trace/page_action/jserrors/javascript:;,2
Services | Page 4 | dmv,/services/page_view_timing/page_action/page_view_event/jserrors/page_view_timing/metrics/session_trace.enabled,8
Services | Page 4 | dmv,/services/page_view_timing/page_action/page_view_event/spa/modules/system/application.version,3
Services | Page 4 | dmv,/services/page_view_timing/page_view_event/ajax/CUSTOM,12
Services | Page 4 | dmv,/services/page_view_timing/page_view_timing/metrics/jserrors/page_action/ajax/aggregate,3
Services | Page 4 | dmv,/services/page_view_timing/session_trace/jserrors/page_view_event/sites/all/modules/google_analytics/privacy.cookies_enabled,12
Services | Page 4 | dmv,/services/page_view_timing/session_trace/session_trace/jserrors/metrics/aggregate,2
Services | Page 4 | dmv,/services/page_view_timing/session_trace/session_trace/modules/user/modules/system/otr.cfo,1
Services | Page 4 | dmv,/services/page_view_timing/spa/aggregate,15
Services | Page 4 | dmv,/services/pau-tickets172.64.147.958/4/API,3
Services | Page 4 | dmv,/services/pau-tickets172.64.147.958/4/modules/system/otr.cfo,2
Services | Page 4 | dmv,/services/pay%27tickets,2
Services | Page 4 | dmv,/services/pay-contest/API/<my_tag_31e3d0484c8503fd28d2c70bdcc14b87/>,1
Services | Page 4 | dmv,/services/pay-contest/modules/comment/API/start/modules/system/application.version,5
Services | Page 4 | dmv,/services/pay-contest/modules/system/API,1
Services | Page 4 | dmv,/services/pay-contest/modules/system/modules/system/API/API/createTracer/privacy.cookies_enabled,6
Services | Page 4 | dmv,/services/pay-contest/sites/all/modules/google_analytics/API/modules/user/privacy.cookies_enabled,2
Services | Page 4 | dmv,/services/pay-contest/sites/all/modules/panels/css/API/API,9
Services | Page 4 | dmv,/services/pay-ticeket,4
Services | Page 4 | dmv,/services/pay-tickeys.,2
Services | Page 4 | dmv,/services/pay-tickrts,8
Services | Page 4 | dmv,/services/pay.ticket,12
Services | Page 4 | dmv,/services/pay/API/metrics/session_trace/metrics/page_action/modules/user/otr.cfo,2
Services | Page 4 | dmv,/services/pay/API/modules/user/modules/user/API,2
Services | Page 4 | dmv,/services/pay/API/noticeError/modules/comment/modules/user/API,6
Services | Page 4 | dmv,/services/pay/API/noticeError/modules/user/API/modules/comment/otr.cfo,2
Services | Page 4 | dmv,/services/pay/API/session_trace/jserrors/aggregate,3
Services | Page 4 | dmv,/services/pay/API/session_trace/page_action/jserrors/jserrors/ajax/spa/session_trace/otr.cfo,4
Services | Page 4 | dmv,/services/pay/API/session_trace/page_view_timing/metrics/jserrors/spa/session_trace/page_view_timing/aggregate,3
Services | Page 4 | dmv,/services/pay/ajax/metrics/spa/page_action/page_view_event/jserrors/aggregate,1
Services | Page 4 | dmv,/services/pay/jserrors/page_action/page_action/javascript:;,2
Services | Page 4 | dmv,/services/pay/jserrors/spa/spa/ajax/page_view_timing/page_action/application.version,0
Services | Page 4 | dmv,/services/pay/metrics/spa/page_view_event,3
Services | Page 4 | dmv,/services/pay/modules/system/API/noticeError,10
Services | Page 4 | dmv,/services/pay/page_view_event/jserrors/jserrors/session_trace/privacy.cookies_enabled,4
Services | Page 4 | dmv,/services/pay/sites/all/modules/ckeditor/css/api/jserrors/page_action/page_view_timing/ajax/page_view_timing/metrics/ajax/spa/session_trace/aggregate,1
Services | Page 4 | dmv,/services/pay/spa/API/privacy.cookies_enabled,9
Services | Page 4 | dmv,/services/pay/ticket>;,9
Services | Page 4 | dmv,/services/payaticket,3
Services | Page 4 | dmv,/services/payticketsail/u/page_view_timing/aggregate,1
Services | Page 4 | dmv,/services/payticketsail/u/page_view_timing/metrics/spa/page_action/jserrors/metrics/ajax/ajax/aggregate,4
Services | Page 4 | dmv,/services/service/API/sites/all/modules/views/css/otr.cfo,12
Services | Page 4 | dmv,/services/service/page_action/page_view_event/modules/system/modules/comment/API,4
Services | Page 4 | dmv,/services/service/page_view_timing/session_trace/page_view_event/page_action/aggregate,3
Services | Page 4 | dmv,/services/service/pay-tickets.,13
Services | Page 4 | dmv,/services/service/sites/all/modules/google_analytics/API/noticeError/otr.cfo,1
Services | Page 4 | dmv,/services/service/sites/all/modules/google_analytics/modules/comment/API/privacy.cookies_enabled,1
Services | Page 4 | dmv,/services/service/sites/all/themes/omega/omega/js/privacy.cookies_enabled,1
Services | Page 4 | dmv,/services/service/spa/spa/page_action/page_view_event,5
Services | Page 4 | dmv,/services/services/jserrors/ajax/metrics/spa/aggregate,4
Services | Page 4 | dmv,/services/services/page_view_event/spa/jserrors/aggregate,4
Services | Page 4 | dmv,/services/session_trace/API/modules/user/modules/user/API/noticeError/privacy.cookies_enabled,4
Services | Page 4 | dmv,/services/session_trace/API/noticeError/modules/system/modules/system,9
Services | Page 4 | dmv,/services/session_trace/API/session_trace.enabled,24
Services | Page 4 | dmv,/services/session_trace/jserrors/page_action/metrics/aggregate,2
Services | Page 4 | dmv,/services/session_trace/jserrors/page_action/session_trace/spa/page_view_event/jserrors/page_action/ajax/page_view_timing/page_view_event/aggregate,1
Services | Page 4 | dmv,/services/session_trace/page_action/session_trace/jserrors/page_view_event/aggregate,5
Services | Page 4 | dmv,/services/session_trace/page_view_event/metrics/spa/jserrors/page_action,1
Services | Page 4 | dmv,/services/session_trace/page_view_timing/page_action/aggregate,2
Services | Page 4 | dmv,/services/session_trace/page_view_timing/session_trace/page_view_event/API/start/privacy.cookies_enabled,1
Services | Page 4 | dmv,/services/session_trace/spa/jserrors/metrics/page_view_timing/page_view_event/page_action/aggregate,7
Services | Page 4 | dmv,/services/session_trace/spa/jserrors/session_trace/modules/user,1
Services | Page 4 | dmv,/services/session_trace/spa/page_view_timing/page_view_event/page_action/aggregate,2
Services | Page 4 | dmv,/services/session_trace/spa/session_trace/ajax/jserrors/page_view_event/aggregate,4
Services | Page 4 | dmv,/services/sites/all/modules/ckeditor/css/page_view_event/aggregate,2
Services | Page 4 | dmv,/services/sites/all/modules/ckeditor/css/page_view_timing/page_view_event/metrics/session_trace/jserrors/page_action/page_view_timing/metrics/page_action/spa/javascript:,3
Services | Page 4 | dmv,/services/sites/all/modules/google_analytics/modules/system,6
Services | Page 4 | dmv,/services/sites/all/modules/views/css/API/start/application.version,2
Services | Page 4 | dmv,/services/sites/all/modules/views/css/modules/comment/API/session_trace.enabled,6
Services | Page 4 | dmv,/services/sites/all/themes/omega/alpha/css/API/API,2
Services | Page 4 | dmv,/services/sites/all/themes/omega/omega/css/API/noticeError/called,2
Services | Page 4 | dmv,/services/spa/API/start/API/start/application.version,4
Services | Page 4 | dmv,/services/spa/ajax/session_trace/page_view_timing/page_view_event/page_action/page_view_timing/metrics/jserrors/ajax,1
Services | Page 4 | dmv,/services/spa/jserrors/page_view_event/page_action/jserrors,3
Services | Page 4 | dmv,/services/spa/jserrors/page_view_event/page_action/jserrors/aggregate,13
Services | Page 4 | dmv,/services/spa/jserrors/session_trace/jserrors/modules/system/API,6
Services | Page 4 | dmv,/services/spa/metrics/session_trace/modules/user/modules/system/API,6
Services | Page 4 | dmv,/services/spa/modules/system/sites/all/modules/panels/css/privacy.cookies_enabled,1
Services | Page 4 | dmv,/services/spa/page_action/metrics/page_action/modules/user/modules/system/application.version,3
Services | Page 4 | dmv,/services/spa/page_view_timing/jserrors/ajax/aggregate,3
Services | Page 4 | dmv,/services/spa/session_trace/ajax/aggregate,6
Services | Page 4 | dmv,/services/spa/spa/page_view_timing/jserrors/jserrors/ajax/aggregate,16
Services | Page 4 | dmv,/services/ticekt>,10
Services | Page 4 | dmv,/services/ticket/API/sites/all/modules/panels/css/page_action/session_trace/page_action/page_view_event/page_view_timing/aggregate,3
Services | Page 4 | dmv,/services/ticket/API/start/session_trace.enabled,4
Services | Page 4 | dmv,/services/ticket/metrics/jserrors/API,15
Services | Page 4 | dmv,/services/ticket/metrics/jserrors/API/noticeError/API>,1
Services | Page 4 | dmv,/services/ticket/metrics/jserrors/aggregate,4
Services | Page 4 | dmv,/services/ticket/modules/comment/API/API/noticeError/modules/user,3
Services | Page 4 | dmv,/services/ticket/modules/system/API/noticeError/page_view_timing/spa/jserrors/page_view_event/ajax/aggregate,1
Services | Page 4 | dmv,/services/ticket/page_view_timing/page_action/page_action/page_view_event,6
Services | Page 4 | dmv,/services/ticket/session_trace/aggregate,13
Services | Page 4 | dmv,/services/ticket/sites/all/modules/panels/css/modules/user/otr.cfo,17
Services | Page 4 | dmv,/services/user/ajax/page_view_event/page_view_timing/ajax/aggregate,3
Services | Page 4 | dmv,/services/user/page_view_event/page_view_event/jserrors/spa/otr.cfo,8
Services | Page 4 | dmv,/services/vontest/API/modules/user/application.version,1
Services | Page 4 | dmv,/services/vontest/sites/all/modules/google_analytics/API/noticeError/page_view_timing/page_action/session_trace/aggregate,3
Services | Page 4 | dmv,/services/vontest/sites/all/themes/omega/alpha/css/otr.cfo,1
Services | Page 4 | dmv,/services/wp-includes/css/API/noticeError/modules/user/modules/system/application.version,2
Services | Page 4 | dmv,/services/wp-includes/css/session_trace/page_view_timing/modules/user/application.version,16
Services | Page 5 | dmv,"/services/API/noticeError/url(""",4
Services | Page 5 | dmv,"/services/Framework/API/start/API/url(""",5
Services | Page 5 | dmv,"/services/Framework/page_view_event/spa/modules/comment/url(""https:/dmv.dc.gov/sites/all/themes/dc_agency_omeg",10
Services | Page 5 | dmv,"/services/ajax/spa/session_trace/jserrors/page_action/session_trace/url(""http",1
Services | Page 5 | dmv,"/services/metrics/ajax/page_view_timing/session_trace/page_view_event/page_view_timing/url(""https:/dmv.dc.gov/sites/all/themes/dc_agency_omega/css/dc-agency-omega-",10
Services | Page 5 | dmv,"/services/session_trace/metrics/spa/page_view_event/metrics/page_action/page_action/url(""https:/dmv.dc.gov/sites/all/themes/dc_agency_omega/css/dc-agency-omega-alpha-def",2
Services | Page 5 | dmv,"/services/url(""https:/dmv.dc.gov/sites/all/themes/omega/alpha/css/grid/alpha_default/narrow/alpha-default-narrow-",4
Services | Page 5 | dmv,/SERVICES/ajax/spa/page_view_timing/aggregate,11
Services | Page 5 | dmv,/SERVICES/page_action/jserrors/ajax/page_view_event/javascript:;,13
Services | Page 5 | dmv,/SERVICES/page_action/page_action/spa/session_trace/jserrors/ajax/aggregate,2
Services | Page 5 | dmv,/SERVICES/page_action/spa/session_trace/session_trace/metrics/page_view_event/jserrors/ajax/spa/aggregate,1
Services | Page 5 | dmv,/SERVICES/page_view_event/page_view_timing/metrics/session_trace/page_view_timing/aggregate,2
Services | Page 5 | dmv,/SERVICES/page_view_event/page_view_timing/metrics/spa/ajax/page_view_timing/metrics/page_view_event/aggregate,6
Services | Page 5 | dmv,/Services/Assistance,2
Services | Page 5 | dmv,/Services/jserrors/ajax/ajax/metrics/page_view_event/aggregate,17
Services | Page 5 | dmv,/Services/jserrors/ajax/metrics/jserrors/page_action/aggregate,3
Services | Page 5 | dmv,/Services/jserrors/metrics/jserrors/page_action/page_view_timing/<my_tag_cb349f40edd581ccd9e200a488132d7b/>,2
Services | Page 5 | dmv,/Services/jserrors/page_view_event/page_view_timing/metrics/ajax/session_trace/aggregate,3
Services | Page 5 | dmv,/Services/jserrors/page_view_event/page_view_timing/metrics/page_action/page_view_event,4
Services | Page 5 | dmv,/Services/metrics/spa/ajax/metrics/page_action/aggregate,2
Services | Page 5 | dmv,/Services/page_view_event/metrics/page_action/metrics/session_trace/aggregate,3
Services | Page 5 | dmv,/Services/page_view_event/metrics/session_trace/javascript:,1
Services | Page 5 | dmv,/Services/page_view_event/spa/page_view_event/session_trace/metrics/aggregate,2
Services | Page 5 | dmv,/Services/page_view_timing/ajax/spa/metrics/jserrors/metrics/page_view_event/page_view_event/page_action/page_view_timing/session_trace/aggregate,19
Services | Page 5 | dmv,/es/services,17
Services | Page 5 | dmv,/services/API/modules/comment/modules/system/API/noticeError/API,1
Services | Page 5 | dmv,/services/API/noticeError/modules/comment/API,1
Services | Page 5 | dmv,/services/API/noticeError/modules/user/spa/spa/jserrors/aggregate,11
Services | Page 5 | dmv,/services/API/recordReplay/API/pauseReplay,2
Services | Page 5 | dmv,/services/API/recordReplay/modules/user/application.version,13
Services | Page 5 | dmv,/services/API/sites/all/modules/ctools/css/API,1
Services | Page 5 | dmv,/services/API/start/sites/all/modules/google_analytics/modules/comment/application.version,1
Services | Page 5 | dmv,/services/Framework/Framework/Generic/FileProtocol/API/start/application.version,1
Services | Page 5 | dmv,/services/Framework/jserrors/aggregate,8
Services | Page 5 | dmv,/services/Framework/jserrors/javascript:;,3
Services | Page 5 | dmv,/services/Generic/Version/metrics/jserrors/aggregate,1
Services | Page 5 | dmv,/services/PAY-TICKET,1
Services | Page 5 | dmv,/services/Workers/API/API/start,1
Services | Page 5 | dmv,/services/Workers/modules/user/modules/system/API/noticeError/called,1
Services | Page 5 | dmv,/services/ajax/ajax/metrics/spa/page_view_event/page_view_event,3
Services | Page 5 | dmv,/services/ajax/jserrors/aggregate,2
Services | Page 5 | dmv,/services/ajax/jserrors/metrics/page_action/jserrors/API/noticeError/otr.cfo,18
Services | Page 5 | dmv,/services/ajax/metrics/page_view_timing/page_view_timing/modules/user/API/noticeError/called,5
Services | Page 5 | dmv,/services/ajax/page_action/session_trace/page_action/ajax/API/API/noticeError/session_trace.enabled,15
Services | Page 5 | dmv,/services/ajax/page_view_event/page_view_timing/page_action/page_view_timing/aggregate,1
Services | Page 5 | dmv,/services/ajax/page_view_timing/page_action/API/noticeError/API/modules/user/otr.cfo,7
Services | Page 5 | dmv,/services/ajax/session_trace/ajax/aggregate,1
Services | Page 5 | dmv,/services/api/api/noticeerror/jserrors/metrics/page_view_timing/page_action/spa/ajax/spa/metrics/session_trace/aggregate,4
Services | Page 5 | dmv,/services/api/page_action/session_trace/aggregate,2
Services | Page 5 | dmv,/services/api/session_trace/jserrors/jserrors/API/noticeError/API/session_trace.enabled,3
Services | Page 5 | dmv,/services/api/spa/page_view_event/page_view_timing/aggregate,2
Services | Page 5 | dmv,/services/change-address.,0
Services | Page 5 | dmv,/services/conest-ticets,4
Services | Page 5 | dmv,/services/constes-tickets,14
Services | Page 5 | dmv,/services/contes,2
Services | Page 5 | dmv,/services/contest -tickets,11
Services | Page 5 | dmv,/services/contest%3Dtickets,3
Services | Page 5 | dmv,/services/contest-minor-moving-violation,2
Services | Page 5 | dmv,/services/contest-t,8
Services | Page 5 | dmv,/services/contest-ticketd172.64.147.958/4/API/start,11
Services | Page 5 | dmv,/services/contest-ticketsi,1
Services | Page 5 | dmv,/services/contest-ticketts,11
Services | Page 5 | dmv,/services/contest-ttickets,17
Services | Page 5 | dmv,/services/contest/API/sites/all/modules/google_analytics/modules/comment/otr.cfo,1
Services | Page 5 | dmv,/services/contest/API/sites/all/modules/views/css/API,2
Services | Page 5 | dmv,/services/contest/jserrors/ajax/ajax/aggregate,3
Services | Page 5 | dmv,/services/contest/metrics/ajax/ajax/jserrors/aggregate,1
Services | Page 5 | dmv,/services/contest/metrics/ajax/jserrors/page_view_event/jserrors/aggregate,3
Services | Page 5 | dmv,/services/contest/metrics/ajax/page_view_event/ajax/application.version,1
Services | Page 5 | dmv,/services/contest/metrics/ajax/page_view_timing/metrics/API,2
Services | Page 5 | dmv,/services/contest/modules/system/API/start/API/noticeError/API,2
Services | Page 5 | dmv,/services/contest/modules/system/API/start/modules/user/otr.cfo,4
Services | Page 5 | dmv,/services/contest/page_view_event/metrics/page_view_event/spa/page_view_timing/aggregate,1
Services | Page 5 | dmv,/services/contest/session_trace/session_trace/API/modules/user/API/start,1
Services | Page 5 | dmv,/services/contest/session_trace/session_trace/API/start,2
Services | Page 5 | dmv,/services/contest/sites/all/themes/omega/omega/css/privacy.cookies_enabled,2
Services | Page 5 | dmv,/services/contesty-ticekts,4
Services | Page 5 | dmv,/services/driver_services/API/API/sites/all/modules/google_analytics/spa/page_view_event/jserrors/session_trace/aggregate,2
Services | Page 5 | dmv,/services/driver_services/API/modules/user/modules/comment/API,4
Services | Page 5 | dmv,/services/driver_services/API/noticeError/API/noticeError/modules/user/otr.cfo,2
Services | Page 5 | dmv,/services/driver_services/ajax/jserrors/API,7
Services | Page 5 | dmv,/services/driver_services/ajax/jserrors/API/recordReplay/called,1
Services | Page 5 | dmv,/services/driver_services/ajax/session_trace/API/start/modules/user/otr.cfo,4
Services | Page 5 | dmv,/services/driver_services/drivers_license/page_view_event/page_view_timing/spa/API,2
Services | Page 5 | dmv,/services/driver_services/modules/comment/API/otr.cfo,2
Services | Page 5 | dmv,/services/driver_services/session_trace/page_view_timing/metrics/modules/system/API/start/session_trace.enabled,16
Services | Page 5 | dmv,/services/info.php,2
Services | Page 5 | dmv,/services/jserrors/ajax/page_action/ajax/spa/session_trace/session_trace.enabled,1
Services | Page 5 | dmv,/services/jserrors/metrics/jserrors/page_action/metrics/session_trace/aggregate,1
Services | Page 5 | dmv,/services/jserrors/metrics/session_trace/ajax,2
Services | Page 5 | dmv,/services/jserrors/session_trace/page_view_event/page_view_event/page_view_timing/page_action/metrics/aggregate,11
Services | Page 5 | dmv,/services/jserrors/session_trace/page_view_timing/page_action,1
Services | Page 5 | dmv,/services/metrics/ajax/page_view_timing/ajax/modules/user/API,4
Services | Page 5 | dmv,/services/metrics/jserrors/aggregate,1
Services | Page 5 | dmv,/services/metrics/jserrors/session_trace/API/modules/user/modules/comment/application.version,2
Services | Page 5 | dmv,/services/metrics/page_action/page_action/page_view_timing/metrics/session_trace.enabled,2
Services | Page 5 | dmv,/services/metrics/page_action/page_view_timing/aggregate,4
Services | Page 5 | dmv,/services/metrics/spa/metrics/session_trace/page_view_timing/javascript:;,8
Services | Page 5 | dmv,/services/modules/comment/API/Generic/metrics/spa/page_view_timing/page_view_event/page_view_event/jserrors/spa/aggregate,3
Services | Page 5 | dmv,/services/modules/comment/API/noticeError/API/modules/comment/API,1
Services | Page 5 | dmv,/services/modules/comment/modules/comment/API/API/otr.cfo,1
Services | Page 5 | dmv,/services/modules/comment/modules/system/otr.cfo,12
Services | Page 5 | dmv,/services/modules/comment/otr.cfo,16
Services | Page 5 | dmv,/services/modules/comment/privacy.cookies_enabled,4
Services | Page 5 | dmv,/services/modules/system/API/noticeError/API/privacy.cookies_enabled,1
Services | Page 5 | dmv,/services/modules/system/API/start/API/modules/system/API,6
Services | Page 5 | dmv,/services/modules/system/Framework/modules/system/API/API,1
Services | Page 5 | dmv,/services/modules/system/modules/system/otr.cfo,1
Services | Page 5 | dmv,/services/modules/system/modules/user/API/noticeError/otr.cfo,1
Services | Page 5 | dmv,/services/modules/vendor/phpunit/phpunit/LICENSE/ajax/jserrors/spa/page_view_timing/page_action/aggregate,1
Services | Page 5 | dmv,/services/modules/vendor/phpunit/phpunit/LICENSE/ajax/spa/page_view_event/page_view_timing/aggregate,8
Services | Page 5 | dmv,/services/modules/vendor/phpunit/phpunit/LICENSE/ajax/spa/page_view_event/page_view_timing/javascript:,1
Services | Page 5 | dmv,/services/p/jserrors/page_view_timing/spa/jserrors/aggregate,1
Services | Page 5 | dmv,/services/p/page_view_event/metrics/spa/aggregate,2
Services | Page 5 | dmv,/services/p/page_view_event/session_trace/page_view_event/ajax/page_action/page_view_timing/session_trace/spa/jserrors/ajax/metrics/aggregate,3
Services | Page 5 | dmv,/services/p/page_view_timing/jserrors/session_trace/page_action/aggregate,5
Services | Page 5 | dmv,/services/p/page_view_timing/metrics/session_trace/ajax/metrics/API,3
Services | Page 5 | dmv,/services/p/session_trace/jserrors/ajax/page_view_event/aggregate,2
Services | Page 5 | dmv,/services/p/spa/ajax/page_action/metrics/aggregate,1
Services | Page 5 | dmv,/services/page_action/page_view_event/page_view_event/sites/all/modules/google_analytics/API,1
Services | Page 5 | dmv,/services/page_action/page_view_event/page_view_timing/page_view_event/API/start/modules/comment/application.version,1
Services | Page 5 | dmv,/services/page_action/spa/page_action/ajax/aggregate,2
Services | Page 5 | dmv,/services/page_action/spa/page_view_event/aggregate,1
Services | Page 5 | dmv,/services/page_view_event/ajax/metrics/modules/system/API/modules/system/session_trace.enabled,17
Services | Page 5 | dmv,/services/page_view_event/ajax/metrics/modules/user/modules/comment/session_trace.enabled,7
Services | Page 5 | dmv,/services/page_view_event/page_view_timing/metrics/jserrors/spa/ajax/API/session_trace.enabled,3
Services | Page 5 | dmv,/services/page_view_event/page_view_timing/metrics/modules/system/modules/user,1
Services | Page 5 | dmv,/services/page_view_event/session_trace/page_view_timing/spa/jserrors/metrics/ajax/aggregate,1
Services | Page 5 | dmv,/services/page_view_event/spa/page_action/page_action/ajax/aggregate,1
Services | Page 5 | dmv,/services/page_view_event/spa/page_action/page_action/ajax/modules/system/API,3
Services | Page 5 | dmv,/services/page_view_event/spa/page_view_event/session_trace/ajax/aggregate,2
Services | Page 5 | dmv,/services/page_view_event/spa/page_view_event/session_trace/metrics/modules/system/API/otr.cfo,4
Services | Page 5 | dmv,/services/page_view_timing/ajax/session_trace/metrics/metrics/spa/session_trace.enabled,3
Services | Page 5 | dmv,/services/page_view_timing/jserrors/page_view_event/page_action/modules/comment/API/otr.cfo,1
Services | Page 5 | dmv,/services/page_view_timing/page_action/page_view_event/jserrors/page_view_timing/metrics/modules/user/privacy.cookies_enabled,13
Services | Page 5 | dmv,/services/page_view_timing/page_action/page_view_event/metrics/metrics,14
Services | Page 5 | dmv,/services/page_view_timing/page_view_event/ajax/API/start/API/privacy.cookies_enabled,1
Services | Page 5 | dmv,/services/page_view_timing/page_view_timing/ajax/aggregate,13
Services | Page 5 | dmv,/services/page_view_timing/session_trace/metrics/page_action/spa/page_view_event/aggregate,5
Services | Page 5 | dmv,/services/page_view_timing/session_trace/metrics/page_view_timing/jserrors/API/start,11
Services | Page 5 | dmv,/services/page_view_timing/session_trace/page_view_event/page_action/page_view_timing/modules/comment/API/privacy.cookies_enabled,15
Services | Page 5 | dmv,/services/page_view_timing/session_trace/session_trace/API/modules/user/modules/system/session_trace.enabled,3
Services | Page 5 | dmv,/services/page_view_timing/spa/page_view_event/metrics/aggregate,1
Services | Page 5 | dmv,/services/page_view_timing/spa/page_view_event/page_view_event/session_trace/modules/user/API/otr.cfo,8
Services | Page 5 | dmv,/services/pary-tickets,6
Services | Page 5 | dmv,/services/pay-contest/API/noticeError/modules/system/application.version,17
Services | Page 5 | dmv,/services/pay-contest/sites/all/modules/google_analytics/API/API,1
Services | Page 5 | dmv,/services/pay-services,8
Services | Page 5 | dmv,/services/pay-tickets%252527,1
Services | Page 5 | dmv,/services/pay/API/ajax/session_trace/metrics/spa/page_view_event/page_action/aggregate,11
Services | Page 5 | dmv,/services/pay/API/metrics/ajax/otr.cfo,1
Services | Page 5 | dmv,/services/pay/API/metrics/page_action/API/noticeError/modules/user/application.version,1
Services | Page 5 | dmv,/services/pay/API/metrics/page_view_timing/session_trace/page_action/session_trace/spa/page_action/ajax/ajax/aggregate,2
Services | Page 5 | dmv,/services/pay/API/modules/system/API/modules/system/API,1
Services | Page 5 | dmv,/services/pay/API/noticeError/API/API,1
Services | Page 5 | dmv,/services/pay/API/session_trace/modules/user,1
Services | Page 5 | dmv,/services/pay/API/session_trace/page_action/jserrors/metrics/spa/page_view_timing/ajax/session_trace/ajax/aggregate,4
Services | Page 5 | dmv,/services/pay/API/spa/ajax/page_view_timing/metrics/jserrors/page_action/metrics/aggregate,4
Services | Page 5 | dmv,/services/pay/ajax/metrics/ajax/API/start,4
Services | Page 5 | dmv,/services/pay/ajax/page_view_timing/metrics/modules/comment/application.version,3
Services | Page 5 | dmv,/services/pay/jserrors/ajax/page_view_timing/aggregate,1
Services | Page 5 | dmv,/services/pay/jserrors/ajax/page_view_timing/session_trace/page_action/page_action/page_view_event/jserrors/session_trace/ajax/page_view_timing/aggregate,1
Services | Page 5 | dmv,/services/pay/metrics/spa/jserrors/page_action/page_view_event/API,9
Services | Page 5 | dmv,/services/pay/modules/system/modules/system/API/start/<my_tag_e1c7269aad2f45eb7654e0276eff7541/>,3
Services | Page 5 | dmv,/services/pay/modules/user/API/API/start/session_trace.enabled,3
Services | Page 5 | dmv,/services/pay/modules/user/API/modules/system/API/start/otr.cfo,7
Services | Page 5 | dmv,/services/pay/page_view_timing/page_view_event/metrics/page_view_event/session_trace/jserrors/aggregate,1
Services | Page 5 | dmv,/services/pay/sites/all/modules/ckeditor/css/API/API,30
Services | Page 5 | dmv,/services/pay/sites/all/modules/ckeditor/css/api/jserrors/page_view_timing/page_view_event/aggregate,1
Services | Page 5 | dmv,/services/service/jserrors/page_view_timing/spa/aggregate,1
Services | Page 5 | dmv,/services/service/page_action/page_view_event/modules/user/modules/system/privacy.cookies_enabled,3
Services | Page 5 | dmv,/services/service/sites/all/modules/google_analytics/modules/user/otr.cfo,15
Services | Page 5 | dmv,/services/services/metrics/jserrors/jserrors/aggregate,6
Services | Page 5 | dmv,/services/services/page_action/page_view_timing/session_trace/aggregate,2
Services | Page 5 | dmv,/services/session_trace/API/modules/system/API/privacy.cookies_enabled,3
Services | Page 5 | dmv,/services/session_trace/API/modules/user/modules/system/API/noticeError,1
Services | Page 5 | dmv,/services/session_trace/ajax/page_view_event/modules/user/application.version,11
Services | Page 5 | dmv,/services/session_trace/metrics/page_view_timing/aggregate,11
Services | Page 5 | dmv,/services/session_trace/modules/user/API/privacy.cookies_enabled,1
Services | Page 5 | dmv,/services/session_trace/page_view_event/session_trace/page_view_timing/jserrors/page_view_event/spa/page_action/aggregate,10
Services | Page 5 | dmv,/services/session_trace/page_view_timing/jserrors/page_view_event/spa/jserrors/aggregate,2
Services | Page 5 | dmv,/services/session_trace/page_view_timing/page_view_event/ajax/page_view_timing,1
Services | Page 5 | dmv,/services/session_trace/session_trace/page_view_timing/API,4
Services | Page 5 | dmv,/services/signature/API/noticeError/API,7
Services | Page 5 | dmv,/services/signature/modules/system/API/API/noticeError/called,1
Services | Page 5 | dmv,/services/sites/all/modules/ckeditor/css/metrics/page_action/jserrors/ajax/aggregate,1
Services | Page 5 | dmv,/services/sites/all/modules/ckeditor/css/page_view_event/jserrors/session_trace/session_trace/aggregate,1
Services | Page 5 | dmv,/services/sites/all/modules/ckeditor/css/page_view_timing/metrics/page_view_event/session_trace/spa/metrics/session_trace/page_action/jserrors/page_view_timing/aggregate,2
Services | Page 5 | dmv,/services/sites/all/modules/ctools/css/API/modules/system/session_trace.enabled,3
Services | Page 5 | dmv,/services/sites/all/modules/google_analytics/API/start/modules/system/session_trace.enabled,2
Services | Page 5 | dmv,/services/sites/all/modules/google_analytics/modules/system/API/otr.cfo,13
Services | Page 5 | dmv,/services/sites/all/modules/google_analytics/privacy.cookies_enabled,2
Services | Page 5 | dmv,/services/sites/all/themes/omega/css/API/application.version,2
Services | Page 5 | dmv,/services/sites/all/themes/omega/omega/css/API/application.version,2
Services | Page 5 | dmv,/services/spa/jserrors/spa/metrics/ajax/page_view_timing/modules/system/privacy.cookies_enabled,8
Services | Page 5 | dmv,/services/spa/metrics/page_view_timing/page_action,1
Services | Page 5 | dmv,/services/spa/metrics/page_view_timing/page_action/spa/aggregate,1
Services | Page 5 | dmv,/services/spa/metrics/session_trace/API/noticeError/called,9
Services | Page 5 | dmv,/services/spa/page_action/metrics/page_action/aggregate,1
Services | Page 5 | dmv,/services/spa/page_action/metrics/page_action/page_view_event/API/pauseReplay/called,8
Services | Page 5 | dmv,/services/spa/page_action/page_action/page_view_event/jserrors/modules/comment/API,2
Services | Page 5 | dmv,/services/spa/page_action/page_view_timing/session_trace/API/start/application.version,17
Services | Page 5 | dmv,/services/spa/page_view_event/page_action/page_action/ajax/page_view_timing/spa/jserrors/aggregate,1
Services | Page 5 | dmv,/services/spa/spa/page_view_timing/jserrors/ajax/aggregate,4
Services | Page 5 | dmv,/services/ticket/API/noticeError/API,4
Services | Page 5 | dmv,/services/ticket/API/noticeError/modules/user/API,1
Services | Page 5 | dmv,/services/ticket/API/sites/all/modules/panels/css/page_action/session_trace/page_action/jserrors/metrics/page_view_timing/spa/aggregate,1
Services | Page 5 | dmv,/services/ticket/modules/system/modules/user/application.version,5
Services | Page 5 | dmv,/services/ticket/session_trace/modules/system/API/noticeError/privacy.cookies_enabled,3
Services | Page 5 | dmv,/services/user/jserrors/page_action/page_view_event/aggregate,2
Services | Page 5 | dmv,/services/user/page_view_event/jserrors/spa/otr.cfo,1
Services | Page 5 | dmv,/services/volation,11
Services | Page 5 | dmv,/services/vontest/API/API/modules/user/API,1
Services | Page 5 | dmv,/services/vontest/API/modules/user/modules/system/API/API,4
Services | Page 5 | dmv,/services/vontest/modules/user/otr.cfo,5
Services | Page 5 | dmv,/services/vontest/sites/all/modules/google_analytics/API/noticeError/API,1
Services | Page 5 | dmv,/services/vontest/sites/all/modules/google_analytics/API/noticeError/spa/metrics/jserrors/aggregate,1
Services | Page 5 | dmv,/services/wp-includes/css/API/modules/comment/modules/user/API/privacy.cookies_enabled,13
Services | Page 5 | dmv,/services/wp-includes/css/ajax/session_trace,1
Services | Page 5 | dmv,/services/wp-includes/css/modules/system/API/start/application.version,8
Services | Page 5 | dmv,/services/wp-includes/css/page_view_timing/page_action/spa/session_trace/jserrors/page_view_event/page_view_event,2
Services | Page 5 | dmv,/services/wp-includes/css/session_trace/page_view_timing/API/start/API/noticeError/session_trace.enabled,3
Services | Page 5 | dmv,/services/xampp/info.php,2
Services | Page 6 | dmv,"/services/jserrors/page_view_timing/page_action/metrics/ajax/session_trace/API/url(""ht",1
Services | Page 6 | dmv,"/services/url(""https:/dmv",2
Services | Page 6 | dmv,/SERVICES/CONTEST-YICKETS,1
Services | Page 6 | dmv,/SERVICES/jserrors/page_action/page_view_event/session_trace/metrics/aggregate,2
Services | Page 6 | dmv,/SERVICES/metrics/jserrors/jserrors/session_trace/spa/&quot;https:/www.google.com/cse/static/images/1x/en/branding.png&quot,3
Services | Page 6 | dmv,/SERVICES/page_view_timing/jserrors/ajax/page_view_timing/aggregate,1
Services | Page 6 | dmv,/SERVICES/page_view_timing/jserrors/metrics/session_trace/page_view_timing/aggregate,1
Services | Page 6 | dmv,/SERVICES/page_view_timing/jserrors/page_view_event/page_action/aggregate,1
Services | Page 6 | dmv,/Services/HR-Services/HRX/Home.aspx,22
Services | Page 6 | dmv,/Services/jserrors/ajax/ajax/metrics/page_view_event,1
Services | Page 6 | dmv,/Services/jserrors/metrics/jserrors/page_view_event/aggregate,7
Services | Page 6 | dmv,/Services/jserrors/page_view_timing/jserrors/page_view_event/page_view_event/page_action/spa/page_view_timing/ajax/metrics/aggregate,2
Services | Page 6 | dmv,/Services/metrics/ajax/page_view_timing/page_view_timing/page_view_event/ajax/jserrors/aggregate,1
Services | Page 6 | dmv,/Services/page_view_event/spa/page_action/page_view_event/jserrors/javascript:;,2
Services | Page 6 | dmv,/Services/page_view_timing/metrics/ajax/jserrors/page_action/javascript:;,10
Services | Page 6 | dmv,/Services/page_view_timing/session_trace/session_trace/javascript:;,7
Services | Page 6 | dmv,/Services/spa/page_view_timing/ajax/spa/page_view_timing/aggregate,1
Services | Page 6 | dmv,/services /API/noticeError/modules/user/modules/comment/session_trace.enabled,1
Services | Page 6 | dmv,/services//API,6
Services | Page 6 | dmv,/services/API/API/modules/comment/application.version,4
Services | Page 6 | dmv,/services/API/API/noticeError/jserrors/page_view_event/page_view_timing/session_trace/page_view_timing/ajax/session_trace/page_action/aggregate,17
Services | Page 6 | dmv,/services/API/API/noticeError/jserrors/spa/ajax/session_trace/aggregate,1
Services | Page 6 | dmv,/services/API/API/noticeError/sites/all/modules/views/css/privacy.cookies_enabled,4
Services | Page 6 | dmv,/services/API/Framework/sites/all/themes/omega/omega/js/omega-mediaqueries.js,2
Services | Page 6 | dmv,/services/API/Generic/Version,1
Services | Page 6 | dmv,/services/API/createTracer/modules/comment/API/pauseReplay/API/noticeError/called,1
Services | Page 6 | dmv,/services/API/modules/user/application.version,8
Services | Page 6 | dmv,/services/API/noticeError/API/noticeError/modules/system,1
Services | Page 6 | dmv,/services/API/noticeError/modules/user/API/modules/system/otr.cfo,1
Services | Page 6 | dmv,/services/API/noticeError/modules/user/spa/ajax/metrics/aggregate,10
Services | Page 6 | dmv,/services/API/recordReplay/API/modules/user/session_trace.enabled,2
Services | Page 6 | dmv,/services/API/sites/all/modules/ctools/css/API/page_action/ajax/page_view_event/spa/page_action/aggregate,2
Services | Page 6 | dmv,/services/API/sites/all/modules/google_analytics/otr.cfo,4
Services | Page 6 | dmv,/services/Framework/Framework/Generic/FileProtocol/metrics/API/noticeError/called,10
Services | Page 6 | dmv,/services/Framework/modules/system/page_view_timing/page_view_event/spa/page_view_event/jserrors/javascript:,2
Services | Page 6 | dmv,/services/Framework/page_view_timing.enabled,7
Services | Page 6 | dmv,/services/Framework/page_view_timing/page_view_event/modules/comment/session_trace.enabled,1
Services | Page 6 | dmv,/services/Generic,2
Services | Page 6 | dmv,/services/Generic/FileProtocol/API/sites/all/modules/panels/css/page_view_timing/session_trace/page_view_event/ajax/aggregate,4
Services | Page 6 | dmv,/services/Generic/Obfuscate/API/modules/comment,2
Services | Page 6 | dmv,/services/Generic/Obfuscate/API/start/modules/system/API/start/session_trace.enabled,1
Services | Page 6 | dmv,/services/Generic/Obfuscate/otr.cfo,10
Services | Page 6 | dmv,/services/Generic/Version/Framework/session_trace/jserrors/spa/metrics/page_view_event/jserrors/ajax/aggregate,1
Services | Page 6 | dmv,/services/TICKETS,1
Services | Page 6 | dmv,/services/Workers/sites/all/modules/google_analytics/modules/system/application.version,4
Services | Page 6 | dmv,/services/admit-explanation,2
Services | Page 6 | dmv,/services/ajax/page_view_timing/page_action/API/modules/system/privacy.cookies_enabled,1
Services | Page 6 | dmv,/services/ajax/page_view_timing/spa/modules/system/modules/comment/API/application.version,6
Services | Page 6 | dmv,/services/api/page_view_timing,3
Services | Page 6 | dmv,/services/api/spa/page_action/metrics/aggregate,20
Services | Page 6 | dmv,/services/apytickets,2
Services | Page 6 | dmv,/services/config/sites/all/modules/ctools/css/session_trace.enabled,9
Services | Page 6 | dmv,/services/contest--tickets,3
Services | Page 6 | dmv,/services/contest-tickea,1
Services | Page 6 | dmv,/services/contest.tickets.,1
Services | Page 6 | dmv,/services/contest/API/modules/user/modules/system/API/API,3
Services | Page 6 | dmv,/services/contest/jserrors/ajax/metrics/ajax/page_view_timing/aggregate,5
Services | Page 6 | dmv,/services/contest/jserrors/page_view_event/jserrors/session_trace/page_action/spa/metrics/page_view_event/aggregate,2
Services | Page 6 | dmv,/services/contest/jserrors/page_view_event/metrics/spa/aggregate,1
Services | Page 6 | dmv,/services/contest/modules/comment/session_trace/metrics/session_trace/page_action/metrics/jserrors/page_view_timing/ajax/aggregate,1
Services | Page 6 | dmv,/services/contest/modules/comment/session_trace/metrics/spa/page_action/spa/jserrors/session_trace/jserrors/aggregate,1
Services | Page 6 | dmv,/services/contest/modules/system/otr.cfo,1
Services | Page 6 | dmv,/services/contest/modules/system/privacy.cookies_enabled,1
Services | Page 6 | dmv,/services/contest/page_view_timing/spa/ajax/metrics/spa/page_action/aggregate,1
Services | Page 6 | dmv,/services/contest/session_trace/session_trace/modules/system/modules/system/session_trace.enabled,11
Services | Page 6 | dmv,/services/contest/sites/all/modules/ckeditor/css/modules/comment/otr.cfo,3
Services | Page 6 | dmv,/services/contest/spa/ajax/page_view_event/jserrors/session_trace/page_action/metrics/aggregate,2
Services | Page 6 | dmv,/services/contrdt-tickets,5
Services | Page 6 | dmv,/services/driver_services/API/API/sites/all/modules/google_analytics/jserrors/session_trace/ajax/session_trace/jserrors/aggregate,1
Services | Page 6 | dmv,/services/driver_services/API/noticeError/API/noticeError/modules/user/jserrors/ajax/spa/metrics/aggregate,16
Services | Page 6 | dmv,/services/driver_services/API/start/modules/comment/session_trace.enabled,1
Services | Page 6 | dmv,/services/driver_services/ajax/metrics/aggregate,5
Services | Page 6 | dmv,/services/driver_services/ajax/spa/page_view_timing/page_action/page_view_event/privacy.cookies_enabled,2
Services | Page 6 | dmv,/services/driver_services/drivers_license/modules/user/API/noticeError/page_view_event/jserrors/session_trace/session_trace/aggregate,21
Services | Page 6 | dmv,/services/driver_services/drivers_license/modules/user/API/noticeError/page_view_event/page_view_event/jserrors/ajax/metrics/jserrors/aggregate,2
Services | Page 6 | dmv,/services/driver_services/drivers_license/page_view_event/jserrors/session_trace/page_view_timing/aggregate,2
Services | Page 6 | dmv,/services/driver_services/modules/system/modules/comment/url,1
Services | Page 6 | dmv,/services/driver_services/modules/user/API/noticeError/API/noticeError,1
Services | Page 6 | dmv,/services/driver_services/modules/user/sites/all/modules/google_analytics/otr.cfo,1
Services | Page 6 | dmv,/services/jserrors/api/noticeerror/otr.cfo,2
Services | Page 6 | dmv,/services/jserrors/metrics/jserrors/page_view_timing/modules/user/modules/user/otr.cfo,1
Services | Page 6 | dmv,/services/jserrors/page_view_event/page_action/metrics/aggregate,2
Services | Page 6 | dmv,/services/jserrors/spa/page_view_timing/page_view_timing/page_view_event/session_trace,6
Services | Page 6 | dmv,/services/metrics/ajax/page_view_timing/session_trace/API,3
Services | Page 6 | dmv,/services/metrics/jserrors/session_trace/spa/API/start/session_trace.enabled,1
Services | Page 6 | dmv,/services/metrics/metrics/page_action/API/API,2
Services | Page 6 | dmv,/services/metrics/page_action/session_trace/page_view_timing/page_action/API,17
Services | Page 6 | dmv,/services/metrics/session_trace/page_action/page_view_event/jserrors/session_trace.enabled,1
Services | Page 6 | dmv,/services/metrics/session_trace/page_view_timing/metrics/session_trace/API,15
Services | Page 6 | dmv,/services/metrics/spa/ajax/session_trace/aggregate,1
Services | Page 6 | dmv,/services/metrics/spa/metrics/session_trace/page_view_timing/page_view_event/aggregate,2
Services | Page 6 | dmv,/services/metrics/spa/page_view_timing/session_trace/page_view_event/ajax/spa/session_trace,1
Services | Page 6 | dmv,/services/modules/comment/API/Generic/modules/comment/application.version,1
Services | Page 6 | dmv,/services/modules/comment/API/Generic/page_view_event/session_trace/spa/metrics/jserrors/page_view_timing/spa/spa/aggregate,1
Services | Page 6 | dmv,/services/modules/comment/API/start/API/noticeError/modules/user/session_trace.enabled,3
Services | Page 6 | dmv,/services/modules/system/API/noticeError/API,4
Services | Page 6 | dmv,/services/modules/system/API/noticeError/API/modules/user/API,2
Services | Page 6 | dmv,/services/modules/system/API/noticeError/API/start,1
Services | Page 6 | dmv,/services/modules/system/Framework/page_view_timing/page_view_event/session_trace/aggregate,4
Services | Page 6 | dmv,/services/modules/system/metrics/API/start/API/start/application.version,2
Services | Page 6 | dmv,/services/modules/user,0
Services | Page 6 | dmv,/services/modules/vendor/phpunit/phpunit/LICENSE/ajax/spa/page_view_event/page_action/session_trace/aggregate,2
Services | Page 6 | dmv,/services/opay-tickets,2
Services | Page 6 | dmv,/services/p/jserrors/ajax/page_view_timing/metrics/page_action/spa/aggregate,4
Services | Page 6 | dmv,/services/p/page_view_event/jserrors/page_view_event/spa/jserrors/aggregate,3
Services | Page 6 | dmv,/services/p/page_view_event/session_trace/page_view_event/ajax/session_trace/metrics/metrics/spa/page_action/ajax/jserrors/spa/aggregate,2
Services | Page 6 | dmv,/services/p/page_view_timing/ajax/session_trace/ajax/API/start,2
Services | Page 6 | dmv,/services/p/page_view_timing/page_view_timing/jserrors/session_trace/aggregate,6
Services | Page 6 | dmv,/services/p/page_view_timing/session_trace/page_view_timing/ajax/spa/aggregate,3
Services | Page 6 | dmv,/services/p/session_trace/jserrors/ajax/session_trace/page_action/page_view_timing/spa/page_view_event/metrics/metrics/aggregate,1
Services | Page 6 | dmv,/services/p/spa/session_trace/modules/comment/API/API/privacy.cookies_enabled,3
Services | Page 6 | dmv,/services/page_action/page_view_event/jserrors/session_trace/jserrors/metrics/aggregate,3
Services | Page 6 | dmv,/services/page_view_event/page_view_timing/javascript:,1
Services | Page 6 | dmv,/services/page_view_timing/ajax/page_view_timing/spa/ajax/page_action/metrics/aggregate,1
Services | Page 6 | dmv,/services/page_view_timing/jserrors/page_view_event/page_action/modules/comment/modules/system/privacy.cookies_enabled,1
Services | Page 6 | dmv,/services/page_view_timing/metrics/ajax/jserrors/page_action,1
Services | Page 6 | dmv,/services/page_view_timing/metrics/ajax/page_view_timing/aggregate,1
Services | Page 6 | dmv,/services/page_view_timing/metrics/jserrors/session_trace/aggregate,12
Services | Page 6 | dmv,/services/page_view_timing/metrics/page_view_timing/session_trace/page_action/jserrors/aggregate,1
Services | Page 6 | dmv,/services/page_view_timing/spa/page_view_timing/page_view_event/page_action/aggregate,17
Services | Page 6 | dmv,/services/page_view_timing/spa/session_trace/otr.cfo,2
Services | Page 6 | dmv,/services/page_view_timing/spa/spa/modules/comment/modules/system/otr.cfo,1
Services | Page 6 | dmv,/services/pattickets,4
Services | Page 6 | dmv,/services/pay--tickets,2
Services | Page 6 | dmv,/services/pay-ticets,1
Services | Page 6 | dmv,/services/pay-ticlets,1
Services | Page 6 | dmv,/services/pay-tovkets,8
Services | Page 6 | dmv,/services/pay/API/ajax/session_trace/metrics/metrics/page_view_event/aggregate,1
Services | Page 6 | dmv,/services/pay/API/modules/system/modules/system,6
Services | Page 6 | dmv,/services/pay/API/modules/user/modules/user/API/noticeError/called,10
Services | Page 6 | dmv,/services/pay/API/noticeError/modules/user/API/modules/comment,1
Services | Page 6 | dmv,/services/pay/API/page_view_timing/session_trace/jserrors/page_action/session_trace/spa/page_view_event/aggregate,1
Services | Page 6 | dmv,/services/pay/API/session_trace/jserrors/page_action/page_view_timing/spa/session_trace/aggregate,6
Services | Page 6 | dmv,/services/pay/API/sites/all/themes/omega/omega/js/otr.cfo,6
Services | Page 6 | dmv,/services/pay/API/spa/session_trace/ajax,2
Services | Page 6 | dmv,/services/pay/ajax/session_trace/page_action/page_action/ajax/aggregate,15
Services | Page 6 | dmv,/services/pay/ajax/spa/jserrors/page_action/page_view_event/metrics/session_trace/aggregate,1
Services | Page 6 | dmv,/services/pay/jserrors/ajax/API/start/API/noticeError/called,2
Services | Page 6 | dmv,/services/pay/jserrors/page_action/page_action/API/API/start/privacy.cookies_enabled,1
Services | Page 6 | dmv,/services/pay/modules/comment/session_trace.enabled,2
Services | Page 6 | dmv,/services/pay/modules/system/API/API/noticeError/modules/user/otr.cfo,2
Services | Page 6 | dmv,/services/pay/modules/system/API/noticeError/API/noticeError/API,26
Services | Page 6 | dmv,/services/pay/modules/system/API/page_view_event/&quot;https:/www.google.com/cse/static/images/1x/en/branding.png&quot,5
Services | Page 6 | dmv,/services/pay/modules/system/modules/comment/API/metrics/aggregate,6
Services | Page 6 | dmv,/services/pay/modules/user/API,1
Services | Page 6 | dmv,/services/pay/modules/user/API/metrics/aggregate,4
Services | Page 6 | dmv,/services/pay/page_view_timing/jserrors/metrics/spa/aggregate,1
Services | Page 6 | dmv,/services/pay/sites/all/modules/panels/css/privacy.cookies_enabled,1
Services | Page 6 | dmv,/services/paytickets.,2
Services | Page 6 | dmv,/services/payticketsail/u/page_view_event/page_view_timing/metrics/page_view_timing/session_trace/ajax/metrics/spa/page_view_event/jserrors/aggregate,1
Services | Page 6 | dmv,/services/payticketsail/u/page_view_event/spa/page_view_event/session_trace/aggregate,1
Services | Page 6 | dmv,/services/service/jserrors/spa/metrics/metrics/page_view_event/page_action/ajax/jserrors,2
Services | Page 6 | dmv,/services/service/page_action/page_view_event/modules/system/API/start/otr.cfo,2
Services | Page 6 | dmv,/services/service/page_view_event/page_view_event/spa/session_trace/page_action/metrics/ajax/session_trace/page_action/jserrors/page_view_timing/aggregate,9
Services | Page 6 | dmv,/services/service/page_view_timing/session_trace/page_view_event/page_view_timing/aggregate,2
Services | Page 6 | dmv,/services/service/session_trace/session_trace/page_view_event/spa/API/modules/comment/application.version,1
Services | Page 6 | dmv,/services/service/spa/page_action/page_view_timing/session_trace/page_view_event/jserrors/javascript:;,3
Services | Page 6 | dmv,/services/services/session_trace/spa/API,4
Services | Page 6 | dmv,/services/session_trace/API/noticeError/sites/all/modules/ctools/css/session_trace.enabled,1
Services | Page 6 | dmv,/services/session_trace/ajax/aggregate,1
Services | Page 6 | dmv,/services/session_trace/ajax/jserrors/page_action/page_view_event/page_view_event/spa/API,4
Services | Page 6 | dmv,/services/session_trace/metrics/page_view_event/jserrors,2
Services | Page 6 | dmv,/services/session_trace/metrics/session_trace/aggregate,1
Services | Page 6 | dmv,/services/session_trace/sites/all/modules/google_analytics/modules/system,24
Services | Page 6 | dmv,/services/sites/all/modules/ckeditor/css/API/jserrors/page_view_event/ajax/spa/page_action/page_view_timing/page_view_timing/session_trace/spa/aggregate,2
Services | Page 6 | dmv,/services/sites/all/modules/ckeditor/css/API/modules/system/privacy.cookies_enabled,1
Services | Page 6 | dmv,/services/sites/all/modules/ckeditor/css/API/spa/session_trace/page_action/session_trace/page_view_event/page_view_timing/metrics/aggregate,1
Services | Page 6 | dmv,/services/sites/all/modules/ckeditor/css/metrics/spa/aggregate,1
Services | Page 6 | dmv,/services/sites/all/modules/ckeditor/css/page_view_timing/page_action/ajax/ajax/jserrors/aggregate,4
Services | Page 6 | dmv,/services/sites/all/modules/ckeditor/css/page_view_timing/page_view_event/metrics/session_trace/jserrors/page_action/page_view_timing/metrics/page_action/spa/aggregate,3
Services | Page 6 | dmv,/services/sites/all/modules/ctools/css/API/page_view_timing/metrics/spa/session_trace/metrics/page_action/page_view_timing/aggregate,1
Services | Page 6 | dmv,/services/sites/all/modules/system/API/otr.cfo,9
Services | Page 6 | dmv,/services/sites/all/modules/views/css/modules/user/javascript:,1
Services | Page 6 | dmv,/services/spa/ajax/jserrors/spa/API/start/modules/user/application.version,1
Services | Page 6 | dmv,/services/spa/ajax/page_action/page_view_timing/aggregate,1
Services | Page 6 | dmv,/services/spa/metrics/jserrors/aggregate,11
Services | Page 6 | dmv,/services/spa/metrics/page_action/aggregate,1
Services | Page 6 | dmv,/services/spa/metrics/page_action/page_action/otr.cfo,2
Services | Page 6 | dmv,/services/spa/metrics/session_trace/modules/user/API/API/noticeError/called,8
Services | Page 6 | dmv,/services/spa/page_action/ajax/page_view_event/javascript:,1
Services | Page 6 | dmv,/services/spa/page_action/metrics/page_action/page_view_event/javascript:,19
Services | Page 6 | dmv,/services/spa/page_action/page_view_timing/page_action/aggregate,1
Services | Page 6 | dmv,/services/spa/page_view_timing/API/application.version,1
Services | Page 6 | dmv,/services/ticket/API/noticeError/modules/comment/modules/comment/API,2
Services | Page 6 | dmv,/services/ticket/metrics/jserrors,5
Services | Page 6 | dmv,/services/tickets,5
Services | Page 6 | dmv,/services/user/ajax/page_view_timing/page_action/session_trace.enabled,1
Services | Page 6 | dmv,/services/user/session_trace/ajax/session_trace/page_action/aggregate,12
Services | Page 6 | dmv,/services/user_context,3
Services | Page 6 | dmv,/services/vontest/API/modules/user/modules/user/API/noticeError/otr.cfo,3
Services | Page 6 | dmv,/services/vontest/modules/comment/modules/system/javascript:,3
Services | Page 6 | dmv,/services/vontest/sites/all/modules/google_analytics/API,2
Services | Page 6 | dmv,/services/vontest/sites/all/modules/google_analytics/API/noticeError/page_action/spa/page_action/metrics/page_view_event/jserrors/session_trace/page_action/aggregate,1
Services | Page 6 | dmv,/services/wp-includes/css/metrics/page_view_event/page_view_timing/ajax/spa/aggregate,5
Services | Page 7 | dmv,"/services/Generic/Obfuscate/modules/user/modules/system/API/noticeError/url(""https:/dmv.dc",1
Services | Page 7 | dmv,"/services/ajax/jserrors/metrics/session_trace/url(""https:/dmv.dc.gov/sites/all/themes/omega/alpha",5
Services | Page 7 | dmv,"/services/conteset-tickets104.18.40.1618/4/modules/system/API/start/url(""https",1
Services | Page 7 | dmv,"/services/contest/API/start/API/modules/system/modules/user/url(""https:",2
Services | Page 7 | dmv,"/services/driver_services/drivers_license/page_view_timing/page_view_timing/modules/user/API/start/url(""https:/dmv.dc.gov/modules/fiel",1
Services | Page 7 | dmv,"/services/metrics/jserrors/session_trace/page_view_event/page_view_event/page_action/url(""https:/dmv.dc.gov/sites/all/themes/dc_agency_omega/css",1
Services | Page 7 | dmv,"/services/p/page_view_timing/ajax/page_action/metrics/ajax/jserrors/url(""https:/dmv.dc.gov/modules/sea",12
Services | Page 7 | dmv,"/services/page_view_event/metrics/page_view_event/spa/page_action/url(""https:/dmv.dc.gov/sites/all/themes/omega/alpha/css/grid/alpha_default/narrow/alpha-default-narrow-",5
Services | Page 7 | dmv,"/services/page_view_timing/jserrors/page_view_event/spa/page_action/url(""https:/dmv.dc.g",1
Services | Page 7 | dmv,"/services/page_view_timing/session_trace/url(""https:/dmv.dc.gov/sites/all",1
Services | Page 7 | dmv,"/services/session_trace/API/API/noticeError/modules/system/url(""https",1
Services | Page 7 | dmv,"/services/sites/all/themes/omega/omega/js/API/noticeError/url(""h",2
Services | Page 7 | dmv,"/services/url(""https:/dmv.dc.gov/sites/all/themes/o",19
Services | Page 7 | dmv,"/services/vontest/modules/system/API/API/noticeError/url(""https:/dmv.dc.gov/sites/all/themes/o",1
Services | Page 7 | dmv,/SERVICES/jserrors/metrics/page_action/ajax/session_trace/jserrors/aggregate,2
Services | Page 7 | dmv,/SERVICES/metrics/session_trace/page_view_timing/jserrors/aggregate,2
Services | Page 7 | dmv,/SERVICES/metrics/spa/metrics/session_trace/page_view_timing/page_view_event/aggregate,4
Services | Page 7 | dmv,/SERVICES/page_view_timing/ajax/metrics/aggregate,2
Services | Page 7 | dmv,/SERVICES/page_view_timing/jserrors/ajax/page_action/jserrors/<my_tag_342e9dea0281e4855f81d0ec951382f1/>,2
Services | Page 7 | dmv,/SERVICES/page_view_timing/jserrors/ajax/spa/page_view_event/aggregate,2
Services | Page 7 | dmv,/SERVICES/page_view_timing/page_view_event/jserrors/session_trace/page_action/jserrors/metrics/spa/session_trace/aggregate,1
Services | Page 7 | dmv,/SERVICES/page_view_timing/session_trace/metrics/page_action/spa/page_view_event/aggregate,1
Services | Page 7 | dmv,/SERVICES/spa/ajax/page_view_event/metrics,1
Services | Page 7 | dmv,/Services/ajax/page_view_event/page_view_timing/page_action/spa/page_view_event/aggregate,1
Services | Page 7 | dmv,/Services/jserrors/metrics/session_trace/ajax/aggregate,1
Services | Page 7 | dmv,/Services/metrics/page_action/ajax/aggregate,2
Services | Page 7 | dmv,/Services/metrics/page_action/ajax/session_trace/metrics/aggregate,1
Services | Page 7 | dmv,/Services/page_view_event/page_action/page_view_timing/ajax/spa/ajax/aggregate,1
Services | Page 7 | dmv,/Services/page_view_event/session_trace/page_action/page_view_timing/page_action/metrics/aggregate,3
Services | Page 7 | dmv,/Services/session_trace/jserrors/page_view_timing/jserrors/spa/page_view_event/page_view_timing/aggregate,12
Services | Page 7 | dmv,/Services/spa/page_action/ajax/jserrors/aggregate,1
Services | Page 7 | dmv,/services/ contest-tickets.,1
Services | Page 7 | dmv,/services/956960%40,1
Services | Page 7 | dmv,/services/<my_tag_602aebab49e28dc36c752051f509a5c8/>,11
Services | Page 7 | dmv,/services/API/API/noticeError/spa/page_view_timing/jserrors/aggregate,3
Services | Page 7 | dmv,/services/API/API/sites/all/modules/google_analytics/API,1
Services | Page 7 | dmv,/services/API/Framework/sites/all/themes/omega/omega/js/ajax/ajax/page_action/spa/session_trace/page_view_timing/jserrors/aggregate,2
Services | Page 7 | dmv,/services/API/noticeError/API/noticeError/modules/user/modules/system/privacy.cookies_enabled,2
Services | Page 7 | dmv,/services/API/noticeError/modules/comment/modules/user/API/privacy.cookies_enabled,1
Services | Page 7 | dmv,/services/API/noticeError/modules/user/modules/user/API/session_trace.enabled,2
Services | Page 7 | dmv,/services/API/noticeError/otr.cfo,1
Services | Page 7 | dmv,/services/API/pauseReplay/modules/user/API/createTracer/called,1
Services | Page 7 | dmv,/services/API/recordReplay/API/modules/user,3
Services | Page 7 | dmv,/services/API/sites/all/modules/views/css/otr.cfo,3
Services | Page 7 | dmv,/services/Framework/API/start/API/otr.cfo,1
Services | Page 7 | dmv,/services/Framework/API/start/otr.cfo,1
Services | Page 7 | dmv,/services/Framework/modules/system/page_view_timing/@@wCMpl/spa/session_trace,1
Services | Page 7 | dmv,/services/Framework/sites/all/modules/google_analytics/API/start/application.version,3
Services | Page 7 | dmv,/services/Generic/Obfuscate/API/modules/comment/modules/user/session_trace.enabled,1
Services | Page 7 | dmv,/services/Generic/Obfuscate/API/noticeError/API,1
Services | Page 7 | dmv,/services/Generic/Obfuscate/API/noticeError/modules/comment/API/start,20
Services | Page 7 | dmv,/services/Generic/Obfuscate/API/start/modules/system/API/start,13
Services | Page 7 | dmv,/services/Generic/Obfuscate/modules/user/API,4
Services | Page 7 | dmv,/services/Workers/API/noticeError/called,3
Services | Page 7 | dmv,/services/Workers/API/sites/all/modules/views/css,1
Services | Page 7 | dmv,/services/Workers/modules/system/modules/user/otr.cfo,1
Services | Page 7 | dmv,/services/Workers/privacy.cookies_enabled,1
Services | Page 7 | dmv,/services/Workers/sites/all/modules/google_analytics/API/start/application.version,1
Services | Page 7 | dmv,/services/Workers/sites/all/modules/panels/css/modules/comment/privacy.cookies_enabled,1
Services | Page 7 | dmv,/services/ajax/jserrors/metrics/page_action/jserrors/aggregate,2
Services | Page 7 | dmv,/services/ajax/page_view_event/page_action/jserrors/spa/session_trace/page_view_timing,1
Services | Page 7 | dmv,/services/ajax/page_view_timing/page_action/modules/comment/modules/system/API,2
Services | Page 7 | dmv,/services/api/page_view_event/session_trace/aggregate,1
Services | Page 7 | dmv,/services/api/page_view_event/spa/modules/system/API/start/API,3
Services | Page 7 | dmv,/services/browser/blobs,2
Services | Page 7 | dmv,/services/consest-tickets,2
Services | Page 7 | dmv,/services/contes-tickets.,1
Services | Page 7 | dmv,/services/contest%2520-tickets,5
Services | Page 7 | dmv,/services/contest-ickets,1
Services | Page 7 | dmv,/services/contest-teickets,18
Services | Page 7 | dmv,/services/contest-tickests.,1
Services | Page 7 | dmv,/services/contest-ticketd172.64.147.958/4/API/modules/system/modules/comment/API,1
Services | Page 7 | dmv,/services/contest-tickets.gov,4
Services | Page 7 | dmv,/services/contest-tivckets,2
Services | Page 7 | dmv,/services/contest/API/modules/system/modules/user/API,2
Services | Page 7 | dmv,/services/contest/API/noticeError/modules/user/API/start/otr.cfo,1
Services | Page 7 | dmv,/services/contest/API/start/modules/user/modules/system/application.version,2
Services | Page 7 | dmv,/services/contest/metrics/ajax/page_view_event/page_view_timing/aggregate,1
Services | Page 7 | dmv,/services/contest/page_action/page_view_timing/page_view_event/aggregate,4
Services | Page 7 | dmv,/services/contest/spa/ajax/page_action/session_trace/metrics/ajax/page_view_timing/jserrors/page_action/jserrors/page_view_timing/aggregate,2
Services | Page 7 | dmv,/services/contest/spa/ajax/page_view_event/page_view_timing/API/modules/user/session_trace.enabled,2
Services | Page 7 | dmv,/services/contestiticketsrespond-ticket,1
Services | Page 7 | dmv,/services/contst-ticket,5
Services | Page 7 | dmv,/services/driver_services/API/API/sites/all/modules/google_analytics/spa/page_view_timing/jserrors/spa/metrics/page_view_event/session_trace/aggregate,2
Services | Page 7 | dmv,/services/driver_services/API/modules/user/API,4
Services | Page 7 | dmv,/services/driver_services/API/noticeError/API/otr.cfo,1
Services | Page 7 | dmv,/services/driver_services/API/noticeError/modules/user/modules/system/API,2
Services | Page 7 | dmv,/services/driver_services/API/noticeError/sites/all/modules/google_analytics/page_view_timing/metrics/spa/metrics/page_view_event/ajax/session_trace/aggregate,1
Services | Page 7 | dmv,/services/driver_services/API/otr.cfo,2
Services | Page 7 | dmv,/services/driver_services/ajax/metrics/spa/page_action/aggregate,1
Services | Page 7 | dmv,/services/driver_services/drivers_license/API/modules/system/otr.cfo,2
Services | Page 7 | dmv,/services/driver_services/drivers_license/modules/comment/otr.cfo,19
Services | Page 7 | dmv,/services/driver_services/drivers_license/modules/user/API/noticeError/API/API,1
Services | Page 7 | dmv,/services/driver_services/drivers_license/modules/user/API/noticeError/session_trace/ajax/ajax/jserrors/page_view_event/aggregate,6
Services | Page 7 | dmv,/services/driver_services/drivers_license/modules/user/modules/system/API/otr.cfo,1
Services | Page 7 | dmv,/services/driver_services/jserrors/metrics/aggregate,1
Services | Page 7 | dmv,/services/driver_services/jserrors/spa/API/start/modules/comment/otr.cfo,3
Services | Page 7 | dmv,/services/driver_services/modules/user/modules/system/API,5
Services | Page 7 | dmv,/services/driver_services/session_trace/page_view_timing/metrics/modules/system/API,1
Services | Page 7 | dmv,/services/driver_services/session_trace/spa/metrics/modules/comment/modules/user/otr.cfo,1
Services | Page 7 | dmv,/services/jserrors/ajax/metrics/page_view_event/otr.cfo,3
Services | Page 7 | dmv,/services/jserrors/page_action/session_trace/metrics/metrics/API/start,9
Services | Page 7 | dmv,/services/jserrors/page_view_timing/spa/jserrors/page_action/aggregate,1
Services | Page 7 | dmv,/services/jserrors/session_trace/page_view_event/metrics/spa/ajax/aggregate,2
Services | Page 7 | dmv,/services/jserrors/spa/ajax/jserrors/ajax/page_view_event/aggregate,7
Services | Page 7 | dmv,/services/jserrors/spa/metrics/page_view_timing/spa,5
Services | Page 7 | dmv,/services/jserrors/spa/metrics/page_view_timing/spa/aggregate,1
Services | Page 7 | dmv,/services/metrics/session_trace/page_action/page_view_event/jserrors/javascript:;,1
Services | Page 7 | dmv,/services/metrics/spa/session_trace/API/otr.cfo,2
Services | Page 7 | dmv,/services/metrics/spa/session_trace/modules/system/API,1
Services | Page 7 | dmv,/services/modules/comment/API/noticeError,13
Services | Page 7 | dmv,/services/modules/comment/API/noticeError/API/start,1
Services | Page 7 | dmv,/services/modules/comment/modules/comment/API/API/&quot;https:/www.google.com/cse/static/images/1x/en/branding.png&quot,2
Services | Page 7 | dmv,/services/modules/comment/modules/system,1
Services | Page 7 | dmv,/services/modules/system/API,1
Services | Page 7 | dmv,/services/modules/system/API/recordReplay/sites/all/modules/google_analytics/otr.cfo,2
Services | Page 7 | dmv,/services/modules/system/API/sites/all/modules/google_analytics/otr.cfo,1
Services | Page 7 | dmv,/services/modules/system/Framework/modules/system/API,1
Services | Page 7 | dmv,/services/modules/system/modules/comment/API,2
Services | Page 7 | dmv,/services/modules/user/modules/comment/API/API/noticeError/otr.cfo,1
Services | Page 7 | dmv,/services/modules/user/sites/all/modules/google_analytics/API/createTracer/called,1
Services | Page 7 | dmv,/services/p/page_view_timing/ajax/session_trace/ajax/aggregate,1
Services | Page 7 | dmv,/services/p/page_view_timing/jserrors/spa/API/noticeError/privacy.cookies_enabled,2
Services | Page 7 | dmv,/services/p/page_view_timing/page_view_timing/jserrors/spa/application.version,2
Services | Page 7 | dmv,/services/page_action/jserrors/jserrors/ajax/page_view_event/aggregate,1
Services | Page 7 | dmv,/services/page_action/page_view_event/page_view_timing/jserrors/aggregate,3
Services | Page 7 | dmv,/services/page_action/page_view_timing/metrics/spa/session_trace/jserrors/aggregate,3
Services | Page 7 | dmv,/services/page_action/spa/jserrors/aggregate,1
Services | Page 7 | dmv,/services/page_action/spa/page_view_event/modules/user/otr.cfo,2
Services | Page 7 | dmv,/services/page_view_event/ajax/metrics/aggregate,2
Services | Page 7 | dmv,/services/page_view_event/ajax/session_trace/session_trace/spa/page_view_timing/aggregate,1
Services | Page 7 | dmv,/services/page_view_event/metrics/spa/page_view_event/page_action/ajax/ajax,2
Services | Page 7 | dmv,/services/page_view_event/metrics/spa/page_view_event/page_action/ajax/ajax/aggregate,2
Services | Page 7 | dmv,/services/page_view_event/page_view_timing/metrics/page_view_event/javascript:,1
Services | Page 7 | dmv,/services/page_view_event/spa/jserrors/session_trace/ajax/page_view_timing/aggregate,6
Services | Page 7 | dmv,/services/page_view_timing/jserrors/ajax/spa/page_view_event/aggregate,14
Services | Page 7 | dmv,/services/page_view_timing/jserrors/page_view_event,1
Services | Page 7 | dmv,/services/page_view_timing/page_view_event/page_action/jserrors/aggregate,1
Services | Page 7 | dmv,/services/page_view_timing/page_view_event/page_view_timing/page_action/API/start/modules/comment/otr.cfo,2
Services | Page 7 | dmv,/services/page_view_timing/page_view_event/spa/aggregate,1
Services | Page 7 | dmv,/services/page_view_timing/page_view_timing/metrics/aggregate,4
Services | Page 7 | dmv,/services/page_view_timing/spa,4
Services | Page 7 | dmv,/services/page_view_timing/spa/spa/modules/system/API/start,1
Services | Page 7 | dmv,/services/parkin-tickets,1
Services | Page 7 | dmv,/services/pay-contest/API/modules/system/session_trace.enabled,3
Services | Page 7 | dmv,/services/pay-contest/modules/system/API/modules/user/API/recordReplay/otr.cfo,1
Services | Page 7 | dmv,/services/pay-contest/modules/system/API/start/API/start,3
Services | Page 7 | dmv,/services/pay-contest/modules/system/otr.cfo,2
Services | Page 7 | dmv,/services/pay-ticketshttps:/mail.google.com/mail/u/0,17
Services | Page 7 | dmv,/services/pay-ticketswww.,1
Services | Page 7 | dmv,/services/pay/API/metrics/page_action/aggregate,3
Services | Page 7 | dmv,/services/pay/API/modules/user/modules/system/privacy.cookies_enabled,3
Services | Page 7 | dmv,/services/pay/API/session_trace/page_action/page_view_event/spa/page_view_timing/jserrors/page_view_event/page_action/ajax/metrics/aggregate,1
Services | Page 7 | dmv,/services/pay/API/sites,1
Services | Page 7 | dmv,/services/pay/API/sites/all/modules/google_analytics/API/javascript:;,2
Services | Page 7 | dmv,/services/pay/API/start/modules/system/modules/user/API,7
Services | Page 7 | dmv,/services/pay/ajax/ajax/session_trace/page_view_event/page_action,2
Services | Page 7 | dmv,/services/pay/ajax/page_view_timing/metrics/aggregate,7
Services | Page 7 | dmv,/services/pay/ajax/spa/jserrors/page_view_event/session_trace/page_view_timing/page_action/page_view_timing/page_view_event/aggregate,11
Services | Page 7 | dmv,/services/pay/jserrors/ajax/API,1
Services | Page 7 | dmv,/services/pay/jserrors/page_action/page_action/API/start/API/otr.cfo,2
Services | Page 7 | dmv,/services/pay/jserrors/spa/page_view_event/spa/session_trace/aggregate,2
Services | Page 7 | dmv,/services/pay/metrics/page_action/jserrors/spa/modules/user/API/otr.cfo,2
Services | Page 7 | dmv,/services/pay/modules/comment/API/metrics/javascript:,10
Services | Page 7 | dmv,/services/pay/modules/system/modules/system/API/start/otr.cfo,2
Services | Page 7 | dmv,/services/pay/page_view_event/ajax,4
Services | Page 7 | dmv,/services/pay/page_view_event/page_view_timing/page_action/page_view_event/aggregate,20
Services | Page 7 | dmv,/services/pay/sites/all/modules/ctools/css/API/start/application.version,2
Services | Page 7 | dmv,/services/payticketsail/u/metrics/page_view_timing/spa/session_trace/API/API/application.version,2
Services | Page 7 | dmv,/services/payticketsail/u/page_view_event/page_view_timing/aggregate,1
Services | Page 7 | dmv,/services/payticketsail/u/page_view_timing/jserrors/ajax/aggregate,1
Services | Page 7 | dmv,/services/service/API/noticeError/modules/user/javascript:;,1
Services | Page 7 | dmv,/services/service/jserrors/metrics/session_trace/spa/ajax/page_action/aggregate,9
Services | Page 7 | dmv,/services/service/page_action/spa/jserrors/modules/system/API/otr.cfo,1
Services | Page 7 | dmv,/services/service/page_action/spa/spa/ajax/page_view_event/ajax/aggregate,4
Services | Page 7 | dmv,/services/service/page_view_event/session_trace/aggregate,12
Services | Page 7 | dmv,/services/service/pay-ticket,1
Services | Page 7 | dmv,/services/session_trace/API/API/noticeError/modules/system/modules/system/otr.cfo,3
Services | Page 7 | dmv,/services/session_trace/API/start,1
Services | Page 7 | dmv,/services/session_trace/metrics/page_view_event/metrics/session_trace/page_view_timing/aggregate,1
Services | Page 7 | dmv,/services/session_trace/metrics/page_view_event/page_view_timing/jserrors/url,23
Services | Page 7 | dmv,/services/session_trace/sites/all/modules,8
Services | Page 7 | dmv,/services/signature/modules/system/API/start/API/otr.cfo,1
Services | Page 7 | dmv,/services/sites/all/modules/ckeditor/css/API/javascript:;,1
Services | Page 7 | dmv,/services/sites/all/modules/google_analytics/API/start/modules/system/privacy.cookies_enabled,1
Services | Page 7 | dmv,/services/sites/all/modules/views/css/modules/comment/API,1
Services | Page 7 | dmv,/services/sites/all/themes/omega/alpha/css/modules/user/otr.cfo,1
Services | Page 7 | dmv,/services/sites/all/themes/omega/omega/js/&quot;https:/www.google.com/cse/static/images/1x/en/branding.png&quot,1
Services | Page 7 | dmv,/services/spa/API/start/sites/default/files/dc/shared_assets/resources_icon_set/rss-hover.png,2
Services | Page 7 | dmv,/services/spa/ajax/page_view_event/metrics/modules/user/API,1
Services | Page 7 | dmv,/services/spa/ajax/session_trace/spa/metrics/application.version,1
Services | Page 7 | dmv,/services/spa/metrics/session_trace/API/API/noticeError/modules/comment/session_trace.enabled,1
Services | Page 7 | dmv,/services/spa/metrics/session_trace/modules/user/modules/comment/API,1
Services | Page 7 | dmv,/services/spa/page_action/ajax/ajax/page_view_event/javascript:;,1
Services | Page 7 | dmv,/services/spa/page_action/metrics/page_action,2
Services | Page 7 | dmv,/services/spa/page_action/page_view_timing/session_trace/jserrors/ajax/modules/user/user.css,1
Services | Page 7 | dmv,/services/ticket/jserrors/spa/session_trace/page_action/metrics,1
Services | Page 7 | dmv,/services/ticket/modules/comment/API/API/noticeError/modules/user/otr.cfo,20
Services | Page 7 | dmv,/services/ticket/modules/system/API/API,1
Services | Page 7 | dmv,/services/ticket/modules/user/API,6
Services | Page 7 | dmv,/services/ticket/spa/jserrors/page_view_timing/session_trace/session_trace,1
Services | Page 7 | dmv,/services/url,8
Services | Page 7 | dmv,/services/user/ajax/page_view_event/spa/page_action/API,2
Services | Page 7 | dmv,/services/vontest-tickets,1
Services | Page 7 | dmv,/services/vontest/API/API/modules/user/modules/user,2
Services | Page 7 | dmv,/services/vontest/API/modules/user/modules,1
Services | Page 7 | dmv,/services/vontest/modules/comment/modules/system/API/start/API/application.version,1
Services | Page 7 | dmv,/services/wp-includes/css/page_view_timing/ajax/ajax/metrics/privacy.cookies_enabled,6
Services | Page 8 | dmv,"/services/metrics/page_view_timing/ajax/url(""https:/dmv.dc.gov/sites/all/themes/dc_agency_omega/css/javascript:",2
Services | Page 8 | dmv,"/services/modules/user/API/page_view_timing/page_view_timing/jserrors/spa/spa/metrics/url(""https:/dmv.dc.gov/sites/all/modules/extlink",1
Services | Page 8 | dmv,"/services/service/page_action/spa/ajax/page_view_timing/page_action/url(""https:/dmv.dc.gov/sites/all/modules",2
Services | Page 8 | dmv,"/services/services/spa/page_action/page_view_timing/session_trace/API/start/url(""https:/dmv.dc.gov/modules/system/system",4
Services | Page 8 | dmv,/SERVICES/jserrors/metrics/jserrors/page_view_timing/aggregate,2
Services | Page 8 | dmv,/SERVICES/jserrors/spa/aggregate,1
Services | Page 8 | dmv,/SERVICES/metrics/page_action/jserrors/metrics/aggregate,2
Services | Page 8 | dmv,/SERVICES/metrics/session_trace/page_action/page_view_event/jserrors/aggregate,2
Services | Page 8 | dmv,/Services/ajax/page_view_event/page_action/spa/spa/page_view_timing/session_trace/ajax/page_action/aggregate,1
Services | Page 8 | dmv,/Services/page_action/metrics/jserrors/aggregate,1
Services | Page 8 | dmv,/Services/page_view_event/metrics/page_action/metrics/session_trace/<my_tag_f5e18b0614edf9dc530c9e503c36e33e/>,1
Services | Page 8 | dmv,/Services/page_view_event/metrics/page_action/metrics/session_trace/javascript:,1
Services | Page 8 | dmv,/Services/page_view_timing/ajax/page_view_timing/spa/ajax/page_action/metrics/aggregate,4
Services | Page 8 | dmv,/Services/page_view_timing/page_view_timing/session_trace/page_view_event/aggregate,2
Services | Page 8 | dmv,/Services/session_trace/page_view_event/jserrors/jserrors,15
Services | Page 8 | dmv,/services /API/noticeError/modules/comment/API,1
Services | Page 8 | dmv,/services /API/start/modules/system/API/otr.cfo,2
Services | Page 8 | dmv,/services/API/API/noticeError/jserrors/metrics/page_view_event/ajax/page_action/page_view_timing/session_trace/jserrors/page_view_event/spa/page_view_timing/API,4
Services | Page 8 | dmv,/services/API/API/noticeError/jserrors/metrics/page_view_event/page_view_timing/spa/ajax/metrics/jserrors/page_view_timing/aggregate,1
Services | Page 8 | dmv,/services/API/API/sites/all/modules/views/css/otr.cfo,7
Services | Page 8 | dmv,/services/API/API/sites/all/themes/omega/omega/js/omega-mediaqueries.js,5
Services | Page 8 | dmv,/services/API/createTracer/API/noticeError/application.version,4
Services | Page 8 | dmv,/services/API/createTracer/otr.cfo,1
Services | Page 8 | dmv,/services/API/modules/system/API/modules/user/API,1
Services | Page 8 | dmv,/services/API/modules/user/API/modules/comment/API,2
Services | Page 8 | dmv,/services/API/modules/user/privacy.cookies_enabled,11
Services | Page 8 | dmv,/services/API/noticeError/API/sites/all/modules/google_analytics/jserrors/aggregate,3
Services | Page 8 | dmv,/services/API/noticeError/sites/all/themes/omega/omega/js/otr.cfo,1
Services | Page 8 | dmv,/services/API/recordReplay/API/otr.cfo,19
Services | Page 8 | dmv,/services/API/recordReplay/API/session_trace.enabled,1
Services | Page 8 | dmv,/services/API/sites/all/modules/ctools/css/API/page_action/session_trace/page_view_event/page_view_event/page_action/page_view_timing/aggregate,1
Services | Page 8 | dmv,/services/API/sites/all/modules/google_analytics/API/otr.cfo,1
Services | Page 8 | dmv,/services/CONTESTSTICKETS,3
Services | Page 8 | dmv,/services/Framework/API/sites/all/themes/omega/omega/css/application.version,21
Services | Page 8 | dmv,/services/Framework/Framework/Generic/FileProtocol/API/start/modules/user/application.version,0
Services | Page 8 | dmv,/services/Framework/Framework/Generic/FileProtocol/Detected,1
Services | Page 8 | dmv,/services/Framework/modules/system/API/noticeError/application.version,1
Services | Page 8 | dmv,/services/Framework/modules/system/page_view_timing/ajax/page_action/page_view_event/metrics/session_trace/jserrors/spa/page_action/metrics/javascript:,2
Services | Page 8 | dmv,/services/Framework/modules/system/spa/page_action/page_view_event/page_view_timing/page_view_timing/metrics/spa/page_action/aggregate,2
Services | Page 8 | dmv,/services/Framework/page_view_event/page_view_timing/privacy.cookies_enabled,1
Services | Page 8 | dmv,/services/Framework/sites/all/themes/omega/omega/css/application.version,2
Services | Page 8 | dmv,/services/Generic/FileProtocol/API/sites/all/modules/panels/css/page_view_timing/session_trace,1
Services | Page 8 | dmv,/services/Generic/FileProtocol/modules/user,2
Services | Page 8 | dmv,/services/Workers/API/noticeError/API/API,2
Services | Page 8 | dmv,/services/ajax/page_view_timing/page_view_event/modules/user/modules/system/otr.cfo,1
Services | Page 8 | dmv,/services/ajax/page_view_timing/spa/metrics/session_trace/aggregate,1
Services | Page 8 | dmv,/services/api/page_view_event/session_trace/sites/all/modules,1
Services | Page 8 | dmv,/services/api/session_trace/jserrors/jserrors/API,2
Services | Page 8 | dmv,/services/ccontest-tickets,7
Services | Page 8 | dmv,/services/consent-minor-moving-violation,1
Services | Page 8 | dmv,/services/contesst-tickets,1
Services | Page 8 | dmv,/services/contest-etickets,9
Services | Page 8 | dmv,/services/contest/API/noticeError/modules/user/modules/system/privacy.cookies_enabled,3
Services | Page 8 | dmv,/services/contest/jserrors/page_view_event/ajax/page_view_timing/API/application.version,2
Services | Page 8 | dmv,/services/contest/metrics/ajax/page_view_event/ajax/otr.cfo,1
Services | Page 8 | dmv,/services/contest/modules/comment/ajax/page_action/page_view_timing/metrics/session_trace/aggregate,2
Services | Page 8 | dmv,/services/contest/modules/comment/modules/system/API,2
Services | Page 8 | dmv,/services/contest/modules/user/API/noticeError/API/noticeError/API,1
Services | Page 8 | dmv,/services/contest/modules/user/API/start/API/start/privacy.cookies_enabled,6
Services | Page 8 | dmv,/services/contest/page_view_timing/metrics/jserrors/page_view_timing/API/noticeError,1
Services | Page 8 | dmv,/services/contest/page_view_timing/spa/ajax/metrics/spa/page_action/page_action/aggregate,2
Services | Page 8 | dmv,/services/cotedt-tickets,2
Services | Page 8 | dmv,/services/driver_services/API/API/sites/all/modules/google_analytics/metrics/spa/metrics/session_trace/page_action/jserrors/page_view_event/aggregate,1
Services | Page 8 | dmv,/services/driver_services/API/modules/system/modules/user/API,1
Services | Page 8 | dmv,/services/driver_services/API/noticeError/API/noticeError/modules/user/spa/jserrors/ajax/aggregate,2
Services | Page 8 | dmv,/services/driver_services/API/noticeError/modules/comment/metrics/jserrors/session_trace/page_view_timing/aggregate,2
Services | Page 8 | dmv,/services/driver_services/drivers_license/modules/user/API/noticeError/page_view_event/metrics/page_action/spa/session_trace/page_view_timing/page_view_timing/ajax/aggregate,1
Services | Page 8 | dmv,/services/driver_services/drivers_license/page_view_event/jserrors/session_trace/spa/jserrors/ajax/ajax/page_view_event/aggregate,1
Services | Page 8 | dmv,/services/driver_services/jserrors/metrics/modules/user/modules/system/otr.cfo,1
Services | Page 8 | dmv,/services/driver_services/jserrors/page_action/spa/page_view_event/aggregate,1
Services | Page 8 | dmv,/services/driver_services/modules/system/API,2
Services | Page 8 | dmv,/services/driver_services/modules/system/modules/comment/session_trace.enabled,4
Services | Page 8 | dmv,/services/driver_services/modules/system/modules/system/API/noticeError/API,1
Services | Page 8 | dmv,/services/jserrors/ajax/metrics/metrics/page_view_event/otr.cfo,1
Services | Page 8 | dmv,/services/jserrors/metrics/jserrors/page_view_timing/API/noticeError/API/start/otr.cfo,1
Services | Page 8 | dmv,/services/jserrors/page_action/page_view_event/metrics/page_view_event/spa,1
Services | Page 8 | dmv,/services/jserrors/page_view_event/page_action/metrics/session_trace/ajax/session_trace/page_view_event/metrics/aggregate,1
Services | Page 8 | dmv,/services/jserrors/page_view_event/session_trace/ajax/aggregate,1
Services | Page 8 | dmv,/services/metrics/ajax/page_view_timing/page_action/page_view_timing/ajax/aggregate,1
Services | Page 8 | dmv,/services/metrics/ajax/page_view_timing/page_view_event/API/API/application.version,1
Services | Page 8 | dmv,/services/metrics/jserrors/metrics/spa/jserrors/page_action,1
Services | Page 8 | dmv,/services/metrics/jserrors/session_trace/spa/aggregate,13
Services | Page 8 | dmv,/services/metrics/page_action/spa/jserrors/aggregate,4
Services | Page 8 | dmv,/services/metrics/page_view_event/page_view_event/page_action/metrics/aggregate,2
Services | Page 8 | dmv,/services/metrics/page_view_timing/aggregate,0
Services | Page 8 | dmv,/services/metrics/page_view_timing/ajax/API/noticeError/API/privacy.cookies_enabled,1
Services | Page 8 | dmv,/services/metrics/session_trace/page_view_timing/aggregate,2
Services | Page 8 | dmv,/services/metrics/session_trace/page_view_timing/page_view_event/aggregate,2
Services | Page 8 | dmv,/services/modules/comment/API,1
Services | Page 8 | dmv,/services/modules/comment/API/API/noticeError/&quot;https:/www.google.com/cse/static/images/1x/en/branding.png&quot,1
Services | Page 8 | dmv,/services/modules/comment/API/Generic/page_view_event/page_action/ajax/aggregate,1
Services | Page 8 | dmv,/services/modules/comment/modules/comment/API/API/&quot;https:/www.google.com/cse/static/images/1x/en/branding.png&quot;,2
Services | Page 8 | dmv,/services/modules/system/API/modules/system/API/noticeError/otr.cfo,1
Services | Page 8 | dmv,/services/modules/system/API/noticeError/API/start/API/start,3
Services | Page 8 | dmv,/services/modules/system/Framework/API/API/start/modules/comment/application.version,1
Services | Page 8 | dmv,/services/modules/system/sites/all/modules/views/css/API,2
Services | Page 8 | dmv,/services/modules/user/API/API/wrapLogger/called,1
Services | Page 8 | dmv,/services/modules/user/modules/comment/modules/comment/API/noticeError/called,2
Services | Page 8 | dmv,/services/modules/user/modules/system/API/start/API/session_trace.enabled,2
Services | Page 8 | dmv,/services/modules/user/sites/all/modules/ckeditor/css/javascript:;,1
Services | Page 8 | dmv,/services/modules/user/sites/all/modules/panels/css/otr.cfo,1
Services | Page 8 | dmv,/services/modules/vendor/phpunit/phpunit/LICENSE/eval-stdin.php,1
Services | Page 8 | dmv,/services/p/page_view_event/session_trace/ajax/jserrors/API/application.version,1
Services | Page 8 | dmv,/services/p/page_view_timing/page_view_timing/jserrors/spa/API/start/privacy.cookies_enabled,1
Services | Page 8 | dmv,/services/p/page_view_timing/session_trace/metrics/spa/ajax/ajax/jserrors/metrics,1
Services | Page 8 | dmv,/services/p/spa/session_trace/modules/system/API/modules/system/session_trace.enabled,1
Services | Page 8 | dmv,/services/page_action/page_action/page_view_timing/sites/all/modules/panels/css/session_trace.enabled,1
Services | Page 8 | dmv,/services/page_action/page_view_event/jserrors/page_action/aggregate,1
Services | Page 8 | dmv,/services/page_action/page_view_event/page_view_event/API/start/API/noticeError/otr.cfo,1
Services | Page 8 | dmv,/services/page_action/page_view_event/page_view_event/modules/system/API/start,4
Services | Page 8 | dmv,/services/page_action/spa/jserrors/modules/system/API/start,2
Services | Page 8 | dmv,/services/page_action/spa/page_view_timing/modules,13
Services | Page 8 | dmv,/services/page_view_event/metrics/ajax/jserrors/session_trace/page_action/aggregate,2
Services | Page 8 | dmv,/services/page_view_event/metrics/page_action/metrics/session_trace/<my_tag_f5e18b0614edf9dc530c9e503c36e33e/>,1
Services | Page 8 | dmv,/services/page_view_event/page_action/jserrors/page_action/aggregate,1
Services | Page 8 | dmv,/services/page_view_event/page_view_timing/ajax/metrics/page_view_timing/API/start/application.version,1
Services | Page 8 | dmv,/services/page_view_event/page_view_timing/metrics/spa/jserrors/API/noticeError/API,11
Services | Page 8 | dmv,/services/page_view_event/page_view_timing/page_action/ajax/page_view_event/spa/jserrors/privacy.cookies_enabled,1
Services | Page 8 | dmv,/services/page_view_event/spa/jserrors/privacy.cookies_enabled,3
Services | Page 8 | dmv,/services/page_view_timing/jserrors/metrics/session_trace/session_trace/modules/system/API,1
Services | Page 8 | dmv,/services/page_view_timing/metrics/page_view_timing/page_action/session_trace/API/session_trace.enabled,1
Services | Page 8 | dmv,/services/page_view_timing/page_action/page_view_event/spa/aggregate>;,4
Services | Page 8 | dmv,/services/page_view_timing/page_view_timing/session_trace/page_view_event/aggregate,1
Services | Page 8 | dmv,/services/page_view_timing/session_trace/metrics/jserrors/spa/session_trace/aggregate,2
Services | Page 8 | dmv,/services/page_view_timing/session_trace/spa/metrics/page_view_timing/spa/aggregate,2
Services | Page 8 | dmv,/services/page_view_timing/spa/page_view_event/spa/page_view_timing/aggregate,2
Services | Page 8 | dmv,/services/page_view_timing/spa/spa/modules/system/modules/user/otr.cfo,1
Services | Page 8 | dmv,/services/pay%20tickete,1
Services | Page 8 | dmv,/services/pay-contest/API/modules/user/otr.cfo,2
Services | Page 8 | dmv,/services/pay-contest/modules/system/API/start/modules/comment/API,16
Services | Page 8 | dmv,/services/pay-ickets,2
Services | Page 8 | dmv,/services/pay-parking,5
Services | Page 8 | dmv,/services/pay-ticket s,1
Services | Page 8 | dmv,/services/pay/-tickets,13
Services | Page 8 | dmv,/services/pay/API/page_view_timing/session_trace/modules/user/&quot;https:/www.google.com/cse/static/images/1x/en/branding.png&quot,2
Services | Page 8 | dmv,/services/pay/API/page_view_timing/session_trace/session_trace/aggregate,15
Services | Page 8 | dmv,/services/pay/ajax/spa/jserrors/spa,1
Services | Page 8 | dmv,/services/pay/jserrors/page_action/page_action/API/modules/user/otr.cfo,1
Services | Page 8 | dmv,/services/pay/jserrors/page_action/page_action/javascript:,9
Services | Page 8 | dmv,/services/pay/metrics/ajax/spa/jserrors/session_trace/aggregate,1
Services | Page 8 | dmv,/services/pay/sites/all/modules/ckeditor/css/api/jserrors/page_view_timing/jserrors/metrics/page_view_timing/aggregate,14
Services | Page 8 | dmv,/services/pay/sites/all/modules/ckeditor/css/api/jserrors/page_view_timing/jserrors/page_view_event/spa/metrics/metrics/aggregate,1
Services | Page 8 | dmv,/services/payt-tickets,1
Services | Page 8 | dmv,/services/payticketsail/u/&quot;https:/www.google.com/cse/static/images/1x/en/branding.png&quot,1
Services | Page 8 | dmv,/services/scores_chris.aspx,17
Services | Page 8 | dmv,/services/service/modules/user/otr.cfo,2
Services | Page 8 | dmv,/services/service/page_action/spa/jserrors/aggregate,2
Services | Page 8 | dmv,/services/service/sites/all/modules/ckeditor/css/API/API,1
Services | Page 8 | dmv,/services/services/contest-tickets,1
Services | Page 8 | dmv,/services/session_trace/API/API/modules/comment/modules/system/privacy.cookies_enabled,2
Services | Page 8 | dmv,/services/session_trace/jserrors/page_view_timing/aggregate,1
Services | Page 8 | dmv,/services/session_trace/page_action/jserrors/session_trace/aggregate,1
Services | Page 8 | dmv,/services/session_trace/page_view_timing/metrics/page_action/session_trace/aggregate,1
Services | Page 8 | dmv,/services/session_trace/session_trace/spa/page_view_timing,2
Services | Page 8 | dmv,/services/sites/all/modules/ckeditor/css/API/jserrors/page_view_event/ajax/spa/page_action/page_view_timing/page_view_timing/session_trace/spa,6
Services | Page 8 | dmv,/services/sites/all/modules/ckeditor/css/page_view_timing/ajax/jserrors/session_trace/spa/aggregate,3
Services | Page 8 | dmv,/services/sites/all/modules/ctools/css/API/API,2
Services | Page 8 | dmv,/services/sites/all/modules/ctools/css/API/ajax/spa/page_view_timing/page_action/page_view_event/session_trace/page_view_timing/spa/metrics/ajax/aggregate,2
Services | Page 8 | dmv,/services/sites/all/themes/omega/omega/css/application.version,1
Services | Page 8 | dmv,/services/sites/all/themes/omega/omega/js/API/start/application.version,4
Services | Page 8 | dmv,/services/spa/page_action/session_trace/metrics/aggregate,1
Services | Page 8 | dmv,/services/spa/page_view_event/session_trace/session_trace/page_view_timing/aggregate,1
Services | Page 8 | dmv,/services/spa/page_view_timing/session_trace/ajax/jserrors/ajax/page_view_event/aggregate,1
Services | Page 8 | dmv,/services/spa/sites/all/modules/google_analytics/API/start/API,2
Services | Page 8 | dmv,/services/tag-surrender,2
Services | Page 8 | dmv,/services/testingcenter/academic-testing/academic-testing-policies.shtml,2
Services | Page 8 | dmv,/services/ticket-services,9
Services | Page 8 | dmv,/services/ticket/API/sites/all/modules/panels/css/page_action/session_trace/page_action/page_view_event/page_view_timing/ajax/page_view_timing/page_view_event/aggregate,1
Services | Page 8 | dmv,/services/ticket/modules/google_analytics/javascript:,2
Services | Page 8 | dmv,/services/ticket/modules/system/API/noticeError/page_view_timing/page_action/session_trace/ajax,1
Services | Page 8 | dmv,/services/ticket/session_trace/<my_tag_ac2010dd55099825a3921e6025ae242b/>,2
Services | Page 8 | dmv,/services/ticket/session_trace/aggregate>,1
Services | Page 8 | dmv,/services/ticket/spa/jserrors/page_view_timing/session_trace/session_trace/javascript:;,1
Services | Page 8 | dmv,/services/ticlet-services,1
Services | Page 8 | dmv,/services/trackback,1
Services | Page 8 | dmv,/services/user/metrics/page_view_event/page_view_event/ajax/aggregate,1
Services | Page 8 | dmv,/services/user/page_view_event/session_trace/session_trace/modules/system/API/start,1
Services | Page 8 | dmv,/services/user/page_view_event/session_trace/session_trace/modules/system/modules/comment/session_trace.enabled,3
Services | Page 8 | dmv,/services/vontest/API/sites/all/modules/panels/css/API,2
Services | Page 8 | dmv,/services/vontest/sites/all/modules/ctools/css/API/privacy.cookies_enabled,2
Services | Page 8 | dmv,/services/wp-includes/css/modules/comment/API/start/modules/user/application.version,1
Services | Page 8 | dmv,/services/wp-includes/css/modules/comment/modules/user/API/otr.cfo,14
Services | Page 8 | dmv,/services/wp-includes/css/session_trace/page_view_timing/modules/system/modules/system/application.version,1
Services | Page 8 | dmv,/services/wp-login.php,2
Services | Page 9 | dmv,"/services/contest/spa/session_trace/spa/metrics/url(""https:/dmv.dc.gov/sites/all",1
Services | Page 9 | dmv,"/services/page_view_event/spa/metrics/page_view_timing/url(""https:/dmv.dc.gov/sites/all/modules/ctoo",1
Services | Page 9 | dmv,"/services/url(""https:/dmv.dc.gov/sites/all/themes/omega/alpha/css/grid/alpha_default/wide/alpha-default-wide-",0
Services | Page 9 | dmv,/SERVICES/ajax/page_action,1
Services | Page 9 | dmv,/SERVICES/page_action/jserrors/spa/spa/aggregate,1
Services | Page 9 | dmv,/SERVICES/page_view_timing/jserrors/ajax/page_action/jserrors/javascript:;,0
Services | Page 9 | dmv,/SERVICES/page_view_timing/page_view_event/metrics/page_view_timing/spa/page_view_event/page_action/session_trace/ajax/aggregate,1
Services | Page 9 | dmv,/SERVICES/spa/page_action/page_view_event/jserrors/aggregate,1
Services | Page 9 | dmv,/Services/jserrors/metrics/jserrors/page_action/page_view_timing/aggregate,4
Services | Page 9 | dmv,/Services/jserrors/page_view_timing/page_action/metrics/page_view_timing/spa/ajax/aggregate,9
Services | Page 9 | dmv,/Services/metrics/page_view_event/jserrors/page_view_event/spa/aggregate,3
Services | Page 9 | dmv,/Services/page_view_event/session_trace/metrics/spa/page_action,1
Services | Page 9 | dmv,/Services/page_view_timing/session_trace/session_trace/javascript:,2
Services | Page 9 | dmv,/Services/session_trace/metrics/spa/spa/aggregate,1
Services | Page 9 | dmv,/Services/session_trace/page_action/jserrors/metrics/jserrors/session_trace/aggregate,16
Services | Page 9 | dmv,/services /sites/all/modules/views/css/modules/comment/API,18
Services | Page 9 | dmv,/services/API/API/noticeError/jserrors/spa/ajax/session_trace/&quot;https:/www.google.com/cse/static/images/1x/en/branding.png&quot,1
Services | Page 9 | dmv,/services/API/createTracer/sites/all/modules/google_analytics/API/recordReplay/otr.cfo,6
Services | Page 9 | dmv,/services/API/modules/system/API,2
Services | Page 9 | dmv,/services/API/modules/system/sites/all/modules/views/css/application.version,1
Services | Page 9 | dmv,/services/API/noticeError/sites/all/themes/omega/omega/js/omega-mediaqueries.js,1
Services | Page 9 | dmv,/services/API/sites/all/modules/ctools/css/API/metrics/jserrors/page_view_timing/page_view_event/session_trace/spa/aggregate,2
Services | Page 9 | dmv,/services/API/sites/all/modules/ctools/css/API/metrics/page_action/spa/page_action/page_view_timing/metrics/aggregate,3
Services | Page 9 | dmv,/services/API/start/API/noticeError/modules/user/modules/system/session_trace.enabled,1
Services | Page 9 | dmv,/services/Framework/Framework/Generic/FileProtocol/metrics/modules/comment/otr.cfo,1
Services | Page 9 | dmv,/services/Generic/Obfuscate/page_view_event/page_view_timing/session_trace/aggregate,1
Services | Page 9 | dmv,/services/Workers/sites/all/themes/omega/omega/css/application.version,4
Services | Page 9 | dmv,/services/ajax/API/noticeError/called,1
Services | Page 9 | dmv,/services/ajax/jserrors/spa/spa/aggregate,1
Services | Page 9 | dmv,/services/ajax/spa/ajax/session_trace/metrics/jserrors/page_view_event/aggregate,3
Services | Page 9 | dmv,/services/api/videos/v1/lookup,1
Services | Page 9 | dmv,/services/conntest-tickets,2
Services | Page 9 | dmv,/services/contest-tecket,15
Services | Page 9 | dmv,/services/contest/API/modules/system/API/start/otr.cfo,2
Services | Page 9 | dmv,/services/contest/API/modules/system/modules/comment/API,3
Services | Page 9 | dmv,/services/contest/API/modules/user/session_trace.enabled,1
Services | Page 9 | dmv,/services/contest/API/noticeError/modules/user/API,1
Services | Page 9 | dmv,/services/contest/modules/user/API/API/start/application.version,1
Services | Page 9 | dmv,/services/contest/modules/user/API/noticeError/API/modules/system/application.version,1
Services | Page 9 | dmv,/services/contest/spa/jserrors/page_view_timing/session_trace/metrics/jserrors/page_view_event/page_action/aggregate,2
Services | Page 9 | dmv,/services/driver_services/API/modules/comment/API,14
Services | Page 9 | dmv,/services/driver_services/modules/system/modules/user/API/API,7
Services | Page 9 | dmv,/services/driver_services/session_trace/page_view_timing/metrics/API/start/API/API,1
Services | Page 9 | dmv,/services/help/phpinfo.php,1
Services | Page 9 | dmv,/services/jserrors/metrics/page_view_timing/spa/ajax/metrics/session_trace/page_view_timing/jserrors/aggregate,4
Services | Page 9 | dmv,/services/jserrors/page_view_timing/page_action/metrics/ajax/aggregate,1
Services | Page 9 | dmv,/services/jserrors/page_view_timing/page_action/metrics/ajax/session_trace/API/application.version,1
Services | Page 9 | dmv,/services/metrics/ajax/spa/page_view_event/aggregate,15
Services | Page 9 | dmv,/services/metrics/jserrors/session_trace/modules/comment/modules/comment/API/privacy.cookies_enabled,1
Services | Page 9 | dmv,/services/metrics/spa/page_view_timing/metrics/API,1
Services | Page 9 | dmv,/services/metrics/spa/session_trace/API/start/modules/comment/application.version,1
Services | Page 9 | dmv,/services/metrics/spa/session_trace/sites/all/modules/panels/css,3
Services | Page 9 | dmv,/services/modules/system/metrics/API/noticeError/modules/comment/API,3
Services | Page 9 | dmv,/services/modules/system/modules/user/API/API/noticeError/API,3
Services | Page 9 | dmv,/services/modules/system/page_view_timing/metrics/spa/jserrors/page_view_event/page_view_timing/page_action/otr.cfo,3
Services | Page 9 | dmv,/services/p/ajax/jserrors/session_trace/page_view_event/page_view_timing/spa/page_view_timing/aggregate,1
Services | Page 9 | dmv,/services/p/ay-tickets,3
Services | Page 9 | dmv,/services/p/jserrors/spa/session_trace/page_view_timing/page_view_event/page_view_timing/metrics/metrics/aggregate,4
Services | Page 9 | dmv,/services/page_action/page_action/page_view_timing/metrics/spa/session_trace/jserrors/aggregate,2
Services | Page 9 | dmv,/services/page_action/page_action/spa/session_trace/jserrors/ajax/aggregate,8
Services | Page 9 | dmv,/services/page_action/page_view_event/page_view_event/API/otr.cfo,1
Services | Page 9 | dmv,/services/page_action/page_view_timing/metrics/session_trace/page_action/modules/user/API/session_trace.enabled,1
Services | Page 9 | dmv,/services/page_view_event/metrics/aggregate,3
Services | Page 9 | dmv,/services/page_view_event/metrics/page_action/session_trace,1
Services | Page 9 | dmv,/services/page_view_event/page_view_timing/metrics/modules/system/API/API/otr.cfo,1
Services | Page 9 | dmv,/services/page_view_timing/jserrors/aggregate,4
Services | Page 9 | dmv,/services/page_view_timing/session_trace/jserrors/spa/page_action/modules/user/otr.cfo,7
Services | Page 9 | dmv,/services/page_view_timing/spa/session_trace/jserrors/aggregate,5
Services | Page 9 | dmv,/services/page_view_timing/spa/sites/all/modules/google_analytics/session_trace.enabled,1
Services | Page 9 | dmv,/services/page_view_timing/spa/spa/API/noticeError/modules/user,1
Services | Page 9 | dmv,/services/pay-contest/API/modules/google_analytics/googleanalytics.js,1
Services | Page 9 | dmv,/services/pay-contest/modules/comment/sites/all/modules/google_analytics/API,1
Services | Page 9 | dmv,/services/pay/API/ajax/session_trace/metrics/spa/page_view_event/page_action/<my_tag_4b2a0a5db2dfe341ab961a842b4c8318/>,14
Services | Page 9 | dmv,/services/pay/API/metrics/ajax/metrics/spa/aggregate,1
Services | Page 9 | dmv,/services/pay/API/metrics/page_view_timing/ajax/spa/session_trace/page_view_event/page_action/page_view_event/page_view_timing,4
Services | Page 9 | dmv,/services/pay/API/metrics/page_view_timing/ajax/spa/session_trace/page_view_event/page_view_timing/session_trace/jserrors/page_view_event/aggregate,6
Services | Page 9 | dmv,/services/pay/API/page_view_timing/session_trace/jserrors/page_action/aggregate,1
Services | Page 9 | dmv,/services/pay/API/session_trace/API/privacy.cookies_enabled,4
Services | Page 9 | dmv,/services/pay/metrics/metrics/jserrors/session_trace/session_trace/spa/ajax/spa/aggregate,4
Services | Page 9 | dmv,/services/pay/metrics/page_action/jserrors/spa/modules/user/API/url,1
Services | Page 9 | dmv,/services/pay/modules/user/API/noticeError/modules/user/otr.cfo,12
Services | Page 9 | dmv,/services/pay/modules/user/modules/comment/API/noticeError/API/otr.cfo,1
Services | Page 9 | dmv,/services/pay/sites/all/themes/omega/omega/js/otr.cfo,1
Services | Page 9 | dmv,/services/pay_,2
Services | Page 9 | dmv,/services/payticketsail/u/metrics/page_view_timing/spa/session_trace/session_trace.enabled,1
Services | Page 9 | dmv,/services/service/jserrors/metrics/session_trace/spa/page_action/metrics/page_view_event/metrics/aggregate,9
Services | Page 9 | dmv,/services/service/modules/comment/API/noticeError/modules/comment/session_trace.enabled,1
Services | Page 9 | dmv,/services/service/modules/system/modules/comment/application.version,1
Services | Page 9 | dmv,/services/service/page_view_event/ajax/metrics/page_view_event/aggregate,4
Services | Page 9 | dmv,/services/service/page_view_event/spa/session_trace/jserrors/metrics/page_view_timing/aggregate,21
Services | Page 9 | dmv,/services/service/page_view_timing/page_view_timing/page_view_event/aggregate,6
Services | Page 9 | dmv,/services/session_trace/ajax/page_view_event/API/API/noticeError/session_trace.enabled,1
Services | Page 9 | dmv,/services/session_trace/jserrors/page_action/session_trace/page_view_timing/page_view_event/aggregate,1
Services | Page 9 | dmv,/services/session_trace/metrics/page_action/API/modules/system/modules/system/application.version,1
Services | Page 9 | dmv,/services/session_trace/page_action/page_action/page_view_event/ajax/page_view_timing/aggregate,1
Services | Page 9 | dmv,/services/session_trace/page_action/session_trace/spa/jserrors/jserrors/page_view_event/spa/page_view_timing/ajax/javascript:;,15
Services | Page 9 | dmv,/services/session_trace/page_view_event/metrics/spa/page_view_timing/jserrors/modules/user/session_trace.enabled,6
Services | Page 9 | dmv,/services/session_trace/page_view_timing/spa/page_view_event/metrics/ajax/page_action/aggregate,2
Services | Page 9 | dmv,/services/session_trace/session_trace/page_view_timing/API/noticeError/modules/comment/application.version,2
Services | Page 9 | dmv,/services/session_trace/sites/all/modules/ckeditor/css/API/start,1
Services | Page 9 | dmv,/services/session_trace/spa/jserrors/metrics/page_view_timing/page_view_event/page_action/API,2
Services | Page 9 | dmv,/services/signature/modules/system/API/modules/comment,2
Services | Page 9 | dmv,/services/signature/sites/all/modules/panels/css/API,1
Services | Page 9 | dmv,/services/sites/all/modules/ckeditor/css/Workers,9
Services | Page 9 | dmv,/services/sites/all/modules/ckeditor/css/page_view_timing/page_action/spa/jserrors/metrics/ajax/metrics/page_action/jserrors/aggregate,3
Services | Page 9 | dmv,/services/sites/all/modules/ctools/css/Generic/FileProtocol/Framework,2
Services | Page 9 | dmv,/services/sites/all/modules/google_analytics/API/API/modules/system/otr.cfo,5
Services | Page 9 | dmv,/services/sites/all/modules/google_analytics/API/modules/system/API,2
Services | Page 9 | dmv,/services/spa/ajax/jserrors/spa/API/modules/system/application.version,1
Services | Page 9 | dmv,/services/spa/metrics/page_view_event/ajax/page_action/aggregate,25
Services | Page 9 | dmv,/services/spa/page_view_event/ajax/aggregate,27
Services | Page 9 | dmv,/services/spa/page_view_timing/page_view_event/jserrors/ajax/session_trace/aggregate,1
Services | Page 9 | dmv,/services/ticket/API/modules/google_analytics/otr.cfo,1
Services | Page 9 | dmv,/services/ticket/API/sites/all/modules/panels/css/page_action/session_trace/page_action/page_view_event/ajax/jserrors/ajax/page_view_event/metrics/jserrors/page_view_timing/aggregate,10
Services | Page 9 | dmv,/services/ticket/jserrors/spa/spa/metrics/aggregate,1
Services | Page 9 | dmv,/services/ticket/modules/system/modules/user/API/noticeError/API,6
Services | Page 9 | dmv,/services/url%28%22https%3A/dmv.dc.gov/sites/all/themes/omega/alpha/css/grid/alpha_default/narrow/alpha-default-narrow-,1
Servicios para conductores | dmv,/page/servicios-para-conductores,907
Sharing the Road Quiz | dmv,/node/1118466,103
Sharing the Road Quiz | dmv,/page/sharing-road-quiz-0,23
Sharing the Road with Larger Vehicles | dmv,/am/service/sharing-road-larger-vehicles,2
Sharing the Road with Larger Vehicles | dmv,/ar/service/sharing-road-larger-vehicles,1
Sharing the Road with Larger Vehicles | dmv,/es/service/sharing-road-larger-vehicles,4
Sharing the Road with Larger Vehicles | dmv,/fr/service/sharing-road-larger-vehicles,3
Sharing the Road with Larger Vehicles | dmv,/node/1119276,19
Sharing the Road with Larger Vehicles | dmv,/service/sharing-road-larger-vehicles,14
Show Cause Hearing Application | dmv,/node/1120281,80
Show Cause Hearing Application | dmv,/publication/show-cause-hearing-application,45
Side Guards | dmv,/node/1535666,85
Side Guards | dmv,/publication/side-guards,121
Social Security Number Declaration for Limited Purpose Credential | dmv,/node/811392,250
Social Security Number Declaration for Limited Purpose Credential | dmv,/page/social-security-number-declaration-limited-purpose-credential,286
Southwest Service Center | dmv,/am/page/southwest-service-center-0-5,12
Southwest Service Center | dmv,/ar/page/southwest-service-center-0-5,1
Southwest Service Center | dmv,/es/page/southwest-service-center-0-5,4
Southwest Service Center | dmv,/ko/page/southwest-service-center-0-5,9
Southwest Service Center | dmv,/node/1099172,9537
Southwest Service Center | dmv,/page/southwest-service-center-0-5,2510
Southwest Service Center | dmv,/zh-hant/page/southwest-service-center-0-5,5
Specialty Registrations | dmv,/am/node/1718036,2
Specialty Registrations | dmv,/es/node/1718036,6
Specialty Registrations | dmv,/fr/node/1718036,2
Specialty Registrations | dmv,/ko/node/1718036,1
Specialty Registrations | dmv,/node/1718036,1093
Specialty Registrations | dmv,/service/specialty-registrations,432
Specialty Registrations | dmv,/vi/node/1718036,0
Specialty Vehicle Tags | dmv,/am/service/specialty-vehicle-tags,8
Specialty Vehicle Tags | dmv,/es/service/specialty-vehicle-tags,14
Specialty Vehicle Tags | dmv,/ko/service/specialty-vehicle-tags,4
Specialty Vehicle Tags | dmv,/node/1118897,3098
Specialty Vehicle Tags | dmv,/service/specialty-vehicle-tags,3370
Specialty Vehicle Tags | dmv,/vi/service/specialty-vehicle-tags,4
Specialty Vehicle Tags | dmv,/zh-hant/service/specialty-vehicle-tags,1
State-to-State Verification Service | dmv,/am/node/1744406,2
State-to-State Verification Service | dmv,/ar/node/1744406,2
State-to-State Verification Service | dmv,/es/node/1744406,2
State-to-State Verification Service | dmv,/ko/node/1744406,1
State-to-State Verification Service | dmv,/node/1744406,15
State-to-State Verification Service | dmv,/service/state-state-verification-service,574
State-to-State Verification Service | dmv,/vi/node/1744406,1
Suspended or Revoked License | dmv,/am/service/suspended-or-revoked-license,14
Suspended or Revoked License | dmv,/ar/service/suspended-or-revoked-license,38
Suspended or Revoked License | dmv,/es/service/suspended-or-revoked-license,1
Suspended or Revoked License | dmv,/node/1119131,347
Suspended or Revoked License | dmv,/service/suspended-or-revoked-license,1633
Suspended or Revoked License | dmv,/zh-hant/service/suspended-or-revoked-license,1
Tag Replacement | dmv,/am/service/tag-replacement,7
Tag Replacement | dmv,/es/service/tag-replacement,7
Tag Replacement | dmv,/ko/service/tag-replacement,26
Tag Replacement | dmv,/node/1118882,1221
Tag Replacement | dmv,/service/tag-replacement,1442
Tag Replacement | dmv,/vi/service/tag-replacement,1
Tag Surrender | dmv,/am/service/tag-surrender,13
Tag Surrender | dmv,/ar/service/tag-surrender,2
Tag Surrender | dmv,/es/service/tag-surrender,55
Tag Surrender | dmv,/node/1118886,2150
Tag Surrender | dmv,/service/tag-surrender,8887
Tag Transfer | dmv,/am/service/tag-transfer,2
Tag Transfer | dmv,/ar/service/tag-transfer,2
Tag Transfer | dmv,/es/service/tag-transfer,7
Tag Transfer | dmv,/node/1118887,826
Tag Transfer | dmv,/service/tag-transfer,1812
Tag Transfer | dmv,/vi/service/tag-transfer,23
Tag Transfer | dmv,/zh-hant/service/tag-transfer,5
Taxicab or Limousine Services | dmv,/am/service/taxicab-or-limousine-services,2
Taxicab or Limousine Services | dmv,/ar/service/taxicab-or-limousine-services,1
Taxicab or Limousine Services | dmv,/es/service/taxicab-or-limousine-services,3
Taxicab or Limousine Services | dmv,/fr/service/taxicab-or-limousine-services,6
Taxicab or Limousine Services | dmv,/ko/service/taxicab-or-limousine-services,0
Taxicab or Limousine Services | dmv,/node/1119556,3
Taxicab or Limousine Services | dmv,/service/taxicab-or-limousine-services,118
Teen Driver Information | dmv,/am/page/teen-driver-information,2
Teen Driver Information | dmv,/am/service/teen-driver-informaton-0,1
Teen Driver Information | dmv,/ar/service/teen-driver-informaton-0,1
Teen Driver Information | dmv,/es/page/teen-driver-information,5
Teen Driver Information | dmv,/es/service/teen-driver-informaton-0,3
Teen Driver Information | dmv,/ko/service/teen-driver-informaton-0,1
Teen Driver Information | dmv,/node/1119186,1
Teen Driver Information | dmv,/page/teen-driver-information,195
Teen Driver Information | dmv,/service/teen-driver-informaton-0,63
Teen Driver Information | dmv,/vi/page/teen-driver-information,1
Temporary Registration and Tags | dmv,/am/service/temporary-registration-and-tags,14
Temporary Registration and Tags | dmv,/ar/service/temporary-registration-and-tags,1
Temporary Registration and Tags | dmv,/ar/service/temporary-registration-and-tags—individual,1
Temporary Registration and Tags | dmv,/es/service/temporary-registration-and-tags,5
Temporary Registration and Tags | dmv,/es/service/temporary-registration-and-tags—individual,1
Temporary Registration and Tags | dmv,/fr/service/temporary-registration-and-tags,4
Temporary Registration and Tags | dmv,/node/1118902,1077
Temporary Registration and Tags | dmv,/service/temporary-registration-and-tags,3523
Temporary Registration and Tags | dmv,/service/temporary-registration-and-tags—individual,5
Temporary Registration and Tags | dmv,/vi/service/temporary-registration-and-tags,2
Temporary Registration and Tags | dmv,/zh-hant/service/temporary-registration-and-tags,4
"Testimony of Lucinda Babers, Director Department of Motor Vehicles Before the Committee on Transportation and the Environment | dmv",/node/1308966,1
"Testimony of Lucinda Babers, Director Department of Motor Vehicles Before the Committee on Transportation and the Environment | dmv",/release/testimony-lucinda-babers-director-department-motor-vehicles-committee-transportation-and,5
The Executive Building | dmv,/address/executive-building,3
The Executive Building | dmv,/es/node/1734646,7
The Heavy Vehicle Use Tax FAQs | dmv,/node/1565786,7
The Heavy Vehicle Use Tax FAQs | dmv,/node/1565786/revisions/5740501/view,1
The Heavy Vehicle Use Tax FAQs | dmv,/page/heavy-vehicle-use-tax-faqs,54
The IRP Full Reciprocity Plan | dmv,/am/service/irp-full-reciprocity-plan,2
The IRP Full Reciprocity Plan | dmv,/es/service/irp-full-reciprocity-plan,3
The IRP Full Reciprocity Plan | dmv,/node/1118842,1
The IRP Full Reciprocity Plan | dmv,/node/1119512,7
The IRP Full Reciprocity Plan | dmv,/service/irp-full-reciprocity-plan,27
The IRP Full Reciprocity Plan | dmv,/service/irp-full-reciprocity-plan-unpub,1
The IRP Full Reciprocity Plan | dmv,/vi/service/irp-full-reciprocity-plan,4
Tiếng Việt (Vietnamese) | dmv,/am/node/1620911,1
Tiếng Việt (Vietnamese) | dmv,/es/node/1620911,8
Tiếng Việt (Vietnamese) | dmv,/ko/node/1620911,12
Tiếng Việt (Vietnamese) | dmv,/node/1620911,7
Tiếng Việt (Vietnamese) | dmv,/page/tiếng-việt-vietnamese,285
Tiếng Việt (Vietnamese) | dmv,/vi/node/1620911,1
Ticket Adjudication Ombudsman | dmv,/node/1045822,2839
Ticket Adjudication Ombudsman | dmv,/page/ticket-adjudication-ombudsman,3926
Ticket Alert Service Frequently Asked Questions | dmv,/node/1636041,853
Ticket Alert Service Frequently Asked Questions | dmv,/page/ticket-alert-service-frequently-asked-questions,207
Ticket Hearing Dispositions | dmv,/page/ticket-hearing-dispositions,110
Ticket Services | dmv,/am/service/ticket-services,146
Ticket Services | dmv,/ar/service/ticket-services,2
Ticket Services | dmv,/es/service/ticket-services,13
Ticket Services | dmv,/ko/service/ticket-services,6
Ticket Services | dmv,/node/1119621,1899
Ticket Services | dmv,/service/ticket-services,53749
Ticket Services | dmv,/service/ticket-services/,7
Ticket Services | dmv,/vi/service/ticket-services,1
Ticket Services | dmv,/zh-hant/service/ticket-services,0
Ticket Services Frequently Asked Questions (FAQs) | dmv,/node/1625246,4251
Ticket Services Frequently Asked Questions (FAQs) | dmv,/page/ticket-services-frequently-asked-questions-faqs,2493
Tickets | dmv,/am/service/tickets,4
Tickets | dmv,/es/service/tickets,6
Tickets | dmv,/node/1119212,148
Tickets | dmv,/service/tickets,3148
To Get a Trip Permit | dmv,/am/service/get-trip-prmit-0,2
To Get a Trip Permit | dmv,/node/1119536,6
To Get a Trip Permit | dmv,/service/get-trip-prmit-0,48
To Get a Trip Permit | dmv,/vi/service/get-trip-prmit-0,2
To Obtain a Trip Permit | dmv,/am/service/obtain-trip-permit-0,11
To Obtain a Trip Permit | dmv,/es/service/obtain-trip-permit-0,3
To Obtain a Trip Permit | dmv,/ko/service/obtain-trip-permit-0,1
To Obtain a Trip Permit | dmv,/node/1118837,17
To Obtain a Trip Permit | dmv,/service/obtain-trip-permit-0,655
To Obtain a Trip Permit | dmv,/zh-hant/service/obtain-trip-permit-0,1
To Pass the DC DMV Vehicle Inspection | dmv,/am/service/pass-dc-dmv-vehicle-inspection,2
To Pass the DC DMV Vehicle Inspection | dmv,/ar/service/pass-dc-dmv-vehicle-inspection,2
To Pass the DC DMV Vehicle Inspection | dmv,/es/service/pass-dc-dmv-vehicle-inspection,3
To Pass the DC DMV Vehicle Inspection | dmv,/node/1118946,151
To Pass the DC DMV Vehicle Inspection | dmv,/service/pass-dc-dmv-vehicle-inspection,1789
To Pass the DC DMV Vehicle Inspection | dmv,/vi/service/pass-dc-dmv-vehicle-inspection,0
"Today, DC DMV Opening Georgetown Service Center | dmv",/release/today-dc-dmv-opening-georgetown-service-center,15
Trip Permit Sample | dmv,/node/136762,17
Trip Permit Sample | dmv,/publication/trip-permit-sample,7
Trip Permits | dmv,/am/service/trip-permits,2
Trip Permits | dmv,/es/service/trip-permits,2
Trip Permits | dmv,/node/1119517,181
Trip Permits | dmv,/service/trip-permits,163
Trip Permits | dmv,/vi/service/trip-permits,4
Trip Permits for Commercial Carriers and Heavy Vehicles | dmv,/am/service/trip-permits-commercial-carriers-and-heavy-vehicles,4
Trip Permits for Commercial Carriers and Heavy Vehicles | dmv,/ar/service/trip-permits-commercial-carriers-and-heavy-vehicles,1
Trip Permits for Commercial Carriers and Heavy Vehicles | dmv,/es/service/trip-permits-commercial-carriers-and-heavy-vehicles,11
Trip Permits for Commercial Carriers and Heavy Vehicles | dmv,/node/1119497,25
Trip Permits for Commercial Carriers and Heavy Vehicles | dmv,/service/trip-permits-commercial-carriers-and-heavy-vehicles,338
Trip Permits for Non-Apportioned Registered Commercial Carriers | dmv,/am/service/trip-permits-non-apportioned-registered-commercial-carriers,2
Trip Permits for Non-Apportioned Registered Commercial Carriers | dmv,/es/service/trip-permits-non-apportioned-registered-commercial-carriers,3
Trip Permits for Non-Apportioned Registered Commercial Carriers | dmv,/fr/service/trip-permits-non-apportioned-registered-commercial-carriers,6
Trip Permits for Non-Apportioned Registered Commercial Carriers | dmv,/ko/service/trip-permits-non-apportioned-registered-commercial-carriers,1
Trip Permits for Non-Apportioned Registered Commercial Carriers | dmv,/node/1119521,145
Trip Permits for Non-Apportioned Registered Commercial Carriers | dmv,/service/trip-permits-non-apportioned-registered-commercial-carriers,115
Trip Permits for Non-Apportioned Registered Commercial Carriers | dmv,/service/trip-permits-non-irp-registered-commercial-carriers,1
Trip-Permit Exempt Vehicles | dmv,/am/service/trip-permit-exempt-vehicles,3
Trip-Permit Exempt Vehicles | dmv,/es/service/trip-permit-exempt-vehicles,6
Trip-Permit Exempt Vehicles | dmv,/node/1119547,50
Trip-Permit Exempt Vehicles | dmv,/service/trip-permit-exempt-vehicles,84
U-Haul Trailer Safety Program | dmv,/node/1755621,8
U-Haul Trailer Safety Program | dmv,/service/u-haul-trailer-safety-program,2052
"Un nouveau look, une meilleure sécurité, rien que pour vous ! | dmv",/node/1688646,7
"Un nouveau look, une meilleure sécurité, rien que pour vous ! | dmv",/service/un-nouveau-look-une-meilleure-sécurité-rien-que-pour-vous,12
"Un nouveau look, une meilleure sécurité, rien que pour vous ! Fiches d’une page | dmv",/node/1688651,4
"Un nouveau look, une meilleure sécurité, rien que pour vous ! Fiches d’une page | dmv",/page/un-nouveau-look-une-meilleure-sécurité-rien-que-pour-vous-fiches-d’une-page,8
Underage Driving Amendment Act of 2008 Hearing | dmv,/release/underage-driving-amendment,1
Underage Driving Amendment Act of 2008 Hearing | dmv,/release/underage-driving-amendment-act-2008-hearing,3
Understanding Adjudication after your Hearing Decision | dmv,/es/node/1650146,7
Understanding Adjudication after your Hearing Decision | dmv,/ko/node/1650146,2
Understanding Adjudication after your Hearing Decision | dmv,/node/1650146,1
Understanding Adjudication after your Hearing Decision | dmv,/page/understanding-adjudication-after-your-hearing-decision,382
Understanding the Ticket Timeline | dmv,/node/1626326,16350
Understanding the Ticket Timeline | dmv,/page/understanding-ticket-timeline,929
UPDATE - System is Down Due to a Power Issue in New York | dmv,/release/update-system-down-due-power-issue-new-york,6
US Department of Transportation Medical Examination Certificate Report | dmv,/node/419932,1
US Department of Transportation Medical Examination Certificate Report | dmv,/publication/us-department-transportation-medical-examination-certificate-report,83
US Department of Transportation Medical Report Driver Fitness Determination | dmv,/node/419992,10
US Department of Transportation Medical Report Driver Fitness Determination | dmv,/publication/us-department-transportation-medical-report-driver-fitness-determination,3
User account | dmv,//user/,1
User account | dmv,/user,104
User account | dmv,/user/password,24
Vacancy Anouncement IT Specialist | dmv,/page/vacancy-anouncement-it-specialist,3
Vehicle Acquired through Death of Owner | dmv,/am/service/vehicle-acquired-through-death-owner,1
Vehicle Acquired through Death of Owner | dmv,/ar/service/vehicle-acquired-through-death-owner,1
Vehicle Acquired through Death of Owner | dmv,/es/service/vehicle-acquired-through-death-owner,4
Vehicle Acquired through Death of Owner | dmv,/ko/service/vehicle-acquired-through-death-owner,1
Vehicle Acquired through Death of Owner | dmv,/node/1119003,2
Vehicle Acquired through Death of Owner | dmv,/service/vehicle-acquired-through-death-owner,932
Vehicle Acquired through Death of Owner | dmv,/vi/service/vehicle-acquired-through-death-owner,2
Vehicle Inspection Fees | dmv,/am/node/155582,8
Vehicle Inspection Fees | dmv,/ar/node/155582,3
Vehicle Inspection Fees | dmv,/book/vehicle-fees/vehicle-inspection,4793
Vehicle Inspection Fees | dmv,/book/vehicle-fees/vehicle-inspection/,8
Vehicle Inspection Fees | dmv,/es/node/155582,5
Vehicle Inspection Fees | dmv,/ko/node/155582,0
"Vehicle Inspection Unable-to-Tests, Failures and Re-tests | dmv",/es/service/vehicle-inspection-unable-tests-failures-and-re-tests,1
"Vehicle Inspection Unable-to-Tests, Failures and Re-tests | dmv",/ko/service/vehicle-inspection-unable-tests-failures-and-re-tests,1
"Vehicle Inspection Unable-to-Tests, Failures and Re-tests | dmv",/node/1119036,190
"Vehicle Inspection Unable-to-Tests, Failures and Re-tests | dmv",/service/vehicle-inspection-unable-tests-failures-and-re-tests,394
"Vehicle Inspection Unable-to-Tests, Failures and Re-tests | dmv",/vi/service/vehicle-inspection-unable-tests-failures-and-re-tests,7
Vehicle Inspections | dmv,/SERVICE/VEHICLE-INSPECTIONS,1
Vehicle Inspections | dmv,/am/inspections,9
Vehicle Inspections | dmv,/ar/inspections,60
Vehicle Inspections | dmv,/ar/service/vehicle-inspections,1
Vehicle Inspections | dmv,/es/inspections,5
Vehicle Inspections | dmv,/es/service/vehicle-inspections,2
Vehicle Inspections | dmv,/fr/inspections,1
Vehicle Inspections | dmv,/inspections,13471
Vehicle Inspections | dmv,/ko/inspections,3
Vehicle Inspections | dmv,/node/1118941,8714
Vehicle Inspections | dmv,/service/vehicle-inspections,1395
Vehicle Inspections | dmv,/vi/inspections,3
Vehicle Inspections | dmv,/zh-hant/service/vehicle-inspections,3
Vehicle Inspections and Safety Programs | dmv,/am/node/1687221,3
Vehicle Inspections and Safety Programs | dmv,/ar/node/1687221,2
Vehicle Inspections and Safety Programs | dmv,/es/node/1687221,4
Vehicle Inspections and Safety Programs | dmv,/node/1687221,3
Vehicle Inspections and Safety Programs | dmv,/service/vehicle-inspections-and-safety-programs,3298
Vehicle Inspections and Safety Programs | dmv,/vi/node/1687221,1
Vehicle Inspections and Safety Programs | dmv,/zh-hant/node/1687221,9
Vehicle Insurance | dmv,/am/service/vehicle-insurance,5
Vehicle Insurance | dmv,/ar/service/vehicle-insurance,1
Vehicle Insurance | dmv,/es/service/vehicle-insurance,71
Vehicle Insurance | dmv,/fr/service/vehicle-insurance,4
Vehicle Insurance | dmv,/ko/service/vehicle-insurance,8
Vehicle Insurance | dmv,/node/1118962,1564
Vehicle Insurance | dmv,/service/vehicle-insurance,4229
Vehicle Insurance | dmv,/vi/service/vehicle-insurance,14
Vehicle Insurance | dmv,/zh-hant/service/vehicle-insurance,1
Vehicle Insurance Companies | dmv,/es/service/vehicle-insurance-companies,3
Vehicle Insurance Companies | dmv,/fr/service/vehicle-insurance-companies,4
Vehicle Insurance Companies | dmv,/ko/service/vehicle-insurance-companies,2
Vehicle Insurance Companies | dmv,/node/1118836,23
Vehicle Insurance Companies | dmv,/service/vehicle-insurance-companies,710
Vehicle Insurance Companies | dmv,/vi/service/vehicle-insurance-companies,1
Vehicle Insurance Companies | dmv,/zh-hant/service/vehicle-insurance-companies,3
Vehicle Power of Attorney Application | dmv,/node/1119772,283
Vehicle Power of Attorney Application | dmv,/node/135892,1060
Vehicle Power of Attorney Application | dmv,/node/135892.,1
Vehicle Power of Attorney Application | dmv,/node/135892/,3
Vehicle Power of Attorney Application | dmv,/publication/vehicle-power-attorney-application,1058
Vehicle Power of Attorney Application | dmv,/publication/vehicle-power-attorney-appliction-1,17
Vehicle Registration and Inspection | dmv,/am/service/vehicle-registration-and-inspection,1
Vehicle Registration and Inspection | dmv,/ar/service/vehicle-registration-and-inspection,128
Vehicle Registration and Inspection | dmv,/es/service/vehicle-registration-and-inspection,12
Vehicle Registration and Inspection | dmv,/fr/service/vehicle-registration-and-inspection,10
Vehicle Registration and Inspection | dmv,/ko/service/vehicle-registration-and-inspection,2
Vehicle Registration and Inspection | dmv,/node/1119197,2109
Vehicle Registration and Inspection | dmv,/service/vehicle-registration-and-inspection,2360
Vehicle Registration and Inspection | dmv,/vi/service/vehicle-registration-and-inspection,2
Vehicle Registration and Inspection | dmv,/zh-hant/service/vehicle-registration-and-inspection,2
Vehicle Registration and Inspection | dmv,/zh-hant/service/vehicle-registration-and-inspection,2
Vehicle Registration and Title Fee Estimator | dmv,/am/page/vehicle-registration-and-title-fee-estimator,5
Vehicle Registration and Title Fee Estimator | dmv,/es/page/vehicle-registration-and-title-fee-estimator,17
Vehicle Registration and Title Fee Estimator | dmv,/node/1158277,530
Vehicle Registration and Title Fee Estimator | dmv,/page/vehicle-registration-and-title-fee-estimator,7128
Vehicle Registration and Title Fee Estimator | dmv,/vi/page/vehicle-registration-and-title-fee-estimator,15
Vehicle Registration and Title Fee Estimator | dmv,/zh-hant/page/vehicle-registration-and-title-fee-estimator,1
Vehicle Registration Fees | dmv,/am/node/155452,8
Vehicle Registration Fees | dmv,/ar/node/155452,2
Vehicle Registration Fees | dmv,/es/node/155452,11
Vehicle Registration Fees | dmv,/fr/node/155452,14
Vehicle Registration Fees | dmv,/ko/node/155452,5
Vehicle Registration Fees | dmv,/node/155452,12389
Vehicle Registration Fees | dmv,/vi/node/155452,18
Vehicle Registration Historical Data | dmv,/page/vehicle-registration-historical-data,60
Vehicle Registration Renewals | dmv,/am/service/vehicle-registration-renewals,6
Vehicle Registration Renewals | dmv,/ar/service/vehicle-registration-renewals,10
Vehicle Registration Renewals | dmv,/es/service/vehicle-registration-renewals,37
Vehicle Registration Renewals | dmv,/node/1118866,11140
Vehicle Registration Renewals | dmv,/service/vehicle-registration-renewals,28188
Vehicle Registration Renewals | dmv,/service/vehicle-registration-renewals/,2
Vehicle Registration Renewals | dmv,/vi/service/vehicle-registration-renewals,1
Vehicle Registration Replacement | dmv,/am/service/vehicle-registration-replacement,3
Vehicle Registration Replacement | dmv,/ar/service/registration-cardsticker-replacements,1
Vehicle Registration Replacement | dmv,/ar/service/vehicle-registration-replacement,1
Vehicle Registration Replacement | dmv,/es/service/registration-card-replacements,1
Vehicle Registration Replacement | dmv,/es/service/vehicle-registration-replacement,10
Vehicle Registration Replacement | dmv,/ko/service/vehicle-registration-replacement,7
Vehicle Registration Replacement | dmv,/node/1118871,1071
Vehicle Registration Replacement | dmv,/service/registration-card-replacements,1
Vehicle Registration Replacement | dmv,/service/registration-cardsticker-replacements,1
Vehicle Registration Replacement | dmv,/service/vehicle-registration-replacement,3001
Vehicle Registration Replacement | dmv,/vi/service/vehicle-registration-replacement,29
Vehicle Registrations | dmv,/am/service/vehicle-registrations,12
Vehicle Registrations | dmv,/ar/service/vehicle-registrations,5
Vehicle Registrations | dmv,/ar/service/vehicle-registrations-and-tags,1
Vehicle Registrations | dmv,/es/service/vehicle-registrations,11
Vehicle Registrations | dmv,/fr/service/vehicle-registrations,1
Vehicle Registrations | dmv,/ko/service/vehicle-registrations,3
Vehicle Registrations | dmv,/node/1118994,2797
Vehicle Registrations | dmv,/service/vehicle-registrations,45606
Vehicle Registrations | dmv,/service/vehicle-registrations-and-tags,4
Vehicle Registrations | dmv,/vi/service/vehicle-registrations,19
Vehicle Safety Programs | dmv,/am/node/1687206,1
Vehicle Safety Programs | dmv,/ar/node/1687206,1
Vehicle Safety Programs | dmv,/es/node/1687206,3
Vehicle Safety Programs | dmv,/fr/node/1687206,2010
Vehicle Safety Programs | dmv,/ko/node/1687206,6
Vehicle Safety Programs | dmv,/node/1687206,61
Vehicle Safety Programs | dmv,/page/vehicle-safety-programs,90
Vehicle Safety Programs | dmv,/vi/node/1687206,1
Vehicle Services | dmv,/am/service/dmv-vehicle-services,1
Vehicle Services | dmv,/ar/service/dmv-vehicle-services,1
Vehicle Services | dmv,/es/service/dmv-vehicle-services,68
Vehicle Services | dmv,/ko/service/dmv-vehicle-services,2
Vehicle Services | dmv,/node/1118852,475
Vehicle Services | dmv,/service/dmv-vehicle-services,8043
Vehicle Services | dmv,/service/dmv-vehicle-services/,1
Vehicle Services | dmv,/zh-hant/service/dmv-vehicle-services,1
Vehicle Services Chinese | dmv,/page/vehicle-services-chinese,78
Vehicle Services French | dmv,/node/1052602,12
Vehicle Services French | dmv,/page/vehicle-services-french,23
Vehicle Services Korean | dmv,/node/1053422,1
Vehicle Services Korean | dmv,/page/vehicle-services-korean,43
Vehicle Services Spanish | dmv,/node/1049742,2
Vehicle Services Spanish | dmv,/page/vehicle-services-spanish,385
Vehicle Services Vietnamese | dmv,/node/1053452,2
Vehicle Services Vietnamese | dmv,/page/vehicle-services-vietnamese,203
Vehicle Tag Fees | dmv,/am/node/155592,14
Vehicle Tag Fees | dmv,/ar/node/155592,1
Vehicle Tag Fees | dmv,/book/vehicle-fees/vehicle-tags,4104
Vehicle Tag Fees | dmv,/es/node/155592,4
Vehicle Tag Fees | dmv,/node/155592,2
Vehicle Tag Fees | dmv,/zh-hant/node/155592,1
Vehicle Tags | dmv,/am/service/dmv-vehicle-tags,6
Vehicle Tags | dmv,/ar/service/dmv-vehicle-tags,2
Vehicle Tags | dmv,/es/service/dmv-vehicle-tags,10
Vehicle Tags | dmv,/ko/service/dmv-vehicle-tags,1
Vehicle Tags | dmv,/node/1118881,57
Vehicle Tags | dmv,/service/dmv-vehicle-tags,11373
Vehicle Tags | dmv,/vi/service/dmv-vehicle-tags,3
Vehicle Tags | dmv,/zh-hant/service/dmv-vehicle-tags,0
Vehicle Title and Excise Tax Fees | dmv,/am/node/155502,10
Vehicle Title and Excise Tax Fees | dmv,/book/vehicle-fees/vehicle-title,8000
Vehicle Title and Excise Tax Fees | dmv,/es/node/155502,12
Vehicle Title and Excise Tax Fees | dmv,/fr/node/155502,10
Vehicle Title and Excise Tax Fees | dmv,/node/155502,280
Vehicle Titles | dmv,/am/service/dmv-vehicle-titles,5
Vehicle Titles | dmv,/ar/service/dmv-vehicle-titles,1
Vehicle Titles | dmv,/es/service/dmv-vehicle-titles,9
Vehicle Titles | dmv,/fr/service/dmv-vehicle-titles,4
Vehicle Titles | dmv,/ko/service/dmv-vehicle-titles,9
Vehicle Titles | dmv,/node/1118876,2961
Vehicle Titles | dmv,/service/dmv-vehicle-titles,10941
Vehicle Titles | dmv,/vi/service/dmv-vehicle-titles,5
Vehicle Titles | dmv,/zh-hant/service/dmv-vehicle-titles,3
Vehicle Transactions | dmv,/am/node/1718061,1
Vehicle Transactions | dmv,/es/node/1718061,2
Vehicle Transactions | dmv,/fr/node/1718061,5
Vehicle Transactions | dmv,/node/1718061,5132
Vehicle Transactions | dmv,/service/vehicle-transactions,2258
Vehicle Transactions | dmv,/vi/node/1718061,1
Verify Residence Address | dmv,/page/verify-residence-address,1750
Veteran Designation | dmv,/node/1115592,67
Veteran Designation | dmv,/page/veteran-designation-0,159
Veterans Specialty License Plates | dmv,/node/1506796,1
Veterans Specialty License Plates | dmv,/release/veterans-specialty-license-plates,155
Virtual Hearing - Adjudication Hearing Room 155 | dmv,/page/virtual-hearing-adjudication-hearing-room-155,3
Virtual Hearing - Adjudication Hearing Room 156 | dmv,/page/virtual-hearing-adjudication-hearing-room-156,1
Virtual Hearing - Adjudication Hearing Room 157 | dmv,/page/virtual-hearing-adjudication-hearing-room-157,22
Virtual Hearing - Adjudication Hearing Room 158 | dmv,/page/virtual-hearing-adjudication-hearing-room-158,4
Virtual Hearing - Adjudication Hearing Room 160 | dmv,/page/virtual-hearing-adjudication-hearing-room-160,4
Virtual Hearing - Adjudication Hearing Room 161 | dmv,/page/virtual-hearing-adjudication-hearing-room-161,2
Virtual Hearings (Test) | dmv,/node/1801086/revisions/7204136/view,1
Virtual Hearings (Test) | dmv,/node/1801086/revisions/7204151/view,1
Virtual Hearings (Test) | dmv,/page/virtual-hearings-test,125
Virtual Hearings | dmv,//page/virtual-hearings,2
Virtual Hearings | dmv,/NODE/1489821,1
Virtual Hearings | dmv,/PAGE/VIRTUAL-HEARINGS,22
Virtual Hearings | dmv,/PAGE/virtual-hearings,2
Virtual Hearings | dmv,/PAGe/VIRTUAL-HEARINGS,1
Virtual Hearings | dmv,/PAGe/virtual-hearings,1
Virtual Hearings | dmv,/am/node/1489821,3
Virtual Hearings | dmv,/es/node/1489821,6
Virtual Hearings | dmv,/featured-content/virtual-hearings,2
Virtual Hearings | dmv,/ko/node/1489821,22
Virtual Hearings | dmv,/node/1489821,28470
Virtual Hearings | dmv,/page/virtual-hearings,13057
Virtual Hearings | dmv,/page/virtual-hearings-minor-moving-violations,0
Virtual Hearings | dmv,/vi/node/1489821,4
Vision Screening | dmv,/am/service/screening-vision,3
Vision Screening | dmv,/ar/service/screening-vision,1
Vision Screening | dmv,/es/service/screening-vision,6
Vision Screening | dmv,/ko/service/screening-vision,5
Vision Screening | dmv,/node/1119377,1194
Vision Screening | dmv,/service/screening-vision,610
Vision Screening | dmv,/vi/service/screening-vision,1
Visitor Parking Permits | dmv,/am/service/visitor-parking-permits,350
Visitor Parking Permits | dmv,/ar/service/visitor-parking-permits,1
Visitor Parking Permits | dmv,/es/service/visitor-parking-permits,2
Visitor Parking Permits | dmv,/ko/service/visitor-parking-permits,37
Visitor Parking Permits | dmv,/node/1118922,2566
Visitor Parking Permits | dmv,/service/visitor-parking-permits,25522
Visitor Parking Permits | dmv,/vi/service/visitor-parking-permits,2
Waiver of Registration with Selective Service | dmv,/node/415162,80
Waiver of Registration with Selective Service | dmv,/publication/waiver-registration-selective-service,52
Washington's Birthday/February Holiday Closing Schedule 2009 | dmv,/release/washingtons-birthdayfebruary-holiday-closing-schedule-2009,7
We Demand Statehood and Pride Lives Here Specialty Vehicle Tags Now Available | dmv,/featured-content/we-demand-statehood-and-pride-lives-here-specialty-vehicle-tags-now-available,3
What to Do if Your Vehicle Was Stolen in DC | dmv,/am/node/1780961,3
What to Do if Your Vehicle Was Stolen in DC | dmv,/es/node/1780961,1
What to Do if Your Vehicle Was Stolen in DC | dmv,/ko/node/1780961,2
What to Do if Your Vehicle Was Stolen in DC | dmv,/page/what-do-if-your-vehicle-was-stolen-dc,752
What to Do if Your Vehicle Was Stolen in DC | dmv,/vi/node/1780961,2
"With New Recommendations, Mayor Encourages Parents and Caregivers to Get Car Seats Inspected | dmv",/release/new-recommendations-mayor-encourages-parents-and-caregivers-get-car-seats-0,6
WWW.DC.GOV Website Vehicle Tags | dmv,/node/1686901,554
WWW.DC.GOV Website Vehicle Tags | dmv,/page/wwwdcgov-website-vehicle-tags,9
