# Hostname exactly matches dpr.dc.gov,,
# Start date: 20250916,,
# End date: 20251216,,
,,
Page title and screen class,Page path and screen class,Views
"""Adopt-a-Park"" Application | dpr",/publication/adopt-park-application,5
"""Friends of"" Organization Application | dpr",/publication/friends-organization-application,4
"""Holiday Caroling at Guy Mason"" - Guy Mason Recreation Center | dpr",/event/holiday-caroling-guy-mason-guy-mason-recreation-center,4
"""I Have a Dream” Tournament - Southeast Tennis and Learning Center | dpr",/event/i-have-dream”-tournament-southeast-tennis-and-learning-center,2
"""I Have a Dream” Tournament - Southeast Tennis and Learning Center | dpr",/event/i-have-dream”-tournament-southeast-tennis-and-learning-center-0,3
"""I Have a Dream” Tournament - Southeast Tennis and Learning Center | dpr",/vi/node/749082,6
"""Lunch and a Movie"" - Guy Mason Recreation Center | dpr",/event/lunch-and-movie-guy-mason-recreation-center-1,7
"""Movies by Moonlight"" Family Films to be Hosted by DC Department of Parks and Recreation and the National Park Service | dpr",/release/movies-moonlight-family-films-be-hosted-dc-department-parks-and-recreation-and-national-park,6
"""Teal is a Big Deal"" - Ovarian Cancer Awareness | dpr",/event/teal-big-deal-ovarian-cancer-awareness,2
#FITDC Mother’s Day 5K Fun Run/Walk | dpr,/release/fitdc-mother’s-day-5k-fun-runwalk,7
#WHITEOUT #5 Line Dance Social | dpr,/event/whiteout-5-line-dance-social,2
**UPDATE: DPR to Kick off 8th Annual Ward 8 Breast Cancer Walk | dpr,/release/update-dpr-kick-8th-annual-ward-8-breast-cancer-walk,2
| dpr,/,38627
| dpr,//checkout/,5
| dpr,/am,1
| dpr,/ar,6
| dpr,/ar/node,8
| dpr,/es,6
| dpr,/es/node,52
| dpr,/ko,2
| dpr,/ko/node,2
| dpr,/node,621
| dpr,/node/,2
| dpr,/portal/,5
| dpr,/portal/home,9
| dpr,/portal/home/osse.dc.gov/osse.dc.gov/common,1
| dpr,/portal/login,8
| dpr,/portal/login.html,20
| dpr,/portal/site,1
| dpr,/portal/site/DCPS/DCPS/back2school/balloushs.html,1
| dpr,/portal/site/DCPS/Teachingandlearning/pacing_guides/music,1
| dpr,/portal/site/DCPS/index.action,2
| dpr,/portal/site/DCPS/master/studentsupports.htm,2
| dpr,/portal/site/DCPS/offices/ohr/benefitsforms.htm,1
| dpr,/portal/site/dc/menuitem.ef0bba46d489d8d4efd2471014f62010,3
| dpr,/portal/syahoo.comite,1
| dpr,/portalwip,8
| dpr,/vi,2
| Page 1114 | dpr,/fr/node,7
| Page 17 | dpr,/zh-hant/node,2
| Page 2 | dpr,/am/node,4
"1015 Half Street, SE, 9th Floor | dpr",/address/1015-half-street-se-9th-floor,4
"1015 Half Street, SE, 9th Floor | dpr",/am/node/1332701,1
10th Street Park - Feature Board | dpr,/publication/10th-street-park-feature-board,8
10th Street Park - Rendering with Memorial Elements | dpr,/publication/10th-street-park-rendering-memorial-elements,14
10th Street Park Aerial View | dpr,/publication/10th-street-park-aerial-view-0,12
10th Street Park Development | dpr,/page/10th-street-park-development,40
11th & Monroe Street Playground Temporarily Closed | dpr,/release/11th-monroe-street-playground-temporarily-closed,7
11th and Monroe Concept Final Drawing | dpr,/publication/11th-and-monroe-concept-final-drawing,1
11th and Monroe Street Park Renovation | dpr,/page/11th-and-monroe-street-park-renovation,7
"1275 First Street, NE | dpr",/address/1275-first-street-ne,49
12th Annual Blacks in Wax: The Power of One | dpr,/release/12th-annual-blacks-wax-power-one,4
13th Annual Heart to Hart Tennis Experience | dpr,/release/13th-annual-heart-hart-tennis-experience,4
14th and Girard Streets Park Redevelopment | dpr,/page/14th-and-girard-streets-park-redevelopment,19
14th Annual Blacks in Wax Takes Virtual Journey through Importance of Voting | dpr,/release/14th-annual-blacks-wax-takes-virtual-journey-through-importance-voting,13
"14th, Oak and Ogden Park Improvements | dpr",/page/14th-oak-and-ogden-park-improvements,1
15 DPR Recreation Centers will Serve as Voting Sites on Election Day | dpr,/release/15-dpr-recreation-centers-will-serve-voting-sites-election-day,3
16th Annual Heart to Heart Tennis Experience - Southeast Tennis & Learning Center | dpr,/event/16th-annual-heart-heart-tennis-experience-southeast-tennis-learning-center,1
16th Street Playground Renovation | dpr,/page/16th-street-playground-renovation,29
"17th Annual Blacks in Wax Hip-Hop: The Music, The Culture, The Struggle | dpr",/release/17th-annual-blacks-wax-hip-hop-music-culture-struggle,7
17th Annual Ward 7 Feed the Homeless Event - Fort Davis Recreation Center | dpr,/event/17th-annual-ward-7-feed-homeless-event-fort-davis-recreation-center,1
17th Annual Ward 7 Haunted House - Fort Davis Recreation Center | dpr,/event/17th-annual-ward-7-haunted-house-fort-davis-recreation-center,7
"1800 Martin Luther King Jr. Avenue, SE | dpr",/address/1800-martin-luther-king-jr-avenue-se,5
18th Annual Ward 7 Haunted House - Fort Davis Community Center | dpr,/event/18th-annual-ward-7-haunted-house-fort-davis-community-center,1
18th Street and Bunker Hill Park | dpr,/page/18th-street-and-bunker-hill-park,9
2.10.17 - Agency Performance Oversight Hearing - Director Keith Anderson | dpr,/am/release/21017-agency-performance-oversight-hearing-director-keith-anderson,3
2.10.17 - Agency Performance Oversight Hearing - Director Keith Anderson | dpr,/release/21017-agency-performance-oversight-hearing-director-keith-anderson,3
2011 Thanksgiving Holiday Schedule | dpr,/release/2011-thanksgiving-holiday-schedule,6
2013 DC Pop Warner Football - Schedule and Results | dpr,/service/2013-dc-pop-warner-football-schedule-and-results,5
2013 Senior Health Expo & Fest | dpr,/event/2013-senior-health-expo-fest,2
2014 Senior Luncheon Cruise - Odyssey Cruise Ship | dpr,/event/2014-senior-luncheon-cruise-odyssey-cruise-ship,3
2014 Summer Camp Parent Orientation - Banneker Community Center | dpr,/event/2014-summer-camp-parent-orientation-banneker-community-center,2
2014 Summer Hiring Fair - Deanwood Recreation Center | dpr,/event/2014-summer-hiring-fair-deanwood-recreation-center,2
2014 Summer Hiring Fair - Emery Recreation Center | dpr,/event/2014-summer-hiring-fair-emery-recreation-center,2
2015 Spring/Summer Resource Directory | dpr,/publication/2015-springsummer-resource-directory,1
2015 Summer Camp Parent Handbook | dpr,/publication/2015-summer-camp-parent-handbook,2
2016 BHISM Honorees | dpr,/release/2016-bhism-honorees,5
2016 Fall Resource Directory | dpr,/publication/2016-fall-resource-directory,2
2016 Request for Interest - Pool Concessions | dpr,/page/2016-request-interest-pool-concessions,1
2016 Spring Program Directory | dpr,/publication/2016-spring-program-directory,2
2016 Summer Resource Directory - FINAL | dpr,/publication/2016-summer-resource-directory-final,4
2016 Summer Resource Directory - UPDATED FINAL | dpr,/publication/2016-summer-resource-directory-updated-final,2
2016 Truck Touch - RFK Stadium Lot 7 | dpr,/event/2016-truck-touch-rfk-stadium-lot-7,5
2017 Request for Interest - Fort Dupont Ice Arena Programming | dpr,/page/2017-request-interest-fort-dupont-ice-arena-programming,1
2017 Senior Fun Camp | dpr,/event/2017-senior-fun-camp,1
2017 Summer Camp Parent Orientation Information | dpr,/service/2017-summer-camp-parent-orientation-information,2
2017 Thanksgiving Holiday Schedule | dpr,/release/2017-thanksgiving-holiday-schedule,8
2017-2018 Cooperative Play Program Registration Opens (DC Residents only) | dpr,/event/2017-2018-cooperative-play-program-registration-opens-dc-residents-only,1
2019 Spring Break Camp and Fun Day Registration Open | dpr,/release/2019-spring-break-camp-and-fun-day-registration-open,6
2025 Summer Camps | dpr,/es/service/2025-summer-camps,9
2025 Summer Camps | dpr,/node/545552,273
2025 Summer Camps | dpr,/service/2024-summer-camps,4
2025 Summer Camps | dpr,/service/2025-summer-camps,1087
2025 Summer Camps | dpr,/service/summer-camps,231
2025 Summer Camps | dpr,/vi/service/2025-summer-camps,8
24-Hour Teen Event Returns for Spring Break at Deanwood Recreation Center | dpr,/release/24-hour-teen-event-returns-spring-break-deanwood-recreation-center,8
28th Annual Black History Invitational Swim Meet - Takoma Aquatic Center | dpr,/event/28th-annual-black-history-invitational-swim-meet-takoma-aquatic-center,2
2nd Annual Art Exhibit - Arboretum Community Center | dpr,/event/2nd-annual-art-exhibit-arboretum-community-center,2
2nd Annual Chuck Brown Day - Chuck Brown Memorial Park | dpr,/event/2nd-annual-chuck-brown-day-chuck-brown-memorial-park,4
3.7.16 - Agency Performance Oversight Hearing - Director Keith Anderson | dpr,/es/release/3716-agency-performance-oversight-hearing-director-keith-anderson,4
3.7.16 - Agency Performance Oversight Hearing - Director Keith Anderson | dpr,/release/3716-agency-performance-oversight-hearing-director-keith-anderson,2
30 Days of DPR | dpr,/page/30-days-dpr,1
30 Days of DPR | dpr,/page/30-days-dpr-00,4
32nd Annual DC Senior Games | dpr,/node/543182,2
32nd Annual DC Senior Games Opening Ceremony - Howard Theatre | dpr,/fr/event/32nd-annual-dc-senior-games-opening-ceremony-howard-theatre,1
33rd Annual DC Senior Games Closing Ceremony - Howard Theatre | dpr,/event/33rd-annual-dc-senior-games-closing-ceremony-howard-theatre,2
33rd Annual DC Senior Games Closing Ceremony - Howard Theatre | dpr,/fr/event/33rd-annual-dc-senior-games-closing-ceremony-howard-theatre,4
34th Annual Black History Invitational Swim Meet and Aquatic Center Closures | dpr,/release/34th-annual-black-history-invitational-swim-meet-and-aquatic-center-closures,5
35th Annual DC Senior Games Opens to Largest Registration | dpr,/release/35th-annual-dc-senior-games-opens-largest-registration,1
3rd Annual Community Basketball Showcase - Fort Davis Community Center | dpr,/event/3rd-annual-community-basketball-showcase-fort-davis-community-center,2
4.14.16 - Agency Budget Oversight Hearings on Fiscal Year 2017 - Director Keith Anderson | dpr,/fr/release/41416-agency-budget-oversight-hearings-fiscal-year-2017-director-keith-anderson,5
4.14.16 - Agency Budget Oversight Hearings on Fiscal Year 2017 - Director Keith Anderson | dpr,/release/41416-agency-budget-oversight-hearings-fiscal-year-2017-director-keith-anderson,3
4.26.17 - Agency Budget Oversight Hearing on Fiscal Year 2018 - Director Keith Anderson | dpr,/ko/release/42617-agency-budget-oversight-hearing-fiscal-year-2018-director-keith-anderson,1
4.26.17 - Agency Budget Oversight Hearing on Fiscal Year 2018 - Director Keith Anderson | dpr,/release/42617-agency-budget-oversight-hearing-fiscal-year-2018-director-keith-anderson,4
4th Annual Mother's Day Mommie & Me Brunch - Bald Eagle Recreation Center | dpr,/event/4th-annual-mothers-day-mommie-me-brunch-bald-eagle-recreation-center,2
4th Annual Pink Madness Breast Cancer Basketball Tournament - Bald Eagle Recreation Center | dpr,/event/4th-annual-pink-madness-breast-cancer-basketball-tournament-bald-eagle-recreation-center,1
4th of July at DPR | dpr,/page/4th-july-dpr,2
5th Annual Blacks in Wax to Premiere at The Kennedy Center | dpr,/release/5th-annual-blacks-wax-premiere-kennedy-center,4
5th Annual Young Ladies on the Rise Ladies Lock-In - Fort Stevens Recreation Center | dpr,/event/5th-annual-young-ladies-rise-ladies-lock-fort-stevens-recreation-center,3
6.26.17 - Public Oversight Roundtable on the District's Crime Prevention Strategies for Summer 2017 - Director Keith Anderson | dpr,/release/62617-public-oversight-roundtable-districts-crime-prevention-strategies-summer-2017-director,3
7th and N Streets Park - Concept Drawing | dpr,/publication/7th-and-n-streets-park-concept-drawing,5
7th and N Streets Park Improvements | dpr,/page/7th-and-n-streets-park-improvements,8
7th Annual Blacks In Wax to Take Place at the Southeast Tennis and Learning Center and the Kennedy Center | dpr,/release/7th-annual-blacks-wax-take-place-southeast-tennis-and-learning-center-and-kennedy-center,4
"8th Annual Blacks in Wax to Explore the ""Souls of the Movements"" | dpr",/release/8th-annual-blacks-wax-explore-souls-movements,2
9th Annual Ward 8 Breast Cancer Awareness Day | dpr,/release/9th-annual-ward-8-breast-cancer-awareness-day,3
A Dream Deferred - Ferebee Hope Recreation Center | dpr,/event/dream-deferred-ferebee-hope-recreation-center,2
A Holiday Musical - Benning Stoddert Community Center | dpr,/event/holiday-musical-benning-stoddert-community-center,2
የኤጀንሲው ዳይሬክተሮችን ያግኙ | dpr,/am/page/contact-agency-directors,6
" “Tennis Shoes, Ties, and After Five” - Grand Re-Opening and Renovation Celebration  - Southeast Tennis & Learning Center | dpr",/event/ “tennis-shoes-ties-and-after-five”-grand-re-opening-and-renovation-celebration -southeast,0
" “Tennis Shoes, Ties, and After Five” - Grand Re-Opening and Renovation Celebration  - Southeast Tennis & Learning Center | dpr",/ko/event/ “tennis-shoes-ties-and-after-five”-grand-re-opening-and-renovation-celebration -southeast,1
“Splash into History” 32nd Black History Invitational Swim Meet with Cullen Jones | dpr,/release/“splash-history”-32nd-black-history-invitational-swim-meet-cullen-jones,1
About Camps | dpr,/es/node/1266991,8
About Camps | dpr,/fr/node/1266991,2
About Camps | dpr,/page/about-camps,363
About Camps | dpr,/vi/node/1266991,4
About DPR | dpr,/es/page/about-dpr,1
About DPR | dpr,/fr/page/about-dpr,4
About DPR | dpr,/ko/page/about-dpr,4
About DPR | dpr,/page/about-dpr,498
About Programs | dpr,/ar/node/1266971,14
About Programs | dpr,/es/node/1266971,7
About Programs | dpr,/fr/node/1266971,4
About Programs | dpr,/ko/node/1266971,4
About Programs | dpr,/page/about-programs,4463
About Programs | dpr,/page/about-programs/,1
About Programs | dpr,/vi/node/1266971,6
About Programs | dpr,/zh-hant/node/1266971,1
About Programs | dpr,/zh-hant/node/1266971,1
Additional Summer Camps for 2019 | dpr,/page/additional-summer-camps-2019,8
Adult and Senior Environmental Programs | dpr,/page/adult-and-senior-environmental-programs,122
Adult Basketball | dpr,/page/adult-basketball-1,129
Adult DMV Basketball | dpr,/service/adult-dmv-basketball,345
Adult Flag Football | dpr,/es/service/adult-flag-football,16
Adult Flag Football | dpr,/service/adult-flag-football,455
Adult Kickball | dpr,/es/service/adult-kickball,2
Adult Kickball | dpr,/service/adult-kickball,49
Adult Softball Coed 7 and 3 Slow Pitch Rules | dpr,/publication/adult-softball-coed-7-and-3-slow-pitch-rules,1
Adult Sports | dpr,/page/adult-sports,515
Adults Aquatics | dpr,/page/adults-aquatics,1503
Adults Health & Wellness | dpr,/page/adults-health-wellness,479
Adults Health & Wellness | dpr,/page/adults-wellness,3
Adults Leisure Programs | dpr,/page/adults-leisure-programs,262
Adults Programs | dpr,/ar/node/1254156,1
Adults Programs | dpr,/es/node/1254156,1
Adults Programs | dpr,/fr/node/1254156,5
Adults Programs | dpr,/page/adults-programs,919
Adults Programs | dpr,/vi/node/1254156,1
Advanced Gardening Certification Course: 201 Series | dpr,/page/advanced-gardening-certification-course-201-series,16
Advanced Gardening Certification Course: 301 Series | dpr,/page/advanced-gardening-certification-course-201-series-00,3
Afternoon Access | dpr,/page/afternoon-access,217
Afternoon Access | dpr,/page/afternoon-access-20152016,1
Afternoon Access | dpr,/page/afternoon-access-20162017,1
Afterschool Meals Start at Select Recreation Centers | dpr,/release/afterschool-meals-start-select-recreation-centers,7
"Ahead of DCPS Spring Break, Mayor Bowser Encourages Families to Explore Programming for Kids and Teens | dpr",/release/ahead-dcps-spring-break-mayor-bowser-encourages-families-explore-programming-kids-and-teens,4
All DPR Aquatic Facilities to Close for the 27th Annual Black History Invitational Swim Meet Weekend | dpr,/release/all-dpr-aquatic-facilities-close-27th-annual-black-history-invitational-swim-meet-weekend,5
All DPR Facilities Closed for the Veterans Day Holiday | dpr,/release/all-dpr-facilities-closed-veterans-day-holiday,1
All Hallows' Eve - Chevy Chase Community Center | dpr,/fr/event/all-hallows-eve-chevy-chase-community-center,9
All Spray Parks Close for the Season | dpr,/event/all-spray-parks-close-season,4
Alternative Building Materials - Deanwood Recreation Center | dpr,/event/alternative-building-materials-deanwood-recreation-center,3
Amharic (አማርኛ) | dpr,/am/page/dpr-amharic-አማርኛ-9,0
Amharic (አማርኛ) | dpr,/es/page/dpr-amharic-አማርኛ-9,4
Amharic (አማርኛ) | dpr,/page/dpr-amharic-አማርኛ-9,17
Anacostia Fitness Center Renovation | dpr,/page/anacostia-fitness-center-renovation,1
Anacostia Pool | dpr,/page/anacostia-pool,139
Anacostia Recreation Center | dpr,/node/1239476,132
Anacostia Recreation Center | dpr,/page/anacostia-recreation-center-01,384
Anacostia Recreation Center | dpr,/page/anacostia-recreation-center-01/,2
Annual Community Day - North Michigan Park Recreation Center | dpr,/event/annual-community-day-north-michigan-park-recreation-center,1
Annual DC Senior Games | dpr,/es/service/annual-dc-senior-games,10
Annual DC Senior Games | dpr,/service/annual-dc-senior-games,452
Annual March Madness Basketball Tournament - Ridge Road Recreation Center | dpr,/event/annual-march-madness-basketball-tournament-ridge-road-recreation-center,2
Annual Sew 'N' Know Holiday Bazaar - Southeast Tennis and Learning Center | dpr,/event/annual-sew-n-know-holiday-bazaar-southeast-tennis-and-learning-center,2
Annual Spring Cleaning and Planting - Sherwood Recreation Center | dpr,/event/annual-spring-cleaning-and-planting-sherwood-recreation-center,2
Annual Thanksgiving Luncheon - Bald Eagle Recreation Center | dpr,/am/event/annual-thanksgiving-luncheon-bald-eagle-recreation-center,4
"Annual Ward 7 ""House of Horror"" Haunted House - Fort Davis Community Center | dpr",/event/annual-ward-7-house-horror-haunted-house-fort-davis-community-center,1
"Annual Ward 7 ""House of Walkers and Freaks"" Haunted House - Fort Davis Community Center | dpr",/event/annual-ward-7-house-walkers-and-freaks-haunted-house-fort-davis-community-center,1
Annual Ward 7 Tween and Teen Club Feed the Homeless Program - Fort Davis Community Center | dpr,/event/annual-ward-7-tween-and-teen-club-feed-homeless-program-fort-davis-community-center,2
Annual Ward 8 Breast Cancer Awarness Day | dpr,/page/annual-ward-8-breast-cancer-awarness-day,33
Annual Ward 8 Breast Cancer Awarness Day | dpr,/page/annual-ward-8-breast-cancer-walk,1
Apply for a Permit | dpr,/ar/permits,3
Apply for a Permit | dpr,/es/permits,5
Apply for a Permit | dpr,/fr/permits,2
Apply for a Permit | dpr,/node/496492,478
Apply for a Permit | dpr,/permits,7510
Aqua Day Camp | dpr,/node/1527696,1
Aqua Day Camp | dpr,/page/aqua-day-camp,25
Aquatics - Aqua Day Camp Asst Facilitator | dpr,/publication/aquatics-aqua-day-camp-asst-facilitator,4
Aquatics - Customer Service Representative (CSR) | dpr,/publication/aquatics-customer-service-representative-csr,11
Aquatics Admission and Fees | dpr,/es/page/aquatics-admission-and-fees,20
Aquatics Admission and Fees | dpr,/node/536962,370
Aquatics Admission and Fees | dpr,/page/aquatics-admission-and-fees,832
Aquatics for Teens | dpr,/page/aquatics-teens,49
Aquatics Maintenance Closure - Deanwood Aquatic Center | dpr,/fr/event/aquatics-maintenance-closure-deanwood-aquatic-center,1
Aquatics Maintenance Closure - Deanwood Aquatic Center | dpr,/node/1106631/page_view_event/aggregate,1
Aquatics Permit Rules and Regulations | dpr,/fr/node/1250641,5
Aquatics Permit Rules and Regulations | dpr,/node/1250641,11
Aquatics Permit Rules and Regulations | dpr,/page/aquatics-permit-rules-and-regulations,108
Arboretum Community Center | dpr,/arboretum,654
Arboretum Community Center | dpr,/page/arboretum-community-center-00,3
Arthur Capper Community Center | dpr,/arthurcapper,825
Arthur Capper Community Center | dpr,/node/1377356,91
Arthur Capper Community Center | dpr,/page/arthur-capper-community-center,4
Arts and Crafts - Macomb Recreation Center | dpr,/event/arts-and-crafts-macomb-recreation-center,1
"As DCPS Goes on February Break, DPR to Offer Daytime and Evening Programming for Students | dpr",/release/dcps-goes-february-break-dpr-offer-daytime-and-evening-programming-students,2
"As DCPS Goes on Spring Break, the District to Offer Daytime and Evening Programming for Students | dpr",/release/dcps-goes-spring-break-district-offer-daytime-and-evening-programming-students,3
Ashley Williams | dpr,/biography/ashley-williams-0,43
Ashley Williams | dpr,/node/1730901,91
Ask the Director - DPR | dpr,/external-link/ask-director-dpr,45
Aspiring Young Men - Turkey Thicket Recreation Center | dpr,/event/aspiring-young-men-turkey-thicket-recreation-center,2
Athletic Fields & Courts | dpr,/am/page/athletic-fields-courts,4
Athletic Fields & Courts | dpr,/es/page/athletic-fields-courts,1
Athletic Fields & Courts | dpr,/page/athletic-fields-courts,1751
Athletic Fields & Courts | dpr,/vi/page/athletic-fields-courts,2
Attend Events | dpr,/ar/service/attend-events,1
Attend Events | dpr,/es/service/attend-events,4
Attend Events | dpr,/service/attend-events,2339
Awards | dpr,/page/awards-0,8
Awesome Events at DPR in August | dpr,/release/awesome-events-dpr-august,15
Back to School Open House | dpr,/event/back-school-open-house,4
Bald Eagle Recreation Center | dpr,/baldeagle,872
Bald Eagle Recreation Center | dpr,/node/1237416,67
Bald Eagle Recreation Center | dpr,/page/bald-eagle-recreation-center,1
Bald Eagle Recreation Center Modernization | dpr,/page/bald-eagle-recreation-center-modernization,17
Ballou Aquatic Center | dpr,/node/1708471,47
Ballou Aquatic Center | dpr,/page/ballou-aquatic-center,131
"Banneker and Joe Cole Recreation Centers Closed for Friday, February 14 | dpr",/release/banneker-and-joe-cole-recreation-centers-closed-friday-february-14,1
Banneker Community Center | dpr,/page/banneker-community-center,8
Banneker Diving Board | dpr,/node/1728226,5
Banneker Diving Board | dpr,/release/banneker-diving-board,5
Banneker Pool | dpr,/page/banneker-pool,381
Banneker Premier Athletic Field | dpr,/page/banneker-premier-athletic-field,169
Banneker Recreation Center | dpr,/banneker,1056
Banneker Recreation Center | dpr,/node/497612,4
Banneker Recreation Center | dpr,/page/banneker-recreation-center,128
Banneker Recreation Center to Temporarily Close for Caribbean Carnival | dpr,/release/banneker-recreation-center-temporarily-close-caribbean-carnival,1
Banneker Recreation Center to Temporarily Close for Maintenance | dpr,/release/banneker-recreation-center-temporarily-close-maintenance,1
Banneker Tennis Court Lights | dpr,/page/banneker-tennis-court-lights-0,23
"Banneker, Francis, Upshur, Rosedale & Oxon Run Pools Close for the Season | dpr",/event/banneker-francis-upshur-rosedale-oxon-run-pools-close-season,2
Barry Farm 2016 Spring Calendar | dpr,/publication/barry-farm-2016-spring-calendar,4
Barry Farm Aquatic Center | dpr,/page/barry-farm-aquatic-center,935
Barry Farm Recreation Center | dpr,/BarryFarm,1227
Barry Farm Recreation Center | dpr,/node/1237456,79
Barry Farm Recreation Center | dpr,/page/barry-farm-recreation-center-00,1
Barry Farm Recreation Center Temporarily Closed | dpr,/release/barry-farm-recreation-center-temporarily-closed,1
"Barry Farm Recreation Center to Receive New Basketball Court Courtesy of Nike, Inc. | dpr",/release/barry-farm-recreation-center-receive-new-basketball-court-courtesy-nike-inc,7
Barry Farm Spring Summer Programs 2016 - Barry Farm Recreation Center | dpr,/ar/event/barry-farm-spring-summer-programs-2016-barry-farm-recreation-center,1
Basketball Banquet - Turkey Thicket Recreation Center | dpr,/event/basketball-banquet-turkey-thicket-recreation-center,2
B-Ball Spring Tournament - Kennedy Recreation Center | dpr,/event/b-ball-spring-tournament-kennedy-recreation-center,2
Beacon House Falcons (DC) vs.Liberty City Warriors (FL) at the 57th Annual Pop Warner Super Bowl | dpr,/event/beacon-house-falcons-dc-vsliberty-city-warriors-fl-57th-annual-pop-warner-super-bowl,2
Become a DPR Lifeguard! | dpr,/lifeguard,612
Become a DPR Lifeguard! | dpr,/page/become-dpr-lifeguard,1
Become a Sponsor | dpr,/am/service/become-sponsor,6
Become a Sponsor | dpr,/ar/service/become-sponsor,2
Become a Sponsor | dpr,/fr/service/become-sponsor,4
Become a Sponsor | dpr,/ko/service/become-sponsor,3
Become a Sponsor | dpr,/service/become-sponsor,54
Benning Park Community Center Closed Due to Power Outage | dpr,/release/benning-park-community-center-closed-due-power-outage,2
Benning Park Community Center Facilities Closure | dpr,/release/benning-park-community-center-facilities-closure,1
Benning Park Community Center Temporarily Closed | dpr,/release/benning-park-community-center-temporarily-closed,2
Benning Park Community Meeting - Benning Park Recreation Center | dpr,/event/benning-park-community-meeting-benning-park-recreation-center-0,2
Benning Stoddert Recreation Center | dpr,/benningstoddert,637
Benning Stoddert Recreation Center | dpr,/node/1237501,728
Benning Stoddert Recreation Center | dpr,/page/benning-stoddert-recreation-center-0,1
Benning Stoddert Recreation Center Temporarily Closed | dpr,/release/benning-stoddert-recreation-center-temporarily-closed,1
"Benning Stoddert Recreation Center will be Closed on Monday, September 10th | dpr",/release/benning-stoddert-recreation-center-will-be-closed-monday-september-10th,5
Black History Invitational Swim Meet | dpr,/node/540292,17
Black History Invitational Swim Meet | dpr,/service/30th-annual-black-history-invitational-swim-meet,3
Black History Invitational Swim Meet | dpr,/service/black-history-invitational-swim-meet,160
Black History Journey Through Music - Kennedy Recreation Center | dpr,/event/black-history-journey-through-music-kennedy-recreation-center,3
Blacks in Wax | dpr,/page/blacks-wax,55
Boo House - Therapeutic Recreation Center | dpr,/fr/event/boo-house-therapeutic-recreation-center,1
Boo to You Halloween Party - King Greenleaf Recreation Center | dpr,/event/boo-you-halloween-party-king-greenleaf-recreation-center,4
Books | dpr,/book/2014-summer-camp-listings/verano-spanish-camp,3
Books | dpr,/book/2015-summer-camp-listings,2
Books | dpr,/book/2017-summer-camp-listings,3
Books | dpr,/book/dpr-summer-camp-locations/dpr-therapeutic-recreation-camps,5
Boot Camp Picnic | dpr,/event/boot-camp-picnic,2
Bowser Administration Announces Updates to the District’s Heat Plan | dpr,/release/bowser-administration-announces-updates-districts-heat-plan,8
Bowser Administration Celebrates 35th Black History Invitational Swim Meet with Virtual Broadcast | dpr,/release/bowser-administration-celebrates-35th-black-history-invitational-swim-meet-virtual-broadcast,7
Bowser Administration Celebrates 36th Annual Black History Invitational Swim Meet | dpr,/release/bowser-administration-celebrates-36th-annual-black-history-invitational-swim-meet,7
Bowser Administration Cuts Ribbon on “I Have a Dream” Basketball Court at Oxon Run Park | dpr,/release/bowser-administration-cuts-ribbon-“i-have-dream”-basketball-court-oxon-run-park,15
Bowser Administration Highlights #BackToSummer with Robust Event & Program Offerings in All Eight Wards  | dpr,/es/node/1547061,1
Bowser Administration Highlights #BackToSummer with Robust Event & Program Offerings in All Eight Wards  | dpr,/release/bowser-administration-highlights-backtosummer -robust-event-program-offerings-all-eight,4
Bowser Administration Highlights Thanksgiving Events in the District | dpr,/release/bowser-administration-highlights-thanksgiving-events-district,9
Bowser Administration Highlights Thanksgiving Events in the District | dpr,/release/bowser-administration-highlights-thanksgiving-events-district-0,9
Bowser Administration Hosts Halloween Events Across the District for All Ages | dpr,/release/bowser-administration-hosts-halloween-events-across-district-all-ages,6
Bowser Administration Kicks Off Registration for 2019 Fall Programs | dpr,/release/bowser-administration-kicks-registration-2019-fall-programs,2
Bowser Administration Kicks Off Summer Meals & Summer Camp Programs | dpr,/release/bowser-administration-kicks-summer-meals-summer-camp-programs,2
Bowser Administration Offering Free Afterschool Meals at DPR Facilities | dpr,/release/bowser-administration-offering-free-afterschool-meals-dpr-facilities,8
Bowser Administration Offering Mid-Winter Break Camp for DC Families | dpr,/release/bowser-administration-offering-mid-winter-break-camp-dc-families,4
Bowser Administration Opens Registration for Spring Programs | dpr,/release/bowser-administration-opens-registration-spring-programs,1
Bowser Administration Opens Select Aquatic Centers for Reservations October 1 | dpr,/release/bowser-administration-opens-select-aquatic-centers-reservations-october-1,1
Bowser Administration Releases Citywide Survey to Shape Future of Parks and Recreation | dpr,/release/bowser-administration-releases-citywide-survey-shape-future-parks-and-recreation,1
Bowser Administration to Celebrate Chuck Brown Day with Virtual Festival | dpr,/release/bowser-administration-celebrate-chuck-brown-day-virtual-festival,3
Bowser Administration to Expand Hours at 45 DPR Recreation Centers with an Emphasis on Access for Teens | dpr,/release/bowser-administration-expand-hours-45-dpr-recreation-centers-emphasis-access-teens,9
Bowser Administration to Host 2018 Doggie Day Swim | dpr,/release/bowser-administration-host-2018-doggie-day-swim,1
Bowser Administration to Host Halloween Fun at Events Across the District | dpr,/release/bowser-administration-host-halloween-fun-events-across-district,6
Bowser Administration to Keep District Spray Parks Open for Additional Week | dpr,/release/bowser-administration-keep-district-spray-parks-open-additional-week,4
"Bowser Administration to Open Registration for DPR Summer Camp on April 4, 2022 | dpr",/release/bowser-administration-open-registration-dpr-summer-camp-april-4-2022,5
Boxing Showcase | dpr,/event/boxing-showcase,2
Breakfast with Santa - Fort Stanton Recreation Center | dpr,/event/breakfast-santa-fort-stanton-recreation-center,2
Breakfast with Santa - Joseph H. Cole Recreation Center | dpr,/event/breakfast-santa-joseph-h-cole-recreation-center,2
Brentwood and Jelleff Recreation Centers Temporarily Closed | dpr,/release/brentwood-and-jelleff-recreation-centers-temporarily-closed,1
Brentwood Back to School Giveaway - Brentwood Recreation Center | dpr,/event/brentwood-back-school-giveaway-brentwood-recreation-center,2
Brentwood Recreation Center | dpr,/page/brentwood-recreation-center,413
Brentwood Recreation Center | dpr,/page/brentwood-recreation-center/,1
"Brentwood Recreation Center Closed for Friday, February 14 | dpr",/release/brentwood-recreation-center-closed-friday-february-14,1
Brentwood Recreation Center Resumes Normal Operations | dpr,/release/brentwood-recreation-center-resumes-normal-operations-0,1
Brentwood Recreation Center Temporarily Closed | dpr,/release/brentwood-recreation-center-temporarily-closed,1
Brentwood Recreation Center Temporarily Closed | dpr,/release/brentwood-recreation-center-temporarily-closed-012,4
"Brentwood, Hamilton and Macomb Recreation Centers to Close for Renovations | dpr",/release/brentwood-hamilton-and-macomb-recreation-centers-close-renovations,7
Broccoli City Festival - St. Elizabeth East Gateway Pavilion | dpr,/event/broccoli-city-festival-st-elizabeth-east-gateway-pavilion,4
Brookland Backyard Demonstration Garden - Found Peace Garden | dpr,/event/brookland-backyard-demonstration-garden-found-peace-garden,2
Brunch with Santa - Emery Recreation Center | dpr,/event/brunch-santa-emery-recreation-center,3
Camp - Little Explorers - Asst Facilitator | dpr,/publication/camp-little-explorers-asst-facilitator,2
Camp - Little Explorers - Facilitator | dpr,/publication/camp-little-explorers-facilitator,1
Camp - REC Camp - Asst Facilitator | dpr,/publication/camp-rec-camp-asst-facilitator,2
Camp Registration Fees and Payments | dpr,/node/1527666,1
Camp Registration Fees and Payments | dpr,/page/camp-registration-fees-and-payments,73
CANCELED - We Have Dreams - Emery Recreation Center | dpr,/event/canceled-we-have-dreams-emery-recreation-center,1
Cancelled - 7 & 7 - Fitness in the Park  - Yoga - Harrison Recreation Center | dpr,/event/cancelled-7-7-fitness-park -yoga-harrison-recreation-center-0,2
Cancelled - 7 & 7 - Fitness in the Park  - Zumba - Fort Stanton Recreation Center | dpr,/event/cancelled-7-7-fitness-park -zumba-fort-stanton-recreation-center-0,1
Cancelled - 7 & 7 - Fitness in the Park  - Zumba - Harrison Recreation Center | dpr,/event/cancelled-7-7-fitness-park -zumba-harrison-recreation-center,2
Cancelled - 7 & 7 - Fitness in the Park  - Zumba - Hillcrest Recreation Center | dpr,/event/cancelled-7-7-fitness-park -zumba-hillcrest-recreation-center,2
Cancelled - 7 & 7 - Fitness in the Park  - Zumba - Kennedy Recreation Center | dpr,/event/cancelled-7-7-fitness-park -zumba-kennedy-recreation-center,2
CANCELLED - Cooperative Play Open Houses | dpr,/am/node/755782,1
CANCELLED - Cooperative Play Open Houses | dpr,/event/cancelled-cooperative-play-open-houses,2
CANCELLED - Daddy Daughters Heart Ball - Bald Eagle Recreation Center | dpr,/event/cancelled-daddy-daughters-heart-ball-bald-eagle-recreation-center,2
CANCELLED - DPR Pop Up Jazz in the Park Series - Kalorama Park | dpr,/ko/node/1191075/ajax/page_view_timing/page_action/ajax/aggregate,2
CANCELLED - DPR Pop Up Jazz in the Park Series - Mitchell Park | dpr,/ar/event/cancelled-dpr-pop-jazz-park-series-mitchell-park,2
CANCELLED - St. Patrick's Day Ice Cream Social - Hearst Recreation Center | dpr,/event/cancelled-st-patricks-day-ice-cream-social-hearst-recreation-center,2
CANCELLED - Tiny Tots Need Recreation Too Valentine's Day Party - Sherwood Recreation Center | dpr,/event/cancelled-tiny-tots-need-recreation-too-valentines-day-party-sherwood-recreation-center,2
Capital Fringe Music Festival - (RE)education: Jazz & GoGo Meet the Orchestra | dpr,/ko/event/capital-fringe-music-festival-reeducation-jazz-gogo-meet-orchestra,1
Capital Projects Division | dpr,/page/capital-projects-division,50
Capital Projects Process and Budget | dpr,/page/capital-projects-process-and-budget,38
Carpentry for Gardeners - Deanwood Recreation Center | dpr,/event/carpentry-gardeners-deanwood-recreation-center,7
Celebrate Black Growers Month Thursday 2/25 | dpr,/release/celebrate-black-growers-month-thursday-225,3
Celebrate the Season of Giving with DPR | dpr,/release/celebrate-season-giving-dpr,7
Celebrating History in February : DPR Events | dpr,/release/celebrating-history-february-dpr-events,1
Chair Exercises - Fort Stevens Recreation Center | dpr,/event/chair-exercises-fort-stevens-recreation-center,2
Chess - Upshur Recreation Center | dpr,/event/chess-upshur-recreation-center,4
Chevy Chase - Building Plan | dpr,/publication/chevy-chase-building-plan,1
Chevy Chase Community Center | dpr,/chevychasecom,1212
Chevy Chase Community Center | dpr,/page/chevy-chase-community-center,1
Chevy Chase Community Center and Library Site | dpr,/ccsitesurvey,6
Chevy Chase Community Center Reporting a Minor Chemical Spill | dpr,/release/chevy-chase-community-center-reporting-minor-chemical-spill,3
Chevy Chase DC Day | dpr,/event/chevy-chase-dc-day,2
Chevy Chase Dog Park | dpr,/page/chevy-chase-dog-park,23
Chevy Chase Playground Modernization | dpr,/page/chevy-chase-playground-modernization,21
Chevy Chase Recreation Center | dpr,/page/chevy-chase-recreation-center,762
Chevy Chase Recreation Center | dpr,/page/chevy-chase-recreation-center/,1
Chili and Rib Cook Off - Fort Stevens Recreation Center | dpr,/event/chili-and-rib-cook-fort-stevens-recreation-center,1
Chinese (中文) | dpr,/am/page/chinese-中文--6,0
Chinese (中文) | dpr,/page/chinese-中文--6,25
Christmas Party and Picture with Santa - Turkey Thicket Recreation Center | dpr,/event/christmas-party-and-picture-santa-turkey-thicket-recreation-center,2
Chuck Brown Day | dpr,/chuckbrownday,87
Chuck Brown Day | dpr,/page/chuck-brown-day,2
Chuck Brown Memorial Park Ribbon Cutting | dpr,/event/chuck-brown-memorial-park-ribbon-cutting-0,4
CIP: Benning Park Community Center | dpr,/page/benning-park-community-center,0
CIP: Benning Park Community Center | dpr,/page/cip-benning-park-community-center,10
CIP: Benning Stoddert Community Center | dpr,/page/cip-benning-stoddert-community-center,24
CIP: Fort Davis Recreation Center | dpr,/page/cip-fort-davis-recreation-center,27
CIP: Fort Davis Recreation Center | dpr,/page/fort-davis-community-center,0
CIP: Kenilworth-Parkside Recreation Center | dpr,/page/cip-kenilworth-parkside-recreation-center,7
CIP: Play DC: Columbia Heights Playground Renovation | dpr,/page/cip-play-dc-columbia-heights-playground-renovation,3
Citi Open - Draw Ceremony - Ronald Reagan Building and International Trade Center | dpr,/event/citi-open-draw-ceremony-ronald-reagan-building-and-international-trade-center,2
Citi Open - Kids on the Plaza - Ronald Reagan Building and International Trade Center | dpr,/event/citi-open-kids-plaza-ronald-reagan-building-and-international-trade-center,2
Citi Open - Stars of Tomorrow Tennis Tournament - William H.G. Fitzgerald Tennis Center | dpr,/event/citi-open-stars-tomorrow-tennis-tournament-william-hg-fitzgerald-tennis-center-1,2
Citi Open - Stars of Tomorrow Trophy Ceremony - William H.G. Fitzgerald Tennis Center | dpr,/event/citi-open-stars-tomorrow-trophy-ceremony-william-hg-fitzgerald-tennis-center,2
Citi Open - Tennis Clinic by DPR Tennis Staff - William H.G. Fitzgerald Tennis Center | dpr,/event/citi-open-tennis-clinic-dpr-tennis-staff-william-hg-fitzgerald-tennis-center,14
Citi Open - Tennis Tournament Finals and Trophy Presentation - William H.G. Fitzgerald Tennis Center | dpr,/event/citi-open-tennis-tournament-finals-and-trophy-presentation-william-hg-fitzgerald-tennis-center,4
Citizens of Community Meeting - Palisades Community Center | dpr,/event/citizens-community-meeting-palisades-community-center,2
Citizens of Palisades Community Meeting - Palisades Community Center | dpr,/event/citizens-palisades-community-meeting-palisades-community-center,3
Citywide DPR Youth Basketball Championships at Lamond | dpr,/release/citywide-dpr-youth-basketball-championships-lamond,1
Clone of DPR Winter Wondercamp | dpr,/event/clone-dpr-winter-wondercamp,2
Coat Drive for the Needy - Guy Mason Recreation Center | dpr,/event/coat-drive-needy-guy-mason-recreation-center,170
Coat Drive for the Needy - Guy Mason Recreation Center | dpr,/fr/event/coat-drive-needy-guy-mason-recreation-center,1
Columbia Heights Community Center | dpr,/ColumbiaHeights,2227
Columbia Heights Community Center | dpr,/node/706702,691
Columbia Heights Community Center | dpr,/page/columbia-heights-comm-ctr,4
Columbia Heights Community Center | dpr,/page/columbia-heights-community-center,81
Columbia Heights Community Center Scheduled to Reopen Today | dpr,/release/columbia-heights-community-center-scheduled-reopen-today,3
Columbia Heights Community Center Temporarily Closed | dpr,/release/columbia-heights-community-center-temporarily-closed,2
Columbia Heights Community Center Temporarily Closed | dpr,/release/columbia-heights-community-center-temporarily-closed-01,1
Columbia Heights Dog Park - 11th and Park NW | dpr,/page/columbia-heights-dog-park-11th-and-park-nw,7
Columbia Heights Temporarily Closed For Scheduled Renovation | dpr,/release/columbia-heights-temporarily-closed-scheduled-renovation,3
Come Get That Go-Go Swing at the 2nd Annual Chuck Brown Day | dpr,/release/come-get-go-go-swing-2nd-annual-chuck-brown-day,6
Communal Farms and Partner Urban Farms | dpr,/ar/node/1267296,7
Communal Farms and Partner Urban Farms | dpr,/page/communal-farms-and-partner-urban-farms,3476
Communal Farms and Partner Urban Farms | dpr,/page/communal-farms-and-partner-urban-farms/,7
Communal Farms and Partner Urban Farms | dpr,/page/partner-urban-farms,4
Communications Job Jackets | dpr,/jobjacket,37
Community Centers & Recreation Centers | dpr,/fr/reccenters,2
Community Centers & Recreation Centers | dpr,/ko/reccenters,1
Community Centers & Recreation Centers | dpr,/node/1237531,1
Community Centers & Recreation Centers | dpr,/page/recreation-centers-00,1
Community Centers & Recreation Centers | dpr,/reccenters,7945
Community Compost Cooperative Network | dpr,/page/community-compost-cooperative-network,278
Community Gardens | dpr,/page/community-gardens,1687
Community Gardens | dpr,/page/community-gardens/,7
Community Gardens Frequently Asked Questions | dpr,/ko/node/1397651,2
Community Gardens Frequently Asked Questions | dpr,/page/community-gardens-frequently-asked-questions,160
Community Health and Wellness Information Fair - Chevy Chase Community Center | dpr,/event/community-health-and-wellness-information-fair-chevy-chase-community-center,1
Community Health and Wellness Information Fair - Chevy Chase Community Center | dpr,/event/community-health-and-wellness-information-fair-chevy-chase-community-center-0,1
Community Meeting - Columbia Heights Community Center | dpr,/event/community-meeting-columbia-heights-community-center,2
Community Meeting - Columbia Heights Community Center | dpr,/event/community-meeting-columbia-heights-community-center-0,2
Community Meeting - Columbia Heights Community Center | dpr,/fr/node/805282,3
Community Meeting - Concept Discussion - Hearst Park and Pool Design | dpr,/event/community-meeting-concept-discussion-hearst-park-and-pool-design,1
Community Meeting - Guy Mason Recreation Center | dpr,/event/community-meeting-guy-mason-recreation-center,2
Community Meeting - Guy Mason Recreation Center | dpr,/event/community-meeting-guy-mason-recreation-center-0,3
Community Meeting - Guy Mason Recreation Center | dpr,/event/community-meeting-guy-mason-recreation-center-1,3
Community Meeting - King Greenleaf Recreation Center | dpr,/event/community-meeting-king-greenleaf-recreation-center,3
Community Meeting - King Greenleaf Recreation Center | dpr,/event/community-meeting-king-greenleaf-recreation-center-0,2
Community Meeting - Recreation Center and Playground Renovation - Marvin Gaye Recreation Center | dpr,/event/community-meeting-recreation-center-and-playground-renovation-marvin-gaye-recreation-center,2
Community Meeting - Southeast Tennis & Learning Center | dpr,/event/community-meeting-southeast-tennis-learning-center,2
Community Meeting - Southeast Tennis and Learning Center | dpr,/event/community-meeting-southeast-tennis-and-learning-center,2
Community Meeting - Trinidad Recreation Center | dpr,/event/community-meeting-trinidad-recreation-center,2
Community Meeting - Watkins Recreation Center | dpr,/event/community-meeting-watkins-recreation-center,1
Community Meeting | dpr,/event/community-meeting,1
Community Meeting Digital Sign In | dpr,/ATTENDEE,177
Community Meeting Digital Sign In | dpr,/attendee,2
Community Thanksgiving Dinner - Ridge Road Recreation Center | dpr,/event/community-thanksgiving-dinner-ridge-road-recreation-center,3
Competitive Swim Teams | dpr,/node/539592,2
Competitive Swim Teams | dpr,/service/competitive-swim-teams,259
Concert of Love - Sherwood Recreation Center | dpr,/event/concert-love-sherwood-recreation-center,1
Congress Heights Dog Park | dpr,/page/congress-heights-dog-park,7
Congress Heights Recreation Center | dpr,/page/congress-heights-recreation-center,284
Connect with DPR | dpr,/page/connect-dpr,29
Construction Updates | dpr,/am/page/construction-updates,7
Construction Updates | dpr,/page/construction-updates,202
Contáctese con los directores | dpr,/es/page/contact-agency-directors,6
Contact Agency Directors | dpr,/page/contact-agency-directors,102
Contact Us | dpr,/am/node/1250586,2
Contact Us | dpr,/es/node/1250586,1
Contact Us | dpr,/fr/node/1250586,6
Contact Us | dpr,/page/contact-us-2,707
Cooking and Nutrition Certification Course | dpr,/page/cooking-and-nutrition-certification-course,71
Cooperative Play - Closures and Important Dates | dpr,/node/1535816,41
Cooperative Play - Closures and Important Dates | dpr,/page/cooperative-play-closures-and-important-dates,22
Cooperative Play - Daily Schedule | dpr,/node/1535476,57
Cooperative Play - Daily Schedule | dpr,/page/cooperative-play-daily-schedule,5
Cooperative Play - Frequently Asked Questions | dpr,/node/1535656,68
Cooperative Play - Frequently Asked Questions | dpr,/page/cooperative-play-frequently-asked-questions,18
Cooperative Play - Locations | dpr,/node/1459976,114
Cooperative Play - Locations | dpr,/page/cooperative-play-locations,135
Cooperative Play - Program Fees | dpr,/node/1459981,68
Cooperative Play - Program Fees | dpr,/page/cooperative-play-program-fees,7
Cooperative Play - Registration and Enrollment Eligibility | dpr,/node/1535646,51
Cooperative Play - Registration and Enrollment Eligibility | dpr,/page/cooperative-play-registration-and-enrollment-eligibility,4
Cooperative Play - Required Forms and Verifications | dpr,/node/1535661,14
Cooperative Play - Required Forms and Verifications | dpr,/page/cooperative-play-required-forms-and-verifications,15
Cooperative Play International Day - Raymond Recreation Center | dpr,/event/cooperative-play-international-day-raymond-recreation-center,2
"Cooperative Play Open House: Wed, Apr 5th | dpr",/event/cooperative-play-open-house-wed-apr-5th,2
"Cooperative Play Open House: Wed, Feb 8th & Thurs, Apr 6th | dpr",/event/cooperative-play-open-house-wed-feb-8th-thurs-apr-6th,1
Cooperative Play Open Houses | dpr,/event/cooperative-play-open-houses,2
Cooperative Play Open Houses | dpr,/event/cooperative-play-open-houses-1,4
Cooperative Play Program - Chevy Chase Recreation Center | dpr,/event/cooperative-play-program-chevy-chase-recreation-center,1
Cooperative Play Program - Chevy Chase Recreation Center | dpr,/node/653562/page_action/ajax/jserrors/aggregate,2
Cooperative Play Program - Chevy Chase Recreation Center | dpr,/node/653562/page_action/session_trace/page_view_event/aggregate,4
Cooperative Play Program | dpr,/coopprogram,493
Cooperative Play Program | dpr,/node/1295881,19
Cooperative Play Program | dpr,/page/cooperative-play-program,1
Cooperative Play Program | dpr,/service/cooperative-play-program,3
CORRECTED MEDIA ADVISORY: Mayor Bowser to Host Second Annual Fresh Start 5K Run/Walk | dpr,/release/corrected-media-advisory-mayor-bowser-host-second-annual-fresh-start-5k-runwalk,1
Councilmember Mary M. Cheh Community Meeting - Guy Mason Recreation Center | dpr,/event/councilmember-mary-m-cheh-community-meeting-guy-mason-recreation-center,1
Create RecTrac Account | dpr,/DPRaccount,125
Create RecTrac Account | dpr,/dpraccount,5
Cultivating Shiitake Mushrooms - Raymond Recreation Center | dpr,/event/cultivating-shiitake-mushrooms-raymond-recreation-center,2
Cultivating Shiitake Mushrooms - Raymond Recreation Center | dpr,/vi/event/cultivating-shiitake-mushrooms-raymond-recreation-center,1
Cuotas con descuento del DPR | dpr,/es/node/1689821,2
Cuotas con descuento del DPR | dpr,/node/1689821,8
Dakota Park Renovation | dpr,/page/dakota-park-renovation,11
"DC Awarded $30,000 Grant to Support the DC Free Summer Meals Program | dpr",/release/dc-awarded-30000-grant-support-dc-free-summer-meals-program,3
DC Department of Parks and Recreation (DPR) Releases 2024 Outdoor Pool Closure Schedule | dpr,/release/dc-department-parks-and-recreation-dpr-releases-2024-outdoor-pool-closure-schedule,9
DC Department of Parks and Recreation Hosts Opening Ceremony for 41st DC Senior Games | dpr,/release/dc-department-parks-and-recreation-hosts-opening-ceremony-41st-dc-senior-games,2
DC Department of Parks and Recreation Wins Annual DC Preservation Award | dpr,/release/dc-department-parks-and-recreation-wins-annual-dc-preservation-award,1
DC Dogs Have Day in the Pool | dpr,/release/dc-dogs-have-day-pool,6
DC Free Summer Meals Program Frequently Asked Questions (FAQ's) | dpr,/node/1034922,1
DC Free Summer Meals Program Frequently Asked Questions (FAQ's) | dpr,/service/dc-free-summer-meals-program-frequently-asked-questions-faqs,19
DC Free Summer Meals Program Now on Saturdays | dpr,/event/dc-free-summer-meals-program-now-saturdays,7
DC FSMP - Special Event Form | dpr,/publication/dc-fsmp-special-event-form,2
"DC Government Closed on Wednesday, February 20 | dpr",/release/dc-government-closed-wednesday-february-20,2
"DC Mayor Vincent Gray, Local Leaders and Celebrities to Participate in the Recreation Wish List Committee's 14th Annual ""Heart to Hart Tennis Experience"" | dpr",/release/dc-mayor-vincent-gray-local-leaders-and-celebrities-participate-recreation-wish-list,1
DC Named as a Finalist for 2014 Playful City USA Designation | dpr,/release/dc-named-finalist-2014-playful-city-usa-designation,2
DC National Girls and Women in Sports Day Expo | dpr,/release/dc-national-girls-and-women-sports-day-expo,6
DC One Card Activation | dpr,/page/dc-one-card-activation,54
DC One Card Application | dpr,/node/562552,31
DC Pop Warner Youth Championship Games - Eastern Senior High School | dpr,/event/dc-pop-warner-youth-championship-games-eastern-senior-high-school,5
"DC Public Schools Will Be Closed on Friday, January 7, DC Government to Open at 11:00 a.m. | dpr",/release/dc-public-schools-will-be-closed-friday-january-7-dc-government-open-1100-am,1
DC Rally & March - pre-event to the 50th Anniversary March on Washington | dpr,/event/dc-rally-march-pre-event-50th-anniversary-march-washington,2
DC Ranks Among Nation’s Best City Park Systems | dpr,/release/dc-ranks-among-nation’s-best-city-park-systems,6
DC Senior Citizens Slow Pitch League - Schedule and Results (Spring/Summer) | dpr,/service/dc-senior-citizens-slow-pitch-league-schedule-and-results-springsummer,2
DC Senior Games | dpr,/external-link/dc-senior-games-0,12
DC Summer Swim League Registration Opens | dpr,/event/dc-summer-swim-league-registration-opens,8
DC Wave November Distance Meet - Takoma Community Center | dpr,/event/dc-wave-november-distance-meet-takoma-community-center,12
DC Waves Swim Team Information | dpr,/page/dc-waves-swim-team-information,717
DC Winter Wave Invitational - Takoma Aquatic Center | dpr,/event/dc-winter-wave-invitational-takoma-aquatic-center,2
DC Winter Wave Invitational - Takoma Aquatic Center | dpr,/event/dc-winter-wave-invitational-takoma-aquatic-center-0,2
DC Winter Wave Invitational - Takoma Aquatic Center | dpr,/event/dc-winter-wave-invitational-takoma-aquatic-center-1,5
DC Winter Wave Invitational - Takoma Aquatic Center | dpr,/event/dc-winter-wave-invitational-takoma-aquatic-center-2,2
DC Winter Youth Basketball League Awards Banquet - Sherwood Recreation Center | dpr,/event/dc-winter-youth-basketball-league-awards-banquet-sherwood-recreation-center,4
DCAC Swim Meet - Wilson Aquatic Center | dpr,/event/dcac-swim-meet-wilson-aquatic-center,4
DCOA & DPR Seniors Town Hall Meeting - Deanwood Recreation Center | dpr,/event/dcoa-dpr-seniors-town-hall-meeting-deanwood-recreation-center,2
DCOA & DPR Seniors Town Hall Meeting - Fort Stevens Recreation Center | dpr,/event/dcoa-dpr-seniors-town-hall-meeting-fort-stevens-recreation-center,4
DC's Harry Thomas Sr. Playground Ranked #2 of 50 Best Playgrounds in America | dpr,/release/dcs-harry-thomas-sr-playground-ranked-2-50-best-playgrounds-america,1
DCSL Relay Carnival | dpr,/event/dcsl-relay-carnival,3
Deanwood Adult Basketball League - Schedule and Results | dpr,/service/deanwood-adult-basketball-league-schedule-and-results,91
Deanwood and Turkey Thicket Aquatic Facilities Resume Normal Operations | dpr,/release/deanwood-and-turkey-thicket-aquatic-facilities-resume-normal-operations,1
Deanwood Aquatic Center | dpr,/page/deanwood-aquatic-center,1410
Deanwood Aquatic Facility Temporarily Closed | dpr,/release/deanwood-aquatic-facility-temporarily-closed,1
Deanwood Aquatic Facility Temporarily Closed | dpr,/release/deanwood-aquatic-facility-temporarily-closed-0,6
Deanwood Community Center | dpr,/Deanwood,1
Deanwood Community Center | dpr,/deanwood,1529
Deanwood Community Center | dpr,/node/1237641,74
Deanwood Community Center | dpr,/page/deanwood-recreation-center-00,1
Deanwood Haunted House - Deanwood Recreation Center | dpr,/es/node/705922,2
Deanwood Haunted House - Deanwood Recreation Center | dpr,/event/deanwood-haunted-house-deanwood-recreation-center,4
Deanwood Haunted House - Deanwood Recreation Center | dpr,/vi/event/deanwood-haunted-house-deanwood-recreation-center,15
Deanwood Historical Cafe - Deanwood Recreation Center | dpr,/event/deanwood-historical-cafe-deanwood-recreation-center,7
Deanwood Recreation Center Temporarily Closed | dpr,/release/deanwood-recreation-center-temporarily-closed,2
Deanwood Recreation Center Temporarily Closed; Aquatic Facility Remains Open | dpr,/release/deanwood-recreation-center-temporarily-closed-aquatic-facility-remains-open,1
Deanwood Veterans Day Celebration - Deanwood Recreation Center | dpr,/event/deanwood-veterans-day-celebration-deanwood-recreation-center,3
Dedication of Kim's Garden - Triangle Park | dpr,/event/dedication-kims-garden-triangle-park,2
Delano Hunter | dpr,/biography/delano-hunter-0,32
Delano Hunter | dpr,/node/1374141,1
Delano Hunter Bio | dpr,/page/delano-hunter-bio,3
Department of Parks and Recreation | dpr,/agency/department-parks-and-recreation,133
Department of Parks and Recreation | dpr,/es/agency/department-parks-and-recreation,3
Department of Parks and Recreation Invites Residents and Their Dogs to Doggie Day Swim 2024 | dpr,/release/department-parks-and-recreation-invites-residents-and-their-dogs-doggie-day-swim-2024,7
Department of Parks and Recreation to Hold One Day Agency Staff Development Conference | dpr,/release/department-parks-and-recreation-hold-one-day-agency-staff-development-conference,5
Department of Parks and Recreation to Hold One Day Staff Development Conference | dpr,/release/department-parks-and-recreation-hold-one-day-staff-development-conference,6
Developmental Volleyball - Sherwood Recreation Center | dpr,/event/developmental-volleyball-sherwood-recreation-center,13
"DGS and DPR Share Update on Preparing Outdoor Pools, Amenities for Spring-Summer Fun | dpr",/release/dgs-and-dpr-share-update-preparing-outdoor-pools-amenities-spring-summer-fun,7
Discovery Camp | dpr,/node/1527906,1
Discovery Camp | dpr,/page/discovery-camp,17
"District Activates Cold Emergency Alert for Monday, March 3, 2014 | dpr",/release/district-activates-cold-emergency-alert-monday-march-3-2014,1
District Government Activates Multi-Agency Response to Extreme Heat and Humidity | dpr,/release/district-government-activates-multi-agency-response-extreme-heat-and-humidity-0,7
District Government Adopts New Lead Testing Policy | dpr,/release/district-government-adopts-new-lead-testing-policy,2
"District Government CLOSED Monday, March 17, 2014 | dpr",/release/district-government-closed-monday-march-17-2014,2
"District Government CLOSED Thursday, February 13, 2014 | dpr",/release/district-government-closed-thursday-february-13-2014,1
"District Government CLOSED Tuesday, December 10, 2013 | dpr",/release/district-government-closed-tuesday-december-10-2013,1
"District Government CLOSED Tuesday, January 21, 2014 | dpr",/release/district-government-closed-tuesday-january-21-2014,1
District Government Responds to Latest High-Heat Advisory | dpr,/release/district-government-responds-latest-high-heat-advisory-0,6
District Wide Bench and Picnic Table Installation | dpr,/page/district-wide-bench-and-picnic-table-installation,19
Dog Park Application | dpr,/dogparkapp,2
Dog Park Applications | dpr,/node/496692,24
Dog Park Applications | dpr,/page/dog-park-applications,166
Dog Park Design Standards | dpr,/publication/dog-park-design-standards,5
Dog Park Establishment Application Packet | dpr,/publication/dog-park-establishment-application-packet,1
Dog Park Registration Tag Application | dpr,/publication/dog-park-registration-tag-application,18
Dog Parks | dpr,/am/page/dog-parks-00,3
Dog Parks | dpr,/fr/page/dog-parks-00,5
Dog Parks | dpr,/node/1237686,4
Dog Parks | dpr,/page/dog-parks-00,531
Dog Parks | dpr,/vi/page/dog-parks-00,2
Doggie Day Swim - Francis Pool | dpr,/event/doggie-day-swim-francis-pool,5
Doggie Day Swim - Randall Pool | dpr,/event/doggie-day-swim-randall-pool,2
Doggie Day Swim - Upshur Pool | dpr,/event/doggie-day-swim-upshur-pool,2
Doggie Day Swim | dpr,/page/doggie-day-swim,76
Donations | dpr,/es/service/donations-one,2
Donations | dpr,/node/1641681,31
Donations | dpr,/page/donations-1,3
Donations | dpr,/service/donations-one,129
Donations | dpr,/service/honorary-donations,5
Douglass Community Center | dpr,/douglass,219
Douglass Community Center | dpr,/page/douglass-community-center-00,1
Douglass Pool | dpr,/page/douglass-pool,24
Douglass Recreation Center and Playground to Temporarily Close | dpr,/release/douglass-recreation-center-and-playground-temporarily-close,1
DPR 2010 Winter Activity Guide Has Something For Everyone | dpr,/release/dpr-2010-winter-activity-guide-has-something-everyone,10
DPR 2011 Holiday Schedule | dpr,/release/dpr-2011-holiday-schedule,9
DPR 2011 Open Houses | dpr,/release/dpr-2011-open-houses,5
DPR 2014 Spring Break Camp Registration | dpr,/event/dpr-2014-spring-break-camp-registration,2
DPR 2014 Summer Camp Rolling Registration | dpr,/event/dpr-2014-summer-camp-rolling-registration,2
DPR 2014 Summer Camp Rolling Registration | dpr,/event/dpr-2014-summer-camp-rolling-registration-0,1
DPR 2014 Summer Camp Rolling Registration | dpr,/event/dpr-2014-summer-camp-rolling-registration-1,2
DPR 2014 Summer Camp Rolling Registration | dpr,/event/dpr-2014-summer-camp-rolling-registration-2,2
DPR 2014 Summer Camp Rolling Registration | dpr,/event/dpr-2014-summer-camp-rolling-registration-3,2
DPR 2014 Summer Camp Rolling Registration | dpr,/event/dpr-2014-summer-camp-rolling-registration-4,2
DPR 2014 Summer Camp Rolling Registration | dpr,/event/dpr-2014-summer-camp-rolling-registration-5,2
DPR 2014 Summer Camp Rolling Registration | dpr,/event/dpr-2014-summer-camp-rolling-registration-6,2
DPR 2014 Summer Camp Rolling Registration | dpr,/node/782702,1
DPR 2015 Spring/Summer Programs Registration | dpr,/event/dpr-2015-springsummer-programs-registration,1
DPR 2015 Summer Camp Non-District Resident Registration | dpr,/event/dpr-2015-summer-camp-non-district-resident-registration,1
DPR 2015 Summer Camp Rolling Registration | dpr,/am/event/dpr-2015-summer-camp-rolling-registration,2
DPR 2015 Summer Camp Rolling Registration | dpr,/event/dpr-2015-summer-camp-rolling-registration-4,1
DPR 2017 Veterans Day Schedule | dpr,/release/dpr-2017-veterans-day-schedule,5
DPR 2017 Winter Wondercamp Schedule | dpr,/release/dpr-2017-winter-wondercamp-schedule,1
DPR 2017-2018 Winter Holiday Schedule | dpr,/release/dpr-2017-2018-winter-holiday-schedule,2
DPR 2018 DC Emancipation Day Holiday Schedule | dpr,/release/dpr-2018-dc-emancipation-day-holiday-schedule,2
DPR 2018 Indoor Pool Maintenance Closure Schedule | dpr,/release/dpr-2018-indoor-pool-maintenance-closure-schedule,6
DPR 2018 Labor Day Holiday and Remaining Outdoor Pools Schedule | dpr,/release/dpr-2018-labor-day-holiday-and-remaining-outdoor-pools-schedule,9
"DPR 2018 Martin Luther King, Jr. Day Closure | dpr",/release/dpr-2018-martin-luther-king-jr-day-closure,5
DPR 2018 Memorial Day Weekend and Summer Outdoor Pool Schedule | dpr,/release/dpr-2018-memorial-day-weekend-and-summer-outdoor-pool-schedule,4
DPR 2018 Presidents’ Day Holiday Schedule | dpr,/release/dpr-2018-presidents’-day-holiday-schedule,2
DPR 2018 Veterans Day Schedule | dpr,/release/dpr-2018-veterans-day-schedule,3
DPR 2018-19 Indoor Pool Maintenance Closure Schedule | dpr,/release/dpr-2018-19-indoor-pool-maintenance-closure-schedule,1
DPR 2019-20 Indoor Pool Maintenance Closure Schedule | dpr,/release/dpr-2019-20-indoor-pool-maintenance-closure-schedule,1
DPR Accepting Applications for Summer 2017 Employment | dpr,/release/dpr-accepting-applications-summer-2017-employment,1
DPR Account | dpr,/node/1636261,4860
DPR Account | dpr,/page/dpr-account,9523
DPR Alerts | dpr,/DPRalerts,5
DPR Alerts | dpr,/am/dpralerts,1
DPR Alerts | dpr,/dpralerts,3816
DPR Alerts | dpr,/node/824682,3
DPR Alerts | dpr,/page/dpralerts,4
DPR and 100 Black Men of Greater Washington to Host Teen Town Hall | dpr,/release/dpr-and-100-black-men-greater-washington-host-teen-town-hall,3
DPR and Capital Area Food Bank Partner to Provide Food Distribution | dpr,/release/dpr-and-capital-area-food-bank-partner-provide-food-distribution,6
DPR and LimeBike Bring You #BiketheDistrict: Petals & Pedals Bike Series | dpr,/release/dpr-and-limebike-bring-you-bikethedistrict-petals-pedals-bike-series,1
DPR and the Office of Planning Announce the Parks and Recreation Master Plan | dpr,/release/dpr-and-office-planning-announce-parks-and-recreation-master-plan,1
DPR and USTA Bring Tennis to 2018 Fiesta DC Festival | dpr,/release/dpr-and-usta-bring-tennis-2018-fiesta-dc-festival,1
DPR Announces 2013 Labor Day Closures | dpr,/release/dpr-announces-2013-labor-day-closures,2
DPR Announces 2014 Indoor Pools Maintenance Closures Schedule | dpr,/release/dpr-announces-2014-indoor-pools-maintenance-closures-schedule,5
DPR Announces 2014 Labor Day Holiday Schedule | dpr,/release/dpr-announces-2014-labor-day-holiday-schedule,2
DPR Announces 2014 Winter Programs Registration | dpr,/release/dpr-announces-2014-winter-programs-registration,1
DPR Announces 2015 Independence Day Holiday Schedule | dpr,/release/dpr-announces-2015-independence-day-holiday-schedule-0,3
DPR Announces 2015 Veterans Day Schedule | dpr,/release/dpr-announces-2015-veterans-day-schedule,1
DPR Announces 2016 Columbus Day Schedule | dpr,/release/dpr-announces-2016-columbus-day-schedule,1
DPR Announces 2016 Indoor Pools Maintenance Closures Schedule | dpr,/release/dpr-announces-2016-indoor-pools-maintenance-closures-schedule,1
DPR Announces 2016 Labor Day Holiday Schedule | dpr,/release/dpr-announces-2016-labor-day-holiday-schedule,4
DPR Announces 2016 Memorial Day Weekend Pools and Facilities Schedule | dpr,/release/dpr-announces-2016-memorial-day-weekend-pools-and-facilities-schedule,5
DPR Announces 2016 Veterans Day Schedule | dpr,/release/dpr-announces-2016-veterans-day-schedule,1
DPR Announces 2017 Memorial Day Weekend and Summer Outdoor Pools Schedule | dpr,/release/dpr-announces-2017-memorial-day-weekend-and-summer-outdoor-pools-schedule,5
DPR Announces 2019 Outdoor Pools and Spray Parks Closure Schedule | dpr,/release/dpr-announces-2019-outdoor-pools-and-spray-parks-closure-schedule,7
DPR Announces 2020 Summer Camp Registration | dpr,/release/dpr-announces-2020-summer-camp-registration,8
DPR Announces An Outdoor Adventure Camp For District Youth | dpr,/release/dpr-announces-outdoor-adventure-camp-district-youth-0,2
DPR Announces Annual Sew N Know Fashion Show | dpr,/release/dpr-announces-annual-sew-n-know-fashion-show,1
"DPR Announces Change of Operational Hours Due to Staff Conference on Tuesday, January 31, 2017 | dpr",/release/dpr-announces-change-operational-hours-due-staff-conference-tuesday-january-31-2017,1
DPR Announces Closure Schedule for Martin Luther King Jr. Day | dpr,/release/dpr-announces-closure-schedule-martin-luther-king-jr-day,1
"DPR Announces Closure Schedule for Martin Luther King, Jr. Day | dpr",/release/dpr-announces-closure-schedule-martin-luther-king-jr-day-0,1
"DPR Announces Community Meetings for Playground Improvement Project, Play DC | dpr",/release/dpr-announces-community-meetings-playground-improvement-project-play-dc,1
DPR Announces Doggy Paddle Pool Day | dpr,/release/dpr-announces-doggy-paddle-pool-day,6
DPR Announces Emancipation Day Closures | dpr,/release/dpr-announces-emancipation-day-closures,4
DPR Announces Emery and Volta Playgrounds to Close for Repairs | dpr,/release/dpr-announces-emery-and-volta-playgrounds-close-repairs,1
DPR Announces Expanded 2016 Summer Outdoor Pools Schedule | dpr,/release/dpr-announces-expanded-2016-summer-outdoor-pools-schedule,4
DPR Announces Extended Schedule for Select Spray Parks | dpr,/release/dpr-announces-extended-schedule-select-spray-parks,5
"DPR Announces First 2014/2015 ""DPR Fun Day"" During DC Public Schools' Professional Development Days | dpr",/release/dpr-announces-first-20142015-dpr-fun-day-during-dc-public-schools-professional-development,1
"DPR Announces First 2016/2017 ""DPR Fun Day"" During DC Public Schools' Professional Development Days | dpr",/release/dpr-announces-first-20162017-dpr-fun-day-during-dc-public-schools-professional-development,1
DPR Announces Independence Day Weekend and Furlough Day Schedule | dpr,/release/dpr-announces-independence-day-weekend-and-furlough-day-schedule,5
DPR Announces New Regulations and Fees | dpr,/release/dpr-announces-new-regulations-and-fees,5
DPR Announces New Spray Park Hours and Independence Day Schedule | dpr,/release/dpr-announces-new-spray-park-hours-and-independence-day-schedule,1
DPR Announces Open Registration for Winter Programs | dpr,/release/dpr-announces-open-registration-winter-programs,1
"DPR Announces Partnership with the Save the Bill Butler and Julius Wyatt #2 Clubhouse Fund, and the Perry Center | dpr",/release/dpr-announces-partnership-save-bill-butler-and-julius-wyatt-2-clubhouse-fund-and-perry,23
DPR Announces Pop Up Jazz in the Park Series | dpr,/release/dpr-announces-pop-jazz-park-series,1
DPR Announces President's Day Holiday Schedule | dpr,/release/dpr-announces-presidents-day-holiday-schedule,5
DPR Announces Registration for Four Additional 2014 Summer Camps | dpr,/release/dpr-announces-registration-four-additional-2014-summer-camps,3
"DPR Announces Registration for the Second 2016/2017 “DPR Fun Day"" Days Begins Friday, Nov. 18 | dpr",/release/dpr-announces-registration-second-20162017-“dpr-fun-day-days-begins-friday-nov-18,1
"DPR Announces Registration for the Third & Final 2016/2017 “DPR Fun Day"" Begins Friday, Feb. 3 | dpr",/release/dpr-announces-registration-third-final-20162017-“dpr-fun-day-begins-friday-feb-3,5
DPR Announces Schedule for Impending Federal Shutdown | dpr,/release/dpr-announces-schedule-impending-federal-shutdown,23
"DPR Announces Schedule Updates to Ferebee-Hope, East Potomac and Barry Farm Aquatic Facilities | dpr",/release/dpr-announces-schedule-updates-ferebee-hope-east-potomac-and-barry-farm-aquatic-facilities,4
DPR Announces Second 2014 Summer Employment Hiring Fair | dpr,/release/dpr-announces-second-2014-summer-employment-hiring-fair,5
DPR Announces Sponsorship Opportunities for the 30th Annual Black History Invitational Swim Meet | dpr,/release/dpr-announces-sponsorship-opportunities-30th-annual-black-history-invitational-swim-meet,3
DPR Announces the 2012 Outdoor Pools Closure and Indoor Pools Maintenance Schedule | dpr,/release/dpr-announces-2012-outdoor-pools-closure-and-indoor-pools-maintenance-schedule,9
DPR Announces the 2012 Thanksgiving Holiday Schedule | dpr,/release/dpr-announces-2012-thanksgiving-holiday-schedule,1
DPR Announces the 2012 Thanksgiving Holiday Schedule | dpr,/release/dpr-announces-2012-thanksgiving-holiday-schedule-0,1
DPR Announces the 2013 Outdoor Pools Closure Schedule | dpr,/release/dpr-announces-2013-outdoor-pools-closure-schedule,9
DPR Announces the 2013 Spring-Summer Permits Schedule | dpr,/release/dpr-announces-2013-spring-summer-permits-schedule,1
DPR Announces the 2013 Winter Wondercamp Schedule | dpr,/release/dpr-announces-2013-winter-wondercamp-schedule,4
DPR Announces the 2014 Presidents Day Holiday Schedule | dpr,/release/dpr-announces-2014-presidents-day-holiday-schedule,2
DPR Announces the 2014 Spring/Summer Permits Schedule | dpr,/release/dpr-announces-2014-springsummer-permits-schedule,8
DPR Announces the 2014 Thanksgiving Holiday Schedule | dpr,/release/dpr-announces-2014-thanksgiving-holiday-schedule,2
DPR Announces the 2014 Winter Wondercamp Schedule | dpr,/release/dpr-announces-2014-winter-wondercamp-schedule,1
"DPR Announces the 2015 Spray Parks, Outdoor and Children's Pools Closure Schedule | dpr",/release/dpr-announces-2015-spray-parks-outdoor-and-childrens-pools-closure-schedule,4
DPR Announces the 2015 Spring/Summer Permits Schedule | dpr,/release/dpr-announces-2015-springsummer-permits-schedule,1
DPR Announces the 2016 Thanksgiving Holiday Schedule | dpr,/release/dpr-announces-2016-thanksgiving-holiday-schedule,1
DPR Announces the 2016 Winter Holiday Schedule | dpr,/am/release/dpr-announces-2016-winter-holiday-schedule,2
DPR Announces the 2016 Winter Holiday Schedule | dpr,/ar/release/dpr-announces-2016-winter-holiday-schedule,2
DPR Announces the 2016 Winter Holiday Schedule | dpr,/fr/release/dpr-announces-2016-winter-holiday-schedule,4
DPR Announces the 2016 Winter Holiday Schedule | dpr,/release/dpr-announces-2016-winter-holiday-schedule,2
DPR Announces the 2016 Winter Wondercamp Schedule | dpr,/release/dpr-announces-2016-winter-wondercamp-schedule,2
DPR Announces the 2017 Emancipation Day Holiday Schedule | dpr,/release/dpr-announces-2017-emancipation-day-holiday-schedule,3
DPR Announces the 2017 Park Vibes Series | dpr,/release/dpr-announces-2017-park-vibes-series,1
DPR Announces the 2017 Presidents’ Day Holiday Schedule | dpr,/release/dpr-announces-2017-presidents’-day-holiday-schedule,1
DPR Announces the 2017 Summer Permits Schedule | dpr,/release/dpr-announces-2017-summer-permits-schedule,1
DPR Announces the 29th Annual DC Senior Games | dpr,/release/dpr-announces-29th-annual-dc-senior-games,4
DPR Announces the 30th Annual DC Senior Games | dpr,/release/dpr-announces-30th-annual-dc-senior-games,4
DPR Announces the 4th of July (Independence Day) Holiday Schedule | dpr,/release/dpr-announces-4th-july-independence-day-holiday-schedule,7
DPR Announces the Arrival of Pickleball | dpr,/release/dpr-announces-arrival-pickleball,2
DPR Announces Two Recreation Centers and Pools to Close Due to Construction | dpr,/release/dpr-announces-two-recreation-centers-and-pools-close-due-construction,7
DPR Announces Urban Beekeeping Program | dpr,/release/dpr-announces-urban-beekeeping-program,1
DPR Announces Ways to Beat the Summer Heat | dpr,/release/dpr-announces-ways-beat-summer-heat,1
DPR Announces Wilson Aquatic Center New Lane Configurations | dpr,/release/dpr-announces-wilson-aquatic-center-new-lane-configurations,43
DPR Aquatic Centers Close March 23rd for Professional Development | dpr,/release/dpr-aquatic-centers-close-march-23rd-professional-development,4
DPR Aquatic Permits | dpr,/node/496602,3
DPR Aquatic Permits | dpr,/service/dpr-aquatic-permits,49
DPR Aquatics Division to Hold Candlelight Vigil in honor of Zaan Scott | dpr,/release/dpr-aquatics-division-hold-candlelight-vigil-honor-zaan-scott,2
DPR Aquatics Summer Employment Opportunities | dpr,/release/dpr-aquatics-summer-employment-opportunities,2
DPR Athletic Fields | dpr,/page/dpr-athletic-fields,629
DPR Brings Kids Fun Zone to H Street Festival | dpr,/release/dpr-brings-kids-fun-zone-h-street-festival,6
DPR Brings New Changes to the District's Youth Tackle Football League | dpr,/release/dpr-brings-new-changes-districts-youth-tackle-football-league,6
DPR Calendar | dpr,/DPRcalendar,27
DPR Camp-at-Home | dpr,/node/1479191,1
DPR Camp-at-Home | dpr,/page/dpr-camp-home,1
DPR Celebrates Black History Month by Hosting the 6th Annual Black Growers Conference | dpr,/release/dpr-celebrates-black-history-month-hosting-6th-annual-black-growers-conference,6
DPR Celebrates Earth Day with Citywide Park Clean Up and Monthly Seed Box Distribution | dpr,/release/dpr-celebrates-earth-day-citywide-park-clean-and-monthly-seed-box-distribution,6
DPR Celebrates Earth Day with Citywide Plogging and More | dpr,/release/dpr-celebrates-earth-day-citywide-plogging-and-more,4
DPR Celebrates Tennis in DC | dpr,/release/dpr-celebrates-tennis-dc,1
DPR Cheer and Dance Coaches and Youth Tumbling Clinic - Kennedy Recreation Center | dpr,/ar/event/dpr-cheer-and-dance-coaches-and-youth-tumbling-clinic-kennedy-recreation-center,1
DPR Cheer and Dance Coaches and Youth Tumbling Clinic - Kennedy Recreation Center | dpr,/fr/event/dpr-cheer-and-dance-coaches-and-youth-tumbling-clinic-kennedy-recreation-center,2
DPR Cheer and Dance Coaches and Youth Tumbling Clinic - Kennedy Recreation Center | dpr,/node/1189740/page_action/aggregate,4
DPR Cheer and Dance Showcase - Raymond Recreation Center | dpr,/event/dpr-cheer-and-dance-showcase-raymond-recreation-center,2
DPR City Wide Open House | dpr,/event/dpr-city-wide-open-house,3
DPR Citywide Cheer & Dance Showcase - Raymond Recreation Center | dpr,/event/dpr-citywide-cheer-dance-showcase-raymond-recreation-center,1
DPR Closed for 2018 All Staff Professional Development Conference | dpr,/release/dpr-closed-2018-all-staff-professional-development-conference,5
DPR Closed for 2021 All Staff Professional Development Conference | dpr,/release/dpr-closed-2021-all-staff-professional-development-conference,7
DPR Closed for the October 14 Holiday | dpr,/release/dpr-closed-october-14-holiday,6
DPR Closed in Observance of the Emancipation Day Holiday | dpr,/event/dpr-closed-observance-emancipation-day-holiday,2
DPR Closed in Observance of the Emancipation Day Holiday | dpr,/release/dpr-closed-observance-emancipation-day-holiday,2
"DPR Closed on Friday, October 21, 2022 for All-Staff Professional Development Conference | dpr",/release/dpr-closed-friday-october-21-2022-all-staff-professional-development-conference,4
DPR Closes all Facilities in Observance of Presidents Day | dpr,/release/dpr-closes-all-facilities-observance-presidents-day,1
DPR Closes all Facilities in Observance of Veterans Day | dpr,/release/dpr-closes-all-facilities-observance-veterans-day,1
DPR Closures in Response to COVID-19 | dpr,/release/dpr-closures-response-covid-19,10
DPR Community Day of Service | dpr,/event/dpr-community-day-service,1
DPR Community Meeting - Deanwood Recreation Center | dpr,/event/dpr-community-meeting-deanwood-recreation-center,2
DPR Community Meeting - Emery Recreation Center | dpr,/event/dpr-community-meeting-emery-recreation-center,2
DPR Community Meeting - Kennedy Recreation Center | dpr,/event/dpr-community-meeting-kennedy-recreation-center-0,1
DPR Community Meeting and Stakeholder Sign In Form | dpr,/stakeholder,282
DPR Community Service Application | dpr,/page/dpr-community-service-application,14
DPR Continues Normal Operations | dpr,/release/dpr-continues-normal-operations,1
DPR Crowns First DC Embassy World Cup Champion | dpr,/release/dpr-crowns-first-dc-embassy-world-cup-champion,3
DPR Customer Care Survey | dpr,/dprsurvey,144
DPR DC Pop Warner Football Teams Advance to National Championships | dpr,/release/dpr-dc-pop-warner-football-teams-advance-national-championships,19
DPR Director Jesús Aguirre to Host Fiscal Year 2013 | dpr,/release/dpr-director-jesús-aguirre-host-fiscal-year-2013,4
DPR Early Holiday Closure | dpr,/event/dpr-early-holiday-closure,2
DPR Elite Starz Cheer Team Are National Champions in 2019 | dpr,/page/dpr-elite-starz-cheer-team-are-national-champions-2019,70
DPR Emergency Treatment Form | dpr,/publication/dpr-emergency-treatment-form,3
DPR Employee Patrice “Boog” Harris Featured in Creed III | dpr,/release/dpr-employee-patrice-“boog”-harris-featured-creed-iii,14
DPR Employment Opportunities | dpr,/am/page/dpr-employment-opportunities,4
DPR Employment Opportunities | dpr,/fr/page/dpr-employment-opportunities,3
DPR Employment Opportunities | dpr,/node/562512,2
DPR Employment Opportunities | dpr,/page/dpr-employment-opportunities,2879
DPR Environmental Education Centers | dpr,/page/dpr-environmental-education-centers,14
DPR Events | dpr,/external-link/dpr-events,30
DPR Events | dpr,/node/1599431,1746
DPR Executive and Senior Staff | dpr,/es/page/dpr-executive-and-senior-staff,2
DPR Executive and Senior Staff | dpr,/page/dpr-executive-and-senior-staff,710
DPR Extends Monday Hours for District Pools | dpr,/release/dpr-extends-monday-hours-district-pools,5
DPR Extends Operating Hours at Many DC Pools | dpr,/release/dpr-extends-operating-hours-many-dc-pools,6
DPR Extends Operating Hours of District Pools | dpr,/release/dpr-extends-operating-hours-district-pools,5
DPR Extends Outdoor Pool Hours for the Remainder of the 4th of July Week | dpr,/release/dpr-extends-outdoor-pool-hours-remainder-4th-july-week,4
"DPR Extends Outdoor Pool Hours on Thursday, July 26th | dpr",/release/dpr-extends-outdoor-pool-hours-thursday-july-26th,5
DPR Extends Wilson Aquatic Facility's Maintenance Closure | dpr,/release/dpr-extends-wilson-aquatic-facilitys-maintenance-closure,1
DPR Facilities Affected by the District's Severe Thunderstorm | dpr,/release/dpr-facilities-affected-districts-severe-thunderstorm,4
DPR Facilities Closed in Observance of Veterans Day | dpr,/release/dpr-facilities-closed-in-observance-veterans-day-0,8
DPR Facilities Opens on Time Today | dpr,/release/dpr-facilities-opens-time-today,1
"DPR Facilities To Open on a Delayed Schedule on Wednesday, January 22 | dpr",/release/dpr-facilities-open-delayed-schedule-wednesday-january-22,1
"DPR Facilities To Open on a Two-Hour Delayed Schedule for Friday, March 6 | dpr",/release/dpr-facilities-open-two-hour-delayed-schedule-friday-march-6,7
DPR Facility and Summer Camp Closures | dpr,/release/dpr-facility-and-summer-camp-closures,4
DPR Facilties Closed for the 2012 MLK Holiday | dpr,/release/dpr-facilties-closed-2012-mlk-holiday,5
DPR Fields will Close Today Due to Heat Advisory | dpr,/release/dpr-fields-will-close-today-due-heat-advisory,8
DPR Fitness Centers | dpr,/am/page/dpr-fitness-centers,62
DPR Fitness Centers | dpr,/fr/page/dpr-fitness-centers,6
DPR Fitness Centers | dpr,/ko/page/dpr-fitness-centers,78
DPR Fitness Centers | dpr,/page/dpr-fitness-centers,5143
DPR Fun Day - Feb 17 | dpr,/event/dpr-fun-day-feb-17,1
DPR Fun Day | dpr,/event/dpr-fun-day,3
DPR Fun Day | dpr,/event/dpr-fun-day-0,2
DPR Fun Day | dpr,/event/dpr-fun-day-1,1
DPR Fun Day | dpr,/event/dpr-fun-day-2,9
DPR Fun Day Camp | dpr,/am/page/dpr-fun-day-camp,2
DPR Fun Day Camp | dpr,/page/dpr-fun-day-20152016,3
DPR Fun Day Camp | dpr,/page/dpr-fun-day-camp,202
DPR General Waiver Form | dpr,/publication/dpr-general-waiver-form,21
DPR Geocaching | dpr,/ar/node/1254036,2
DPR Geocaching | dpr,/page/dpr-geocaching,113
DPR Girls Summer Basketball League - Schedule and Results | dpr,/service/dpr-girls-summer-basketball-league-schedule-and-results,4
DPR Grass Fields Close for Winter Season | dpr,/release/dpr-grass-fields-close-winter-season,8
DPR Gymnasium Locations | dpr,/publication/dpr-gymnasium-locations,1
DPR Gymnasiums | dpr,/node/556782,5
DPR Gymnasiums | dpr,/page/dpr-gymnasiums,67
DPR Gyms Open Early with Celebrity Trainer at Deanwood | dpr,/release/dpr-gyms-open-early-celebrity-trainer-deanwood,5
DPR Headquarters is Moving August 30 | dpr,/release/dpr-headquarters-moving-august-30,6
DPR Headquarters Relocation | dpr,/page/dpr-headquarters-relocation,58
DPR Hiring Lifeguards | dpr,/node/1042812,6
"DPR holds Annual Staff Development Conference on Wednesday, September 26th - All Facilities & Administrative Offices will be Closed | dpr",/release/dpr-holds-annual-staff-development-conference-wednesday-september-26th-all-facilities,1
DPR Holiday Closure - Christmas Day (2016) | dpr,/event/dpr-holiday-closure-christmas-day-2016,1
DPR Holiday Closure - Christmas Day Observed (2016) | dpr,/am/event/dpr-holiday-closure-christmas-day-observed-2016,1
DPR Holiday Closure - Christmas Day Observed (2016) | dpr,/event/dpr-holiday-closure-christmas-day-observed-2016,1
DPR Holiday Closure - New Years Day Observed (2017) | dpr,/am/event/dpr-holiday-closure-new-years-day-observed-2017,1
DPR Holiday Closure - New Years Day Observed (2017) | dpr,/event/dpr-holiday-closure-new-years-day-observed-2017,1
DPR Holiday Closure - New Years Day Observed (2017) | dpr,/node/1207631/,1
DPR Holiday Closure - Presidents’ Day | dpr,/event/dpr-holiday-closure-presidents’-day,1
DPR Holiday Closure | dpr,/ar/node/946832,97
DPR Holiday Closure | dpr,/event/dpr-holiday-closure,5
DPR Holiday Closure | dpr,/event/dpr-holiday-closure-0,110
DPR Holiday Closure | dpr,/event/dpr-holiday-closure-3,12
DPR Holiday Closure | dpr,/vi/node/946832,1
DPR Hosts 2018-2019 Co-op Play Program Open Houses | dpr,/release/dpr-hosts-2018-2019-co-op-play-program-open-houses,1
DPR Hosts 2019-2020 Co-op Play Program Open Houses | dpr,/release/dpr-hosts-2019-2020-co-op-play-program-open-houses,5
DPR Hosts 28th Annual Senior Games | dpr,/release/dpr-hosts-28th-annual-senior-games,3
DPR Hosts 2nd Annual Taste of the World Festival | dpr,/release/dpr-hosts-2nd-annual-taste-world-festival,1
DPR Hosts 37th Annual Black History Invitational Swim Meet | dpr,/release/dpr-hosts-37th-annual-black-history-invitational-swim-meet,6
DPR Hosts 38th Annual Black History Invitational Swim Meet | dpr,/node/1767031,4
DPR Hosts 38th Annual Black History Invitational Swim Meet | dpr,/release/dpr-hosts-38th-annual-black-history-invitational-swim-meet,21
DPR Hosts Community Meetings to Discuss Fees and Regulations | dpr,/release/dpr-hosts-community-meetings-discuss-fees-and-regulations,2
DPR Hosts Eighth Annual Doggie Day Swim | dpr,/release/dpr-hosts-eighth-annual-doggie-day-swim,1
DPR Hosts Halloween Activities Citywide at Recreation Centers | dpr,/release/dpr-hosts-halloween-activities-citywide-at-recreation-centers-0,1
DPR Hosts Mayor’s Boxing Cup August 18 -20th | dpr,/release/dpr-hosts-mayor’s-boxing-cup-august-18-20th,1
DPR Hosts Ninth Annual Doggie Day Swim | dpr,/release/dpr-hosts-ninth-annual-doggie-day-swim,1
DPR Hosts Pickleball Summit to Engage Residents on Growing Sport | dpr,/release/dpr-hosts-pickleball-summit-engage-residents-growing-sport,12
DPR Hosts Seventh Annual Doggie Day Swim | dpr,/release/dpr-hosts-seventh-annual-doggie-day-swim,6
DPR Hosts Sixth Annual DPR Doggie Day Swim | dpr,/release/dpr-hosts-sixth-annual-dpr-doggie-day-swim,5
DPR Hosts Teen ‘Health Fest’ Focusing on Mental Wellness | dpr,/release/dpr-hosts-teen-‘health-fest’-focusing-mental-wellness,5
"DPR Hosts the 2012 Annual City-Wide Open House on Wednesday, September 19th | dpr",/release/dpr-hosts-2012-annual-city-wide-open-house-wednesday-september-19th,4
DPR Hosts the 26th Annual Black History Invitational Swim Meet | dpr,/release/dpr-hosts-26th-annual-black-history-invitational-swim-meet,4
DPR Hosts the 28th Annual Black History Invitational Swim Meet Weekend | dpr,/release/dpr-hosts-28th-annual-black-history-invitational-swim-meet-weekend,1
DPR Hosts the 31st Annual Black History Invitational Swim Meet | dpr,/release/dpr-hosts-31st-annual-black-history-invitational-swim-meet,1
DPR In Pictures - Raymond Recreation Center | dpr,/multimedia/dpr-pictures-raymond-recreation-center,3
DPR in the News | dpr,/page/dpr-news,5
DPR Introduces its First Ever Youth Water Polo Program to the District | dpr,/release/dpr-introduces-its-first-ever-youth-water-polo-program-district,34
DPR Invites District Dogs to Play in the Pool | dpr,/release/dpr-invites-district-dogs-play-pool,5
DPR is Accepting Proposals for the Ladies of Leadership Debutante Cotillion and Scholarship | dpr,/release/dpr-accepting-proposals-ladies-leadership-debutante-cotillion-and-scholarship,3
DPR is Closed in Observance of Columbus Day | dpr,/event/dpr-closed-observance-columbus-day,25
DPR is Honored by the City Paper's Best of DC List | dpr,/release/dpr-honored-city-papers-best-dc-list,9
DPR is Jam Packed with Fun in January - 2012 | dpr,/release/dpr-jam-packed-fun-january-2012,5
DPR is Jam Packed with Fun in January | dpr,/release/dpr-jam-packed-fun-january,13
DPR is Making History in February | dpr,/release/dpr-making-history-february,10
DPR Is Now Hiring for 2018 Summer Jobs | dpr,/release/dpr-now-hiring-2018-summer-jobs,2
DPR Keeps DC's Spray Parks Open for an Additional Week | dpr,/release/dpr-keeps-dcs-spray-parks-open-additional-week,1
DPR Kicks Off a Month of Terrific Tennis Events | dpr,/release/dpr-kicks-month-terrific-tennis-events,2
DPR Kicks Starts #FitDCFridays with November Project | dpr,/release/dpr-kicks-starts-fitdcfridays-november-project,6
DPR Language Access Resources | dpr,/page/dpr-language-access-resources,4
"DPR Launches In-Person Registration for Camp Riverview — A Free, Unforgettable Summer Experience for DC Youth | dpr",/node/1779646,8
"DPR Launches In-Person Registration for Camp Riverview — A Free, Unforgettable Summer Experience for DC Youth | dpr",/release/dpr-launches-person-registration-camp-riverview-—-free-unforgettable-summer-experience-dc,86
DPR Launches MyFITDC.com and Spring Push for Fittest City | dpr,/release/dpr-launches-myfitdccom-and-spring-push-fittest-city,5
DPR Launches New Program for Youth Development Professionals with George Washington University | dpr,/release/dpr-launches-new-program-youth-development-professionals-george-washington-university,66
DPR Launches Wilson Pool Lane Configuration Survey | dpr,/release/dpr-launches-wilson-pool-lane-configuration-survey,8
DPR Learning Hubs | dpr,/page/dpr-learning-hubs,26
DPR Lights On Afterschool Day 2017 | dpr,/release/dpr-lights-afterschool-day-2017,1
DPR Multicultural Employment & Summer Camp Fair   - Frank D. Reeves Center | dpr,/es/event/dpr-multicultural-employment-summer-camp-fair  -frank-d-reeves-center,1
DPR Multicultural Employment & Summer Camp Fair   - Frank D. Reeves Center | dpr,/event/dpr-multicultural-employment-summer-camp-fair  -frank-d-reeves-center,4
"DPR Offers ""DPR Fun Day"" During DC Public Schools' Professional Development Days | dpr",/release/dpr-offers-fun-days-during-dc-public-schools-professional-development-days-0,1
"DPR Offers ""DPR Fun Day"" on December 5 During DC Public Schools' Professional Development Day | dpr",/release/dpr-offers-dpr-fun-day-december-5-during-dc-public-schools-professional-development-day,2
"DPR Offers ""DPR Fun Day"" on February 13 During DC Public Schools' Professional Development Day | dpr",/release/dpr-offers-dpr-fun-day-february-13-during-dc-public-schools-professional-development-day,5
"DPR Offers ""DPR Fun Day"" on February 14 During DC Public Schools' Professional Development Day | dpr",/release/dpr-offers-dpr-fun-day-february-14-during-dc-public-schools-professional-development-day,1
DPR Offers a Cornucopia of Events in November | dpr,/release/dpr-offers-cornucopia-events-november,4
DPR Offers a Cornucopia of Events in November | dpr,/release/dpr-offers-cornucopia-events-november-0,1
DPR Offers a Thanksgiving Harvest of Activities | dpr,/release/dpr-offers-thanksgiving-harvest-activities,11
DPR Offers Cooperative Play at Deanwood | dpr,/release/dpr-offers-cooperative-play-deanwood,1
DPR Offers DPR Fun Day on December 14th During DC Public Schools Professional Development Day | dpr,/release/dpr-offers-dpr-fun-day-december-14th-during-dc-public-schools-professional-development-day,30
DPR Offers DPR Fun Day on February 15th During DC Public Schools Professional Development Day | dpr,/release/dpr-offers-dpr-fun-day-february-15th-during-dc-public-schools-professional-development-day,2
DPR Offers DPR Fun Days during DC Public Schools Professional Development Days | dpr,/release/dpr-offers-dpr-fun-days-during-dc-public-schools-professional-development-days,5
DPR Offers Free Lifeguard Training to All | dpr,/release/dpr-offers-free-lifeguard-training-all,11
DPR Offers International Lifeguard Training Courses for Summer 2017 | dpr,/release/dpr-offers-international-lifeguard-training-courses-summer-2017,1
DPR Offers Spring Break Camps for District Youth | dpr,/release/dpr-offers-spring-break-camps-district-youth,6
DPR Offers Winter Wondercamp During Holiday Break | dpr,/release/dpr-offers-winter-wondercamp-during-holiday-break,5
DPR Opens 2018 Spring Fitness Programs | dpr,/release/dpr-opens-2018-spring-fitness-programs,2
DPR Opens 2018 Summer Camp Registration | dpr,/release/dpr-opens-2018-summer-camp-registration,2
DPR Opens 2019 Summer Camp Registration | dpr,/release/dpr-opens-2019-summer-camp-registration,7
DPR Opens Recreation and Aquatic Facilities after Hurricane Sandy | dpr,/release/dpr-opens-recreation-and-aquatic-facilities-after-hurricane-sandy,9
DPR Opens Registration for 2014 Spring Break Camp | dpr,/release/dpr-opens-registration-2014-spring-break-camp,1
DPR Opens Registration for 2018-2019 Cooperative Play Program | dpr,/release/dpr-opens-registration-2018-2019-cooperative-play-program,1
DPR Opens Registration for 2021 Winter Programming | dpr,/release/dpr-opens-registration-2021-winter-programming,5
DPR Opens Registration for All 2018 Spring Programs | dpr,/release/dpr-opens-registration-all-2018-spring-programs,1
DPR Opens Registration for the 31st Annual DC Senior Games | dpr,/release/dpr-opens-registration-31st-annual-dc-senior-games,2
DPR Opens Second Round of Cooperative Play Registration | dpr,/release/dpr-opens-second-round-cooperative-play-registration,6
DPR Opens Select Gyms at 6AM Now | dpr,/release/dpr-opens-select-gyms-6am-now,5
DPR Opens the 2014 Summer Hiring Application Window | dpr,/release/dpr-opens-2014-summer-hiring-application-window,3
DPR Opens the Application Window for 2013 Summer Hires | dpr,/release/dpr-opens-application-window-2013-summer-hires,7
DPR Operations Update | dpr,/release/dpr-operations-update,5
DPR Organization Chart | dpr,/publication/dpr-organization-chart,37
DPR Organizational Chart | dpr,/node/1695326,203
DPR Organizational Chart | dpr,/page/dpr-organizational-chart,40
DPR Partner Application | dpr,/DPRpartner,16
DPR Partners With Step Afrika! | dpr,/release/dpr-partners-step-afrika,2
"DPR Permit Application Window Closes December 12, 2014 | dpr",/ar/event/dpr-permit-application-window-closes-december-12-2014,31
"DPR Permit Application Window closes Friday, June 27, 2014 | dpr",/event/dpr-permit-application-window-closes-friday-june-27-2014,2
"DPR Permit Application Window opens December 9, 2013 – January 3, 2014 | dpr",/event/dpr-permit-application-window-opens-december-9-2013-–-january-3-2014,2
"DPR Permit Application Window opens December 9, 2013 – January 3, 2014 | dpr",/event/dpr-permit-application-window-opens-december-9-2013-–-january-3-2014-0,2
"DPR Permit Application Window opens December 9, 2013 – January 3, 2014 | dpr",/node/748932,7
"DPR Permit Application Window opens Monday, June 16, 2014 - Friday, June 27, 2014 | dpr",/event/dpr-permit-application-window-opens-monday-june-16-2014-friday-june-27-2014,2
DPR Permits Frequently Asked Questions (FAQs) | dpr,/ko/page/dpr-permits-frequently-asked-questions-faqs,4
DPR Permits Frequently Asked Questions (FAQs) | dpr,/node/705102,2
DPR Permits Frequently Asked Questions (FAQs) | dpr,/page/dpr-permits-frequently-asked-questions-faqs,455
DPR Phase Two Operating Status for Indoor & Outdoor Recreation | dpr,/page/dpr-phase-two-operating-status-indoor-facilities,1
DPR Phase Two Operating Status for Indoor & Outdoor Recreation | dpr,/page/dpr-phase-two-operating-status-indoor-outdoor-recreation,13
DPR Phase Two Operating Status for Outdoor Facilities | dpr,/page/dpr-covid-19-operating-status,1
DPR Phase Two Operating Status for Outdoor Facilities | dpr,/page/dpr-phase-two-operating-status,2
DPR Phase Two Operating Status for Outdoor Facilities | dpr,/page/dpr-phase-two-operating-status-outdoor-facilities,16
DPR Playground Scorecard | dpr,/node/509232,6
DPR Playground Scorecard | dpr,/publication/dpr-playground-scorecard,1
DPR Pools and Fitness Centers Remain Free for DC Residents | dpr,/ar/release/dpr-pools-and-fitness-centers-remain-free-dc-residents,1
DPR Pools and Fitness Centers Remain Free for DC Residents | dpr,/release/dpr-pools-and-fitness-centers-remain-free-dc-residents,1
DPR Prepares for High Weekend Temperatures | dpr,/release/dpr-prepares-high-weekend-temperatures,4
DPR Prepares For the District's Continuing Heat Wave | dpr,/release/dpr-prepares-districts-continuing-heat-wave,2
"DPR presents ""A Splish Splash Summer"" Late Night Pool Party Series!! | dpr",/release/dpr-presents-splish-splash-summer-late-night-pool-party-series,4
"DPR presents ""A Splish Splash Summer"" Late Night Pool Party Series!! | dpr",/release/dpr-presents-splish-splash-summer-late-night-pool-party-series-00,5
DPR presents Summer Splash Party Series!! | dpr,/release/dpr-presents-summer-splash-party-series,1
DPR Presents Youth Music Garden Festival MOECHELLA | dpr,/release/dpr-presents-youth-music-garden-festival-moechella,8
DPR Private Swim Lesson Waiver Form | dpr,/publication/dpr-private-swim-lesson-waiver-form,2
DPR Programs | dpr,/external-link/dpr-programs,11
DPR Programs | dpr,/node/1498591,816
DPR Rec Day - D.C.’s Largest Display of Recreation | dpr,/release/dpr-rec-day-dc’s-largest-display-recreation,2
DPR Recreation Day - Randall Recreation Center Field | dpr,/event/dpr-recreation-day-randall-recreation-center-field,4
DPR Recreation Day - Randall Recreation Center Field | dpr,/event/recreation-day-randall-recreation-center,1
DPR Reduced Rates | dpr,/node/1636226,729
DPR Reduced Rates | dpr,/page/dpr-reduced-rates,1616
DPR Reduced Rates | dpr,/reducedrates,4
DPR Releases 2011 Columbus Day Schedule | dpr,/release/dpr-releases-2011-columbus-day-schedule,6
DPR Releases 2011 Fall Program Guide | dpr,/release/dpr-releases-2011-fall-program-guide,5
DPR Releases 2012 Columbus Day Schedule | dpr,/release/dpr-releases-2012-columbus-day-schedule,4
DPR Releases 2018 Outdoor Pools and Spray Parks Closure Schedule | dpr,/release/dpr-releases-2018-outdoor-pools-and-spray-parks-closure-schedule,4
DPR Releases End of Summer Pool Closure Schedule | dpr,/release/dpr-releases-end-summer-pool-closure-schedule,5
DPR Releases Fun Fall Program Guide and New Registration System | dpr,/release/dpr-releases-fun-fall-program-guide-and-new-registration-system,5
DPR Releases Guidance Regarding Swim Attire Requirements for District Pools | dpr,/release/dpr-releases-guidance-regarding-swim-attire-requirements-district-pools,48
DPR Releases Memorial Day Weekend Holiday Schedule | dpr,/release/dpr-releases-memorial-day-weekend-holiday-schedule,7
"DPR Releases Memorial Day Weekend Holiday Schedule for Pools, Recreation Centers and Other DPR facilities | dpr",/node/1066582,3
DPR Releases Schedule for Columbus Day | dpr,/release/dpr-releases-schedule-columbus-day,9
DPR Releases the 2012 Fall Program Guide | dpr,/release/dpr-releases-2012-fall-program-guide,6
DPR Releases the 2012 Winter Holiday Schedule | dpr,/release/dpr-releases-2012-winter-holiday-schedule,4
DPR Releases the 2013 Thanksgiving Holiday Schedule | dpr,/release/dpr-releases-2013-thanksgiving-holiday-schedule,1
DPR Releases the 2013 Winter Holiday Schedule | dpr,/release/dpr-releases-2013-winter-holiday-schedule,6
DPR Releases the 2014 Winter Holiday Schedule | dpr,/release/dpr-releases-2014-winter-holiday-schedule,3
DPR Releases the 2017 Outdoor Pools and Spray Parks Closure Schedule | dpr,/release/dpr-releases-2017-outdoor-pools-and-spray-parks-closure-schedule,1
DPR Releases the DC Spring and Summer Fun Guide | dpr,/release/dpr-releases-dc-spring-and-summer-fun-guide,1
DPR Re-Opens 15 of 17 DPR Summer Camp Sites | dpr,/release/dpr-re-opens-15-17-dpr-summer-camp-sites,5
DPR Roving Leaders | dpr,/node/546792,2
DPR Roving Leaders | dpr,/service/dpr-roving-leaders,193
DPR Senior Service Centers | dpr,/page/dpr-senior-service-centers,110
DPR Sites Open Early to Accommodate DCPS Professional Development | dpr,/release/dpr-sites-open-early-accommodate-dcps-professional-development,3
"DPR Spring Program Registration Opens on Tuesday, March 11 and Wednesday, March 12 | dpr",/release/dpr-spring-program-registration-opens-tuesday-march-11-and-wednesday-march-12,11
"DPR Spring Program Registration Opens on Tuesday, March 12, and Wednesday, March 13 | dpr",/release/dpr-spring-program-registration-opens-tuesday-march-12-and-wednesday-march-13,10
DPR Spring Tennis Play Day - Takoma Community Center | dpr,/event/dpr-spring-tennis-play-day-takoma-community-center,2
DPR Statement Regarding Softball League Rules | dpr,/ko/release/dpr-statement-regarding-softball-league-rule,5
DPR Statement Regarding Softball League Rules | dpr,/release/dpr-statement-regarding-softball-league-rule,2
DPR Summer Camp Safety Measures | dpr,/node/1526996,1
DPR Summer Camp Safety Measures | dpr,/page/dpr-summer-camp-safety-measures,1
DPR Summer Camp Update | dpr,/release/dpr-summer-camp-update,6
DPR Summer Camps - by Age | dpr,/node/1526981,1
DPR Summer Camps - by Age | dpr,/page/dpr-summer-camps-age,4
DPR Summer Camps 2012 | dpr,/release/dpr-summer-camps-2012,6
DPR Summer Employment | dpr,/SUMMERJOBS,1
DPR Summer Employment | dpr,/node/562502,2
DPR Summer Employment | dpr,/node/562502/,26
DPR Summer Employment | dpr,/node/562502/OA_HTML/configurator/UiServlet,3
DPR Summer Employment | dpr,/node/562502/subscribe,1
DPR Summer Employment | dpr,/page/dpr-summer-employment,2
DPR Summer Employment | dpr,/summerjobs,355
"DPR Summer Program Registration Opens on Tuesday, May 13 and Wednesday, May 14 | dpr",/release/dpr-summer-program-registration-opens-tuesday-may-13-and-wednesday-may-14,28
DPR Teen Night - Barry Farm Recreation Center | dpr,/event/dpr-teen-night-barry-farm-recreation-center,2
DPR Teen Night | dpr,/node/546732,1
DPR Teen Night | dpr,/service/dpr-teen-night,18
DPR Temporarily Closes Barry Farm Recreation Center | dpr,/release/dpr-temporarily-closes-barry-farm-recreation-center-01,3
DPR Tennis - Class Descriptions | dpr,/node/1525411,432
DPR Tennis - Class Descriptions | dpr,/page/dpr-tennis-class-descriptions,113
DPR Tennis | dpr,/node/1525401,224
DPR Tennis | dpr,/page/dpr-tennis,2095
DPR Tennis | dpr,/page/dpr-tennis/,4
DPR Tennis Court Rules and Regulations | dpr,/TENNISRULES,1
DPR Tennis Court Rules and Regulations | dpr,/node/1525416,87
DPR Tennis Court Rules and Regulations | dpr,/tennisrules,621
DPR Tennis Fall Play Day - Takoma Community Center | dpr,/event/dpr-tennis-fall-play-day-takoma-community-center,2
"DPR to Close on Friday, September 29, 2023 for All-Staff Professional Development Conference | dpr",/release/dpr-close-friday-september-29-2023-all-staff-professional-development-conference,4
"DPR to Close on Tuesday, September 24, 2024, for an All-Staff Day of Professional Development | dpr",/release/dpr-close-tuesday-september-24-2024-all-staff-day-professional-development,5
"DPR to Co-Sponsor the ""One City Celebrating a Green Lifestyle Festival"" | dpr",/release/dpr-co-sponsor-one-city-celebrating-green-lifestyle-festival,1
DPR to Hold 2016 All Staff Professional Development Conference | dpr,/release/dpr-hold-2016-all-staff-professional-development-conference,1
DPR to Host Cheer & Dance Showcase at Raymond Recreation Center | dpr,/release/dpr-host-cheer-dance-showcase-raymond-recreation-center,1
DPR to Host Citywide Cheer & Dance Showcase at Raymond Recreation Center | dpr,/release/dpr-host-citywide-cheer-dance-showcase-raymond-recreation-center,4
DPR To Host Events during Teen Suicide Prevention & Mental Health Week | dpr,/release/dpr-host-events-during-teen-suicide-prevention-mental-health-week,2
DPR to Host Ladies of Leadership Debutante Cotillion Interest Meeting | dpr,/release/dpr-host-ladies-leadership-debutante-cotillion-interest-meeting,8
DPR to Host Second Annual City-Wide Community Day of Service | dpr,/release/dpr-host-second-annual-city-wide-community-day-service,2
DPR To Host Second Annual DPR Doggie Day Swim on September 11 | dpr,/release/dpr-host-second-annual-dpr-doggie-day-swim-september-11,6
DPR to Host Series of 2014 Summer Employment Hiring Fairs | dpr,/release/dpr-host-series-2014-summer-employment-hiring-fairs,2
DPR to Host the 2012 Pop Warner Eastern Regional Championship Finals in the Nation's Capital | dpr,/release/dpr-host-2012-pop-warner-eastern-regional-championship-finals-nations-capital,4
DPR to Host the 29th Annual Black History Invitational Swim Meet | dpr,/release/dpr-host-29th-annual-black-history-invitational-swim-meet,3
DPR to Host the Fifth Annual DPR Doggie Day Swim | dpr,/release/dpr-host-fifth-annual-dpr-doggie-day-swim,3
DPR to Host the Fourth Annual DPR Doggie Day Swim | dpr,/release/dpr-host-fourth-annual-dpr-doggie-day-swim,2
DPR To Host Third Annual DPR Doggie Day Swim | dpr,/release/dpr-host-third-annual-dpr-doggie-day-swim,8
DPR to Modify Wilson Pool Lane Configuration | dpr,/release/dpr-modify-wilson-pool-lane-configuration,7
DPR To Move Central Office | dpr,/release/dpr-move-central-office,9
"DPR to Observe Columbus Day Monday, October 8, 2018 | dpr",/release/dpr-observe-columbus-day-monday-october-8-2018,7
DPR to Offer Saturday Field Trips for District Youth | dpr,/release/dpr-offer-saturday-field-trips-district-youth,100
"DPR To Open Registration for Spring Programs on Tuesday, March 1 | dpr",/release/dpr-open-registration-spring-programs-tuesday-march-1,6
"DPR to Open Registration for Summer Programs on Monday, May 16 | dpr",/release/dpr-open-registration-summer-programs-monday-may-16,5
DPR to Operate Four 24 Hour Overflow Homeless Shelters | dpr,/release/dpr-operate-four-24-hour-overflow-homeless-shelters,2
DPR to Participate in Jumping Jacks Guinness World Record | dpr,/release/dpr-participate-jumping-jacks-guinness-world-record,3
DPR to Participate in Mayor Gray's One City Summer Kick Off | dpr,/release/dpr-participate-mayor-grays-one-city-summer-kick,4
DPR to Participate in National Park(ing) Day | dpr,/release/dpr-participate-national-parking-day,1
DPR to Participate in Park(ing) Day DC 2016 | dpr,/release/dpr-participate-parking-day-dc-2016,2
DPR Town Hall at Fort Stanton RC (Ward 8) | dpr,/node/1178290,2
DPR Town Hall at Jelleff RC (Ward 2) | dpr,/fr/event/dpr-town-hall-jelleff-rc-ward-2,5
DPR Town Hall at Raymond RC (Ward 4) | dpr,/event/dpr-town-hall-raymond-rc-ward-4,4
DPR Triangle Park Series - July 19 | dpr,/event/dpr-triangle-park-series-july-19,1
DPR Triangle Park Series - May 21 | dpr,/event/dpr-triangle-park-series-may-21,1
DPR Triangle Park Series - Randall Field | dpr,/event/dpr-triangle-park-series-randall-field,3
DPR Veggie Giveaway | dpr,/veggies,12
DPR Walk-in Recreation | dpr,/dprwalkin,5
DPR Walk-in Recreation | dpr,/node/1547721,498
"DPR wants to know ""Are you a Swimjitsu Master?!?"" | dpr",/release/dpr-wants-know-are-you-swimjitsu-master,1
DPR Weather Update | dpr,/release/dpr-weather-update,3
DPR Weather Update | dpr,/release/dpr-weather-update-0,4
DPR will Close All Facilities and Operate 5 Shelter Recovery Sites in Response to the District's State of Emergency | dpr,/release/dpr-will-close-all-facilities-and-operate-5-shelter-recovery-sites-response-districts-state,1
"DPR Winter Programming Registration Opens on Wednesday, November 1 and Thursday, November 2 | dpr",/release/dpr-winter-programming-registration-opens-wednesday-november-1-and-thursday-november-2,26
DPR Winter Wondercamp | dpr,/event/dpr-winter-wondercamp,2
DPR Winter Wondercamp | dpr,/event/dpr-winter-wondercamp-0,4
DPR Winter Wondercamp | dpr,/event/dpr-winter-wondercamp-1,2
DPR Winter Wondercamp | dpr,/event/dpr-winter-wondercamp-2,2
DPR Winter Wondercamp | dpr,/event/dpr-winter-wondercamp-3,2
DPR Winter Wondercamp | dpr,/event/dpr-winter-wondercamp-4,2
DPR x GW = Professionalizing Play | dpr,/featured-content/dpr-x-gw-professionalizing-play,1
DPR Youth Football Team Brings Home 2011 Pop Warner National Championship | dpr,/release/dpr-youth-football-team-brings-home-2011-pop-warner-national-championship,6
DPR Youth Tackle Football | dpr,/es/page/ytfl-00,7
DPR Youth Tackle Football | dpr,/page/dpr-youth-tackle-football-league,1
DPR Youth Tackle Football | dpr,/page/ytfl-00,2400
DPR Youth Tackle Football League - Schedules and Results | dpr,/service/2017-dpr-youth-tackle-football-league-schedules-and-results,1
DPR Youth Tackle Football League - Schedules and Results | dpr,/service/dpr-youth-tackle-football-league-schedules-and-results,20399
"DPR, Coca-Cola and NRPA Celebrate Court Improvements at Benning Park Community Center | dpr",/release/dpr-coca-cola-and-nrpa-celebrate-court-improvements-benning-park-community-center,1
"DPR, Potomac Valley Association and the DC Boxing Commission to Host the 2016 Mayor's Cup Amateur Boxing Tournament | dpr",/release/dpr-potomac-valley-association-and-dc-boxing-commission-host-2016-mayors-cup-amateur-boxing,1
"DPR, Recreation Wish List Committee to Celebrate 11th Annual Blacks In Wax | dpr",/release/dpr-recreation-wish-list-committee-celebrate-11th-annual-blacks-wax,1
DPR’s “Law & Order” INVITATION ONLY Teen Conference | dpr,/release/dpr’s-“law-order”-invitation-only-teen-conference,2
dprprograms.com | dpr,/external-link/dprprogramscom,6
dprprograms.com | dpr,/node/1610736,8321
"DPR's 6th Annual Doggie Day Swim at Upshur Pool, Francis Pool & Randall Pool | dpr",/event/dprs-6th-annual-doggie-day-swim-upshur-pool-francis-pool-randall-pool,2
DPR's SETLC Tennis Scholar Wins National Event at US Open | dpr,/release/dprs-setlc-tennis-scholar-wins-national-event-us-open,11
DPR's Sew N Know Program Hosts Sixth Annual Fashion Show | dpr,/release/dprs-sew-n-know-program-hosts-sixth-annual-fashion-show,6
DPR's Tennis Program to Receive One USTA/MidAtlantic & Five USTA/DC Awards for Tennis Excellence | dpr,/release/dprs-tennis-program-receive-one-ustamidatlantic-five-ustadc-awards-tennis-excellence,3
Dr. Martin Luther King Jr. Chess Challenge - Guy Mason Recreation Center | dpr,/event/dr-martin-luther-king-jr-chess-challenge-guy-mason-recreation-center,2
Dr. Martin Luther King Jr. Memorial Celebration - Sherwood Recreation Center | dpr,/event/dr-martin-luther-king-jr-memorial-celebration-sherwood-recreation-center,3
"Dr. Martin Luther King, Jr. to be Honored by Cast of DC's Blacks in Wax | dpr",/release/dr-martin-luther-king-jr-be-honored-cast-dcs-blacks-wax,8
Duke Ellington HS Field Transfer | dpr,/ko/node/1445946,1
Duke Ellington HS Field Transfer | dpr,/page/duke-ellington-hs-field-transfer,8
Dunbar Aquatic Center | dpr,/page/dunbar-aquatic-center,1633
Dunbar Aquatic Center to Temporarily Close for Maintenance | dpr,/release/dunbar-aquatic-center-temporarily-close-maintenance,1
Dunbar Aquatic Facility to Expand Community Hours | dpr,/release/dunbar-aquatic-facility-expand-community-hours,5
Dunbar Aquatic Facility to Open for Public Use | dpr,/release/dunbar-aquatic-facility-open-public-use,4
Dunbar Pool Closed During Inauguration Activities | dpr,/release/dunbar-pool-closed-during-inauguration-activities,1
Early Childhood Programs | dpr,/page/early-childhood-programs,249
EARN WITH DPR dot COM | dpr,/external-link/earn-dpr-dot-com,7
EARN WITH DPR dot COM | dpr,/node/1647306,7
East Potomac Pool | dpr,/page/east-potomac-pool,57
East Potomac Pool Closes for the Season | dpr,/event/east-potomac-pool-closes-season,2
Easter Bunny Tennis Tournament - Southeast Tennis and Learning Center | dpr,/event/easter-bunny-tennis-tournament-southeast-tennis-and-learning-center,2
EcoCity Farms Demonstration Tour & Vermicompost/Bokashi Class - Eco City Farm | dpr,/event/ecocity-farms-demonstration-tour-vermicompostbokashi-class-eco-city-farm,3
Edgewood - Dog Park Petition Signatures - Page 1 of 2 - 02.02.2015 (Aug 2016) | dpr,/publication/edgewood-dog-park-petition-signatures-page-1-2-02022015-aug-2016,1
Edgewood - Dog Park Petition Signatures - Page 2 of 2 - XX.XX.XXXX (Aug 2016) | dpr,/publication/edgewood-dog-park-petition-signatures-page-2-2-xxxxxxxx-aug-2016,27
"Edgewood and Upshur Recreation Centers Closed for Tuesday, March 4 | dpr",/release/edgewood-and-upshur-recreation-centers-closed-tuesday-march-4,1
Edgewood Dog Park - Full Application package documents | dpr,/page/edgewood-dog-park-full-application-package-documents,9
Edgewood Park and Recreation Center Community Meeting - Inspired Teaching School | dpr,/fr/event/edgewood-park-and-recreation-center-community-meeting-inspired-teaching-school,1
Edgewood Recreation Center | dpr,/edgewood,2256
Edgewood Recreation Center | dpr,/node/1237651,320
Edgewood Recreation Center | dpr,/page/edgewood-recreation-center-01,1
"Edgewood Recreation Center Closed for Friday, February 14 | dpr",/release/edgewood-recreation-center-closed-friday-february-14,1
Edgewood Recreation Center Temporarily Closed | dpr,/release/edgewood-recreation-center-temporarily-closed,1
Edgwood - Dog Park Application (Aug 2016) | dpr,/publication/edgwood-dog-park-application-aug-2016,5
Edible Annuals Garden Workshop - Marion Street Garden | dpr,/event/edible-annuals-garden-workshop-marion-street-garden,2
Eight Wards of Washington DC GeoTrail | dpr,/page/eight-wards-washington-dc-geotrail,47
Eighth Annual Truck Touch - RFK Stadium - Lot 7 | dpr,/am/event/eighth-annual-truck-touch-rfk-stadium-lot-7,1
Eighth Annual Truck Touch - RFK Stadium - Lot 7 | dpr,/event/eighth-annual-truck-touch-rfk-stadium-lot-7,1
Emery Creature Feature Halloween Scream - Emery Recreation Center | dpr,/event/emery-creature-feature-halloween-scream-emery-recreation-center,2
Emery Heights Community Center | dpr,/emery,1142
Emery Heights Community Center | dpr,/node/1237656,196
English Afternoon Tea - Chevy Chase Community Center | dpr,/event/english-afternoon-tea-chevy-chase-community-center,1
Enjoy the Harvest of Activities with DPR in November | dpr,/release/enjoy-harvest-activities-dpr-november,3
Enjoy the Treats at DPR in October | dpr,/release/enjoy-treats-dpr-october,4
Enrichment Zone | dpr,/page/enrichment-zone,48
Enrichment Zone | dpr,/page/enrichment-zone-20162017,1
Environmental Programs | dpr,/es/page/environmental-programs,11
Environmental Programs | dpr,/page/environmental-programs,62
EOM Release - Mayor Gray Encourages District Residents to Look Out for Vulnerable Neighbors and Homeless in Frigid Weather | dpr,/release/eom-release-mayor-gray-encourages-district-residents-look-out-vulnerable-neighbors-and,1
"Evening Activities at DC Public Schools and DPR Recreation Centers Canceled on Tuesday, January 29 | dpr",/release/evening-activities-dc-public-schools-and-dpr-recreation-centers-canceled-tuesday-january-29,1
Evening Hikes - Anacostia Recreation Center | dpr,/event/evening-hikes-anacostia-recreation-center,2
Evening Hikes - Benning Stoddert Community Center | dpr,/event/evening-hikes-benning-stoddert-community-center,3
Events & Programs | dpr,/am/node/1264181,1
Events & Programs | dpr,/es/node/1264181,5
Events & Programs | dpr,/page/events-programs,5132
Events & Programs | dpr,/vi/node/1264181,1
Events | dpr,/calendar/day/2025-10-01,1
Events | dpr,/calendar/month,1
Events | dpr,/calendar/month/2022-08/jserrors/page_action/aggregate,3
Events | dpr,/calendar/month/2022-09/metrics/page_action/aggregate,1
Events | dpr,/calendar/month/2022-10/jserrors/page_action/aggregate,3
Events | dpr,/calendar/month/2024-08/aggregate,2
Events | dpr,/calendar/month/2025-07/aggregate,1
Events | dpr,/calendar/month/2025-09/page_view_timing/aggregate,1
Events | dpr,/calendar/month/2025-11/jserrors/aggregate,2
Events | dpr,/calendar/month/2025-11/page_action/aggregate,1
Events | dpr,/calendar/month/2025-12,1
Events | dpr,/calendar/month/2025-12/page_action/aggregate,3
Events | dpr,/calendar/month/2026-03,1
Events | dpr,/calendar/month/2026-05/session_trace/metrics/aggregate/wp-content/plugins/linkpreview/db.php,1
Events | dpr,/calendar/month/2026-07/page_view_timing/aggregate,2
Events | dpr,/calendar/month/2026-11/page_action/aggregate,1
Events | dpr,/calendar/year/2024,1
Events | dpr,/calendar/year/2025,8
Events | dpr,/calendar/year/2025/aggregate,4
Events | dpr,/calendar/year/2025/page_view_timing/aggregate,1
Events | dpr,/calendar/year/2026/page_view_timing/aggregate,2
Events | dpr,/events,109
Events | dpr,/fr/events,2
Extreme Clean Up - Powell Park | dpr,/fr/event/extreme-clean-powell-park,12
Extreme Clean Up - Upshur Park | dpr,/event/extreme-clean-upshur-park,1
F.R.E.S.H.Fest Bruce Monroe Park Block Party | dpr,/es/node/1084602/jserrors/aggregate,1
F.R.E.S.H.Fest Bruce Monroe Park Block Party | dpr,/event/freshfest-bruce-monroe-park-block-party,1
Facility Closure - Hearst Recreation Center | dpr,/event/facility-closure-hearst-recreation-center,2
Facility Closure - Takoma Community Center | dpr,/es/event/facility-closure-takoma-community-center,1
Fall Fest at Lamond - Lamond Recreation Center | dpr,/event/fall-fest-lamond-lamond-recreation-center,2
Fall Festival Tournament - Southeast Tennis and Learning Center | dpr,/event/fall-festival-tournament-southeast-tennis-and-learning-center,2
Fall Fun Day Bulb Planting | dpr,/event/fall-fun-day-bulb-planting,2
Fall Gardening and Preservation Jubilee - Hillcrest Recreation Center Garden | dpr,/event/fall-gardening-and-preservation-jubilee-hillcrest-recreation-center-garden,2
Fall into Fitness - Boot Camp | dpr,/event/fall-fitness-boot-camp,4
Fall into Fitness - Daddy & Daughter Boot Camp | dpr,/event/fall-fitness-daddy-daughter-boot-camp,3
Fall into Fitness - Family Fit Splash | dpr,/event/fall-fitness-family-fit-splash,4
Fall into Fitness - Fitness in the Street | dpr,/event/fall-fitness-fitness-street-1,5
Fall into Fitness - Healthy Cooking | dpr,/event/fall-fitness-healthy-cooking,5
Fall into Fitness - Healthy Cooking | dpr,/event/fall-fitness-healthy-cooking-0,4
Fall into Fitness - Hip-Hop Teen Splash | dpr,/event/fall-fitness-hip-hop-teen-splash,2
Fall into Fitness - Mommy & Me Boot Camp | dpr,/event/fall-fitness-mommy-me-boot-camp,2
Fall into Fitness - Piloxing | dpr,/event/fall-fitness-piloxing,3
Fall into Fitness - Snack Pack | dpr,/event/fall-fitness-snack-pack,5
Fall into Fitness - Snack Pack | dpr,/event/fall-fitness-snack-pack-0,5
Fall into Fitness - Yoga | dpr,/event/fall-fitness-yoga,5
Fall into Fitness - Zumba | dpr,/event/fall-fitness-zumba,4
Fall into Fun and Frightful Events in October at DPR | dpr,/release/fall-fun-and-frightful-events-october-dpr,6
Fall Urban Master Composter Certificate Course | dpr,/page/fall-urban-master-composter-certificate-course,54
"Fall, Winter & Year Round Course Catalogues | dpr",/publication/fall-winter-year-round-course-catalogues,2
Family Aquatics | dpr,/page/family-aquatics,1920
Family Fun Game Night -  Fort Stevens Recreation Center | dpr,/event/family-fun-game-night- fort-stevens-recreation-center,1
Family Game Night - Benning Park Community Center | dpr,/ko/event/family-game-night-benning-park-community-center,1
Family Leisure Programs | dpr,/page/family-leisure-programs,14
Family Ornament Making - Fort Stevens Recreation Center | dpr,/event/family-ornament-making-fort-stevens-recreation-center,2
Family Programs | dpr,/ar/node/1253921,1
Family Programs | dpr,/es/node/1253921,2
Family Programs | dpr,/fr/node/1253921,5
Family Programs | dpr,/page/family-programs,57
FAQs for DPR Summer Camps | dpr,/node/1455576,101
FAQs for DPR Summer Camps | dpr,/page/faqs-dpr-summer-camps,79
Fashion Show - Langdon Park Community Center | dpr,/event/fashion-show-langdon-park-community-center,2
Father’s Day 5K Fun Day at Kenilworth Track | dpr,/release/father’s-day-5k-fun-day-kenilworth-track,9
Fee Schedule | dpr,/ar/node/1250566,5
Fee Schedule | dpr,/fr/node/1250566,5
Fee Schedule | dpr,/node/1250566,4
Fee Schedule | dpr,/page/fee-schedule,1012
Fee Schedule | dpr,/vi/node/1250566,3
Fee Schedule | dpr,/zh-hant/node/1250566,2
Feed the Fridge Partnership Provides Free Meals to DC Residents In Need | dpr,/node/1509001,1
Feed the Fridge Partnership Provides Free Meals to DC Residents In Need | dpr,/release/feed-fridge-partnership-provides-free-meals-dc-residents-need,77
"Fenty, Bowser Break Ground on Another Ward 4 Playground at Upshur Park | dpr",/release/fenty-bowser-break-ground-another-ward-4-playground-upshur-park,4
Ferebee-Hope Aquatic Center | dpr,/node/1236181,108
Ferebee-Hope Aquatic Center | dpr,/page/ferebee-hope-aquatic-center,127
Ferebee-Hope Aquatic Facility Re-opens | dpr,/release/ferebee-hope-aquatic-facility-re-opens,1
Ferebee-Hope Aquatic Facility Temporarily Closed | dpr,/release/ferebee-hope-aquatic-facility-temporarily-closed,1
Ferebee-Hope Recreation Center & Aquatic Facility Temporarily Closed | dpr,/release/ferebee-hope-recreation-center-aquatic-facility-temporarily-closed,1
Ferebee-Hope Recreation Center | dpr,/ferebeehope,500
Ferebee-Hope Recreation Center and Pool Experiencing a Power Outage | dpr,/release/ferebee-hope-recreation-center-and-pool-experiencing-power-outage,2
"Ferebee-Hope Recreation Center Closed for Tuesday, March 4 | dpr",/release/ferebee-hope-recreation-center-closed-tuesday-march-4,1
Final DPR Tech Lounge of 2017 Launches in Ward 7 | dpr,/release/final-dpr-tech-lounge-2017-launches-ward-7,1
Find a Facility | dpr,/am/locations,3
Find a Facility | dpr,/es/locations,1
Find a Facility | dpr,/fr/locations,5
Find a Facility | dpr,/locations,4698
Find a Facility | dpr,/service/find-facility-000,3
Find a Park | dpr,/am/service/find-park,1
Find a Park | dpr,/service/find-park,1195
Find a Pool | dpr,/am/findapool,0
Find a Pool | dpr,/ar/findapool,1
Find a Pool | dpr,/es/findapool,6
Find a Pool | dpr,/findapool,5000
Find a Pool | dpr,/ko/findapool,3
Find a Pool | dpr,/service/find-pool,8
First Annual #FitDC Healthy Hearts Walk | dpr,/release/first-annual-fitdc-healthy-hearts-walk,9
First Annual Halloween Masquerade Dog Show - Chevy Chase Recreation Center | dpr,/event/first-annual-halloween-masquerade-dog-show-chevy-chase-recreation-center,3
First DPR Futsal Championship at Columbia Heights | dpr,/release/first-dpr-futsal-championship-columbia-heights,2
First Ever #FITDC Forum on Black Health Thursday | dpr,/release/first-ever-fitdc-forum-black-health-thursday,6
First Ever DC Embassy World Cup Soccer Tournament | dpr,/release/first-ever-dc-embassy-world-cup-soccer-tournament,10
Food Justice - Deanwood Recreation Center | dpr,/event/food-justice-deanwood-recreation-center,1
Food Justice Series | dpr,/page/food-justice-series,14
Food Preservation - Raymond Recreation Center | dpr,/event/food-preservation-raymond-recreation-center,27
Forest Hills Playground Concept Design | dpr,/page/forest-hills-playground-concept-design,15
Forest Hills Playground Concept Design Community Feedback | dpr,/page/forest-hills-playground-concept-design-community-feedback,3
Forest Hills Tennis Courts and Playground to Temporarily Close for the Summer | dpr,/release/forest-hills-tennis-courts-and-playground-temporarily-close-summer,1
Forrested Forest Garden Tour and Lasagna Garden Demonstration - Forrested Forest Garden | dpr,/event/forrested-forest-garden-tour-and-lasagna-garden-demonstration-forrested-forest-garden,2
Fort Circle Series | dpr,/page/fort-circle-series,110
Fort Davis and Fairfax Village Community Day and Family Reunion | dpr,/event/fort-davis-and-fairfax-village-community-day-and-family-reunion-0,4
Fort Davis Recreation Center | dpr,/fortdavis,169
Fort Davis Recreation Center | dpr,/node/1237666,60
Fort Davis Recreation Center | dpr,/page/fort-davis-recreation-center-0,7
Fort Davis Survey | dpr,/fortdavissurvey,3
Fort Dupont Ice Arena | dpr,/node/1237896,14
Fort Dupont Ice Arena | dpr,/node/1237896/revisions/4041066/view,1
Fort Dupont Ice Arena | dpr,/node/1237896/revisions/4063811/view,1
Fort Dupont Ice Arena | dpr,/node/1237896/revisions/5899691/view,1
Fort Dupont Ice Arena | dpr,/node/1237896/revisions/6358721/view,1
Fort Dupont Ice Arena | dpr,/page/fort-dupont-ice-arena,1983
"Fort Dupont Ice Arena Ribbon Cutting - December 6, 2025 | dpr",/external-link/fort-dupont-ice-arena-ribbon-cutting-december-6-2025,1
Fort Dupont Ice Arena Ribbon Cutting and Open House | dpr,/featured-content/fort-dupont-ice-arena-ribbon-cutting-and-open-house,1
Fort Greble Community Meeting @ Bald Eagle Recreation Center | dpr,/ar/event/fort-greble-community-meeting-bald-eagle-recreation-center,1
Fort Greble Recreation Center | dpr,/page/fort-greble-recreation-center-0,1
Fort Greble Recreation Center | dpr,/page/fort-greble-recreation-center-00,83
Fort Stanton Pool | dpr,/page/fort-stanton-pool,44
Fort Stanton Recreation Center | dpr,/fortstanton,475
Fort Stanton Recreation Center | dpr,/page/fort-stanton-recreation-center,1
Fort Stevens Play Court Resurfacing | dpr,/page/fort-stevens-play-court-resurfacing,4
Fort Stevens Recreation Center | dpr,/fortstevens,533
Fort Stevens Recreation Center | dpr,/node/1237701,130
Fort Stevens Recreation Center | dpr,/page/fort-stevens-recreation-center-0,1
Fort Stevens Recreation Center | dpr,/page/fort-stevens-senior-recreation-center,1
Fort Stevens Recreation Center's Seniors Side Temporarily Closed | dpr,/release/fort-stevens-recreation-centers-seniors-side-temporarily-closed,1
Francis Aquatic Facility Temporarily Closed | dpr,/release/francis-aquatic-facility-temporarily-closed,1
Francis Dog Park | dpr,/page/francis-dog-park,19
Francis Pool | dpr,/page/francis-pool,288
Francis Pool | dpr,/page/francis-pool/,6
Frederick Douglass 5K and Oxon Run Trail Ribbon Cutting | dpr,/release/frederick-douglass-5k-and-oxon-run-trail-ribbon-cutting,6
Free Aqua Programs in December | dpr,/release/free-aqua-programs-december,6
Free Produce from DPR | dpr,/featured-content/free-produce-dpr,4
French (Français) | dpr,/page/french-français-06,11
French Street Park Redesign | dpr,/page/french-street-park-redesign,13
French Street Park Redevelopment | dpr,/page/french-street-park-redevelopment,33
Friday Night Boxing Under the Stars - Barry Farm Basketball Courts | dpr,/event/friday-night-boxing-under-stars-barry-farm-basketball-courts,3
Friday Night Boxing Under the Stars - Barry Farm Basketball Courts | dpr,/vi/event/friday-night-boxing-under-stars-barry-farm-basketball-courts,6
Friends of Stead Park Community Meeting - Chastleton Ballroom | dpr,/event/friends-stead-park-community-meeting-chastleton-ballroom,3
Friendship Recreation Center | dpr,/friendship,677
Friendship Recreation Center | dpr,/page/friendship-recreation-center,3
"Friendship Recreation Center Temporarily Closed Tuesday, March 31, 2015 | dpr",/release/friendship-recreation-center-temporarily-closed-tuesday-march-31-2015,1
Fun Wagon - Edgewood Recreation Center | dpr,/fr/event/fun-wagon-edgewood-recreation-center,1
Fun Wagon - Emery Recreation Center | dpr,/ko/event/fun-wagon-emery-recreation-center,1
Fun Wagon - Joseph H. Cole Recreation Center | dpr,/event/fun-wagon-joseph-h-cole-recreation-center,15
Fun Wagon - Kalorama Recreation Center | dpr,/event/fun-wagon-kalorama-recreation-center,1
Fun Wagon - King Greenleaf Recreation Center | dpr,/vi/event/fun-wagon-king-greenleaf-recreation-center,1
Fun Wagon - North Michigan Park Recreation Center | dpr,/am/event/fun-wagon-north-michigan-park-recreation-center,1
Fun Wagon - North Michigan Park Recreation Center | dpr,/event/fun-wagon-north-michigan-park-recreation-center,1
Fun Wagon - Oxon Run Park | dpr,/event/fun-wagon-oxon-run-park,1
Fun Wagon - Rosedale Community Center | dpr,/event/fun-wagon-rosedale-community-center,2
Fun Wagon - Woodland Terrace Community | dpr,/event/fun-wagon-woodland-terrace-community,2
Fun Wagon | dpr,/page/fun-wagon,13
Fun Wagon in the Community: Roving Leaders | dpr,/event/fun-wagon-community-roving-leaders-19,2
Funky Fitness | dpr,/page/funky-fitness,160
Funky Fitness First Fridays - Deanwood Recreation Center | dpr,/event/funky-fitness-first-fridays-deanwood-recreation-center,3
Funky Fitness First Fridays - Jelleff Recreation Center | dpr,/event/funky-fitness-first-fridays-jelleff-recreation-center,1
Funky Fitness First Fridays - Randall Recreation Center | dpr,/event/funky-fitness-first-fridays-randall-recreation-center,11
Funky Fitness First Fridays - Wilson Aquatic Center | dpr,/event/funky-fitness-first-fridays-wilson-aquatic-center,1
Funky Fitness First Fridays 2017 @ Columbia Heights | dpr,/ar/event/funky-fitness-first-fridays-2017-columbia-heights,1
Funky Fitness First Fridays 2017 @ Columbia Heights | dpr,/event/funky-fitness-first-fridays-2017-columbia-heights,2
Funky Fitness Friday at Randall Recreation Center | dpr,/event/funky-fitness-friday-randall-recreation-center,3
Funky Fitness Goes Purple in Honor of Prince | dpr,/release/funky-fitness-goes-purple-honor-prince,1
Garden Art with Repurposed Materials - Wangari Gardens | dpr,/event/garden-art-repurposed-materials-wangari-gardens,8
Garden Carpentry Certification Course | dpr,/page/garden-carpentry-certification-course,322
Garden Cooking - Raymond Recreation Center | dpr,/event/garden-cooking-raymond-recreation-center,2
Garden Pests and Diseases - Raymond Recreation Center | dpr,/event/garden-pests-and-diseases-raymond-recreation-center,2
Garden Tool Share Program | dpr,/am/service/garden-tool-share-program,1
Garden Tool Share Program | dpr,/service/garden-tool-share-program,120
Get a Swim Pass | dpr,/fr/service/get-swim-pass,14
Get a Swim Pass | dpr,/node/539122,332
Get a Swim Pass | dpr,/service/get-swim-pass,709
Get Fit at Funky Fitness First Fridays | dpr,/release/get-fit-funky-fitness-first-fridays,1
Get Out and Enjoy the Treats at DPR in October | dpr,/release/get-out-and-enjoy-treats-dpr-october,13
Get Ready and Stay Ready for DPR Programs | dpr,/page/get-ready-and-stay-ready-dpr-programs,4
Get Your Ticket Now for DPR’s Senior Luncheon Cruise | dpr,/release/get-your-ticket-now-dpr’s-senior-luncheon-cruise,1
Gina Toppin Bio | dpr,/page/gina-toppin-bio,120
Give and Take for Thanks - Lamond Recreation Center | dpr,/event/give-and-take-thanks-lamond-recreation-center,2
Give Thanks Award Banquet - Benning Stoddert Community Center | dpr,/event/give-thanks-award-banquet-benning-stoddert-community-center,6
Give Thanks Awards Banquet - Emery Recreation Center | dpr,/event/give-thanks-awards-banquet-emery-recreation-center,2
Give Thanks Banquet  - Emery Recreation Center | dpr,/event/give-thanks-banquet -emery-recreation-center,2
Give Us Feedback | dpr,/am/node/1249291,3
Give Us Feedback | dpr,/page/give-us-feedback-0,88
Glover Park Community Center | dpr,/page/glover-park-community-center,490
Glover Park Holiday Party - Stoddert Recreation Center | dpr,/am/event/glover-park-holiday-party-stoddert-recreation-center,2
Glover Park Holiday Party - Stoddert Recreation Center | dpr,/event/glover-park-holiday-party-stoddert-recreation-center,6
Grants | dpr,/ar/node/1576141,1
Grants | dpr,/ko/node/1576141,2
Grants | dpr,/node/1576141/revisions/6651856/view,1
Grants | dpr,/node/1576141/revisions/6914756/view,1
Grants | dpr,/page/dprgrants,2766
Grants | dpr,/vi/node/1576141,2
Grass Fields Closed Due to Inclement Weather | dpr,/release/grass-fields-closed-due-inclement-weather,6
"Grass Fields Closed Friday, October 11 | dpr",/release/grass-fields-closed-friday-october-11,5
"Grass Fields Closed Monday, November 9, 2015 | dpr",/ar/release/grass-fields-closed-monday-november-9-2015,32
"Grass Fields Closed Monday, November 9, 2015 | dpr",/ko/release/grass-fields-closed-monday-november-9-2015,4
"Grass Fields Closed Monday, November 9, 2015 | dpr",/release/grass-fields-closed-monday-november-9-2015,1
"Grass Fields Closed Sunday, October 13 | dpr",/release/grass-fields-closed-sunday-october-13,1
"Grass Fields Closed Thursday, October 10 | dpr",/release/grass-fields-closed-thursday-october-10-0,1
"Grass Fields Closed Tuesday, November 10, 2015 | dpr",/ar/release/grass-fields-closed-tuesday-november-10-2015,28
"Grass Fields Closed Tuesday, November 10, 2015 | dpr",/release/grass-fields-closed-tuesday-november-10-2015,1
Grateful and Thankful Recreation Feast - King Greenleaf Recreation Center | dpr,/es/node/714062,1
Grateful and Thankful Recreation Feast - King Greenleaf Recreation Center | dpr,/event/grateful-and-thankful-recreation-feast-king-greenleaf-recreation-center,1
Green Festival - DC | dpr,/event/green-festival-dc-0,5
Greenhouse Cooperative | dpr,/page/greenhouse-cooperative-1,27
Group Admittance Regulations | dpr,/node/1250656,8
Group Admittance Regulations | dpr,/page/group-admittance-regulations,1
Guy Mason Adult Co-ed Slow Pitch League - Schedule and Results | dpr,/service/guy-mason-adult-co-ed-slow-pitch-league-schedule-and-results,3
Guy Mason Aerial Map | dpr,/publication/guy-mason-aerial-map,2
Guy Mason Community Center | dpr,/guymason,1325
Guy Mason Community Center | dpr,/page/guy-mason-community-center,1
Guy Mason Community Center | dpr,/page/guy-mason-recreation-center,4
Guy Mason Modernization | dpr,/page/guy-mason-modernization,4
Guy Mason Senior Valentine Party - Guy Mason Recreation Center | dpr,/event/guy-mason-senior-valentine-party-guy-mason-recreation-center,1
Gymnastics - Chevy Chase Community Center | dpr,/event/gymnastics-chevy-chase-community-center,4
H.D. Woodson Aquatic Center | dpr,/page/hd-woodson-aquatic-center,87
Hakeem Rogers | dpr,/biography/hakeem-rogers,49
Hakeem Rogers | dpr,/node/1750631,101
Hallow Haunted House/Care Trail & Party- Bald Eagle Recreation Center | dpr,/event/hallow-haunted-housecare-trail-party-bald-eagle-recreation-center,3
Halloween at DPR October 26-31 | dpr,/release/halloween-dpr-october-26-31,48
Halloween at the Fort - Fort Stevens Recreation Center | dpr,/event/halloween-fort-fort-stevens-recreation-center,2
Halloween Boo-Bash! - Ferebee-Hope Recreation Center | dpr,/event/halloween-boo-bash-ferebee-hope-recreation-center,2
Halloween Boo-Bash! - Ferebee-Hope Recreation Center | dpr,/vi/node/704872,3
Halloween Boogie - Watkins Recreation Center | dpr,/event/halloween-boogie-watkins-recreation-center,2
Halloween Candy Giveaway - Langdon Park Community Center | dpr,/event/halloween-candy-giveaway-langdon-park-community-center,2
Halloween Candy Giveaway - Langdon Park Community Center | dpr,/vi/node/706002,1
Halloween Costume Carnival - Ferebee-Hope Recreation Center | dpr,/event/halloween-costume-carnival-ferebee-hope-recreation-center,3
Halloween Costume Party - Banneker Community Center | dpr,/event/halloween-costume-party-banneker-community-center,3
Halloween Costume Party - Hearst Recreation Center | dpr,/vi/event/halloween-costume-party-hearst-recreation-center,4
Halloween Costume Party - Macomb Recreation Center | dpr,/es/event/halloween-costume-party-macomb-recreation-center,1
Halloween Costume Party - Macomb Recreation Center | dpr,/event/halloween-costume-party-macomb-recreation-center,2
Halloween Costume Party - Riggs LaSalle Recreation Center | dpr,/event/halloween-costume-party-riggs-lasalle-recreation-center,3
Halloween Fest - Hearst Recreation Center | dpr,/event/halloween-fest-hearst-recreation-center,4
Halloween Festivities - Takoma Community Center | dpr,/fr/event/halloween-festivities-takoma-community-center,1
Halloween Flashlight Hunt - Kennedy Recreation Center | dpr,/event/halloween-flashlight-hunt-kennedy-recreation-center,2
Halloween Fun Program - Petworth Recreation Center | dpr,/event/halloween-fun-program-petworth-recreation-center,6
Halloween Haunted House - Petworth Recreation Center | dpr,/event/halloween-haunted-house-petworth-recreation-center,3
Halloween Haunted House and Movie Night - Emery Recreation Center | dpr,/event/halloween-haunted-house-and-movie-night-emery-recreation-center,1
Halloween Jamboree - Ridge Road Recreation Center | dpr,/event/halloween-jamboree-ridge-road-recreation-center,7
Halloween Night on the Town - Harry Thomas Recreation Center | dpr,/event/halloween-night-town-harry-thomas-recreation-center,3
Halloween October Fest - Banneker Community Center | dpr,/event/halloween-october-fest-banneker-community-center,1
Halloween Parade - Friendship Recreation Center | dpr,/event/halloween-parade-friendship-recreation-center,3
Halloween Parade - Petworth Recreation Center | dpr,/event/halloween-parade-petworth-recreation-center,3
Halloween Parade in collaboration with the Moms of Logan Circle - Stead Recreation Center | dpr,/event/halloween-parade-collaboration-moms-logan-circle-stead-recreation-center,8
Halloween Party - Brentwood Recreation Center | dpr,/event/halloween-party-brentwood-recreation-center,2
Halloween Party - Congress Heights Recreation Center | dpr,/event/halloween-party-congress-heights-recreation-center,2
Halloween Party - Douglass Community Center | dpr,/event/halloween-party-douglass-community-center,1
Halloween Party - Fort Stanton Recreation Center | dpr,/event/halloween-party-fort-stanton-recreation-center,2
Halloween Party - Fort Stevens Recreation Center | dpr,/es/event/halloween-party-fort-stevens-recreation-center,1
Halloween Party - Lafayette Recreation Center | dpr,/event/halloween-party-lafayette-recreation-center,2
Halloween Party - Lafayette Recreation Center | dpr,/event/halloween-party-lafayette-recreation-center-0,2
Halloween Party - North Michigan Park Recreation Center | dpr,/event/halloween-party-north-michigan-park-recreation-center-0,3
Halloween Party - Ridge Road Recreation Center | dpr,/fr/event/halloween-party-ridge-road-recreation-center,2
Halloween Party - Stoddert Recreation Center | dpr,/event/halloween-party-stoddert-recreation-center,2
Halloween Party - Takoma Community Center | dpr,/event/halloween-party-takoma-community-center,1
Halloween Party - Turkey Thicket Recreation Center | dpr,/event/halloween-party-turkey-thicket-recreation-center,2
Halloween Party - Upshur Recreation Center | dpr,/event/halloween-party-upshur-recreation-center,2
Halloween Party - Upshur Recreation Center | dpr,/fr/node/705662,3
Halloween Party - Upshur Recreation Center | dpr,/node/705662,2
Halloween Party - Volta Park Recreation Center | dpr,/event/halloween-party-volta-park-recreation-center,2
Halloween Party - Volta Park Recreation Center | dpr,/event/halloween-party-volta-park-recreation-center-0,1
Halloween Party - Watkins Recreation Center | dpr,/event/halloween-party-watkins-recreation-center,1
Halloween Party and Parade - Hardy Recreation Center | dpr,/event/halloween-party-and-parade-hardy-recreation-center,5
Halloween Party! - Benning Park Community Center | dpr,/event/halloween-party-benning-park-community-center,3
Halloween Scream - Bald Eagle Recreation Center | dpr,/event/halloween-scream-bald-eagle-recreation-center,3
Halloween Spook Party - Kalorama Recreation Center | dpr,/event/halloween-spook-party-kalorama-recreation-center,2
Halloween Town - Fort Stevens Recreation Center | dpr,/event/halloween-town-fort-stevens-recreation-center,7
Halloween Treats Celebration - Upshur Recreation Center | dpr,/event/halloween-treats-celebration-upshur-recreation-center,2
Hamilton Recreation Center | dpr,/page/hamilton-recreation-center,173
Hamilton Tot Lot Renovation | dpr,/page/hamilton-tot-lot-renovation,5
Hand Dance Explosion - Emery Recreation Center | dpr,/event/hand-dance-explosion-emery-recreation-center,2
Happy Hallow Children's Pool | dpr,/node/1598791,16
Happy Hallow Children's Pool | dpr,/page/happy-hallow-childrens-pool,6
Happy Halloween from DPR #SpooktheDistrict | dpr,/release/happy-halloween-dpr-spookthedistrict,1
Hardy Clean - up and Spring Fling | dpr,/event/hardy-clean-and-spring-fling,1
Hardy Open House & Fun Day - Hardy Recreation Center | dpr,/ar/event/hardy-open-house-fun-day-hardy-recreation-center,1
Hardy Recreation Center | dpr,/page/hardy-recreation-center-00,453
Harrison Recreation Center | dpr,/page/harrison-recreation-center,275
Harrison Recreation Center Temporarily Closed | dpr,/release/harrison-recreation-center-temporarily-closed,3
Harry Thomas Halloween Party - Harry Thomas Sr. Recreation Center | dpr,/event/harry-thomas-halloween-party-harry-thomas-sr-recreation-center,9
Harry Thomas Recreation Center | dpr,/harrythomas,378
Harry Thomas Recreation Center | dpr,/node/1237736,87
Harry Thomas Sr. Playground Named One of the 16 Coolest Playgrounds in the World | dpr,/release/harry-thomas-sr-playground-named-one-16-coolest-playgrounds-world,30
Harry Thomas Sr. Pool | dpr,/page/harry-thomas-sr-pool,66
Harry Thomas Sr. Recreation Center Temporarily Closed | dpr,/release/harry-thomas-sr-recreation-center-temporarily-closed,1
Harvesting a Season of Thanks with DPR | dpr,/release/harvesting-season-thanks-dpr,11
Haunted House - Banneker Community Center | dpr,/event/haunted-house-banneker-community-center,2
Haunted House/Scarier Trails - Bald Eagle Recreation Center | dpr,/event/haunted-housescarier-trails-bald-eagle-recreation-center,3
HD Woodson Aquatic Facility to Open for Public Use | dpr,/release/hd-woodson-aquatic-facility-open-public-use,7
Health Officials Investigating Potential Measles Exposures In DC | dpr,/release/health-officials-investigating-potential-measles-exposures-dc,7
Hearst Playground Improvements | dpr,/page/hearst-playground-improvements,19
Hearst Playground Renovations | dpr,/page/hearst-playground-renovations,4
Hearst Pool | dpr,/page/hearst-pool,195
Hearst Recreation Center | dpr,/page/hearst-recreation-center,551
Hearst Recreation Center Halloween Fest | dpr,/event/hearst-recreation-center-halloween-fest,1
"Hearst Recreation Center Temporarily Closed - March 4, 2016 | dpr",/release/hearst-recreation-center-temporarily-closed-3-4-16,1
Hearst Recreation Center Temporarily Closed | dpr,/release/hearst-recreation-center-temporarily-closed,1
Heat Advisory Prompts DPR to Cancel Outdoor Activities | dpr,/release/heat-advisory-prompts-dpr-cancel-outdoor-activities,4
Help Keep Your Family Safe This Summer! | dpr,/release/help-keep-your-family-safe-summer,1
Hillcrest Recreation Center | dpr,/hillcrest,872
Hillcrest Recreation Center | dpr,/page/hillcrest-recreation-center,2
Hillcrest Recreation Center Remains Closed | dpr,/release/hillcrest-recreation-center-remains-closed,1
Hillcrest Recreation Center Resumes Normal Hours of Operation | dpr,/release/hillcrest-recreation-center-resumes-normal-hours-operation,1
Hillcrest Recreation Center Scheduled to Reopen Today | dpr,/release/hillcrest-recreation-center-scheduled-reopen-today,1
Hillcrest Recreation Center Temporarily Closed | dpr,/release/hillcrest-recreation-center-temporarily-closed,5
Hillcrest Recreation Center Temporarily Closed | dpr,/release/hillcrest-recreation-center-temporarily-closed-0,1
Hillcrest Recreation Center Temporarily Closed | dpr,/release/hillcrest-recreation-center-temporarily-closed-1,1
His Legacy Lives On - RH Terrell Recreation Center | dpr,/event/his-legacy-lives-rh-terrell-recreation-center,4
Hobart Twins Park Renovation | dpr,/page/hobart-twins-park-renovation,17
Holiday Arts and Crafts Jamboree - Rosedale Community Center | dpr,/event/holiday-arts-and-crafts-jamboree-rosedale-community-center,2
Holiday Craft - RH Terrell Recreation Center | dpr,/event/holiday-craft-rh-terrell-recreation-center,1
Holiday Dinner Theater - Hearst Recreation Center | dpr,/event/holiday-dinner-theater-hearst-recreation-center,2
Holiday Dinner with the Teens - Congress Heights Recreation Center | dpr,/event/holiday-dinner-teens-congress-heights-recreation-center,3
Holiday Harvest Event - Hillcrest Recreation Center | dpr,/event/holiday-harvest-event-hillcrest-recreation-center,4
Holiday Listening Party - Shaw's Tavern | dpr,/event/holiday-listening-party-shaws-tavern,2
Holiday Luncheon for Seniors - Guy Mason Recreation Center | dpr,/event/holiday-luncheon-seniors-guy-mason-recreation-center,5
Holiday Party - Petworth Recreation Center | dpr,/event/holiday-party-petworth-recreation-center,3
Holiday Party and Fashion Show - North Michigan Park Recreation Center | dpr,/event/holiday-party-and-fashion-show-north-michigan-park-recreation-center,2
Holiday Party and Gift Exchange - Langdon Park Community Center | dpr,/event/holiday-party-and-gift-exchange-langdon-park-community-center,2
Holiday Sharing and Giving - Watkins Recreation Center | dpr,/event/holiday-sharing-and-giving-watkins-recreation-center,2
Holiday Treats - Lafayette Recreation Center | dpr,/event/holiday-treats-lafayette-recreation-center,2
Horror Movie Marathon and Candy Giveaway - Joseph H. Cole Recreation Center | dpr,/event/horror-movie-marathon-and-candy-giveaway-joseph-h-cole-recreation-center,4
How To Apply For A Permit | dpr,/ar/node/1250591,1
How To Apply For A Permit | dpr,/es/node/1250591,4
How To Apply For A Permit | dpr,/ko/node/1250591,1
How To Apply For A Permit | dpr,/node/1250591,65
How To Apply For A Permit | dpr,/page/how-apply-permit,3835
Ice Cream Social - Brentwood Recreation Center | dpr,/event/ice-cream-social-brentwood-recreation-center,2
Inclement Weather Alerts | dpr,/es/node/1250626,4
Inclement Weather Alerts | dpr,/ko/node/1250626,2
Inclement Weather Alerts | dpr,/node/1250626,4
Inclement Weather Alerts | dpr,/page/inclement-weather-alerts,371
Inclement Weather Alerts | dpr,/vi/node/1250626,2
Indoor Pools | dpr,/am/page/indoor-pools,4
Indoor Pools | dpr,/es/page/indoor-pools,1
Indoor Pools | dpr,/fr/page/indoor-pools,9
Indoor Pools | dpr,/indoorpools,1
Indoor Pools | dpr,/ko/page/indoor-pools,3
Indoor Pools | dpr,/node/1236631,12934
Indoor Pools | dpr,/node/1236631/revisions/6352786/view,1
Indoor Pools | dpr,/node/1236631/revisions/6361356/view,1
Indoor Pools | dpr,/node/1236631/revisions/6373211/view,1
Indoor Pools | dpr,/node/1236631/revisions/6376701/view,1
Indoor Pools | dpr,/node/1236631/revisions/6376731/view,1
Indoor Pools | dpr,/node/1236631/revisions/6379301/view,1
Indoor Pools | dpr,/node/1236631/revisions/6380771/view,1
Indoor Pools | dpr,/node/1236631/revisions/6385631/view,1
Indoor Pools | dpr,/node/1236631/revisions/6385966/view,2
Indoor Pools | dpr,/node/1236631/revisions/6387496/view,1
Indoor Pools | dpr,/node/1236631/revisions/6387521/view,1
Indoor Pools | dpr,/node/1236631/revisions/6387806/view,2
Indoor Pools | dpr,/node/1236631/revisions/6388876/view,1
Indoor Pools | dpr,/node/1236631/revisions/6396046/view,1
Indoor Pools | dpr,/node/1236631/revisions/6444431/view,1
Indoor Pools | dpr,/node/1236631/revisions/6451786/view,1
Indoor Pools | dpr,/node/1236631/revisions/6456916/view,3
Indoor Pools | dpr,/node/1236631/revisions/6547051/view,1
Indoor Pools | dpr,/node/1236631/revisions/6696221/view,2
Indoor Pools | dpr,/node/1236631/revisions/6748526/view,2
Indoor Pools | dpr,/node/1236631/revisions/6748531/view,1
Indoor Pools | dpr,/node/1236631/revisions/6748606/view,4
Indoor Pools | dpr,/node/1236631/revisions/6760486/view,4
Indoor Pools | dpr,/node/1236631/revisions/6772256/view,4
Indoor Pools | dpr,/node/1236631/revisions/6773461/view,5
Indoor Pools | dpr,/node/1236631/revisions/6785441/view,3
Indoor Pools | dpr,/node/1236631/revisions/6786451/view,1
Indoor Pools | dpr,/node/1236631/revisions/6789436/view,2
Indoor Pools | dpr,/node/1236631/revisions/6804531/view,6
Indoor Pools | dpr,/node/1236631/revisions/6827971/view,7
Indoor Pools | dpr,/node/1236631/revisions/7045461/view,1
Indoor Pools | dpr,/node/1236631/revisions/7060091/view,4
Indoor Pools | dpr,/node/1236631/revisions/7074951/view,1
Indoor Pools | dpr,/node/1236631/revisions/7182781/view,2
Indoor Pools | dpr,/page/indoor-pools,9868
Indoor Pools | dpr,/page/indoor-pools-00,2
Indoor Winter Carnival - Bald Eagle Recreation Center | dpr,/event/indoor-winter-carnival-bald-eagle-recreation-center,8
Intergenerational Holiday Craft and Ornament Making - Lamond Recreation Center | dpr,/event/intergenerational-holiday-craft-and-ornament-making-lamond-recreation-center,3
Intro to Agroforestry - Deanwood Recreation Center | dpr,/vi/event/intro-agroforestry-deanwood-recreation-center,9
Intro to Permaculture and Forest Gardens - Raymond Recreation Center | dpr,/event/intro-permaculture-and-forest-gardens-raymond-recreation-center,1
Intro to Urban Beekeeping - Raymond Recreation Center | dpr,/event/intro-urban-beekeeping-raymond-recreation-center,2
Invasive/Native Plants - Raymond Recreation Center | dpr,/event/invasivenative-plants-raymond-recreation-center,2
James Washington | dpr,/biography/james-washington,63
James Washington | dpr,/node/1730906,70
Jean and Graphic Tee Day - Harrison Recreation Center | dpr,/event/jean-and-graphic-tee-day-harrison-recreation-center,1
Jelleff Community Center | dpr,/node/1237906,72
Jelleff Community Center | dpr,/page/jellef-recreation-center,3
Jelleff Community Center | dpr,/page/jelleff-community-center,943
Jelleff Community Center | dpr,/page/jelleff-recreation-center,1
Jelleff Community Center Feasibility Study Tracker | dpr,/es/node/1540631,1
Jelleff Community Center Feasibility Study Tracker | dpr,/page/jelleff-community-center-feasibility-study-tracker,9
Jelleff Field Statement from DPR Director Delano Hunter | dpr,/release/jelleff-field-statement-dpr-director-delano-hunter,13
Jelleff Pool | dpr,/page/jelleff-pool,106
Jelleff Summer Camp | dpr,/node/1528986,1
Jelleff Summer Camp | dpr,/page/jelleff-summer-camp,12
"Jelleff, Volta Park, Theodore Hagans Jr., Randall, Fort Dupont, Anacostia & Fort Stanton Pools Close for the Season | dpr",/event/jelleff-volta-park-theodore-hagans-jr-randall-fort-dupont-anacostia-fort-stanton-pools-close,2
Jewelry Making - Sherwood Recreation Center | dpr,/event/jewelry-making-sherwood-recreation-center,3
Jewelry Making - Sherwood Recreation Center | dpr,/node/644662/jserrors/aggregate,2
"Join DPR Aquatics Division for a Water Safety Awareness Workshop on Monday May 15, 2017 | dpr",/release/join-dpr-aquatics-division-water-safety-awareness-workshop-monday-may-15-2017,3
Joseph Cole Community Center | dpr,/page/joseph-cole-community-center,289
Joseph Cole Community Center | dpr,/page/joseph-cole-recreation-center,1
Joy Evans Therapeutic Aquatic Center | dpr,/node/1236276,240
Joy Evans Therapeutic Aquatic Center | dpr,/page/joy-evans-therapeutic-aquatic-center,894
Joy Evans Therapeutic Aquatic Center | dpr,/page/therapeutic-aquatic-center,1
Joy Evans Therapeutic Recreation Center | dpr,/node/1221086,176
Joy Evans Therapeutic Recreation Center | dpr,/page/joy-evans-therapeutic-recreation-center,2160
Joy Evans Therapeutic Recreation Center | dpr,/page/therapeutic-recreation-center,4
Jump in DC: 2018 Outdoor Pool Opening Kick Off | dpr,/release/jump-dc-2018-outdoor-pool-opening-kick,1
June 2016 - DPR Fee Schedule | dpr,/publication/june-2016-dpr-fee-schedule,8
Junior Lifeguards | dpr,/page/junior-lifeguards,80
Justice Park Redevelopment | dpr,/page/justice-park-redevelopment,4
Kalorama Park Erosion Control | dpr,/page/kalorama-park-erosion-control,8
Kalorama Park Site Plan | dpr,/publication/kalorama-park-site-plan,1
Kalorama Playground Designs | dpr,/page/kalorama-playground-designs,1
Kalorama Recreation Center | dpr,/page/kalorama-recreation-center,339
Karate - Chevy Chase Community Center | dpr,/ar/event/karate-chevy-chase-community-center,1
Karate - Chevy Chase Community Center | dpr,/event/karate-chevy-chase-community-center,5
Kelly Miller Pool | dpr,/page/kelly-miller-pool,38
Kenilworth Pool | dpr,/page/kenilworth-pool,32
Kenilworth Recreation Center | dpr,/kenilworth,781
Kenilworth Recreation Center | dpr,/node/1237766,65
Kenilworth Recreation Center | dpr,/page/kenilworth-recreation-center,1
Kenilworth Recreation Center Ground Breaking Ceremony - Kenilworth Recreation Center | dpr,/event/kenilworth-recreation-center-ground-breaking-ceremony-kenilworth-recreation-center,1
Kenilworth-Parkside Recreation Center Design Update - Kenilworth Elementary School | dpr,/event/kenilworth-parkside-recreation-center-design-update-kenilworth-elementary-school,5
Kenilworth-Parkside Recreation Center Design Workshop | dpr,/event/kenilworth-parkside-recreation-center-design-workshop,3
Kennedy Adult Basketball League - Schedule and Results | dpr,/service/kennedy-adult-basketball-league-schedule-and-results,59
Kennedy Holiday Extravaganza - Kennedy Recreation Center | dpr,/event/kennedy-holiday-extravaganza-kennedy-recreation-center,1
Kennedy Recreation Center | dpr,/page/kennedy-recreation-center,1041
Kennedy Recreation Center | dpr,/page/kennedy-recreation-center/,1
Kennedy Recreation Center has Re-opened | dpr,/release/kennedy-recreation-center-has-re-opened,1
Kennedy Recreation Center Temporarily Closed | dpr,/release/kennedy-recreation-center-temporarily-closed,1
Kennedy Recreation Center Winter Wonderland | dpr,/vi/event/kennedy-recreation-center-winter-wonderland,1
Kennedy Summer Kick off Safe Kids Day - Kennedy Recreation Center | dpr,/event/kennedy-summer-kick-safe-kids-day-kennedy-recreation-center,4
"Kennedy, Columbia Heights, Emery and Banneker to Resume Normal Operations | dpr",/release/kennedy-columbia-heights-emery-and-banneker-resume-normal-operations,1
Kids Cultural Arts Programs | dpr,/page/kids-cultural-arts-programs,171
Kids Personal Enrichment | dpr,/page/kids-personal-enrichment,28
Kids Programs | dpr,/es/node/1254091,2
Kids Programs | dpr,/page/kids,4
Kids Programs | dpr,/page/kids-programs,795
Kids Programs | dpr,/vi/node/1254091,2
Kids Sports & Fitness | dpr,/page/kids-sports-fitness,1616
"Kids, Camps & Co-op | dpr",/page/kids-camps-co-op,179
"Kids, Camps, and Co-op Food and Snack Policy | dpr",/node/1451631,4
"Kids, Camps, and Co-op Food and Snack Policy | dpr",/publication/kids-camps-and-co-op-food-and-snack-policy,4
"King Greenleaf Recreation Center Temporarily Closed Thursday, May 7, 2015 | dpr",/release/king-greenleaf-recreation-center-temporarily-closed-thursday-may-7-2015,1
King Greenleaf’s Boo to you Halloween Party in collaboration with Georgetown Law - King Greenleaf Recreation Center | dpr,/event/king-greenleaf’s-boo-you-halloween-party-collaboration-georgetown-law-king-greenleaf,4
King Greenleaf’s Boogie Down Pajama Jam - King Greenleaf Recreation Center | dpr,/event/king-greenleaf’s-boogie-down-pajama-jam-king-greenleaf-recreation-center,2
King Greenleaf's Senior Holiday Spirit Party - King Greenleaf Recreation Center | dpr,/event/king-greenleafs-senior-holiday-spirit-party-king-greenleaf-recreation-center,2
King Greenleaf's Seniors Costume Party - King Greenleaf Recreation Center | dpr,/event/king-greenleafs-seniors-costume-party-king-greenleaf-recreation-center,3
King-Greenleaf Recreation Center | dpr,/kinggreenleaf,935
King-Greenleaf Recreation Center | dpr,/node/1237776,161
King-Greenleaf Recreation Center | dpr,/page/king-greenleaf-recreation-center,1
Kingsman Dog Park | dpr,/page/kingsman-dog-park,107
Kingsman Dog Park Site Plan | dpr,/publication/kingsman-dog-park-site-plan,22
Korean (한국어) | dpr,/page/korean-한국어-DPR 7,14
Korean (한국어) | dpr,/vi/page/korean-한국어-DPR 7,2
La Alcaldesa Bowser Extiende el Horario de los Parques con Rociadores de Agua de DPR hasta el 30 de Septiembre | dpr,/release/la-alcaldesa-bowser-extiende-el-horario-de-los-parques-con-rociadores-de-agua-de-dpr-hasta,4
"Lafayette and Upshur Recreation Centers Closed for Friday, February 14 | dpr",/release/lafayette-and-upshur-recreation-centers-closed-friday-february-14,1
Lafayette Fun Day - Lafayette Recreation Center | dpr,/event/lafayette-fun-day-lafayette-recreation-center,2
Lafayette Park Benches and Picnic Tables Installation | dpr,/page/lafayette-park-benches-and-picnic-tables-installation,4
Lafayette-Pointer Recreation Center | dpr,/page/lafayette-pointer-recreation-center,507
Lafayette-Pointer Recreation Center | dpr,/page/lafayette-recreation-center,1
Lamond Community Day - Lamond Recreation Center | dpr,/event/lamond-community-day-lamond-recreation-center,3
Lamond Community Day - Lamond Recreation Center | dpr,/ko/node/708092,5
Lamond Recreation Center | dpr,/lamond,476
Lamond Recreation Center | dpr,/node/1237786,71
Lamond Recreation Center Renovations | dpr,/release/lamond-recreation-center-renovations,5
Lamont Park Masonry Renovation | dpr,/page/lamont-park-masonry-renovation,2
Langdon Dog Park | dpr,/page/langdon-dog-park,22
Langdon Park Community Center | dpr,/langdonpark,430
Langdon Park Community Center | dpr,/node/1237796,3
Langdon Park Community Center Temporarily Closed | dpr,/release/langdon-park-community-center-temporarily-closed,3
Langdon Park Pool | dpr,/node/1236236,2
Langdon Park Pool | dpr,/page/langdon-park-pool,74
"Langdon Park, Kelly Miller & Douglass Pools Close for the Season | dpr",/event/langdon-park-kelly-miller-douglass-pools-close-season,2
Lansburgh Dog Park | dpr,/page/lansburgh-dog-park,35
Large-Scale Art Exhibit Adds New Color to Rose Park | dpr,/release/large-scale-art-exhibit-adds-new-color-rose-park,2
Legislation: April 2016 - DPR Fee Based Use Permit Final Rulemaking - FINAL | dpr,/publication/legislation-april-2016-dpr-fee-based-use-permit-final-rulemaking-final,1
Let’s Play Ball: DPR to Open Natural Grass Fields | dpr,/release/let’s-play-ball-dpr-open-natural-grass-fields,1
Lifeguard Assessments - DPR Summer Aquatics Positions | dpr,/ar/node/815672,2
Lifeguard Assessments - DPR Summer Aquatics Positions | dpr,/event/lifeguard-assessments-dpr-summer-aquatics-positions,2
Lifeguard Assessments - DPR Summer Aquatics Positions | dpr,/event/lifeguard-assessments-dpr-summer-aquatics-positions-0,2
Lifeguard Assessments - DPR Summer Aquatics Positions | dpr,/event/lifeguard-assessments-dpr-summer-aquatics-positions-1,2
Lifeguard Assessments - DPR Summer Aquatics Positions | dpr,/event/lifeguard-assessments-dpr-summer-aquatics-positions-2,1
Lifeguard Assessments - DPR Summer Aquatics Positions | dpr,/event/lifeguard-assessments-dpr-summer-aquatics-positions-3,4
Lifeguard Assessments - DPR Summer Aquatics Positions | dpr,/event/lifeguard-assessments-dpr-summer-aquatics-positions-4,2
Lifeguard Assessments - DPR Summer Aquatics Positions | dpr,/event/lifeguard-assessments-dpr-summer-aquatics-positions-5,2
Lights of Freedom Ceremony | dpr,/release/lights-freedom-ceremony,1
Lights On Afterschool - Raymond Recreation Center | dpr,/event/lights-afterschool-raymond-recreation-center,1
Lincoln Capper Children's Pool | dpr,/page/lincoln-capper-childrens-pool,25
Line Dance - Fort Stevens Recreation Center | dpr,/event/line-dance-fort-stevens-recreation-center,2
Line Dance - Fort Stevens Recreation Center | dpr,/event/line-dance-fort-stevens-recreation-center-0,7
Line Dance Class - Fort Stevens Recreation Center | dpr,/am/node/708142,8
Line Dance Class - Fort Stevens Recreation Center | dpr,/event/line-dance-class-fort-stevens-recreation-center,3
Line Dancing - Sherwood Recreation Center | dpr,/event/line-dancing-sherwood-recreation-center,3
Line Dancing - Sherwood Recreation Center | dpr,/event/line-dancing-sherwood-recreation-center-0,43
Line Dancing - Sherwood Recreation Center | dpr,/fr/node/1026152,5
Little Explorers Camp | dpr,/node/1527706,19
Little Explorers Camp | dpr,/page/little-explorers-camp,28
Little Goblins Parade and Festival - Stead Recreation Center | dpr,/event/little-goblins-parade-and-festival-stead-recreation-center,3
Local Parks | dpr,/fr/page/local-parks,5
Local Parks | dpr,/ko/page/local-parks,5
Local Parks | dpr,/node/1238961,656
Local Parks | dpr,/page/local-parks,331
Looking Through The Looking Glass - Deanwood Recreation Center | dpr,/event/looking-through-looking-glass-deanwood-recreation-center,3
Lunch and a Movie - Guy Mason Recreation Center | dpr,/ar/event/lunch-and-movie-guy-mason-recreation-center-5,1
Macomb Annual Halloween Community Haunted House - Macomb Recreation Center | dpr,/event/macomb-annual-halloween-community-haunted-house-macomb-recreation-center,10
Macomb Annual Holiday Card Making and Holiday Party - Macomb Recreation Center | dpr,/event/macomb-annual-holiday-card-making-and-holiday-party-macomb-recreation-center,2
Macomb Co-Ed Basketball - Macomb Recreation Center | dpr,/event/macomb-co-ed-basketball-macomb-recreation-center,2
Macomb Recreation Center | dpr,/page/macomb-recreation-center-00,320
Macomb's Class of 2014 Barbeque - Macomb Recreation Center | dpr,/event/macombs-class-2014-barbeque-macomb-recreation-center,2
"Madame Tussauds Washington, DC and the DC Department of Parks and Recreation Celebrate Black History Month | dpr",/release/madame-tussauds-washington-dc-and-dc-department-parks-and-recreation-celebrate-black-history,8
Malcolm X Opportunity Center | dpr,/page/malcolm-x-opportunity-center,99
Marcus Coates | dpr,/biography/marcus-coates,65
Marcus Coates | dpr,/node/1730896,111
Mardi Gras and More at DPR in March | dpr,/release/mardi-gras-and-more-dpr-march,9
Marie Reed Aquatic Center | dpr,/page/marie-reed-aquatic-center,2753
Marie Reed Aquatic Facility Temporarily Closed | dpr,/release/marie-reed-aquatic-facility-temporarily-closed,1
Marie Reed Community Center | dpr,/mariereed,1647
Marie Reed Community Center | dpr,/page/marie-reed-community-center,1
Marie Reed Community Center | dpr,/page/marie-reed-recreation-center,1
Mark Johnson Inducted in the International Boxing Hall of Fame | dpr,/release/mark-johnson-inducted-international-boxing-hall-fame,13
Marshall Heights Bison Win 56th Annual Pop Warner Super Bowl National Championship Title | dpr,/release/marshall-heights-bison-win-56th-annual-pop-warner-super-bowl-national-championship-title,16
Marvin Gaye Park Fitness Sites | dpr,/page/marvin-gaye-park-fitness-sites,1
Marvin Gaye Park Master Plan | dpr,/page/marvin-gaye-park-master-plan,1
Marvin Gaye Park Master Plan Community Meeting - Marvin Gaye Recreation Center | dpr,/event/marvin-gaye-park-master-plan-community-meeting-marvin-gaye-recreation-center,2
Marvin Gaye Recreation Center | dpr,/marvingaye,204
Marvin Gaye Recreation Center | dpr,/node/1237816,42
Marvin Gaye Recreation Center Temporarily Closes for 19th Annual Community Improvement Day | dpr,/release/marvin-gaye-recreation-center-temporarily-closes-19th-annual-community-improvement-day,6
Master Urban Composting Certification Course | dpr,/page/master-urban-composting-certification-course,22
"Mayor Bowser Activates Extended Heat Emergency Through Thursday, July 11 | dpr",/release/mayor-bowser-activates-extended-heat-emergency-through-thursday-july-11,2
"Mayor Bowser Activates Heat Alert, Announces Spray Parks and Select Recreation Centers Will Open on Juneteenth | dpr",/release/mayor-bowser-activates-heat-alert-announces-spray-parks-and-select-recreation-centers-will,13
"Mayor Bowser Activates Heat Emergency Plan for Monday, July 12 through Wednesday, July 14 | dpr",/release/mayor-bowser-activates-heat-emergency-plan-monday-july-12-through-wednesday-july-14,1
Mayor Bowser Adds Additional Summer Camp Locations | dpr,/release/mayor-bowser-adds-additional-summer-camp-locations,2
Mayor Bowser and Chief Smith Share Updated Public Safety Posture in Response to Recent Incidents Involving Youth | dpr,/release/mayor-bowser-and-chief-smith-share-updated-public-safety-posture-response-recent-incidents,8
Mayor Bowser and DPR Announce “Teen Break Time” Programming Available Over the DCPS Winter Break | dpr,/release/mayor-bowser-and-dpr-announce-“teen-break-time”-programming-available-over-dcps-winter-break,5
Mayor Bowser and DPR Announce Additional Sessions for Learn-to-Swim for All Ages | dpr,/release/mayor-bowser-and-dpr-announce-additional-sessions-learn-swim-all-ages,9
Mayor Bowser and DPR Announce Community-Based Grants to Support and Expand Recreation Opportunities for DC Youth | dpr,/release/mayor-bowser-and-dpr-announce-community-based-grants-support-and-expand-recreation,7
Mayor Bowser and DPR Announce Community-Based Grants to Support and Expand Recreation Opportunities for Youth | dpr,/release/mayor-bowser-and-dpr-announce-community-based-grants-support-and-expand-recreation-0,8
Mayor Bowser and DPR Announce Programming Available for Young People During Winter Break | dpr,/release/mayor-bowser-and-dpr-announce-programming-available-young-people-during-winter-break,9
Mayor Bowser and DPR Announce Programming Available for Youth During Mid-Winter Break | dpr,/release/mayor-bowser-and-dpr-announce-programming-available-youth-during-mid-winter-break,6
Mayor Bowser and DPR Announce Rec for All Grant Applications Now Open | dpr,/node/1809046,1
Mayor Bowser and DPR Announce Rec for All Grant Applications Now Open | dpr,/release/mayor-bowser-and-dpr-announce-rec-all-grant-applications-now-open,81
Mayor Bowser and DPR Announce Select Spray Parks Will Open Early on May 15 | dpr,/release/mayor-bowser-and-dpr-announce-select-spray-parks-will-open-early-may-15,5
Mayor Bowser and DPR Announce Weekly Late Night Neighborhood Parties at Pools and Recreation Centers Throughout the Summer | dpr,/release/mayor-bowser-and-dpr-announce-weekly-late-night-neighborhood-parties-pools-and-recreation,10
Mayor Bowser and DPR Announce Winter Break Programs for District Youth | dpr,/release/mayor-bowser-and-dpr-announce-winter-break-programs-district-youth,4
Mayor Bowser and DPR Announce Winter Break Time Programming for Young People During Winter Break | dpr,/release/mayor-bowser-and-dpr-announce-winter-break-time-programming-young-people-during-winter-break,7
Mayor Bowser and DPR Announces Rec for ALL Grants to Support and Expand Recreation Opportunities for DC Youth | dpr,/release/mayor-bowser-and-dpr-announces-rec-all-grants-support-and-expand-recreation-opportunities-dc,75
Mayor Bowser and DPR Encourage DC Residents to Apply for Open Summer Positions | dpr,/release/mayor-bowser-and-dpr-encourage-dc-residents-apply-open-summer-positions,1
Mayor Bowser and DPR Extend Select Pool and Spray Park Hours Through September 21 | dpr,/release/mayor-bowser-and-dpr-extend-select-pool-and-spray-park-hours-through-september-21,5
Mayor Bowser and DPR Hosts 33rd Annual Black History Invitational Swim Meet | dpr,/release/mayor-bowser-and-dpr-hosts-33rd-annual-black-history-invitational-swim-meet,5
Mayor Bowser and DPR Launch “DPR Spring Break” with Free Events Across the District | dpr,/release/mayor-bowser-and-dpr-launch-“dpr-spring-break”-free-events-across-district,3
"Mayor Bowser and DPR Launch Weekly Late Night Hype Summer Series, Highlight FY26 Investments in Parks and Recreation | dpr",/release/mayor-bowser-and-dpr-launch-weekly-late-night-hype-summer-series-highlight-fy26-investments,41
"Mayor Bowser and DPR Offer Free Lifeguard Training Certification Courses, Encourages DC Residents to Apply | dpr",/release/mayor-bowser-and-dpr-offer-free-lifeguard-training-certification-courses-encourages-dc,9
Mayor Bowser and MPD Announce Launch of Juvenile Investigative Response Unit to Continue Driving Down Crime | dpr,/node/1774676,5
Mayor Bowser and MPD Announce Launch of Juvenile Investigative Response Unit to Continue Driving Down Crime | dpr,/release/mayor-bowser-and-mpd-announce-launch-juvenile-investigative-response-unit-continue-driving,5
Mayor Bowser and the Department of Parks and Recreation Announce 2018 DPR Winter Wondercamp Schedule | dpr,/release/mayor-bowser-and-department-parks-and-recreation-announce-2018-dpr-winter-wondercamp,5
Mayor Bowser and the Department of Parks and Recreation Announce Select Outdoor Pools and Recreation Centers Will Open on Juneteenth to Help Washingtonians Beat the Heat | dpr,/release/mayor-bowser-and-department-parks-and-recreation-announce-select-outdoor-pools-and,7
Mayor Bowser Announces 4th of July Road Closures and City Services Adjustments | dpr,/release/mayor-bowser-announces-4th-july-road-closures-and-city-services-adjustments,1
Mayor Bowser Announces DPR Fall Programming Registration Opens on August 13 and 14 | dpr,/release/mayor-bowser-announces-dpr-fall-programming-registration-opens-august-13-and-14,1
Mayor Bowser Announces DPR Spring Programming Registration Opens Starting March 1 | dpr,/release/mayor-bowser-announces-dpr-spring-programming-registration-opens-starting-march-1,1
Mayor Bowser Announces Expanded Hours at Recreation Centers | dpr,/release/mayor-bowser-announces-expanded-hours-recreation-centers,1
Mayor Bowser Announces Extended Spray Park and Select Pool Operations Through the End of Summer 2024 | dpr,/release/mayor-bowser-announces-extended-spray-park-and-select-pool-operations-through-end-summer,3
Mayor Bowser Announces Key Appointments | dpr,/Mayor_Bowser_Announces_Key_Appointments,1
Mayor Bowser Announces Key Appointments | dpr,/release/mayor-bowser-announces-key-appointments-0,1
Mayor Bowser Announces Key Appointments | dpr,/release/mayor-bowser-announces-key-appointments-9,8
Mayor Bowser Announces Registration for DPR Summer Programs to Open Next Week | dpr,/release/mayor-bowser-announces-registration-dpr-summer-programs-open-next-week,1
"Mayor Bowser Announces Return of Late Night Hype, New Partnership With Beat the Streets | dpr",/release/mayor-bowser-announces-return-late-night-hype-new-partnership-beat-streets,3
Mayor Bowser Awards $9.2M for Safe Passage Program to Keep Students Safe as They Travel to and from School | dpr,/node/1804761,5
Mayor Bowser Awards $9.2M for Safe Passage Program to Keep Students Safe as They Travel to and from School | dpr,/release/mayor-bowser-awards-92m-safe-passage-program-keep-students-safe-they-travel-and-school,53
Mayor Bowser Breaks Ground on Marvin Gaye Recreation Center in Ward 7 | dpr,/release/mayor-bowser-breaks-ground-marvin-gaye-recreation-center-ward-7,1
Mayor Bowser Breaks Ground on Modernization of Stead Park Recreation Center | dpr,/release/mayor-bowser-breaks-ground-modernization-stead-park-recreation-center,1
Mayor Bowser Breaks Ground on New Fort Lincoln Recreation Center and Early Childhood Education Center | dpr,/release/mayor-bowser-breaks-ground-new-fort-lincoln-recreation-center-and-early-childhood-education,23
Mayor Bowser Breaks Ground on Palisades Recreation Center | dpr,/release/mayor-bowser-breaks-ground-palisades-recreation-center,2
Mayor Bowser Breaks Ground on Shepherd Park Community Center Modernization | dpr,/release/mayor-bowser-breaks-ground-shepherd-park-community-center-modernization,1
Mayor Bowser Celebrates Grand Reopening of the DPR Fort Dupont Ice Arena Following $39 Million Renovation | dpr,/node/1809336,5
Mayor Bowser Celebrates Grand Reopening of the DPR Fort Dupont Ice Arena Following $39 Million Renovation | dpr,/release/mayor-bowser-celebrates-grand-reopening-dpr-fort-dupont-ice-arena-following-39-million,7
Mayor Bowser Celebrates Groundbreaking of Southeast Tennis and Learning Center South Expansion | dpr,/release/mayor-bowser-celebrates-groundbreaking-southeast-tennis-and-learning-center-south-expansion,6
Mayor Bowser Celebrates Historic Investment in Parks and Recreational Activities for Residents with 4th Annual DPR Rec Day | dpr,/release/mayor-bowser-celebrates-historic-investment-parks-and-recreational-activities-residents-4th,1
Mayor Bowser Celebrates Investments in DC’s #1 Ranked Park System at 2022 Outdoor Pool Season Kickoff | dpr,/release/mayor-bowser-celebrates-investments-dc’s-1-ranked-park-system-2022-outdoor-pool-season,1
Mayor Bowser Celebrates Marvin Gaye Day with Ribbon Cutting at Marvin Gaye Recreation Center | dpr,/release/mayor-bowser-celebrates-marvin-gaye-day-ribbon-cutting-marvin-gaye-recreation-center,1
"Mayor Bowser Celebrates Modernization of Kenilworth Recreation Center, Announces New Permit and Application Process | dpr",/release/mayor-bowser-celebrates-modernization-kenilworth-recreation-center-announces-new-permit-and,4
Mayor Bowser Celebrates Start of Outdoor Pool Season and DC Being Named #1 Park System for the Fifth Consecutive Year | dpr,/release/mayor-bowser-celebrates-start-outdoor-pool-season-and-dc-being-named-1-park-system-fifth,12
"Mayor Bowser Cuts Ribbon on Friendship ""Turtle"" Park Recreation Center, Hosts Family Fun Day in Ward 3 | dpr",/release/mayor-bowser-cuts-ribbon-friendship-turtle-park-recreation-center-hosts-family-fun-day-ward,2
Mayor Bowser Cuts Ribbon on New Arboretum Community Center | dpr,/release/mayor-bowser-cuts-ribbon-new-arboretum-community-center,13
Mayor Bowser Cuts Ribbon on New Joy Evans Therapeutic Recreation Center | dpr,/release/mayor-bowser-cuts-ribbon-new-joy-evans-therapeutic-recreation-center,1
Mayor Bowser Cuts Ribbon on Oxon Run Trail at Frederick Douglass 5K | dpr,/release/mayor-bowser-cuts-ribbon-oxon-run-trail-frederick-douglass-5k,1
"Mayor Bowser Cuts Ribbon on Stead Park Recreation Center, DC’s First Net Zero Ready Recreation Center | dpr",/release/mayor-bowser-cuts-ribbon-stead-park-recreation-center-dc’s-first-net-zero-ready-recreation,2
Mayor Bowser Cuts the Ribbon on Palisades Recreation Center and Walks in the Fourth of July Parade | dpr,/release/mayor-bowser-cuts-ribbon-palisades-recreation-center-and-walks-fourth-july-parade,0
"Mayor Bowser Cuts the Ribbon on Texas Avenue Dog Park in Ward 7, the First Dog Park East of the River | dpr",/release/mayor-bowser-cuts-ribbon-texas-avenue-dog-park-ward-7-first-dog-park-east-river,6
"Mayor Bowser Declares Snow Emergency Beginning at 6:30 pm on Tuesday, February 11 | dpr",/release/mayor-bowser-declares-snow-emergency-beginning-630-pm-tuesday-february-11,1
"Mayor Bowser Delivers Reservoir Park Recreation Center, Pool, and Community Space at Former McMillan Site, Decades in the Making | dpr",/release/mayor-bowser-delivers-reservoir-park-recreation-center-pool-and-community-space-former,12
Mayor Bowser Encourages Families to Apply for 2025 DPR Summer Camp Reduced Rates | dpr,/release/mayor-bowser-encourages-families-apply-2025-dpr-summer-camp-reduced-rates,9
Mayor Bowser Encourages Residents to Attend DPR and MPD Halloween Events and to Work Together to Keep Trick-or-Treaters Safe | dpr,/release/mayor-bowser-encourages-residents-attend-dpr-and-mpd-halloween-events-and-work-together-keep,9
Mayor Bowser Encourages Residents to Attend DPR and MPD Halloween Events and Work Together to Keep Trick-or-Treaters Safe | dpr,/release/mayor-bowser-encourages-residents-attend-dpr-and-mpd-halloween-events-and-work-together-ke-0,4
Mayor Bowser Encourages Residents to Stay Cool During Prolonged Period of Extreme Heat | dpr,/release/mayor-bowser-encourages-residents-stay-cool-during-prolonged-period-extreme-heat,4
Mayor Bowser Extends Aquatic Center Hours at Select Locations With Expectation of High Temperatures | dpr,/release/mayor-bowser-extends-aquatic-center-hours-select-locations-expectation-high-temperatures,1
Mayor Bowser Extends DPR Spray Park Hours Through September 26 | dpr,/release/mayor-bowser-extends-dpr-spray-park-hours-through-september-26,7
Mayor Bowser Extends Outdoor Pool Hours at Select Locations to Help Residents Beat the Heat | dpr,/release/mayor-bowser-extends-outdoor-pool-hours-select-locations-help-residents-beat-heat,8
Mayor Bowser Highlights Continued Summer Activities and Events | dpr,/release/mayor-bowser-highlights-continued-summer-activities-and-events,4
Mayor Bowser Highlights Continued 'Summer of Fun' Activities | dpr,/release/mayor-bowser-highlights-continued-summer-fun-activities,10
"Mayor Bowser Highlights Investments in Building a Safer, Stronger DC | dpr",/release/mayor-bowser-highlights-investments-building-safer-stronger-dc,8
Mayor Bowser Holds Pickleball Clinic With Seniors | dpr,/release/mayor-bowser-holds-pickleball-clinic-seniors,2
Mayor Bowser Hosts 4th Annual Fit DC Fresh Start 5K Run/Walk | dpr,/release/mayor-bowser-hosts-4th-annual-fit-dc-fresh-start-5k-runwalk,1
Mayor Bowser Hosts Fifth Annual March Madness Featuring Senator Scott and Congresswoman Norton to Highlight Opportunities for All | dpr,/release/mayor-bowser-hosts-fifth-annual-march-madness-featuring-senator-scott-and-congresswoman,1
Mayor Bowser Hosts Senior Fest 2023: Believe the Hype | dpr,/release/mayor-bowser-hosts-senior-fest-2023-believe-hype,2
Mayor Bowser Hosts Tenth Annual March Madness | dpr,/release/mayor-bowser-hosts-tenth-annual-march-madness,5
Mayor Bowser Hosts the 3rd Annual Taste of the World Festival | dpr,/release/mayor-bowser-hosts-3rd-annual-taste-world-festival,2
Mayor Bowser Invites DC Residents to Earn With DPR This Summer | dpr,/release/mayor-bowser-invites-dc-residents-earn-dpr-summer,1
Mayor Bowser Invites Residents to Join Her at Freedom Plaza on New Year’s Day for the FITDC Fresh Start 5K | dpr,/release/mayor-bowser-invites-residents-join-her-freedom-plaza-new-year’s-day-fitdc-fresh-start-5k,5
Mayor Bowser Invites Residents to Join Her on New Year’s Day at the #FITDC Fresh Start 5K | dpr,/release/mayor-bowser-invites-residents-join-her-new-year’s-day-fitdc-fresh-start-5k,1
Mayor Bowser Invites Residents to Kick Off the New Year by Participating in the #FITDC Fresh Start Virtual 5K | dpr,/release/mayor-bowser-invites-residents-kick-new-year-participating-fitdc-fresh-start-virtual-5k,5
Mayor Bowser Invites Residents to Participate in the 5th Annual FITDC HerStory 5K Celebrating Women’s History Month | dpr,/release/mayor-bowser-invites-residents-participate-5th-annual-fitdc-herstory-5k-celebrating-women’s,6
Mayor Bowser Invites Residents to Register for the 11th Annual Fresh Start 5K | dpr,/release/mayor-bowser-invites-residents-register-11th-annual-fresh-start-5k,12
Mayor Bowser Invites Residents to Register for the 7th Annual FITDC HerStory 5K and Kids Dash | dpr,/release/mayor-bowser-invites-residents-register-7th-annual-fitdc-herstory-5k-and-kids-dash,4
Mayor Bowser Invites Residents to Run Through the Tape at the 12th Annual Fresh Start 5K | dpr,/node/1808616,6
Mayor Bowser Invites Residents to Run Through the Tape at the 12th Annual Fresh Start 5K | dpr,/release/mayor-bowser-invites-residents-run-through-tape-12th-annual-fresh-start-5k,65
Mayor Bowser Invites Residents to the #FITDC Herstory 5K | dpr,/release/mayor-bowser-invites-residents-fitdc-herstory-5k,6
Mayor Bowser Kicks Off #BacktoSummer by Opening 2021 Outdoor Pool Season at Renovated Woody Ward Recreation Center | dpr,/release/mayor-bowser-kicks-backtosummer-opening-2021-outdoor-pool-season-renovated-woody-ward-0,5
Mayor Bowser Kicks Off #BacktoSummer by Opening 2021 Outdoor Pool Season at Renovated Woody Ward Recreation Center | dpr,/release/mayor-bowser-kicks-backtosummer-opening-2021-outdoor-pool-season-renovated-woody-ward-1,3
Mayor Bowser Kicks Off 2016 Outdoor Pool Season | dpr,/release/mayor-bowser-kicks-2016-outdoor-pool-season,1
Mayor Bowser Kicks Off 2017 Outdoor Pool Season | dpr,/release/mayor-bowser-kicks-2017-outdoor-pool-season,1
Mayor Bowser Kicks Off 2019 Outdoor Pool Season and Celebrates DC’s #1 Ranked Park System | dpr,/release/mayor-bowser-kicks-2019-outdoor-pool-season-and-celebrates-dc’s-1-ranked-park-system,1
"Mayor Bowser Kicks Off Pride Celebrations, Highlights New Investments in DC’s LGBTQ+ Community, and Invites Residents to Join Her at the Return of the Capital Pride Parade | dpr",/release/mayor-bowser-kicks-pride-celebrations-highlights-new-investments-dc’s-lgbtq-community-and,7
"Mayor Bowser Kicks Off Summer Camps, Free Summer Meals, and Other Standout Summer Resources | dpr",/release/mayor-bowser-kicks-summer-camps-free-summer-meals-and-other-standout-summer-resources,1
Mayor Bowser Launches DC Into Summer by Highlighting Recreational and Educational Resources for Youth | dpr,/release/mayor-bowser-launches-dc-summer-highlighting-recreational-and-educational-resources-youth,3
Mayor Bowser Launches Free Summer Camp-At-Home Option with DC Department of Parks and Recreation | dpr,/release/mayor-bowser-launches-free-summer-camp-home-option-dc-department-parks-and-recreation,2
Mayor Bowser Launches New Youth Development Professional Certification Program at George Washington University | dpr,/release/mayor-bowser-launches-new-youth-development-professional-certification-program-george,13
"Mayor Bowser Marks Start of Hypothermia Season, Urges Residents to Stay Vigilant and Support Neighbors in Need of Warmth and Shelter | dpr",/release/mayor-bowser-marks-start-hypothermia-season-urges-residents-stay-vigilant-and-support,4
"Mayor Bowser Opens Outdoor Pool Season as Washington, DC Is Named #1 Park System for Fourth Consecutive Year | dpr",/release/mayor-bowser-opens-outdoor-pool-season-washington-dc-named-1-park-system-fourth-consecutive,10
Mayor Bowser Opens Registration for Parks and Recreation’s Spring 2020 Programs | dpr,/release/mayor-bowser-opens-registration-parks-and-recreation’s-spring-2020-programs,5
Mayor Bowser Presents 2018 Senior Fest | dpr,/release/mayor-bowser-presents-2018-senior-fest,1
Mayor Bowser Presents 36th Annual DC Senior Games | dpr,/release/mayor-bowser-presents-36th-annual-dc-senior-games,4
"Mayor Bowser Presents Dozens of Fun, Free Halloween Events for Children, Teens, and Adults Across the District | dpr",/release/mayor-bowser-presents-dozens-fun-free-halloween-events-children-teens-and-adults-across,10
Mayor Bowser Reminds Families that the DPR Summer Camp Lottery Opens February 14 | dpr,/release/mayor-bowser-reminds-families-dpr-summer-camp-lottery-opens-february-14,6
"Mayor Bowser Reminds Residents Registration for DPR Winter Programs Opens on Tuesday, November 4 and Wednesday, November 5 | dpr",/node/1804681,5
"Mayor Bowser Reminds Residents Registration for DPR Winter Programs Opens on Tuesday, November 4 and Wednesday, November 5 | dpr",/release/mayor-bowser-reminds-residents-registration-dpr-winter-programs-opens-tuesday-november-4-and,108
Mayor Bowser Shifts 8th Annual #FITDC Fresh Start 5K to Virtual Event | dpr,/release/mayor-bowser-shifts-8th-annual-fitdc-fresh-start-5k-virtual-event,8
Mayor Bowser Signals Return to Recreation with Fall Programing | dpr,/release/mayor-bowser-signals-return-recreation-fall-programing,7
"Mayor Bowser Supports Summer Programming for 1,000 Youth Through $1.5 Million in Grant Awards | dpr",/node/1774486,8
"Mayor Bowser Supports Summer Programming for 1,000 Youth Through $1.5 Million in Grant Awards | dpr",/release/mayor-bowser-supports-summer-programming-1000-youth-through-15-million-grant-awards,11
Mayor Bowser to Announce Grant Opportunities Available Through the Office of Gun Violence Prevention and Department of Parks and Recreation | dpr,/release/mayor-bowser-announce-grant-opportunities-available-through-office-gun-violence-prevention,4
Mayor Bowser to Break Ground at the Marvin Gaye Recreation Center | dpr,/release/mayor-bowser-break-ground-marvin-gaye-recreation-center,1
Mayor Bowser to Break Ground on Fort Davis Community Center and Park | dpr,/release/mayor-bowser-break-ground-fort-davis-community-center-and-park,26
Mayor Bowser to Break Ground on New Edgewood Recreation Center | dpr,/release/mayor-bowser-break-ground-new-edgewood-recreation-center,2
Mayor Bowser to Celebrate 4th Annual Chuck Brown Day | dpr,/release/mayor-bowser-celebrate-4th-annual-chuck-brown-day,7
Mayor Bowser to Celebrate Grand Reopening of the DPR Fort Dupont Ice Arena Following $39 Million Renovation | dpr,/release/mayor-bowser-celebrate-grand-reopening-dpr-fort-dupont-ice-arena-following-39-million,19
Mayor Bowser to Celebrate Marvin Gaye Day with Ribbon Cutting On Marvin Gaye Recreation Center | dpr,/release/mayor-bowser-celebrate-marvin-gaye-day-ribbon-cutting-marvin-gaye-recreation-center,1
"Mayor Bowser to Celebrate Modernization of Kenilworth Recreation Center, Announce New DPR Permit and Application Process | dpr",/release/mayor-bowser-celebrate-modernization-kenilworth-recreation-center-announce-new-dpr-permit,3
Mayor Bowser to Celebrate New Youth Development Certification Program at George Washington University | dpr,/release/mayor-bowser-celebrate-new-youth-development-certification-program-george-washington,3
Mayor Bowser to Celebrate Women’s History Month with Virtual #FITDC HerStory 5K | dpr,/release/mayor-bowser-celebrate-women’s-history-month-virtual-fitdc-herstory-5k,4
Mayor Bowser to Cut the Ribbon on Audi Field | dpr,/release/mayor-bowser-cut-ribbon-audi-field,2
Mayor Bowser to Cut the Ribbon on Palisades Recreation Center and Walk in the 4th of July Parade | dpr,/release/mayor-bowser-cut-ribbon-palisades-recreation-center-and-walk-4th-july-parade,1
Mayor Bowser to Cut the Ribbon on the First Dog Park East of the River | dpr,/release/mayor-bowser-cut-ribbon-first-dog-park-east-river,2
"Mayor Bowser to Highlight Investments in Building a Safer, Stronger DC | dpr",/release/mayor-bowser-highlight-investments-building-safer-stronger-dc,5
Mayor Bowser to Highlight Investments in DC’s #1 Ranked Park System at Kickoff of 2022 Outdoor Pool Season | dpr,/release/mayor-bowser-highlight-investments-dcs-1-ranked-park-system-kickoff-2022-outdoor-pool,1
Mayor Bowser to Host 4th Annual Fit DC Fresh Start 5K Run/Walk | dpr,/release/mayor-bowser-host-4th-annual-fit-dc-fresh-start-5k-runwalk,1
Mayor Bowser to Host 4th Annual Fit DC Fresh Start 5K Run/Walk | dpr,/release/mayor-bowser-host-4th-annual-fit-dc-fresh-start-5k-runwalk-0,2
Mayor Bowser to Kick Off #BacktoBasicsDC Week with Start of DC Summer Camps and DC Summer Meals Program | dpr,/release/mayor-bowser-kick-backtobasicsdc-week-start-dc-summer-camps-and-dc-summer-meals-program,1
Mayor Bowser to Kick Off 2017 Outdoor Pool Season | dpr,/release/mayor-bowser-kick-2017-outdoor-pool-season,6
Mayor Bowser to Kick Off 2019 Outdoor Pool Season and Celebrate DC’s #1 Ranked Park System | dpr,/release/mayor-bowser-kick-2019-outdoor-pool-season-and-celebrate-dc’s-1-ranked-park-system,1
Mayor Bowser to Launch “Be Downtown Specials” with Visit to Roasting Plant Coffee | dpr,/release/mayor-bowser-launch-“be-downtown-specials”-visit-roasting-plant-coffee,3
Mayor Bowser to Launch Applications for the 2023 Mayor Marion S. Barry Summer Youth Employment Program | dpr,/release/mayor-bowser-launch-applications-2023-mayor-marion-s-barry-summer-youth-employment-program,5
Mayor Bowser to Open Select Spray Parks Due to Expected High Temperatures | dpr,/release/mayor-bowser-open-select-spray-parks-due-expected-high-temperatures,1
"Mayor Bowser to Recognize National Reentry Month and Highlight Investments in Safer, Stronger Communities | dpr",/release/mayor-bowser-recognize-national-reentry-month-and-highlight-investments-safer-stronger,4
Mayor Bowser to Set Tone for 2020 by Hosting 6th Annual #FitDC Fresh Start 5K Run/Walk in Anacostia | dpr,/release/mayor-bowser-set-tone-2020-hosting-6th-annual-fitdc-fresh-start-5k-runwalk-anacostia,9
"Mayor Bowser, DPR, and MPD Team Up with Commanders QB, Jacoby Brissett, for a Community Bike Ride with DC Youth | dpr",/release/mayor-bowser-dpr-and-mpd-team-commanders-qb-jacoby-brissett-community-bike-ride-dc-youth,6
Mayor Gray and Brown Family Participate in Ground-Breaking Ceremony for New Chuck Brown Memorial Park | dpr,/release/mayor-gray-and-brown-family-participate-ground-breaking-ceremony-new-chuck-brown-memorial,1
Mayor Gray and District Agencies to Launch 2013 One City Summer & Truck Touch | dpr,/release/mayor-vincent-c-gray-district-agencies-launch-2013-one-city-summer-truck-touch-dpr,5
Mayor Gray and DPR Host Visit By Major League Legend Pedro Martinez | dpr,/release/mayor-gray-and-dpr-host-visit-major-league-legend-pedro-martinez,4
Mayor Gray Announces Expansion of Playground Renovation Project | dpr,/node/493842,11
Mayor Gray Announces Six New Appointments To His Administration | dpr,/release/mayor-gray-announces-six-new-appointments-his-administration-0,8
Mayor Gray Announces Winners of Sustainable DC Budget Challenge Contest | dpr,/release/mayor-gray-announces-winners-sustainable-dc-budget-challenge-contest-0,5
Mayor Gray Asks Residents to Offer Feedback for Playground Designs in Play DC: The Playground Improvement Project | dpr,/release/mayor-gray-asks-residents-offer-feedback-playground-designs-play-dc-playground-improvement-0,5
Mayor Gray Cuts Ribbon on New Harry Thomas Sr. Playground | dpr,/release/mayor-gray-cuts-ribbon-new-harry-thomas-sr-playground,8
Mayor Gray Cuts the Ribbon on New Fort Greble Playground | dpr,/release/mayor-gray-cuts-ribbon-new-fort-greble-playground,1
Mayor Gray Cuts the Ribbon on the 20th Play DC Playground | dpr,/release/mayor-gray-cuts-ribbon-20th-play-dc-playground,5
Mayor Gray Cuts the Ribbon on the New Hillcrest Playground | dpr,/release/mayor-gray-cuts-ribbon-new-hillcrest-playground,4
Mayor Gray Cuts the Ribbon on the Renovated Douglass Playground | dpr,/release/mayor-gray-cuts-ribbon-renovated-douglass-playground,2
Mayor Gray Dedicates Mamie Johnson Field | dpr,/release/mayor-gray-dedicates-mamie-johnson-field,7
Mayor Gray Hosts Fort Stanton Community Day and Cuts the Ribbon on Renovated Recreation Center and Playground | dpr,/release/mayor-gray-hosts-fort-stanton-community-day-and-cuts-ribbon-renovated-recreation-center-and,6
Mayor Gray Launches Eighth Season of MuralsDC at William H. Rumsey Aquatic Facility | dpr,/release/mayor-gray-launches-8th-season-muralsdc-william-h-rumsey-aquatic-facility,2
Mayor Gray to Break Ground on Chuck Brown Memorial Park | dpr,/release/mayor-gray-break-ground-chuck-brown-memorial-park,1
Mayor Gray to Celebrate 20th Play DC Opening at Benning Park | dpr,/release/mayor-gray-celebrate-20th-play-dc-opening-benning-park-0,5
Mayor Gray to Cut Ribbon on Harry Thomas Sr. Playground | dpr,/release/mayor-gray-cut-ribbon-harry-thomas-sr-playground,4
Mayor Gray to Cut Ribbon on New Fort Greble Playground | dpr,/release/mayor-gray-cut-ribbon-new-fort-greble-playground,4
Mayor Gray to Cut Ribbon on New Hamilton Playground | dpr,/release/mayor-gray-cut-ribbon-new-hamilton-playground,5
Mayor Gray to Cut Ribbon on New Noyes Playground | dpr,/release/mayor-gray-cut-ribbon-new-noyes-playground-0,1
Mayor Gray to Cut the Ribbon on Volta Park Playground | dpr,/release/mayor-gray-cut-ribbon-volta-park-playground-2,1
Mayor Gray to Host Upcoming Senior Picnic Fest | dpr,/release/mayor-gray-host-upcoming-senior-picnic-fest,3
Mayor Muriel Bowser's Fit DC Fresh Start 5K | dpr,/page/mayor-muriel-bowsers-fit-dc-fresh-start-5k,1097
Mayor Muriel Bowser's FITDC Fresh Start 5K | dpr,/page/mayor-muriel-bowsers-fitdc-fresh-start-5k,558
Mayor Vincent C Gray Kicks Off Summer Fun by Opening District Outdoor Swimming Pools and Spray Parks | dpr,/release/mayor-vincent-c-gray-kicks-summer-fun-opening-district-outdoor-swimming-pools-and-spray,6
Mayor Vincent C Gray Kicks Off the Opening of the District's Outdoor Swimming Pools at the Newly Renovated Rosedale Community Center | dpr,/release/mayor-vincent-c-gray-kicks-opening-districts-outdoor-swimming-pools-newly-renovated-rosedale,5
Mayor Vincent C. Gray and Other Officials Break Ground on New Raymond Recreation Center Project | dpr,/release/mayor-vincent-c-gray-and-other-officials-break-ground-new-raymond-recreation-center-project,6
"Mayor Vincent C. Gray Announces DC Government Closed Monday, December 24, 2012 | dpr",/release/mayor-vincent-c-gray-announces-dc-government-closed-monday-december-24-2012,33
Mayor Vincent C. Gray Cuts the Ribbon on the Renovated Bald Eagle Recreation Center & Dr. Arnold W. McKnight Boxing Annex | dpr,/release/mayor-vincent-c-gray-cuts-ribbon-renovated-bald-eagle-recreation-center-dr-arnold-w-mcknight,5
Mayor Vincent C. Gray Issues Statement on the Passing of Councilmember Marion Barry | dpr,/release/mayor-vincent-c-gray-issues-statement-passing-councilmember-marion-barry,2
Mayor Vincent C. Gray Kicks Off an Exciting 2012 Pop Warner Season | dpr,/release/mayor-vincent-c-gray-kicks-exciting-2012-pop-warner-season,4
Mayor Vincent C. Gray Launches Eighth Season of MuralsDC at William H. Rumsey Aquatic Facility | dpr,/release/mayor-vincent-c-gray-launches-eighth-season-muralsdc-william-h-rumsey-aquatic-facility,27
"Mayor Vincent C. Gray Launches Murals DC Eighth Season with DPW, DCCAH, DPR & Aniekan Udofia | dpr",/event/mayor-vincent-c-gray-launches-murals-dc-eighth-season-dpw-dccah-dpr-aniekan-udofia,2
Mayor Vincent C. Gray Recognizes Washington Kastles for 3rd World Team Tennis Title & 2nd Undefeated Season  | dpr,/release/mayor-vincent-c-gray-recognizes-washington-kastles-3rd-world-team-tennis-title-2nd-0,1
Mayor Vincent C. Gray Taps Current DPR Director Jesús Aguirre as New State Superintendent of Education | dpr,/release/mayor-vincent-c-gray-taps-current-dpr-director-jesús-aguirre-new-state-superintendent-dpr,3
Mayor Vincent C. Gray to Host 2012 Senior Fest | dpr,/release/mayor-vincent-c-gray-host-2012-senior-fest,5
Mayor Vincent C. Gray Unveils New Department of Parks and Recreation Headquarters and Announces Summer Program of Activities | dpr,/release/mayor-vincent-c-gray-unveils-new-department-parks-and-recreation-headquarters-and-announces,10
"Mayor Vincent C. Gray, District Agencies to Kick off One City Summer | dpr",/release/mayor-vincent-c-gray-district-agencies-kick-one-city-summer-0,4
Mayor Vincent Gray And Other Leaders Open Rehabilitated Chevy Chase Recreation Center | dpr,/release/mayor-vincent-gray-and-other-leaders-open-rehabilitated-chevy-chase-recreation-center,7
Mayor Vincent Gray And Other Officials Open Rehabilitated Field And Playground Facilities At Watkins Elementary School | dpr,/release/mayor-vincent-gray-and-other-officials-open-rehabilitated-field-and-playground-facilities,6
Mayor Vincent Gray Announces 6th Annual Blacks in Wax | dpr,/release/mayor-vincent-gray-announces-6th-annual-blacks-wax,3
Mayor Vincent Gray Extends Operating Hours of DC Pools | dpr,/release/mayor-vincent-gray-extends-operating-hours-dc-pools,6
Mayor Vincent Gray Joins Walmart and Partners in Rally to Assist Thousands With Free Summer Meals Program and Health Living | dpr,/release/mayor-vincent-gray-joins-walmart-and-partners-rally-assist-thousands-free-summer-meals,8
Mayoral Ground Breaking Ceremony for the Marvin Gaye Recreation Center Playground - Marvin Gaye Recreation Center | dpr,/event/mayoral-ground-breaking-ceremony-marvin-gaye-recreation-center-playground-marvin-gaye,1
Mayoral Ribbon Cutting Ceremony for the Douglass Community Center Playground - Douglass Community Center | dpr,/event/mayoral-ribbon-cutting-ceremony-douglass-community-center-playground-douglass-community-center,2
Mayoral Ribbon Cutting Ceremony for the Harry Thomas Sr. Recreation Center Playground | dpr,/event/mayoral-ribbon-cutting-ceremony-harry-thomas-sr-recreation-center-playground,2
Mayoral Ribbon Cutting Ceremony for the Turkey Thicket Recreation Center Playground - Turkey Thicket Recreation Center | dpr,/event/mayoral-ribbon-cutting-ceremony-turkey-thicket-recreation-center-playground-turkey-thicket,2
Mayoral Ribbon-Cutting Ceremony for the Barry Farm Aquatic Center - Barry Farm Aquatic Center | dpr,/event/mayoral-ribbon-cutting-ceremony-barry-farm-aquatic-center-barry-farm-aquatic-center,7
Mayoral Ribbon-Cutting Ceremony for the Benning Park Community Center Playground | dpr,/event/mayoral-ribbon-cutting-ceremony-benning-park-community-center-playground-0,3
Mayoral Ribbon-Cutting Ceremony for the Fort Greble Recreation Center Playground | dpr,/event/mayoral-ribbon-cutting-ceremony-fort-greble-recreation-center-playground,3
Mayoral Ribbon-Cutting Ceremony for the Hamilton Recreation Center Playground | dpr,/event/mayoral-ribbon-cutting-ceremony-hamilton-recreation-center-playground,4
Mayoral Ribbon-Cutting Ceremony for the Hillcrest Recreation Center Playground | dpr,/am/node/728202,4
Mayoral Ribbon-Cutting Ceremony for the Hillcrest Recreation Center Playground | dpr,/event/mayoral-ribbon-cutting-ceremony-hillcrest-recreation-center-playground,2
Mayoral Ribbon-Cutting Ceremony for the Kenilworth Recreation Center | dpr,/event/mayoral-ribbon-cutting-ceremony-kenilworth-recreation-center,1
Mayoral Ribbon-Cutting Ceremony for the Renovated Stead Field - Stead Recreation Center Field | dpr,/event/mayoral-ribbon-cutting-ceremony-renovated-stead-field-stead-recreation-center-field,2
Mayoral Ribbon-Cutting Ceremony for the Rose Park Recreation Center Playground - Rose Park Recreation Center | dpr,/event/mayoral-ribbon-cutting-ceremony-rose-park-recreation-center-playground-rose-park-recreation,1
Medicinal & Edible Herbs - Raymond Recreation Center | dpr,/event/medicinal-edible-herbs-raymond-recreation-center,2
Medstar Information Session - Brentwood Recreation Center | dpr,/event/medstar-information-session-brentwood-recreation-center,2
Memberships and Passes | dpr,/am/service/memberships-and-passes,2
Memberships and Passes | dpr,/ar/service/memberships-and-passes,30
Memberships and Passes | dpr,/es/service/memberships-and-passes,9
Memberships and Passes | dpr,/ko/service/memberships-and-passes,5
Memberships and Passes | dpr,/node/1273826,245
Memberships and Passes | dpr,/service/memberships-and-passes,2958
Midsummer Seed Swap and Container Gardening Workshop - Turkey Thicket Recreation Center Garden | dpr,/event/midsummer-seed-swap-and-container-gardening-workshop-turkey-thicket-recreation-center-garden,2
Mid-Winter Break Camp | dpr,/page/mid-winter-break-camp,164
Mid-Winter Break Camp | dpr,/page/mid-winter-camp,1
Mitchell Park Erosion Control | dpr,/page/mitchell-park-erosion-control,0
Mitchell Park Playground and Basketball Courts to Temporarily Close for the Summer | dpr,/release/mitchell-park-playground-and-basketball-courts-temporarily-close-summer,1
Mitchell Park Recreation Center | dpr,/page/mitchell-park-recreation-center-0,335
Mitchell Park Recreation Center Resumes Normal Operations | dpr,/release/mitchell-park-recreation-center-resumes-normal-operations,1
Mitchell Park Recreation Center to Temporarily Close | dpr,/release/mitchell-park-recreation-center-temporarily-close,2
"MLB, MiLB & USCM's ""Play Ball"" DC Event - King Greenleaf Recreation Center | dpr",/event/mlb-milb-uscms-play-ball-dc-event-king-greenleaf-recreation-center,6
Modified District Government Services for 2021 Fourth of July | dpr,/release/modified-district-government-services-2021-fourth-july,1
Modified District Government Services for Christmas Day | dpr,/release/modified-district-government-services-christmas-day,1
Modified District Government Services for Christmas Eve and Christmas Day | dpr,/release/modified-district-government-services-christmas-eve-and-christmas-day-2021,1
Modified District Government Services for DC Emancipation Day | dpr,/release/modified-district-government-services-dc-emancipation-day,1
Modified District Government Services for Indigenous Peoples’ Day | dpr,/release/modified-district-government-services-indigenous-peoples’-day,1
Modified District Government Services for Indigenous Peoples’ Day | dpr,/release/modified-district-government-services-indigenous-peoples’-day-0a,14
Modified District Government Services for Labor Day | dpr,/release/modified-district-government-services-labor-day-0a,1
Modified District Government Services for Labor Day 2021 | dpr,/release/2021-modified-district-government-services-labor-day,1
"Modified District Government Services for Martin Luther King, Jr.’s Birthday | dpr",/release/modified-district-government-services-martin-luther-king-jr-birthday,4
Modified District Government Services for Memorial Day 2021 | dpr,/release/modified-district-government-services-memorial-day-2021,1
Modified District Government Services for New Year’s Day | dpr,/release/modified-district-government-services-new-year’s-day,3
Modified District Government Services for New Year's Day 2022 | dpr,/release/modified-district-government-services -new-years-day-2022,1
Modified District Government Services for Thanksgiving | dpr,/release/modified-district-government-services-thanksgiving,6
Modified District Government Services for Thanksgiving Day | dpr,/release/modified-district-government-services-thanksgiving-day,1
Modified District Government Services for Thanksgiving Day 2022 | dpr,/release/-2022-modified-district-government-services-thanksgiving-day,7
Modified District Government Services for the Fourth of July | dpr,/release/modified-district-government-services-fourth-july,5
Modified District Government Services for Veterans Day | dpr,/release/modified-district-government-services-veterans-day,41
Modified District Government Services for Veterans Day 2020 | dpr,/release/modified-district-government-services-veterans-day-2020,1
Modified District Government Services for Christmas Day 2022 | dpr,/release/2022-modified-district-government-services-christmas-day,2
Modified Government Services for Martin Luther King Jr.’s Birthday | dpr,/release/modified-district-government-services-for-martin-luther-king-jr-birthday-2022,1
Modified Holiday Schedule for Select District Services | dpr,/release/dc/modified-holiday-schedule-select-district-services-3,2
Modified Holiday Schedule for Select District Services | dpr,/release/mayor/modified-holiday-schedule-select-district-services-2,1
Modified Holiday Schedule for Select District Services | dpr,/release/modified-holiday-schedule-select-district-services-0001,1
Modified Holiday Schedule for Select District Services | dpr,/release/modified-holiday-schedule-select-district-services-016,9
Modified Holiday Schedule for Select District Services | dpr,/release/modified-holiday-schedule-select-district-services-dec-jan,2
Modified Holiday Schedule for Select District Services Christmas Day 2019 and New Year's Day 2020 | dpr,/release/modified-holiday-schedule-select-district-services-christmas-day-2019-and-new-years-day-2020,9
Modified District Government Services for Independence Day | dpr,/release/modified-district-government-services-for-independence-day,3
Modified District Government Services for Juneteenth | dpr,/release/modified-district-government-services-juneteenth25,5
Modified District Government Services for Juneteenth | dpr,/release/modified district-government-services-juneteenth,1
Modified District Government Services for DC Emancipation Day | dpr,/release/modified-district-government-services-dc-emancipation,4
Modified District Government Services for DC Emancipation Day | dpr,/release/modified-district-government-services-emancipation-day-april-2025,1
Modified District Government Services for Labor Day | dpr,/node/1796876,5
Modified District Government Services for Labor Day | dpr,/release/modified district-government-services-labor-day-25,22
Modified District Government Services for Labor Day | dpr,/release/modified district-government-services- labor-day,1
Modified District Government Services for Martin Luther King Jr. Day | dpr,/release/modified-district-government-services-martin-luther-king-jr-day,2
Modified District Government Services for Memorial Day | dpr,/release/modified-dc-government-services-memorial-day-2025,2
Modified District Government Services for Indigenous Peoples’ Day | dpr,/release/modified district government services -indigenous-peoples’-day,4
Mommy & Me Tea - Hearst Recreation Center | dpr,/event/mommy-me-tea-hearst-recreation-center,1
Moonlight Breakfast - Rosedale Community Center | dpr,/event/moonlight-breakfast-rosedale-community-center,3
More DPR Closures - in Response to COVID-19 | dpr,/release/more-dpr-closures-response-covid-19,4
Mother's Day Dinner and Talent Show - Turkey Thicket Recreation Center | dpr,/event/mothers-day-dinner-and-talent-show-turkey-thicket-recreation-center,2
Move Grow Be Green Radio Show - Radio One's WOL News Talk 1450 am | dpr,/event/move-grow-be-green-radio-show-radio-ones-wol-news-talk-1450-am-1,3
Move into March with DPR | dpr,/release/move-march-dpr,2
Movie Night - “The Legend of Cool ‘Disco’ Dan” - Harrison Recreation Center | dpr,/event/movie-night-“-legend-cool-‘disco’-dan”-harrison-recreation-center,3
Movie Night - Deanwood Recreation Center | dpr,/event/movie-night-deanwood-recreation-center,2
Movie Night Out - Barry Farm Recreation Center | dpr,/node/1088092/page_view_timing/spa/spa/aggregate,1
Movie Night Out - Langdon Park Community Center | dpr,/event/movie-night-out-langdon-park-community-center,1
Movie Night Out - Marvin Gaye Park | dpr,/event/movie-night-out-marvin-gaye-park-2,1
Movie Night Out - Roving Leaders | dpr,/event/movie-night-out-roving-leaders-0,3
Movie Night Out - Takoma Community Center | dpr,/event/movie-night-out-takoma-community-center,1
Movie Night Out - Woodland Terrace | dpr,/event/movie-night-out-woodland-terrace-0,1
Movie Night Out in the Community - Roving Leaders | dpr,/event/movie-night-out-community-roving-leaders-13,3
Movie Night Out in the Community - Roving Leaders | dpr,/event/movie-night-out-community-roving-leaders-7,2
Movie Night Out in the Community: Roving Leaders | dpr,/am/node/1054022,2
Movie Night Out in the Community: Roving Leaders | dpr,/event/movie-night-out-community-roving-leaders-25,4
Movie Night Out in the Community: Roving Leaders | dpr,/event/movie-night-out-community-roving-leaders-29,1
Movie Night Out in the Community: Roving Leaders | dpr,/fr/node/1054012,2
Music in Gardens - Raymond Recreation Center | dpr,/event/music-gardens-raymond-recreation-center,3
My School DC EdFEST - DC Armory | dpr,/event/my-school-dc-edfest-dc-armory,1
National Kids to Parks Day @ Stead Rec Ctr | dpr,/event/national-kids-parks-day-stead-rec-ctr,2
National Park Service Fields Closed | dpr,/release/national-park-service-fields-closed,7
National Parks | dpr,/node/1237411,83
National Parks | dpr,/page/national-parks,184
National Symphony Orchestra Presents NSO In Your Neighborhood - Sherwood Recreation Center | dpr,/ar/node/748922,2
National Symphony Orchestra Presents NSO In Your Neighborhood - Sherwood Recreation Center | dpr,/es/node/748922,1
National Symphony Orchestra Presents NSO In Your Neighborhood - Sherwood Recreation Center | dpr,/event/national-symphony-orchestra-presents-nso-your-neighborhood-sherwood-recreation-center,2
Naturalist Certification Course | dpr,/page/naturalist-certification-course,77
"New Jersey & O Street, NW | dpr",/page/new-jersey-o-street-nw-0,17
New Marvin Gaye Recreation Center Opens with Festival | dpr,/release/new-marvin-gaye-recreation-center-opens-festival-00,8
New Tech Lounges Launch at Three Recreation Centers | dpr,/release/new-tech-lounges-launch-three-recreation-centers,3
New York Avenue Recreation Center | dpr,/newyorkavenue,330
New York Avenue Recreation Center | dpr,/page/new-york-avenue-recreation-center,2
Newark Dog Park Aerial View | dpr,/publication/newark-dog-park-aerial-view,2
Newark Dog Park Final Concept | dpr,/publication/newark-dog-park-final-concept,2
Newark Dog Park Materials Board | dpr,/publication/newark-dog-park-materials-board,2
Newark Dog Park Site Plan | dpr,/publication/newark-dog-park-site-plan,3
Newark Street Dog Park | dpr,/page/newark-street-dog-park,12
News Room | dpr,/newsroom,442
News Room | dpr,/newsroom/,1
News Room | dpr,/newsroom/in_the_news,23
News Room | dpr,/newsroom/press-releases,11
nolan.treadway | dpr,/user/73601/imce,4
nolan.treadway | dpr,/users/nolantreadway,20
North Michigan Park Halloween Party | dpr,/event/north-michigan-park-halloween-party,1
North Michigan Park Recreation Center | dpr,/node/1237826,70
North Michigan Park Recreation Center | dpr,/northmichiganpark,549
North Michigan Park Recreation Center | dpr,/page/north-michigan-park-recreation-center-0,1
North Michigan Park Recreation Center Temporarily Closed | dpr,/release/north-michigan-park-recreation-center-temporarily-closed,1
North Michigan Park Recreation Center Temporarily Closed on 9/3/14 | dpr,/release/north-michigan-park-recreation-center-temporarily-closed-9314,1
North Michigan Renovations | dpr,/page/north-michigan-renovations,2
North Shaw Dog Park (625 T Street NW) | dpr,/page/north-shaw-dog-park-625-t-street-nw,22
Nova Synchronized Swim Meet - Takoma Aquatic Center | dpr,/event/nova-synchronized-swim-meet-takoma-aquatic-center,2
Noyes Park Redevelopment | dpr,/page/noyes-park-redevelopment-0,1
"NRPA and DC Department of Parks and Recreation to Host U.S. Secretary of Agriculture, Sonny Perdue, at Turkey Thicket Recreation Center | dpr",/release/nrpa-and-dc-department-parks-and-recreation-host-us-secretary-agriculture-sonny-perdue,2
October Fest - Rosedale Community Center | dpr,/event/october-fest-rosedale-community-center,3
One City Youth Initiative Summer Kickoff at Truck Touch - RFK Stadium - Lot 7 | dpr,/event/one-city-youth-initiative-summer-kickoff-truck-touch-rfk-stadium-lot-7,2
Online Services | dpr,/online-services,83
Online Services | dpr,/online-services/1000,2
Open Government and FOIA | dpr,/ar/page/foia-requests-dpr,1
Open Government and FOIA | dpr,/es/page/foia-requests-dpr,6
Open Government and FOIA | dpr,/page/foia-requests-dpr,68
Open Government and FOIA | dpr,/vi/page/foia-requests-dpr,2
Open Registration for Winter Programs | dpr,/event/open-registration-winter-programs,5
Oral Health Assessment Form | dpr,/publication/oral-health-assessment-form,4
Our Mission | dpr,/page/our-mission,108
Out of School Time (OSTP) | dpr,/page/out-school-time-ostp,133
Outdoor Explorer Family Adventures | dpr,/event/outdoor-explorer-family-adventures,3
Outdoor Explorer Family Adventures | dpr,/event/outdoor-explorer-family-adventures-0,2
Outdoor Explorer Family Adventures | dpr,/event/outdoor-explorer-family-adventures-1,3
Outdoor Explorer Family Adventures | dpr,/event/outdoor-explorer-family-adventures-2,2
Outdoor Explorer Family Adventures | dpr,/event/outdoor-explorer-family-adventures-6,2
Outdoor Explorer Family Adventures | dpr,/fr/node/748702,1
Outdoor Explorer Family Adventures | dpr,/node/748702,1
Outdoor Pools | dpr,/am/page/outdoor-pools,2
Outdoor Pools | dpr,/ar/page/outdoor-pools,1
Outdoor Pools | dpr,/es/page/outdoor-pools,4
Outdoor Pools | dpr,/fr/page/outdoor-pools,13
Outdoor Pools | dpr,/ko/page/outdoor-pools,4
Outdoor Pools | dpr,/node/1236931,7
Outdoor Pools | dpr,/outdoorpools,8
Outdoor Pools | dpr,/page/outdoor-pools,1094
Outdoor Pools | dpr,/vi/page/outdoor-pools,2
Outdoor Pools to Remain Closed for the Remainder of the Summer Season | dpr,/release/outdoor-pools-remain-closed-remainder-summer-season,5
Oxon Run Pool | dpr,/page/oxon-run-pool-01,49
Palisades Athletic Field Renovation | dpr,/page/palisades-athletic-field-renovation,1
Palisades Community Center | dpr,/node/1237836,355
Palisades Community Center | dpr,/page/palisades-community-center,1
Palisades Community Center | dpr,/page/palisades-community-center-0,1
Palisades Community Center | dpr,/palisades,1211
Palisades Community Workshop - Palisades Community Center | dpr,/event/palisades-community-workshop-palisades-community-center,2
"Palisades Playground to Temporarily Close August 28, 2013 | dpr",/release/palisades-playground-temporarily-close-august-28-2013,1
"Palisades Playground to Temporarily Close August 5 & 19, 2013 | dpr",/release/palisades-playground-temporarily-close-august-5-19-2013,1
"Palisades, Hardy, Hearst and Chevy Chase Recreation Centers Closed for Friday, February 14 | dpr",/release/palisades-hardy-hearst-and-chevy-chase-recreation-centers-closed-friday-february-14,1
Park Clean Up - Triangle Park | dpr,/event/park-clean-triangle-park,2
Park View Beautification Day - Park View Community Center | dpr,/event/park-view-beautification-day-park-view-community-center,4
Park View Children's Pool | dpr,/page/park-view-childrens-pool,9
Park View Children's Pool | dpr,/page/park-view-childrens-pool-1,18
Park View Earth Day Beautification - Park View Community Center | dpr,/event/park-view-earth-day-beautification-park-view-community-center,2
Park View Field Renovations | dpr,/page/park-view-field-renovations,5
Park View Outdoor Water Fountains | dpr,/page/park-view-outdoor-water-fountains,16
Park View Recreation Center | dpr,/page/park-view-community-center,3
Park View Recreation Center | dpr,/page/park-view-recreation-center,366
Park View's International Taste of the World - Park View Community Center | dpr,/event/park-views-international-taste-world-park-view-community-center,5
Parks and Recreation Facilities | dpr,/PAGE/PARKS-AND-RECREATION-FACILITIES,9
Parks and Recreation Facilities | dpr,/es/page/parks-and-recreation-facilities,2
Parks and Recreation Facilities | dpr,/page/parks-and-recreation-facilities,2258
Parks and Recreation Facilities | dpr,/vi/page/parks-and-recreation-facilities,1
Parkview Playcourt Improvement | dpr,/release/parkview-playcourt-improvement,7
Participate in DPR Free Summer Events and Get Your Play On! | dpr,/release/participate-dpr-free-summer-events-and-get-your-play,1
Partners | dpr,/am/node/1253711,2
Partners | dpr,/es/node/1253711,1
Partners | dpr,/fr/node/1253711,8
Partners | dpr,/ko/node/1253711,1
Partners | dpr,/page/become-partner-0,5
Partners | dpr,/page/partners-1,369
Partnerships and Development Division | dpr,/es/page/partnerships-and-development-division,5
Partnerships and Development Division | dpr,/fr/page/partnerships-and-development-division,4
Partnerships and Development Division | dpr,/node/501132,6
Partnerships and Development Division | dpr,/page/partnerships-and-development-division,571
Partnerships and Development Division | dpr,/vi/page/partnerships-and-development-division,1
Party with Santa - Benning Park Community Center | dpr,/event/party-santa-benning-park-community-center,3
People with Disabilities | dpr,/es/service/people-disabilities,4
People with Disabilities | dpr,/service/people-disabilities,30
Permit Windows | dpr,/es/node/1250696,1
Permit Windows | dpr,/fr/node/1250696,3
Permit Windows | dpr,/node/1250696,40
Permit Windows | dpr,/page/permit-windows,1364
Permit Windows | dpr,/vi/node/1250696,1
Petworth Recreation Center | dpr,/petworth,506
Petworth Recreation Center Resumes Normal Operations | dpr,/release/petworth-recreation-center-resumes-normal-operations,2
Petworth Recreation Center Temporarily Closed | dpr,/release/petworth-recreation-center-temporarily-closed,1
Photos - Park View Community Center | dpr,/multimedia/photos-park-view-community-center,2
Photos - Rosedale Community Center | dpr,/multimedia/photos-rosedale-community-center,16
Pickleball | dpr,/node/1633916,86
Pickleball | dpr,/page/pickleball,1
Pickleball | dpr,/pickleball,3408
Picture with Santa - Stead Recreation Center | dpr,/event/picture-santa-stead-recreation-center,2
Play DC Ft. Greble Concept Design | dpr,/publication/play-dc-ft-greble-concept-design,6
Play DC Ft. Stevens Concept Design | dpr,/publication/play-dc-ft-stevens-concept-design,5
Play DC Hamilton Concept Design | dpr,/publication/play-dc-hamilton-concept-design,3
Play DC Harrison Concept Design | dpr,/publication/play-dc-harrison-concept-design,5
Play DC Harry Thomas Concept Design | dpr,/publication/play-dc-harry-thomas-concept-design,8
Play DC Introduction | dpr,/publication/play-dc-introduction,1
Play DC Kennedy Concept Design | dpr,/publication/play-dc-kennedy-concept-design,5
Play DC Macomb Concept Design | dpr,/publication/play-dc-macomb-concept-design,4
Play DC Master Plan - 7 Elements & 21 Big Moves | dpr,/publication/play-dc-master-plan-7-elements-21-big-moves,11
Play DC Master Plan - Vision Framework | March 2014 | dpr,/node/807532,2
Play DC Master Plan - Vision Framework | March 2014 | dpr,/page/play-dc-master-plan-vision-framework-march-2014,5
Play DC Master Plan Vision + Implementation Framework | dpr,/publication/play-dc-master-plan-vision-implementation-framework,2
Play DC Master Plan Vision Framework | dpr,/publication/play-dc-master-plan-vision-framework,4
Play DC Newark Park Concept Design | dpr,/publication/play-dc-newark-park-concept-design,5
Play DC Participatory Design Workbook | dpr,/publication/play-dc-participatory-design-workbook,2
Play DC Playground Community Meeting - Columbia Heights Community Center | dpr,/event/play-dc-playground-community-meeting-columbia-heights-community-center,2
Play DC Playground Community Meeting - Fort Davis Community Center | dpr,/event/play-dc-playground-community-meeting-fort-davis-community-center,90
Play DC Playground Community Meeting - King Greenleaf Recreation Center | dpr,/event/play-dc-playground-community-meeting-king-greenleaf-recreation-center,3
Play DC Playground Community Meeting - Lafayette Elementary School | dpr,/event/play-dc-playground-community-meeting-lafayette-elementary-school,2
Play DC Playground Community Meeting - Sherwood Recreation Center | dpr,/event/play-dc-playground-community-meeting-sherwood-recreation-center,4
Play DC Playground Improvement Initiative | dpr,/node/508632,7
Play DC Playground Improvement Initiative | dpr,/page/play-dc-playground-improvement-initiative,19
Play DC Sherwood Playground Construction | dpr,/page/play-dc-sherwood-playground-construction,1
Play DC Takoma Concept Design | dpr,/publication/play-dc-takoma-concept-design,1
Play DC Turkey Thicket Playground Renovation | dpr,/page/play-dc-turkey-thicket-playground-renovation,2
Play DC Upshur Concept Design | dpr,/publication/play-dc-upshur-concept-design,4
Play DC: Benning Park Playground | dpr,/page/play-dc-benning-park-playground,5
Play DC: Brentwood Playground Renovation | dpr,/page/play-dc-brentwood-playground-renovation,3
Play DC: Emery Playground Renovation | dpr,/page/play-dc-emery-playground-renovation,13
Play DC: Forest Hills Playground Renovation | dpr,/page/play-dc-forest-hills-playground-renovation,100
Play DC: Fort Greble Playground Renovation | dpr,/page/play-dc-fort-greble-playground-renovation,11
Play DC: Fort Stevens Playground Renovation | dpr,/page/play-dc-fort-stevens-playground-renovation,67
Play DC: Guy Mason Playground Renovation | dpr,/page/play-dc-guy-mason-playground-renovation,5
Play DC: Hamilton Playground Renovation | dpr,/page/play-dc-hamilton-playground-renovation,153
Play DC: Harrison Playground Renovation | dpr,/page/play-dc-harrison-playground-renovation,30
Play DC: Harry Thomas Sr. Playground Renovation | dpr,/node/498342,6
Play DC: Harry Thomas Sr. Playground Renovation | dpr,/page/play-dc-harry-thomas-sr-playground-renovation,5
Play DC: Hillcrest Playground Renovation | dpr,/page/play-dc-hillcrest-playground-renovation,6
Play DC: Kennedy Playground Renovation | dpr,/page/play-dc-kennedy-playground-renovation,30
Play DC: Macomb Playground Renovation | dpr,/page/play-dc-macomb-playground-renovation,11
Play DC: Mitchell Park Playground Renovation | dpr,/page/play-dc-mitchell-park-playground-renovation,17
Play DC: Newark Park Playground Renovation | dpr,/page/play-dc-newark-park-playground-renovation,75
Play DC: Noyes Park Playground Renovation | dpr,/page/play-dc-noyes-park-playground-renovation,92
Play DC: Oxon Run Playground Renovation | dpr,/page/play-dc-oxon-run-playground-renovation,10
Play DC: Palisades Playground Renovation | dpr,/page/play-dc-palisades-playground-renovation,1
Play DC: Rose Park Playground Renovation | dpr,/page/play-dc-rose-park-playground-renovation,17
Play DC: Takoma Park Playground Renovation | dpr,/page/play-dc-takoma-park-playground-renovation,114
Play DC: Upshur Playground Renovation | dpr,/page/play-dc-upshur-playground-renovation,65
Playground Inspector RSVP | dpr,/playinspector,40
Playgrounds | dpr,/fr/playgrounds,5
Playgrounds | dpr,/page/playgrounds,1
Playgrounds | dpr,/page/playgrounds-00,3
Playgrounds | dpr,/playgrounds,425
Policies and Procedures | dpr,/am/page/policies-and-procedures-dpr,6
Policies and Procedures | dpr,/node/561842,3
Policies and Procedures | dpr,/page/policies-and-procedures-dpr,120
Pool Rules and Safety | dpr,/PoolRules,6
Pool Rules and Safety | dpr,/node/1338006,123
Pool Rules and Safety | dpr,/page/pool-rules-and-safety,1
Pool Rules and Safety | dpr,/poolrules,276
POSTPONED - Shaw Skate Park Ribbon Cutting | dpr,/release/postponed-shaw-skate-park-ribbon-cutting,4
Postponed - Winter Wonderland Youth Fashion Show - Bald Eagle Recreation Center | dpr,/event/postponed-winter-wonderland-youth-fashion-show-bald-eagle-recreation-center,2
Pot Luck Dinner & Basket Giveaway - Benning Park Community Center | dpr,/event/pot-luck-dinner-basket-giveaway-benning-park-community-center,2
Pre-Thanksgiving Dinner - Petworth Recreation Center | dpr,/event/pre-thanksgiving-dinner-petworth-recreation-center,2
Pre-Thanksgiving Dinner - Upshur Recreation Center | dpr,/event/pre-thanksgiving-dinner-upshur-recreation-center,2
Priority Of Use | dpr,/ar/node/1250636,2
Priority Of Use | dpr,/node/1250636,3
Priority Of Use | dpr,/page/priority-use,169
Private Swim Instruction Protocol | dpr,/node/1634191,275
Private Swim Instruction Protocol | dpr,/release/private-swim-instruction-protocol,40
Private Swim Lessons | dpr,/page/private-swim-lessons,92
Programmatic Partner Application Checklist | dpr,/publication/programmatic-partner-application-checklist,1
Programs and Membership Transaction Regulations | dpr,/node/561852,20
Programs and Membership Transaction Regulations | dpr,/page/programs-and-membership-transaction-regulations,62
Publications | dpr,/Publications/ComplianceGuides/page_view_event/aggregate,1
Publications | dpr,/publications,11
Publications | dpr,/publications/ComplianceGuides/Publications_ComplianceGuide_CX.pdf,1
Publications | dpr,/publications/ComplianceGuides/Publications_ComplianceGuide_DX.pdf,1
Publications | dpr,/publications/maps,1
Publications | dpr,/publications/page_action/aggregate,1
Publications | Page 17 | dpr,/Publications/ComplianceGuides/Publications_ComplianceGuide_ClassA.pdf,1
Publications | Page 19 | dpr,/Publications/ABRA Brochure/page_view_timing/aggregate,2
Publications | Page 19 | dpr,/Publications/ComplianceGuides/Publications_ComplianceGuide_CH.pdf,1
Publications | Page 22 | dpr,/Publications/ABRA Brochure/Publication_ABRA Brochure_020510.pdf,2
Publications | Page 27 | dpr,/publications/metrics/aggregate,1
Publications | Page 8 | dpr,/Publications/ComplianceGuides/session_trace/aggregate,1
Publications List | dpr,/publications-list,2
Quack Fact - Southwest Duck Pond | dpr,/event/quack-fact-southwest-duck-pond,2
Randall Adult Softball League - Schedule and Results | dpr,/service/randall-adult-softball-league-schedule-and-results,4
Randall Pool | dpr,/page/randall-pool,67
Randall Recreation Center | dpr,/page/randall-recreation-center-00,4
Randall Recreation Center | dpr,/randall,817
Randall Recreation Center and Pool Survey | dpr,/randallsurvey,4
Raymond Recreation Center | dpr,/page/raymond-recreation-center,4
Raymond Recreation Center | dpr,/raymond,1064
Raymond Recreation Center and Playground | dpr,/page/raymond-recreation-center-and-playground,428
Raymond Recreation Center Closes to Make Way for a New Facility | dpr,/release/raymond-recreation-center-closes-make-way-new-facility,7
Raymond Recreation Center Image Gallery | dpr,/multimedia/raymond-recreation-center-image-gallery,49
Ready2Play Master Plan Meetings by Ward | dpr,/release/ready2play-master-plan-meetings-ward,8
Rec for ALL Community Grants | dpr,/node/1643916,41
Record High Temperatures Prompt DPR to Extend Weekend Hours for District Pools | dpr,/release/record-high-temperatures-prompt-dpr-extend-weekend-hours-district-pools,4
Recreation Centers and Pools | DC,/service/facility-locator,1
Recreation Wish List Committee Founder and CEO Cora Masters Barry Honored as a ‘Washingtonian Of The Year’ by Washingtonian Magazine | dpr,/release/recreation-wish-list-committee-founder-and-ceo-cora-masters-barry-honored-‘washingtonian,5
RecTrac Home | dpr,/myaccount,18
RecTrac Membership Swipe In Bar Code | dpr,/SwipeIn,14
RecTrac Membership Swipe In Bar Code | dpr,/node/1696996,135
RecTrac Membership Swipe In Bar Code | dpr,/swipeIn,3
RecTrac Membership Swipe In Bar Code | dpr,/swipein,43
Refund Request Form | dpr,/node/1648541,5
Register for a Program | dpr,/ar/node/1686416,1
Register for a Program | dpr,/es/node/1686416,4
Register for a Program | dpr,/fr/node/1686416,1
Register for a Program | dpr,/ko/node/1686416,1
Register for a Program | dpr,/service/register-program,7089
"Register for Camps, Programs & Special Events | dpr",/event/register-camps-programs-special-events,1
Register for December 1st DPR Fun Day | dpr,/release/register-december-1st-dpr-fun-day,1
Register for DPR's Spring Programs | dpr,/node/1140827/page_action/aggregate,1
Register for the 34th Annual DC Senior Games | dpr,/release/register-34th-annual-dc-senior-games,2
Registration for 2019 Summer Programs Open May 1 | dpr,/release/registration-2019-summer-programs-open-may-1,6
Registration for All 2019 Spring Programs Opens February 1 | dpr,/release/registration-all-2019-spring-programs-opens-february-1,2
Registration for Cooperative Play Program | dpr,/release/registration-cooperative-play-program,3
Registration for DPR Fall Programs Begins August 1 | dpr,/release/registration-dpr-fall-programs-begins-august-1,1
"Registration for DPR Spring Break Camp Begins Monday, March 20, 2017 | dpr",/release/registration-dpr-spring-break-camp-begins-monday-march-20-2017,1
Registration for DPR Summer Camps Begins February 4 | dpr,/release/registration-dpr-summer-camps-begins-february-4,2
Registration for DPR Winter Programs Begins October 15 | dpr,/release/registration-dpr-winter-programs-begins-october-15,7
"Registration for DPR Winter Programs to Open Wednesday, November 6, and Thursday, November 7 | dpr",/release/registration-dpr-winter-programs-open-wednesday-november-6-and-thursday-november-7,234
Registration for DPR’s Fall Programs Begins August 14th | dpr,/release/registration-dpr’s-fall-programs-begins-august-14th,1
Registration for DPR’s Fall Programs Begins August 3rd | dpr,/release/registration-dpr’s-fall-programs-begins-august-3rd,2
Registration for DPR’s Spring Programs Begins February 16 | dpr,/release/registration-dpr’s-spring-programs-begins-february-16,2
Registration for DPR’s Spring Programs Begins February 21 | dpr,/release/registration-dpr’s-spring-programs-begins-february-21,3
Registration for DPR’s Summer Programs Begins May 15 | dpr,/release/registration-dpr’s-summer-programs-begins-may-15,6
Registration for DPR’s Winter Programs Begins November 17 | dpr,/release/registration-dpr’s-winter-programs-begins-november-17,5
Registration for DPR’s Winter Programs Begins November 6 | dpr,/release/registration-dpr’s-winter-programs-begins-november-6,1
Registration for DPR's 2014 Summer Camps Opens February 10 | dpr,/release/registration-dprs-2014-summer-camps-opens-february-10,4
Registration Opens for DPR Fall and School-Year Programs on August 12 and 13 | dpr,/release/registration-opens-dpr-fall-and-school-year-programs-august-12-and-13,163
Registration Opens for Winter Wondercamp 2016 | dpr,/event/registration-opens-winter-wondercamp-2016,2
Repairs Continue at Hillcrest Recreation Center | dpr,/release/repairs-continue-hillcrest-recreation-center,1
Repairs Continue at Hillcrest Recreation Center | dpr,/release/repairs-continue-hillcrest-recreation-center-0,1
Repeats | dpr,/fr/node/1178145/repeats,1
Repeats | dpr,/fr/node/705472/repeats,2
Repeats | dpr,/node/1026152/repeats,4
Repeats | dpr,/node/1029322/repeats,2
Repeats | dpr,/node/1060132/repeats,1
Repeats | dpr,/node/1090052/repeats,2
Repeats | dpr,/node/1099712/repeats,1
Repeats | dpr,/node/1115246/repeats,2
Repeats | dpr,/node/1115421/repeats,1
Repeats | dpr,/node/1122407/repeats,1
Repeats | dpr,/node/1145181/repeats,1
Repeats | dpr,/node/1155422/repeats,9
Repeats | dpr,/node/1159357/repeats,1
Repeats | dpr,/node/1162491/repeats,1
Repeats | dpr,/node/1162982/repeats,1
Repeats | dpr,/node/1163001/repeats,1
Repeats | dpr,/node/1178145/repeats,1
Repeats | dpr,/node/1178146/repeats,1
Repeats | dpr,/node/1178150/repeats,2
Repeats | dpr,/node/1184240/repeats,1
Repeats | dpr,/node/1187956/repeats,1
Repeats | dpr,/node/1207190/repeats,2
Repeats | dpr,/node/1207615/repeats,1
Repeats | dpr,/node/1207631/repeats,1
Repeats | dpr,/node/1209220/repeats,1
Repeats | dpr,/node/1227256/repeats,2
Repeats | dpr,/node/1232021/repeats,2
Repeats | dpr,/node/1242841/repeats,1
Repeats | dpr,/node/644592/repeats,2
Repeats | dpr,/node/644702/repeats,1
Repeats | dpr,/node/647812/repeats,3
Repeats | dpr,/node/647822/repeats,2
Repeats | dpr,/node/648622/repeats,2
Repeats | dpr,/node/677222/repeats,2
Repeats | dpr,/node/677252/repeats,2
Repeats | dpr,/node/685752/repeats,2
Repeats | dpr,/node/686622/repeats,1
Repeats | dpr,/node/699582/repeats,1
Repeats | dpr,/node/709162/repeats,1
Repeats | dpr,/node/717032/repeats,1
Repeats | dpr,/node/732702/repeats,9
Repeats | dpr,/node/820542/repeats,2
Repeats | dpr,/node/849312/repeats,1
Repeats | dpr,/node/855732/repeats,4
Repeats | dpr,/node/869442/repeats,1
Repeats | dpr,/node/878622/repeats,1
Repeats | dpr,/node/878832/repeats,3
Repeats | dpr,/node/914632/repeats,1
Repeats | dpr,/node/915382/repeats,2
Repeats | dpr,/node/946512/repeats,1
Repeats | dpr,/node/946682/repeats,1
Repeats | dpr,/node/958542/repeats,1
Repeats | dpr,/vi/node/863422/repeats,2
Repeats | dpr,/vi/node/914902/repeats,2
Repeats | dpr,/vi/node/946832/repeats,1
Requirements for Duty Day Participants | dpr,/page/requirements-duty-day-participants,17
RESCHEDULE DATE - Play DC Community Meeting - Trinidad Recreation Center | dpr,/event/reschedule-date-play-dc-community-meeting-trinidad-recreation-center,3
Reservoir Park Aquatic Center | dpr,/node/1729056,1250
Reservoir Park Aquatic Center | dpr,/page/reservoir-park-aquatic-center,862
Reservoir Park Recreation Center | dpr,/node/1729036,1191
Reservoir Park Recreation Center | dpr,/reservoirpark,2172
RH Terrell Recreation Center | dpr,/page/rh-terrell-recreation-center-01,167
Ribbon Cutting Ceremony for the Ryan Zimmerman Field at Randall Recreation Center with special guests Mayor Muriel Bowser & Washington Nationals player Ryan Zimmerman | dpr,/event/ribbon-cutting-ceremony-ryan-zimmerman-field-randall-recreation-center-special-guests-mayor,2
Ridge Road Community Center | dpr,/node/1237856,40
Ridge Road Community Center | dpr,/page/ridge-road-recreation-center-000,1
Ridge Road Community Center | dpr,/ridgeroad,749
Ridge Road Pool | dpr,/page/ridge-road-pool,41
Ridge Road Titans Basketball Banquet - Benning Park Community Center | dpr,/event/ridge-road-titans-basketball-banquet-benning-park-community-center,3
Riggs LaSalle Recreation Center Temporarily Closed | dpr,/release/riggs-lasalle-recreation-center-temporarily-closed,3
Riggs-LaSalle Community Center | dpr,/node/1237861,98
Riggs-LaSalle Community Center | dpr,/page/riggs-lasalle-recreation-center-00,1
Riggs-LaSalle Community Center | dpr,/riggslasalle,576
Rita Bright Family & Youth Center | dpr,/page/rita-bright-community-center-01,416
River Terrace Community Center Survey | dpr,/riverterracesurvey,22
Roller Skating - Teens Programs | dpr,/event/roller-skating-teens-programs,3
Rolling Events | dpr,/fr/node/1255961,4
Rolling Events | dpr,/page/rolling-events,28
Roosevelt Aquatic Center | dpr,/page/roosevelt-aquatic-center,929
Rose Park Recreation Center | dpr,/page/rose-park-recreation-center,899
Rosedale Community Center and Library | dpr,/page/rosedale-community-center-and-library,36
Rosedale Playground | dpr,/node/562492,15
Rosedale Playground | dpr,/page/rosedale-playground,70
Rosedale Pool | dpr,/page/rosedale-pool,58
Rosedale Recreation Center | dpr,/rosedale,700
Rosedale Recreation Center Resumes Normal Operations | dpr,/release/rosedale-recreation-center-resumes-normal-operations,1
Rosedale Recreation Center Temporarily Closed | dpr,/release/rosedale-recreation-center-temporarily-closed,6
Rosedale Recreation Center Temporarily Closed | dpr,/release/rosedale-recreation-center-temporarily-closed-0,2
Rosedale Recreation Center Temporarily Closed | dpr,/release/rosedale-recreation-center-temporarily-closed-1,1
Rosedale Site Plan | dpr,/publication/rosedale-site-plan,1
rui_footer | dpr,/rui_footer,6
rui_header | dpr,/rui_header,9
Rules and Regulations | dpr,/ar/node/1250631,10
Rules and Regulations | dpr,/node/1250631,9
Rules and Regulations | dpr,/page/rules-and-regulations-0,547
Rumsey Aquatic Facility Resumes Normal Operations | dpr,/release/rumsey-aquatic-facility-resumes-normal-operations,1
Rumsey Aquatic Facility Resumes Normal Operations | dpr,/release/rumsey-aquatic-facility-resumes-normal-operations-0,1
Rumsey Aquatic Facility Temporarily Closed | dpr,/release/rumsey-aquatic-facility-temporarily-closed,1
"Rumsey, Turkey Thicket and Deanwood Aquatic Facilities Temporarily Closed | dpr",/release/rumsey-turkey-thicket-and-deanwood-aquatic-facilities-temporarily-closed,1
RunJumpThrow Citywide Open Track and Field Meet - Spingarn High School | dpr,/event/runjumpthrow-citywide-open-track-and-field-meet-spingarn-high-school,15
RunJumpThrow Citywide Open Track and Field Meet - Spingarn High School | dpr,/ko/event/runjumpthrow-citywide-open-track-and-field-meet-spingarn-high-school,1
RunJumpThrow Track Meet | dpr,/node/1066452,2
S and T Streets Parks Park Improvements and Dog Park | dpr,/page/s-and-t-streets-parks-park-improvements-and-dog-park,39
Safety “First” at all DPR Pools | dpr,/release/safety-“first”-all-dpr-pools,5
Salute to Dr. Martin Luther King - Fort Stanton Recreation Center | dpr,/event/salute-dr-martin-luther-king-fort-stanton-recreation-center,2
Sassy Seniors Christmas Wonderland Party - King Greenleaf Recreation Center | dpr,/ar/event/sassy-seniors-christmas-wonderland-party-king-greenleaf-recreation-center,1
Sassy Seniors Christmas Wonderland Party - King Greenleaf Recreation Center | dpr,/event/sassy-seniors-christmas-wonderland-party-king-greenleaf-recreation-center,1
"School is Out on October 25th, Register for DPR Fun Day | dpr",/release/school-out-october-25th-register-dpr-fun-day,6
Screen on the Green Movie Night | dpr,/event/screen-green-movie-night,3
Seasonal Classes | dpr,/page/seasonal-classes,47
Seasonal Field Permits | dpr,/node/1695256,72
Seasonal Field Permits | dpr,/page/seasonal-field-permits,35
Seasonal Permits | dpr,/ar/node/1250661,3
Seasonal Permits | dpr,/es/node/1250661,1
Seasonal Permits | dpr,/node/1250661,1
Seasonal Permits | dpr,/page/seasonal-permits,612
Second Annual Young Ladies on the Rise Awards Luncheon - Our Girls Rock - Kennedy Recreation Center | dpr,/event/second-annual-young-ladies-rise-awards-luncheon-our-girls-rock-kennedy-recreation-center,2
Seed-Keeping Workshop; Using Story-Telling and Seed-Saving Techniques - Deanwood Recreation Center | dpr,/event/seed-keeping-workshop-using-story-telling-and-seed-saving-techniques-deanwood-recreation,5
Seed-Keeping Workshop; Using Story-Telling and Seed-Saving Techniques - Deanwood Recreation Center | dpr,/fr/event/seed-keeping-workshop-using-story-telling-and-seed-saving-techniques-deanwood-recreation,1
Select DPR Aquatic Centers to Close for 32nd Black History Invitational Swim Meet | dpr,/release/select-dpr-aquatic-centers-close-32nd-black-history-invitational-swim-meet,1
Select DPR Aquatic Centers to Close for 33rd Black History Invitational Swim Meet | dpr,/release/select-dpr-aquatic-centers-close-33rd-black-history-invitational-swim-meet-00,1
Select DPR Aquatic Centers to Close for the 30th Annual Black History Invitational Swim Meet Weekend | dpr,/release/select-dpr-aquatic-centers-close-30th-annual-black-history-invitational-swim-meet-weekend,2
Select DPR Aquatic Centers to Close for the 31st Annual Black History Invitational Swim Meet Weekend | dpr,/release/select-dpr-aquatic-centers-close-31st-annual-black-history-invitational-swim-meet-weekend,1
Select DPR Centers to Serve as Early Voting and Election Day Voting Locations | dpr,/release/select-dpr-centers-serve-early-voting-and-election-day-voting-locations,6
Select DPR Facilities To Open on Delayed Schedule | dpr,/release/select-dpr-facilities-open-delayed-schedule,1
Select DPR Fitness and Cardio Centers to Temporarily Close for Renovations | dpr,/release/select-dpr-fitness-and-cardio-centers-temporarily-close-renovations,1
Select Playgrounds to Undergo Minor Repairs | dpr,/release/select-playgrounds-undergo-minor-repairs,2
Senior Aquatics | dpr,/page/senior-aquatics,594
Senior Bingo - Chevy Chase Community Center | dpr,/event/senior-bingo-chevy-chase-community-center,3
Senior Camps | dpr,/es/node/1254201,8
Senior Camps | dpr,/fr/node/1254201,4
Senior Camps | dpr,/ko/node/1254201,1
Senior Camps | dpr,/page/senior-camps,40
Senior Costume Brunch - King Greenleaf Recreation Center | dpr,/event/senior-costume-brunch-king-greenleaf-recreation-center,6
Senior Cupids Ball - King Greenleaf Recreation Center | dpr,/event/senior-cupids-ball-king-greenleaf-recreation-center,1
Senior Events | dpr,/page/senior-events,245
Senior Fest 2016 - Oxon Run Park | dpr,/event/senior-fest-2016-oxon-run-park,1
Senior Fun Camp | dpr,/event/senior-fun-camp,6
Senior Health & Wellness | dpr,/page/senior-health-wellness,119
Senior Health & Wellness | dpr,/page/senior-wellness,3
Senior Holiday Dinner - King Greenleaf Recreation Center | dpr,/event/senior-holiday-dinner-king-greenleaf-recreation-center,1
Senior Holiday Party - Riggs LaSalle Recreation Center | dpr,/event/senior-holiday-party-riggs-lasalle-recreation-center,3
Senior Leisure Programs | dpr,/page/senior-leisure-programs,54
Senior Picnic - Oxon Run Park | dpr,/event/senior-picnic-oxon-run-park,5
Senior Program Open House - Columbia Heights Community Center | dpr,/event/senior-program-open-house-columbia-heights-community-center,2
Senior Sports | dpr,/page/senior-sports,15
Senior Walk Fit Program - Kennedy Recreation Center | dpr,/fr/event/senior-walk-fit-program-kennedy-recreation-center,3
Seniors Day of Leisure - Bald Eagle Recreation Center | dpr,/event/seniors-day-leisure-bald-eagle-recreation-center,1
Seniors Programs | dpr,/am/node/1254166,7
Seniors Programs | dpr,/ar/node/1254166,2
Seniors Programs | dpr,/es/node/1254166,1
Seniors Programs | dpr,/node/1254166,1
Seniors Programs | dpr,/page/seniors-programs,604
September Begins Fall Fun at DPR | dpr,/release/september-begins-fall-fun-dpr,5
Services | dpr,/am/services,1
Services | dpr,/es/services,5
Services | dpr,/services,3281
Sew and Know - Upshur Recreation Center | dpr,/event/sew-and-know-upshur-recreation-center,9
Shaw Play Courts | dpr,/page/shaw-play-courts,10
Shaw Skate Park Renovation | dpr,/page/shaw-skate-park-renovation,16
Shaw Temporary Dog Park | dpr,/page/shaw-temporary-dog-park-1,2
Shepherd Field Master Plan | dpr,/page/shepherd-field-master-plan,11
Shepherd Field Modernization | dpr,/release/shepherd-field-modernization,9
Shepherd Park Community Center | dpr,/node/1530916,469
Shepherd Park Community Center | dpr,/shepherdpark,328
Sherwood Fitness and Nutrition Fair - Sherwood Recreation Center | dpr,/event/sherwood-fitness-and-nutrition-fair-sherwood-recreation-center,3
Sherwood Recreation Center | dpr,/sherwood,2038
Signature Annual Events | dpr,/am/node/1255946,5
Signature Annual Events | dpr,/ar/node/1255946,1
Signature Annual Events | dpr,/es/node/1255946,2
Signature Annual Events | dpr,/fr/node/1255946,3
Signature Annual Events | dpr,/page/signature-annual-events,169
Sister to Sister - Deanwood Recreation Center | dpr,/event/sister-sister-deanwood-recreation-center,2
Sister to Sister - Deanwood Recreation Center | dpr,/fr/node/787052,1
"Six DPR Recreation Centers Closed Tues., January 6 | dpr",/release/six-dpr-recreation-centers-closed-tues-january-6,2
Skatemobile - Kennedy Recreation Center | dpr,/event/skatemobile-kennedy-recreation-center,3
Skatemobile - Lamond Recreation Center | dpr,/event/skatemobile-lamond-recreation-center,1
Skatemobile | dpr,/page/skatemobile,123
Skatemobile in the Community - Edgewood Recreation Center | dpr,/event/skatemobile-community-edgewood-recreation-center,2
Skatemobile in the Community - Roving Leaders | dpr,/event/skatemobile-community-roving-leaders,4
Skatemobile in the Community - Roving Leaders | dpr,/event/skatemobile-community-roving-leaders-1,4
Skatemobile in the Community - Roving Leaders | dpr,/event/skatemobile-community-roving-leaders-25,2
Skatemobile in the Community - Roving Leaders | dpr,/event/skatemobile-community-roving-leaders-26,2
Skatemobile in the Community - Roving Leaders | dpr,/event/skatemobile-community-roving-leaders-32,1
Skatemobile in the Community - Roving Leaders | dpr,/node/1060132,12
Soil Management Series - Deanwood Recreation Center | dpr,/event/soil-management-series-deanwood-recreation-center,2
Soil Management Series - Raymond Recreation Center | dpr,/event/soil-management-series-raymond-recreation-center,2
Soil Management Series - Raymond Recreation Center | dpr,/event/soil-management-series-raymond-recreation-center-0,3
Southeast Tennis and Learning Center (SETLC) | dpr,/node/1223321,71
Southeast Tennis and Learning Center (SETLC) | dpr,/page/southeast-tennis-and-learning-center-setlc,2850
Southeast Tennis and Learning Center's Holiday Party - Southeast Tennis and Learning Center | dpr,/event/southeast-tennis-and-learning-centers-holiday-party-southeast-tennis-and-learning-center,4
Spaces Still Available for DPR's Winter Wondercamp | dpr,/release/spaces-still-available-dprs-winter-wondercamp,1
Spanish (Español) | dpr,/page/DPR-spanish-español-4,43
Specialty Centers | dpr,/ar/page/specialty-centers,1
Specialty Centers | dpr,/ko/page/specialty-centers,2
Specialty Centers | dpr,/page/specialty-centers,315
Spectator Rules | dpr,/node/1681041,140
Spectator Rules | dpr,/page/spectator-rules,120
Spend Afterschool with DPR | dpr,/featured-content/spend-afterschool-dpr,1
Sponsors | dpr,/am/node/1266576,1
Sponsors | dpr,/ko/node/1266576,3
Sponsors | dpr,/page/become-sponsor,3
Sponsors | dpr,/page/sponsors,92
Sponsors | dpr,/vi/node/1266576,2
Sponsors | dpr,/zh-hant/node/1266576,1
Sports Camps | dpr,/node/1527916,1
Sports Camps | dpr,/page/sports-camps,36
Spray Parks | dpr,/es/sprayparks,2
Spray Parks | dpr,/page/spray-parks,3
Spray Parks | dpr,/sprayparks,775
Spring Beautification Day - Harrison Recreation Center | dpr,/event/spring-beautification-day-harrison-recreation-center,2
Spring Bling Tennis Tournament - Southeast Tennis and Learning Center | dpr,/event/spring-bling-tennis-tournament-southeast-tennis-and-learning-center,3
Spring Bling Tennis Tournament - Southeast Tennis and Learning Center | dpr,/event/spring-bling-tennis-tournament-southeast-tennis-and-learning-center-0,1
Spring Break Camp - Program Participation Waiver | dpr,/publication/spring-break-camp-program-participation-waiver,0
Spring Break Camp | dpr,/node/1307001,2
Spring Break Camp | dpr,/node/496002,1
Spring Break Camp | dpr,/page/spring-break-camp,48
Spring Break Camp | dpr,/page/spring-break-camp-0,36
Spring Break Camp | dpr,/page/spring-break-camp-2017,1
Spring Break Time 2025 Open Gym | dpr,/page/spring-break-time-2025-open-gym,20
Spring Egg Hunt & Cook Out - Hearst Recreation Center | dpr,/event/spring-egg-hunt-cook-out-hearst-recreation-center,1
Spring Gospel Explosion - Columbia Heights Community Center | dpr,/event/spring-gospel-explosion-columbia-heights-community-center,3
Spring Into Summer Ward 3 Shoe Drive - Ward 3 Recreation Centers | dpr,/event/spring-summer-ward-3-shoe-drive-ward-3-recreation-centers,2
Spring is in Bloom at DPR in April | dpr,/release/spring-bloom-dpr-april,5
Spring REC USTA/DPR Training - Takoma Community Center | dpr,/event/spring-rec-ustadpr-training-takoma-community-center,4
Staff Health Certificate | dpr,/publication/staff-health-certificate-dpr,14
Starry Night Line Dance Party - Therapeutic Recreation Center | dpr,/event/starry-night-line-dance-party-therapeutic-recreation-center,2
Starting Seeds at Home - Deanwood Recreation Center | dpr,/event/starting-seeds-home-deanwood-recreation-center,3
Statement from DPR Director - Keith A. Anderson on Incident at Rumsey Aquatic Center | dpr,/release/statement-dpr-director-keith-anderson-incident-rumsey-aquatic-center,4
Statement from DPR Director - Keith A. Anderson on Incident at Rumsey Aquatic Center | dpr,/vi/release/statement-dpr-director-keith-anderson-incident-rumsey-aquatic-center,3
Statement from Mayor Bowser on House Passage of Legislation to Enable the District to Rehabilitate Franklin Park | dpr,/release/statement-mayor-bowser-house-passage-legislation-enable-district-rehabilitate-franklin-park,2
Statement on February 2023 Revenue Estimates | dpr,/release/statement-february-2023-revenue-estimates,1
Statement on the State of the Union Address | dpr,/release/statement-state-union-address-0,6
Statewide Comprehensive Outdoor Recreation Plan | dpr,/node/550012,4
Statewide Comprehensive Outdoor Recreation Plan | dpr,/page/statewide-comprehensive-outdoor-recreation-plan,37
Statewide Comprehensive Outdoor Recreation Plan Publication | dpr,/publication/statewide-comprehensive-outdoor-recreation-plan-publication,3
"Stead and Brentwood Recreation Centers Closed for Tuesday, March 4 | dpr",/release/stead-and-brentwood-recreation-centers-closed-tuesday-march-4,1
Stead Annual Holiday Gift Giveaway - Stead Recreation Center | dpr,/event/stead-annual-holiday-gift-giveaway-stead-recreation-center,2
"Stead New Entrance, Central Plaza, and Playgrounds | dpr",/page/stead-new-entrance-central-plaza-and-playgrounds,11
Stead Park Recreation Center | dpr,/page/stead-recreation-center,4
Stead Park Recreation Center | dpr,/stead,2445
Stead Park Shade Sail Reinstallation | dpr,/page/stead-park-shade-sail-reinstallation,4
Stead Park Sports Day - Stead Recreation Center | dpr,/event/stead-park-sports-day-stead-recreation-center,4
Step Afrika! | dpr,/event/step-afrika,3
Stoddert Recreation Center Renovation | dpr,/page/stoddert-recreation-center-renovation,6
Storm Water Management Strategies - Deanwood Recreation Center | dpr,/event/storm-water-management-strategies-deanwood-recreation-center,2
Submit Maintenance Requests | dpr,/am/service/submit-maintenance-requests,2
Submit Maintenance Requests | dpr,/ar/service/submit-maintenance-requests,1
Submit Maintenance Requests | dpr,/service/submit-maintenance-requests,199
Submit Maintenance Requests | dpr,/vi/service/submit-maintenance-requests,2
Substance Abuse Prevention - Columbia Heights Recreation Center | dpr,/event/substance-abuse-prevention-columbia-heights-recreation-center,2
Summer Basketball Leagues - Kennedy Recreation Center | dpr,/event/summer-basketball-leagues-kennedy-recreation-center,3
Summer Camp Before and After Care (B&A) | dpr,/node/1453936,30
Summer Camp Before and After Care (B&A) | dpr,/page/summer-camp-and-after-care-ba,18
Summer Camp Registration - Extended August Camps | dpr,/service/summer-camp-registration-extended-august-camps,1
Summer Employment FAQ | dpr,/page/summer-employment-faq,7
Summer Hiring Fair - Raymond Recreation Center | dpr,/event/summer-hiring-fair-raymond-recreation-center,2
"Summer Isn't a Season, It's a Vibe | dpr",/page/summer-isnt-season-its-vibe,7
"Summer Sign Up Day is February 27, 2017 | dpr",/release/summer-sign-day-february-27-2017,2
Summer Signature Events | dpr,/page/summer-signature-events,3
Summer Splash Parties | dpr,/page/summer-splash-parties,7
Sunday Softball League Men's Fast Pitch League - Schedule and Results | dpr,/service/sunday-softball-league-mens-fast-pitch-league-schedule-and-results,5
Support Services - 2016 PD | dpr,/publication/support-services-2016-pd,2
Support Services - Warehouse Asst | dpr,/publication/support-services-warehouse-asst,14
Supreme Teen Clubs | dpr,/es/service/supreme-teen-clubs,2
Supreme Teen Clubs | dpr,/node/546752,2
Supreme Teen Clubs | dpr,/service/supreme-teen-clubs,92
SW Town Center Park Survey | dpr,/SWTownCenterParkSurvey,6
Sweet Tea Party - Chevy Chase Community Center | dpr,/event/sweet-tea-party-chevy-chase-community-center,2
Sweetheart Tournament - Southeast Tennis and Learning Center | dpr,/event/sweetheart-tournament-southeast-tennis-and-learning-center,2
Sweetheart Tournament - Southeast Tennis and Learning Center | dpr,/event/sweetheart-tournament-southeast-tennis-and-learning-center-0,2
Swim into May  with DPR | dpr,/release/swim-may -dpr,2
SwimJitsu at Takoma Aquatic Center | dpr,/event/swimjitsu-takoma-aquatic-center-0,10
T.Mix Hip Hop Dance Fitness Class - Trinidad Recreation Center | dpr,/event/tmix-hip-hop-dance-fitness-class-trinidad-recreation-center,1
Takoma Aquatic Center | dpr,/page/takoma-aquatic-center,3542
Takoma Aquatic Center Temporarily Closed | dpr,/release/takoma-aquatic-center-temporarily-closed,1
Takoma Aquatic Facility Temporarily Closed | dpr,/release/takoma-aquatic-facility-temporarily-closed,1
Takoma Aquatic Facility to Temporarily Close for Maintenance Improvements | dpr,/release/takoma-aquatic-facility-temporarily-close-maintenance-improvements,7
Takoma Community Center | dpr,/page/takoma-community-center,1789
Takoma Community Picnic - Takoma Community Center | dpr,/event/takoma-community-picnic-takoma-community-center,2
Takoma Dog Park - 2nd Submission - Full Application package documents | dpr,/page/takoma-dog-park-2nd-submission-full-application-package-documents,9
Teach a Sister to Dance - Deanwood Recreation Center | dpr,/event/teach-sister-dance-deanwood-recreation-center,4
Teen Game Night - Takoma Community Center | dpr,/event/teen-game-night-takoma-community-center,1
Teen Holiday Party - Stoddert Recreation Center | dpr,/event/teen-holiday-party-stoddert-recreation-center,2
Teen Night at the Movies - AMC Loews Georgetown 14 | dpr,/event/teen-night-movies-amc-loews-georgetown-14,3
Teen Sports Night | dpr,/event/teen-sports-night,2
Teens Personal Enrichment | dpr,/page/teens-personal-enrichment,62
Teens Programs | dpr,/am/node/1254141,3
Teens Programs | dpr,/node/1254141,1
Teens Programs | dpr,/page/teens-programs,203
Teens Sports | dpr,/page/teens-sports,116
Template | dpr,/release/template,8
Tennis Carnival | dpr,/event/tennis-carnival,4
Tennis Under the Lights! - Fort Lincoln Tennis Courts | dpr,/am/event/tennis-under-lights-fort-lincoln-tennis-courts-0,0
Tennis Under the Lights! - Fort Lincoln Tennis Courts | dpr,/event/tennis-under-lights-fort-lincoln-tennis-courts-0,28
Texas Avenue Dog Park | dpr,/page/texas-avenue-dog-park,8
Texas Avenue Dog Park | dpr,/page/texas-avenue-dog-park-full-application-package-documents,4
Thankful and Sharing Thanksgiving Feast  - King Greenleaf Recreation Center | dpr,/event/thankful-and-sharing-thanksgiving-feast -king-greenleaf-recreation-center,1
Thanksgiving Celebration - Congress Heights Recreation Center | dpr,/event/thanksgiving-celebration-congress-heights-recreation-center,2
Thanksgiving Community Dinner - Deanwood Recreation Center | dpr,/event/thanksgiving-community-dinner-deanwood-recreation-center,2
Thanksgiving Dinner - Harrison Recreation Center | dpr,/event/thanksgiving-dinner-harrison-recreation-center,5
Thanksgiving Dinner - Harry Thomas Sr. Recreation Center | dpr,/event/thanksgiving-dinner-harry-thomas-sr-recreation-center,2
Thanksgiving Dinner - Joseph H. Cole Recreation Center | dpr,/event/thanksgiving-dinner-joseph-h-cole-recreation-center,3
Thanksgiving Dinner - Watkins Recreation Center | dpr,/event/thanksgiving-dinner-watkins-recreation-center,2
Thanksgiving Dinner Afternoon Access Celebration - Langdon Park Community Center | dpr,/event/thanksgiving-dinner-afternoon-access-celebration-langdon-park-community-center,2
Thanksgiving Food Drive  - Arboretum Community Center | dpr,/event/thanksgiving-food-drive -arboretum-community-center,2
Thanksgiving Harvest Dinner - Hearst Recreation Center | dpr,/event/thanksgiving-harvest-dinner-hearst-recreation-center,2
Thanksgiving Pot Luck - Langdon Park Community Center | dpr,/event/thanksgiving-pot-luck-langdon-park-community-center,4
Thanksgiving Potluck - Rosedale Community Center | dpr,/event/thanksgiving-potluck-rosedale-community-center,1
Thanksgiving Program - Fort Stevens Recreation Center | dpr,/event/thanksgiving-program-fort-stevens-recreation-center,2
The 15th Annual Heart to Hart Tennis Experience - Southeast Tennis and Learning Center | dpr,/event/15th-annual-heart-hart-tennis-experience-southeast-tennis-and-learning-center,3
The 28th Annual Black History Invitational Swim Meet | dpr,/service/28th-annual-black-history-invitational-swim-meet,4
The 29th Annual Black History Invitational Swim Meet | dpr,/service/29th-annual-black-history-invitational-swim-meet,9
The Bowser Administration and D.C. Central Kitchen Partner to Expand Health and Wellness Opportunities for District Residents | dpr,/release/bowser-administration-and-dc-central-kitchen-partner-expand-health-and-wellness,3
The Bowser Administration Continues Annual Ward 8 Breast Cancer Walk this Saturday | dpr,/release/bowser-administration-continues-annual-ward-8-breast-cancer-walk-saturday,5
"The District is 112th of 3,000 Parks and Recreation Agencies Nationwide to Achieve Accreditation | dpr",/release/district-112th-3000-parks-and-recreation-agencies-nationwide-achieve-accreditation,3
The Executive Building | dpr,/address/executive-building,6
The First Day of Thanksgiving - Brentwood Recreation Center | dpr,/am/event/first-day-thanksgiving-brentwood-recreation-center,1
The First Day of Thanksgiving - Brentwood Recreation Center | dpr,/event/first-day-thanksgiving-brentwood-recreation-center,1
The Fort Davis and Fairfax Village Community Day and Family Reunion | dpr,/event/fort-davis-and-fairfax-village-community-day-and-family-reunion,2
The Green Festival - DC | dpr,/fr/event/green-festival-dc,6
The Mayor's Cup: Amateur Boxing Tournament (2016) | dpr,/es/event/mayors-cup-amateur-boxing-tournament-2016,2
"The North Face Mountain Athletics Event Series Comes To Washington, DC | dpr",/release/north-face-mountain-athletics-event-series-comes-washington-dc,2
The Petworth Jazz Project | dpr,/event/petworth-jazz-project-0,2
The Petworth Jazz Project | dpr,/event/petworth-jazz-project-1,3
The Polar Express Play and Dinner Theater - Stoddert Recreation Center | dpr,/event/polar-express-play-and-dinner-theater-stoddert-recreation-center,2
The Recreation Wish List Committee and DPR Present the 17th Annual Heart to Heart Tennis Experience | dpr,/release/recreation-wish-list-committee-and-dpr-present-17th-annual-heart-heart-tennis-experience,3
The Trust for Public Land Releases 2013 ParkScore Index | dpr,/release/trust-public-land-releases-2013-parkscore-index,5
Thennie Freeman | dpr,/biography/thennie-freeman,424
Thennie Freeman | dpr,/node/1655051,178
Theodore Hagans Cultural Center | dpr,/node/1221076,6
Theodore Hagans Cultural Center | dpr,/page/theodore-hagans-cultural-center,148
Theodore Hagans Pool | dpr,/page/theodore-hagans-pool,38
Therapeutic Recreation Camps | dpr,/node/1455546,4
Therapeutic Recreation Camps | dpr,/page/therapeutic-recreation-camps,73
Therapeutic Recreation Center (Senior Building side only) Temporarily Closed | dpr,/release/therapeutic-recreation-center-senior-building-side-only-temporarily-closed,4
Therapeutic Recreation Center (Senior Building side only) Temporarily Closed | dpr,/release/therapeutic-recreation-center-senior-building-side-only-temporarily-closed-0,1
Third Annual Ward 3 Martin Luther King Jr. I Have A Dream Essay Contest - Macomb Recreation Center | dpr,/event/third-annual-ward-3-martin-luther-king-jr-i-have-dream-essay-contest-macomb-recreation-center,2
Three DC Pop Warner Teams Advance to the 56th Annual Pop Warner Super Bowl | dpr,/release/three-dc-pop-warner-teams-advance-56th-annual-pop-warner-super-bowl,7
Three DC Pop Warner Teams Advance to the 57th Annual Pop Warner Super Bowl | dpr,/release/three-dc-pop-warner-teams-advance-57th-annual-pop-warner-super-bowl,29
Tiny Tots Easter Sock Hop - Sherwood Recreation Center | dpr,/event/tiny-tots-easter-sock-hop-sherwood-recreation-center,2
Tiny Tots St. Patty's Day Celebration - Sherwood Recreation Center | dpr,/event/tiny-tots-st-pattys-day-celebration-sherwood-recreation-center,1
Tis the Season to Celebrate at DPR | dpr,/release/tis-season-celebrate-dpr,10
Toys for Tots - Takoma Community Center | dpr,/event/toys-tots-takoma-community-center,7
Treats No Tricks at DPR in October | dpr,/release/treats-no-tricks-dpr-october,1
Trick or Treat on the Avenue - Chevy Chase Community Center | dpr,/event/trick-or-treat-avenue-chevy-chase-community-center,12
Trinidad & Tobago Men’s National Soccer Team Tryouts to Take Place in DC at Edgewood Recreation Center | dpr,/release/trinidad-tobago-men’s-national-soccer-team-tryouts-take-place-dc-edgewood-recreation-center,5
Trinidad Recreation Center | dpr,/page/trinidad-recreation-center,2
Trinidad Recreation Center | dpr,/trinidad,614
Turkey Giveaway - Turkey Thicket Recreation Center | dpr,/event/turkey-giveaway-turkey-thicket-recreation-center,79
Turkey Giveaway - Turkey Thicket Recreation Center | dpr,/vi/node/717032,1
Turkey Thicket Aquatic Center | dpr,/page/turkey-thicket-aquatic-center,1938
Turkey Thicket Aquatic Facility Temporarily Closed | dpr,/release/turkey-thicket-aquatic-facility-temporarily-closed-0,1
Turkey Thicket Recreation Center | dpr,/page/turkey-thicket-recreation-center,3
Turkey Thicket Recreation Center | dpr,/turkeythicket,3447
Universal Madness Earns Championship Honors in the Harry Thomas Sr Late Night Hoops Basketball League | dpr,/release/universal-madness-earns-championship-honors-harry-thomas-sr-late-night-hoops-basketball,9
Update on District Services During DC Water’s Boil Water Advisory | dpr,/release/update-district-services-during-dc-water’s-boil-water-advisory,1
UPDATE: DPR Announces Town Hall Schedule | dpr,/release/update-dpr-announces-town-hall-schedule,6
UPDATE: DPR Offers Winter Wondercamp during DC Public Schools Winter Break | dpr,/release/update-dpr-offers-winter-wondercamp-during-dc-public-schools-winter-break,2
UPDATE: Fort Stevens Senior Ctr and Recreation Center Closed Indefinitely | dpr,/release/update-fort-stevens-senior-ctr-and-recreation-center-closed-indefinitely,2
UPDATE: Southeast Tennis and Learning Center and Cora Masters Barry to be Featured on CBS Evening News | dpr,/release/update-southeast-tennis-and-learning-center-and-cora-masters-barry-be-featured-cbs-evening,5
UPDATE: Wilson Aquatic Center Temporarily Closes April 25th for Maintenance | dpr,/release/update-wilson-aquatic-center-temporarily-closes-april-25th-maintenance,3
UPDATED - DPR Announces Community Meetings for 'Play DC' - Mayor Vincent C. Gray's Playground Improvement Project | dpr,/release/updated-dpr-announces-community-meetings-play-dc-mayor-vincent-c-grays-playground,6
UPDATED: DPR and UBF to Host the 27th Annual Black History Invitational Swim Meet | dpr,/release/updated-dpr-and-ubf-host-27th-annual-black-history-invitational-swim-meet,1
"UPDATED: DPR Facilities To Open on a Delayed Schedule on Friday, February 14 | dpr",/release/updated-dpr-facilities-open-delayed-schedule-friday-february-14,2
UPDATED: DPR will Close All Facilities and Operate 5 Shelter Recovery Sites in Response to the District's State of Emergency | dpr,/release/updated-dpr-will-close-all-facilities-and-operate-5-shelter-recovery-sites-response,6
UPDATED: Power Outage at Lamond Recreation Center | dpr,/release/updated-power-outage-lamond-recreation-center,8
UPDATED: The Recreation Wish List Committee and DPR Present the 15th Annual Heart to Hart Tennis Experience | dpr,/release/updated-recreation-wish-list-committee-and-dpr-present-15th-annual-heart-hart-tennis,7
Upshur Dog Park | dpr,/page/upshur-dog-park,41
"Upshur Dog Park Community Meeting - May 12, 2009 | dpr",/publication/upshur-dog-park-community-meeting-may-12-2009,2
Upshur Playground | dpr,/page/upshur-playground,4
Upshur Pool | dpr,/page/upshur-pool,109
Upshur Recreation Center | dpr,/page/upshur-recreation-center,316
Upshur Recreation Center | dpr,/page/upshur-recreation-center/,3
Urban Beekeeping Program | dpr,/page/urban-beekeeping-program,223
Urban Garden Education Program | dpr,/page/urban-garden-education-program,196
Urban Garden Workshop Series | dpr,/page/urban-garden-workshop-series,370
Urban Gardener Certification Course | dpr,/page/urban-gardener-certification-course,57
User account | dpr,/user,39
Valentine's Day Soiree - Rosedale Community Center | dpr,/event/valentines-day-soiree-rosedale-community-center,2
Valentine's Line Dance Social - Turkey Thicket Recreation Center | dpr,/event/valentines-line-dance-social-turkey-thicket-recreation-center,6
Valentine's Line Dance Social - Turkey Thicket Recreation Center | dpr,/ko/node/757782/session_trace/aggregate,2
Vietnamese (Tiếng Việt) | dpr,/ar/page/vietnamese-tiếng-việt-DPR 7,2
Vietnamese (Tiếng Việt) | dpr,/page/vietnamese-tiếng-việt-DPR 7,16
Virginia Avenue Restoration and Renovation - Hill Center | dpr,/event/virginia-avenue-restoration-and-renovation-hill-center,1
Virtual Hiring Info Session on Thursday - Over 500 DPR Summer Jobs | dpr,/node/1532646,1
Virtual Hiring Info Session on Thursday - Over 500 DPR Summer Jobs | dpr,/release/virtual-hiring-info-session-thursday-over-500-dpr-summer-jobs,6
Volta Park Day - Volta Park Recreation Center | dpr,/event/volta-park-day-volta-park-recreation-center,6
Volta Park Playground Renovation | dpr,/page/volta-park-playground-renovation,14
Volta Park Pool | dpr,/node/1236291,2
Volta Park Pool | dpr,/page/volta-park-pool,134
Volta Park Recreation Center | dpr,/page/volta-park-recreation-center,524
"Volta Park, Harrison, Stead and Marie Reed Recreation Centers Closed for Friday, February 14 | dpr",/release/volta-park-harrison-stead-and-marie-reed-recreation-centers-closed-friday-february-14,1
Volunteers | dpr,/am/page/volunteers-01,1
Volunteers | dpr,/ar/page/volunteers-01,2
Volunteers | dpr,/es/page/volunteers-01,1
Volunteers | dpr,/fr/page/volunteers-01,7
Volunteers | dpr,/node/559432,1
Volunteers | dpr,/page/volunteers-0,2
Volunteers | dpr,/page/volunteers-01,847
Volunteers | dpr,/vi/page/volunteers-01,6
Ward 3 Black History Program - Stoddert Recreation Center | dpr,/event/ward-3-black-history-program-stoddert-recreation-center,3
Ward 3 Spelling Bee - Stoddert Recreation Center | dpr,/event/ward-3-spelling-bee-stoddert-recreation-center,2
Ward 4 Community Clean Up - Raymond Recreation Center | dpr,/fr/event/ward-4-community-clean-raymond-recreation-center,2
Ward 7 Haunted House - Fort Davis Community Center | dpr,/event/ward-7-haunted-house-fort-davis-community-center,18
Ward 8 Sassy Senior Luncheon - Bald Eagle Recreation Center | dpr,/event/ward-8-sassy-senior-luncheon-bald-eagle-recreation-center,4
Ward Meetings | dpr,/wardmeetings,95
"Warm Hearts Hats, Socks & Gloves Drive - Fort Stevens Recreation Center | dpr",/event/warm-hearts-hats-socks-gloves-drive-fort-stevens-recreation-center,9
Washington D.C. is #1 in 2019 | dpr,/page/washington-dc-1-2019,17
Washington DC Pop Warner Cheer and Dance Competition - Raymond Recreation Center | dpr,/event/washington-dc-pop-warner-cheer-and-dance-competition-raymond-recreation-center,1
Washington Nationals to Dedicate Bryce Harper Field at Takoma | dpr,/release/washington-nationals-dedicate-bryce-harper-field-takoma,9
Washington Post An Insider's Guide to the District's Best Indoor Pools | dpr,/am/external-link/washington-post-insiders-guide-districts-best-indoor-pools,1
Washington Wetskins Water Polo Tournament - Takoma Aquatic Center | dpr,/event/washington-wetskins-water-polo-tournament-takoma-aquatic-center,2
Washington Wetskins Water Polo Tournament - Takoma Aquatic Center | dpr,/vi/node/696922,4
"Washington, DC Ranks 6th Among 50 Top Swim Cities in the US | dpr",/release/washington-dc-ranks-6th-among-50-top-swim-cities-us,3
"Washington, DC Ranks 9th Among 50 Top Swim Cities in the US | dpr",/release/washington-dc-ranks-9th-among-50-top-swim-cities-us,6
Watkins Field Renovations | dpr,/page/watkins-field-renovations,19
Watkins Playground Renovations | dpr,/page/watkins-playground-renovations,4
Watkins Recreation Center | dpr,/page/watkins-recreation-center,465
Watkins Street Skating Rink Currently Closed | dpr,/release/watkins-street-skating-rink-currently-closed,3
We Are Accredited | dpr,/page/we-are-accredited,34
"Welcome to DPR's 2012 Halloween ""Boo""klet | dpr",/release/welcome-dprs-2012-halloween-booklet,8
West Potomac Park Adult Softball League - Schedule and Results | dpr,/service/west-potomac-park-adult-softball-league-schedule-and-results,4
Who's Who - RH Terrell Recreation Center | dpr,/event/whos-who-rh-terrell-recreation-center,2
William H. Rumsey Aquatic Center | dpr,/page/william-h-rumsey-aquatic-center,4007
William H. Rumsey Resumes Normal Hours | dpr,/release/william-h-rumsey-resumes-normal-hours,7
Wilson and Francis Aquatic Facilities have Re-opened | dpr,/release/wilson-and-francis-aquatic-facilities-have-re-opened,1
Wilson Aquatic Center | dpr,/fr/page/wilson-aquatic-center,1
Wilson Aquatic Center | dpr,/page/wilson-aquatic-center,7411
Wilson Aquatic Center | dpr,/page/wilson-aquatic-center-01,4
Wilson Aquatic Center | dpr,/vi/page/wilson-aquatic-center,44
"Wilson Aquatic Center Closed Until Thursday, March 13 | dpr",/release/wilson-aquatic-center-closed-until-thursday-march-13,1
Wilson Aquatic Center Reporting a Chemical Spill | dpr,/release/wilson-aquatic-center-reporting-chemical-spill,1
"Wilson Aquatic Center Reports a Delayed Opening Tuesday, February 18 | dpr",/release/wilson-aquatic-center-reports-delayed-opening-tuesday-february-18,1
Wilson Aquatic Center Shower Mainteance | dpr,/release/wilson-aquatic-center-shower-mainteance,5
Wilson Aquatic Center Temporarily Closed For Scheduled Power Outage | dpr,/release/wilson-aquatic-center-temporarily-closed-scheduled-power-outage,8
"Wilson Aquatic Center To Open On Time Thursday, March 13 | dpr",/release/wilson-aquatic-center-open-time-thursday-march-13,2
Wilson High School Swim Meet - Wilson Aquatic Center | dpr,/event/wilson-high-school-swim-meet-wilson-aquatic-center,2
Wilson High School Swim Meet - Wilson Aquatic Center | dpr,/fr/node/757832,2
"Winter Activity and Site Closures for Friday, January 25, 2013 | dpr",/release/winter-activity-and-site-closures-friday-january-25-2013,1
"Winter Activity and Site Closures for Monday, January 28, 2013 | dpr",/release/winter-activity-and-site-closures-monday-january-28-2013,1
Winter Coat Drive - Chevy Chase Community Center | dpr,/event/winter-coat-drive-chevy-chase-community-center,22
Winter Field Closures | dpr,/page/winter-field-closures,12
Winter Wondercamp | dpr,/page/winter-wondercamp,519
Winter Wonderland - Kennedy Recreation Center | dpr,/event/winter-wonderland-kennedy-recreation-center,9
Winter Wonderland Holiday Event - Ferebee-Hope Recreation Center | dpr,/event/winter-wonderland-holiday-event-ferebee-hope-recreation-center,1
Winter Wonderland Youth Fashion Show - Bald Eagle Recreation Center | dpr,/event/winter-wonderland-youth-fashion-show-bald-eagle-recreation-center,2
Winter Wonderland Youth Fashion Show - Bald Eagle Recreation Center | dpr,/event/winter-wonderland-youth-fashion-show-bald-eagle-recreation-center-0,3
WMPSSDL Championship - Takoma Aquatic Center | dpr,/event/wmpssdl-championship-takoma-aquatic-center,2
Women in Service Day - Fort Stanton Recreation Center | dpr,/event/women-service-day-fort-stanton-recreation-center,4
Woodrow Wilson High School Swim Meet - Wilson Aquatic Center | dpr,/event/woodrow-wilson-high-school-swim-meet-wilson-aquatic-center,2
Woody Ward Community Center | dpr,/node/1237471,100
Woody Ward Community Center | dpr,/page/woody-ward-community-center,326
Woody Ward Pool | dpr,/node/1236146,4
Woody Ward Pool | dpr,/page/benning-park-pool,2
Woody Ward Pool | dpr,/page/woody-ward-pool,21
X’s & O’s Valentine’s Day Party - King Greenleaf Recreation Center | dpr,/vi/event/x’s-o’s-valentine’s-day-party-king-greenleaf-recreation-center,3
YLOR Meet and Greet Nail Spa Day - Palisades Community Center | dpr,/event/ylor-meet-and-greet-nail-spa-day-palisades-community-center,2
Young Ladies on the Rise & Aspiring Young Men Present Love Yourself - Encouraging Everyone to Love Yourself - Ridge Road Recreation Center | dpr,/event/young-ladies-rise-aspiring-young-men-present-love-yourself-encouraging-everyone-love-yourself,21
Young Ladies on the Rise & Aspiring Young Men Present Love Yourself - Encouraging Everyone to Love Yourself - Ridge Road Recreation Center | dpr,/fr/node/771082,1
Young Ladies on the Rise (YLOR) Thanksgiving Feast  - Kennedy Recreation Center | dpr,/event/young-ladies-rise-ylor-thanksgiving-feast -kennedy-recreation-center,1
Young Ladies on the Rise 4th Annual Breast Cancer Walk | dpr,/event/young-ladies-rise-4th-annual-breast-cancer-walk,3
Young Ladies on the Rise Holiday Celebration - Brentwood Recreation Center | dpr,/event/young-ladies-rise-holiday-celebration-brentwood-recreation-center,2
Young Ladies on the Rise Mother & Daughter Tea - Deanwood Recreation Center | dpr,/event/young-ladies-rise-mother-daughter-tea-deanwood-recreation-center,2
"Young Men, Future Leaders (YMFL) Field Day - Takoma Community Center | dpr",/event/young-men-future-leaders-ymfl-field-day-takoma-community-center,5
"Young Men, Future Leaders (YMFL) Ward 7 Youth Summit - Fort Davis Community Center | dpr",/event/young-men-future-leaders-ymfl-ward-7-youth-summit-fort-davis-community-center,1
"Young, Gifted and WOKE: 13th Annual Blacks In Wax | dpr",/release/young-gifted-and-woke-13th-annual-blacks-wax,8
Youth Basketball | dpr,/es/service/youth-basketball,9
Youth Basketball | dpr,/node/559012,342
Youth Basketball | dpr,/service/youth-basketball,2435
Youth Boxing Tournament - Fort Stanton Recreation Center | dpr,/event/youth-boxing-tournament-fort-stanton-recreation-center,2
Youth Softball | dpr,/es/service/youth-softball,1
Youth Softball | dpr,/service/youth-softball,51
Youth Winter Basketball League - Schedule and Results | dpr,/service/2017-youth-winter-basketball-league-schedule-and-results,1
Youth Winter Basketball League - Schedule and Results | dpr,/service/2017-youth-winter-basketball-league-schedule-and-results0,1405
Zombie Zumba - Banneker Community Center | dpr,/event/zombie-zumba-banneker-community-center,3
ZooLights - Hillcrest Recreation Center | dpr,/event/zoolights-hillcrest-recreation-center,2
