# Hostname exactly matches octo.dc.gov,,
# Start date: 20250916,,
# End date: 20251216,,
,,
Page title and screen class,Page path and screen class,Views
"""Live At 9:30"" Reel | octo",/multimedia/live-930-reel,1
#SellingTech2DC New Contract Information Session | Business Process Reengineering | octo,/event/sellingtech2dc-new-contract-information-session-business-process-reengineering,2
| octo,,1
| octo,/,12709
| octo,//checkout/,7
| octo,/am,2
| octo,/am/node,1
| octo,/blog,440
| octo,/es,1
| octo,/es/node,2
| octo,/fr,1
| octo,/index.php,2
| octo,/node,487
| octo,/portal/,2
| octo,/portal/home,1
| octo,/portal/login,66
| octo,/portal/phpinfo.php,5
| octo,/portal/site/DCPS/%20-%20,1
| octo,/portal/site/DCPS/dcps/Standards/g8.htm,3
| octo,/portal/site/DCPS/dcps/parentscorner,1
| octo,/portal/site/DCPS/login.htm,8
| octo,/portal/site/DCPS/menuitem.ee7836fa3e798a932c69621014f62010,1
| octo,/portal/site/DCPS/staff/bio,2
| octo,/portal/site/dcps/about,1
| octo,/portal/webclient/index.html,1
| octo,/portal/wp-login.php,2
| Page 11 | octo,/fr/node,18
"1015 Half Street, SE, 9th Floor | octo",/address/1015-half-street-se-9th-floor,6
"1015 Half Street, SE, 9th Floor | octo",/fr/node/1332701,2
"1800 Martin Luther King Jr. Avenue, SE | octo",/address/1800-martin-luther-king-jr-avenue-se,1
"1800 Martin Luther King Jr. Avenue, SE | octo",/fr/node/1582481,1
311 Cards | octo,/external-link/311-cards,3
311 Cards | octo,/node/1470451,6
311 Mapping Application | octo,/external-link/311-mapping-application,5
311 Mapping Application | octo,/node/712252,74
A Lighter and Cleaner DC Basemap to be Released August 8th | octo,/release/lighter-and-cleaner-dc-basemap-be-released-august-8th,6
哥伦比亚特区地理信息系统服务(Chinese) | octo,/service/哥伦比亚特区地理信息系统服务chinese,10
የ OCTO አገልግሎቶች የቋንቋ ትርጓሜዎች | octo,/node/1676996,68
የ OCTO አገልግሎቶች የቋንቋ ትርጓሜዎች | octo,/page/የ-octo-አገልግሎቶች-የቋንቋ-ትርጓሜዎች,42
የሳይበር(የኮምፑተርና የመሳሰሉት) ደህንነት (Cybersecurity) | octo,/page/የሳይበርየኮምፑተርና-የመሳሰሉት-ደህንነት-cybersecurity,7
የዲሲ የጂኦግራፊያዊ መረጃ (GIS) አገልግሎቶች(Amharic) | octo,/fr/node/1674501,1
የዲሲ የጂኦግራፊያዊ መረጃ (GIS) አገልግሎቶች(Amharic) | octo,/service/የዲሲ-የጂኦግራፊያዊ-መረጃ-gis-አገልግሎቶችamharic,18
የፖሊስ አገልግሎት የሚገኙባቸው ቦታዎችን መፈለግያ (Amharic) | octo,/node/1674726,3
የፖሊስ አገልግሎት የሚገኙባቸው ቦታዎችን መፈለግያ (Amharic) | octo,/service/የፖሊስ-አገልግሎት-የሚገኙባቸው-ቦታዎችን-መፈለግያ-amharic,6
የኤጀንሲው ዳይሬክተሮችን ያግኙ | octo,/am/page/contact-agency-directors,47
启动警察服务区查找器Chinese)Police Service Area Finder | octo,/service/启动警察服务区查找器chinesepolice-service-area-finder,5
开放数据(Chinese)-Open Data | octo,/es/node/1675016,1
开放数据(Chinese)-Open Data | octo,/service/开放数据chinese-open-data,16
About DC One Card | octo,/page/about-dc-one-card,278
About OCTO | octo,/es/page/about-octo,5
About OCTO | octo,/fr/page/about-octo,5
About OCTO | octo,/page/about-octo,503
About the CTO | octo,/biography/about-cto,803
About the CTO | octo,/biography/stephen-miller,3
About the CTO | octo,/es/node/1705511,1
About the CTO | octo,/fr/node/1705511,6
About the CTO | octo,/node/1705511,3
Acceptable Use Policy | octo,/node/1523626,99
Acceptable Use Policy | octo,/publication/acceptable-use-policy,113
Access Control Policy | octo,/node/855492,65
Access Control Policy | octo,/publication/access-control-policy,26
Add a ArcGIS Server Dynamic Map Service to Google Maps | octo,/node/709892,2
Add a ArcGIS Server Dynamic Map Service to Google Maps | octo,/page/add-arcgis-server-dynamic-map-service-google-maps,43
Add a Cached Basemap Service to Google Maps | octo,/node/709912,7
Add a Cached Basemap Service to Google Maps | octo,/page/add-cached-basemap-service-google-maps,6
Add new comment | octo,/comment/reply/1251026,5
Add new comment | octo,/comment/reply/1355396,1
Add new comment | octo,/es/comment/reply/1243741,2
Addressing and Property Standards | octo,/am/page/addressing-and-property-standards,4
Addressing and Property Standards | octo,/node/721712,5
Addressing and Property Standards | octo,/page/addressing-and-property-standards,10
Administrative and Other Boundaries - View 1 | octo,/external-link/administrative-and-other-boundaries-view-1,7
Administrative and Other Boundaries - View 1 | octo,/node/719492,3
Aerial Photo 2007 - View 1 | octo,/node/720022,2
Aerial Photo 2007 - View 2 | octo,/node/720032,2
Aerial Photo 2008 - View 1 | octo,/external-link/aerial-photo-2008-view-1,5
Aerial Photo 2008 - View 1 | octo,/node/720002,4
Aerial Photo 2008 - View 2 | octo,/external-link/aerial-photo-2008-view-2,5
Aerial Photo 2008 - View 2 | octo,/node/720012,2
Aerial Photo 2010 - View 1 | octo,/external-link/aerial-photo-2010-view-1,7
Aerial Photo 2010 - View 1 | octo,/node/719982,2
Aerial Photo 2010 - View 2 | octo,/external-link/aerial-photo-2010-view-2,5
Aerial Photo 2010 - View 2 | octo,/node/719992,2
Aerial Photo 2011 - View 2 | octo,/node/719972,2
Agency Cybersecurity Training Liaisons | octo,/page/agency-cybersecurity-training-liaisons-01,89
Agency Management Program | octo,/node/701742,1
Agency Management Program | octo,/page/agency-management-program,29
Agency Publisher Resources | octo,/page/agency-publisher-resources,225
AI Listening Session | octo,/es/node/1803311,3
AI Listening Session | octo,/event/ai-listening-session,99
AI Listening Session | octo,/node/1803311,1
AI Listening Session | octo,/node/1803311/draft,6
AI/ML Adoption and/or Usage Guidelines | octo,/page/aiml-adoption-andor-usage-guidelines,185
AI/ML Governance Policy | octo,/page/aiml-governance-policy,378
All About Cloud | octo,/event/all-about-cloud,8
All About Cloud | octo,/fr/node/1556536,8
All About Cloud | octo,/node/1556536,1
An ninh mạng | octo,/page/ninh-mạng,8
Annotation - View 1 | octo,/external-link/annotation-view-1,60
Annotation - View 1 | octo,/node/719512,2
Annotation - View 2 | octo,/external-link/annotation-view-2,50
Annotation - View 2 | octo,/node/719522,1
"Antoinette S. Mitchell, Ph.D. | octo",/biography/antoinette-s-mitchell-phd,1
ግልጽ/ክፍት መረጃ (Amharic)-Open Data | octo,/service/ግልጽክፍት-መረጃ-amharic-open-data,5
Applications Solutions | octo,/node/701762,1
Applications Solutions | octo,/page/applications-solutions,54
Apply for a DC One Card | octo,/node/687302,13
Apply for a DC One Card | octo,/service/apply-dc-one-card,435
Apps for iOS | octo,/external-link/apps-ios,1
Apps for iOS | octo,/node/726312,38
ArcGIS Desktop License Usage in Apr 2012 | octo,/node/727112,1
ArcGIS Desktop License Usage in Aug 2011 | octo,/node/727182,1
ArcGIS Desktop License Usage in Aug 2012 | octo,/node/727052,1
ArcGIS Desktop License Usage in Aug 2012 | octo,/publication/arcgis-desktop-license-usage-aug-2012,1
ArcGIS Desktop License Usage in Dec 2011 | octo,/node/727142,1
ArcGIS Desktop License Usage in Dec 2012 | octo,/node/727012,1
ArcGIS Desktop License Usage in Dec 2012 | octo,/publication/arcgis-desktop-license-usage-dec-2012,1
ArcGIS Desktop License Usage in Feb 2012 | octo,/node/727122,1
ArcGIS Desktop License Usage in Feb 2012 | octo,/publication/arcgis-desktop-license-usage-feb-2012,1
ArcGIS Desktop License Usage in Feb 2013 | octo,/node/726992,1
ArcGIS Desktop License Usage in Jan 2012 | octo,/node/727132,1
ArcGIS Desktop License Usage in Jan 2012 | octo,/publication/arcgis-desktop-license-usage-jan-2012,1
ArcGIS Desktop License Usage in Jan 2013 | octo,/node/727002,1
ArcGIS Desktop License Usage in July 2012 | octo,/publication/arcgis-desktop-license-usage-july-2012,1
ArcGIS Desktop License Usage in June 2012 | octo,/node/727072,1
ArcGIS Desktop License Usage in Mar 2012 | octo,/node/727102,1
ArcGIS Desktop License Usage in Mar 2013 | octo,/node/726982,1
ArcGIS Desktop License Usage in Mar 2013 | octo,/publication/arcgis-desktop-license-usage-mar-2013,1
ArcGIS Desktop License Usage in May 2012 | octo,/node/727092,1
ArcGIS Desktop License Usage in May 2012 | octo,/publication/arcgis-desktop-license-usage-may-2012,1
ArcGIS Desktop License Usage in Nov 2011 | octo,/node/727152,1
ArcGIS Desktop License Usage in Nov 2011 | octo,/publication/arcgis-desktop-license-usage-nov-2011,1
ArcGIS Desktop License Usage in Nov 2012 | octo,/node/727022,1
ArcGIS Desktop License Usage in Oct 2011 | octo,/node/727162,1
ArcGIS Desktop License Usage in Oct 2012 | octo,/node/727032,1
ArcGIS Desktop License Usage in Oct 2012 | octo,/publication/arcgis-desktop-license-usage-oct-2012,1
ArcGIS Desktop License Usage in Sep 2011 | octo,/node/727172,1
ArcGIS Desktop License Usage in Sep 2012 | octo,/node/727042,1
ArcGIS Desktop License Usage in Sep 2012 | octo,/publication/arcgis-desktop-license-usage-sep-2012,1
ArcGIS Developer Professional | octo,/external-link/arcgis-developer-professional,12
ArcGIS Developer Professional | octo,/external-link/esri-developer-network-edn,1
ArcGIS for Desktop - Extensions | octo,/external-link/arcgis-desktop-extensions,2
ArcGIS for Desktop - Extensions | octo,/node/726262,3
ArcGIS for Desktop | octo,/external-link/arcgis-desktop,5
ArcGIS for Desktop | octo,/node/726252,36
ArcGIS for Server | octo,/external-link/arcgis-server,48
ArcGIS for Server | octo,/node/726282,42
ArcGIS for Transportation Analytics | octo,/external-link/arcgis-transportation-analytics,7
ArcGIS for Transportation Analytics | octo,/node/726782,2
ArcGIS for Windows Mobile | octo,/external-link/arcgis-windows-mobile,11
ArcGIS for Windows Mobile | octo,/node/726292,5
ArcGIS JavaScript Extension for the Google Maps API Reference | octo,/node/709862,1
ArcGIS.com | octo,/external-link/arcgiscom,5
ArcGIS.com | octo,/node/726822,9
ArcPad | octo,/external-link/arcpad,7
ArcPad | octo,/node/726302,1
Arlington County GIS | octo,/external-link/arlington-county-gis,8
Arlington County GIS | octo,/node/720682,1
"Arrest Made in a Burglary One while Armed (Gun) Offense: 800 Block of Marietta Place, Northwest | octo",/release/arrest-made-burglary-one-while-armed-gun-offense-800-block-marietta-place-northwest,1
Artificial Intelligence Task Force Wins Inaugural AI 50 Award | octo,/node/1793981,1
Artificial Intelligence Task Force Wins Inaugural AI 50 Award | octo,/release/artificial-intelligence-task-force-wins-inaugural-ai-50-award,76
ashley.fisher's blog | octo,/blogs/ashleyfisher,19
ASK DC App for Android | octo,/external-link/ask-dc-app-android,23
Ask the Chief Technology Officer | octo,/external-link/ask-chief-technology-officer,31
Ask the Chief Technology Officer | octo,/external-link/ask-director-octo,6
Ask the Chief Technology Officer | octo,/node/311662,2
Asset Management Policy | octo,/node/1523596,23
Asset Management Policy | octo,/publication/asset-management-policy,20
Atlas Plus | octo,/node/708892,13
Atlas Plus | octo,/service/atlas-plus,95
Audit & Accountability Policy | octo,/node/1523461,22
Audit & Accountability Policy | octo,/publication/audit-accountability-policy,14
Basic Map | octo,/external-link/basic-map,50
Basic Map | octo,/node/719402,2
Beauty in the Making | Ward 7’s Entrepreneurs Redefine Wellness and Community | octo,/blog/beauty-making-ward-7’s-entrepreneurs-redefine-wellness-and-community,1
Blog Comments Policy | octo,/blog/blog-comments-policy,25
Blog DOEE tester | octo,/blog/blog-doee-tester,1
Boards and Committees | octo,/es/page/boards-and-committees,1
Boards and Committees | octo,/fr/page/boards-and-committees,2
Boards and Committees | octo,/page/boards-and-committees,90
Bowser Administration Announces DCx Semi-Finalists | octo,/release/bowser-administration-announces-dcx-semi-finalists,11
"Bowser Administration Announces DCx, a Public Challenge for Innovative Solutions in Public Safety and Health | octo",/release/bowser-administration-announces-dcx-public-challenge-innovative-solutions-public-safety-and,10
Bowser Administration Announces First-of-Its-Kind AI Pilot Program of New Platform from MIT Governance Lab and Stanford Digital Economy Lab | octo,/release/bowser-administration-announces-first-its-kind-ai-pilot-program-new-platform-mit-governance,193
Bowser Administration Announces the Winners of DCx | octo,/release/bowser-administration-announces-winners-dcx,6
Bowser Administration Announces the Winners of GigabitDCx | octo,/release/bowser-administration-announces-winners-gigabitdcx,2
Bowser Administration Encourages Residents to Follow Safe Online Shopping Tips During the Holiday Season | octo,/release/bowser-administration-encourages-residents-follow-safe-online-shopping-tips-during-holiday,49
Buscador de áreas de servicio policial (Spanish) | octo,/service/buscador-de-áreas-de-servicio-policial-spanish,76
Business Analyst Online | octo,/external-link/business-analyst-online,5
Business Analyst Online | octo,/node/726802,6
Business and Economic Development - View 1 | octo,/external-link/business-and-economic-development-view-1,5
Business and Economic Development - View 1 | octo,/node/719542,2
Business and Economic Development - View 2 | octo,/node/719562,3
Business Incentive Map | octo,/node/1200410,3
Công cụ tìm khu vực dịch vụ cảnh sát_Vietnamise | octo,/service/công-cụ-tìm-khu-vực-dịch-vụ-cảnh-sátvietnamise,5
Candidate Campaign Contributions Search | octo,/node/711872,2
Capital Improvements Map | octo,/external-link/capital-improvements-map,7
Category Contents | octo,/external-link/category-contents,29
Category Contents | octo,/node/719412,2
Category Features | octo,/external-link/category-features,34
Category Features | octo,/node/719432,2
Chayse Banks | octo,/biography/chayse-banks,1
Chi Cha Lounge· - 10-08-25 - Transcript | octo,/publication/chi-cha-lounge·-10-08-25-transcript,1
christina.harper's blog | Page 2 | octo,/blogs/christinaharper,2
CIO List 2019 | octo,/publication/cio-list-2019,2
Clean Desk Policy | octo,/node/1523631,13
Clean Desk Policy | octo,/publication/clean-desk-policy,37
Community Tapestry | octo,/external-link/community-tapestry,2
Community Tapestry | octo,/node/726812,8
Compliance Policy | octo,/node/1523511,27
Compliance Policy | octo,/publication/compliance-policy,26
Compose tips | octo,/filter/tips,7
Configuration Management Policy | octo,/node/1523521,25
Configuration Management Policy | octo,/publication/configuration-management-policy,18
Confirmation Testimony of Acting Chief Technology Officer Lindsey Parker | octo,/release/confirmation-testimony-acting-chief-technology-officer-lindsey-parker,7
Connect DC Tech Locator | octo,/external-link/connect-dc-tech-locator,2
Contáctese con los directores | octo,/es/page/contact-agency-directors,4
Contact Agency Directors | octo,/page/contact-agency-directors,126
Contact Us | octo,/page/contact-us-16,1
Content Filtering Standard | octo,/node/1285146,196
Content Filtering Standard | octo,/page/content-filtering-standard,14
Contingency Planning Policy | octo,/node/1523526,36
Contingency Planning Policy | octo,/publication/contingency-planning-policy,3
Coordinate Converter | octo,/node/719482,2
Coordinate System Standards | octo,/am/page/coordinate-system-standards,1
Coordinate System Standards | octo,/node/721752,4
Coordinate System Standards | octo,/page/coordinate-system-standards,113
Council of Global City CIOs | Cyber Resiliency Framework | octo,/publication/council-global-city-cios-cyber-resiliency-framework,1
Crime Cards | octo,/external-link/crime-cards,48
Crime Cards | octo,/node/159102,15
CTO Mancini Statement on Web Form Enhancements | octo,/fr/release/cto-mancini-statement-web-form-enhancements,4
CTO Mancini Statement on Web Form Enhancements | octo,/release/cto-mancini-statement-web-form-enhancements,4
CTO Stephen Miller’s FY24 Performance Testimony | octo,/node/1767451,5
CTO Stephen Miller’s FY24 Performance Testimony | octo,/release/cto-stephen-miller-fy24-performance-testimony,6
CTO Stephen Miller’s FY26 Budget Oversight Hearing Testimony | octo,/release/cto-stephen-miller’s-fy26-budget-oversight-hearing-testimony,17
CTO Vemulapalli on Bloomberg 'Future of Cities' Panel | octo,/event/cto-vemulapalli-bloomberg-future-cities-panel,1
Cultural and Society - View 1 | octo,/node/719582,2
Cultural and Society - View 2 | octo,/node/719602,2
CWITS Audit Trail Monitoring and Reporting Policy | octo,/node/856502,1
CWITS Audit Trail Monitoring and Reporting Policy | octo,/publication/cwits-audit-trail-monitoring-and-reporting-policy,19
Cyber Security Incident Response Team Policy | octo,/node/1542086,23
Cyber Security Incident Response Team Policy | octo,/publication/cyber-security-incident-response-team-policy,30
Cyber Security Incident Response Team Policy | octo,/publication/cyber-security-incident-response-team-policy-0,5
Cybersécurité | octo,/node/1674631/,1
Cybersécurité | octo,/page/cybersécurité,5
Cybersecurity | octo,/am/cybersecurity,7
Cybersecurity | octo,/cybersecurity,274
Cybersecurity | octo,/es/cybersecurity,1
Cybersecurity | octo,/event/cybersecurity,1
Cybersecurity | octo,/page/cybersecurity-safety,6
Cybersecurity网络安全 | octo,/page/cybersecurity网络安全,7
Dữ liệu mở (Vietnamise)-Open Data | octo,/am/node/1674766,4
Dữ liệu mở (Vietnamise)-Open Data | octo,/service/dữ-liệu-mở-vietnamise-open-data,2
Dịch vụ OCTO Phiên dịch ngôn ngữ | octo,/node/1677021,61
Dịch vụ OCTO Phiên dịch ngôn ngữ | octo,/page/dịch-vụ-octo-phiên-dịch-ngôn-ngữ,1
Data and Records Retention Policy | octo,/node/1523531,33
Data and Records Retention Policy | octo,/publication/data-and-records-retention-policy,67
Data Catalog | octo,/am/external-link/data-catalog,81
Data Catalog | octo,/es/external-link/data-catalog,88
Data Catalog | octo,/external-link/data-catalog,938
Data Catalog | octo,/fr/external-link/data-catalog,93
Data Catalog | octo,/node/159922,184
Data Distribution and Security Standards | octo,/am/page/data-distribution-and-security-standards,1
Data Distribution and Security Standards | octo,/node/721772,4
Data Distribution and Security Standards | octo,/page/data-distribution-and-security-standards,22
Data Management | octo,/event/data-management,6
DC 311 Mapping | octo,/node/712242,2
DC 311 Mapping | octo,/service/dc-311-mapping,144
"DC Agencies to Hold All-Hands Twitter Townhall to Highlight Enhancements, Answer Questions on DC.gov Website | octo",/release/dc-agencies-hold-all-hands-twitter-townhall-highlight-enhancements-answer-questions-dcgov,8
DC Aging and Disability Resource Centers Locations | octo,/node/712542,1
DC Aging and Disability Resource Centers Locations | octo,/service/dc-aging-and-disability-resource-centers-locations,2
DC Atlas Plus | octo,/external-link/dc-atlas-plus,1
DC Atlas Plus | octo,/node/708922,20
DC Atlas Plus All-in-One User Guide | octo,/publication/dc-atlas-all-in-one-user-guide,1
DC Basemap - View 1 | octo,/node/719612,2
DC Basemap - View 2 | octo,/node/719622,3
DC Basemap - View 3 | octo,/node/719632,2
DC Basemap - View 4 | octo,/node/719662,2
DC Council Confirms Rob Mancini as DC Chief Technology Officer | octo,/release/dc-council-confirms-rob-mancini-dc-chief-technology-officer,3
DC Crime Cards | octo,/service/dc-crime-cards,121
DC Data Policy | octo,/node/1240541,8
DC Department of General Services Mobile App - Android | octo,/external-link/dc-department-general-services-mobile-app-android,4
DC Department of General Services Mobile App - Android | octo,/node/1012052,1
DC Department of General Services Mobile App - Apple | octo,/node/1012062,2
DC From Above | 22 Years of Aerial Photography in DC’s Data Site | octo,/blog/dc-above-22-years-aerial-photography-dc’s-data-site,9
DC Geographic Information System Program | octo,/am/service/dc-geographic-information-system-program,3
DC Geographic Information System Program | octo,/fr/service/dc-geographic-information-system-program,2
DC Geographic Information System Program | octo,/node/718302,6
DC Geographic Information System Program | octo,/service/dc-geographic-information-system-program,101
DC GIS Business Plan - 2011 | octo,/fr/publication/dc-gis-business-plan-2011,2
DC GIS Business Plan - 2011 | octo,/publication/dc-gis-business-plan-2011,2
DC GIS Business Plan - 2016 | octo,/fr/publication/dc-gis-business-plan-2016,1
DC GIS Business Plan - 2016 | octo,/publication/dc-gis-business-plan-2016,6
DC GIS Glossary | octo,/fr/page/dc-gis-glossary,1
DC GIS Glossary | octo,/page/dc-gis-glossary,98
DC GIS 서비스(Korean) | octo,/node/1674621,4
DC GIS 서비스(Korean) | octo,/service/dc-gis-서비스korean,4
DC GIS Offers Improved KML Data for Google Earth and Esri ArcGIS Explorer | octo,/release/dc-gis-offers-improved-kml-data-google-earth-and-esri-arcgis-explorer,3
DC GIS Office Location | octo,/es/publication/dc-gis-office-location,4
DC GIS Office Location | octo,/publication/dc-gis-office-location,3
DC GIS Services | octo,/es/service/dc-gis-services,1
DC GIS Services | octo,/node/708432,6
DC GIS Services | octo,/service/dc-gis-services,2017
DC GIS Services | octo,/service/dc-gis-services/checkout/,1
DC GIS Strategic Plan - 2009 | octo,/publication/dc-gis-strategic-plan-2009,4
DC GIS Strategic Plan - 2016 | octo,/publication/dc-gis-strategic-plan-2016,2
DC GIS Terms of Service | octo,/fr/page/dc-gis-terms-service,1
DC GIS Terms of Service | octo,/node/1165116,10
DC GIS Terms of Service | octo,/page/dc-gis-terms-service,3
DC Gov Awards | octo,/am/page/dc-gov-awards,40
DC Gov Awards | octo,/es/page/dc-gov-awards,45
DC Gov Awards | octo,/fr/page/dc-gov-awards,47
DC Gov Awards | octo,/page/dc-gov-awards,158
DC Gov Drupal 7 Reference Guide and User Manual | octo,/fr/publication/dc-gov-drupal-7-reference-guide-and-user-manual,1
DC Gov Drupal 7 Reference Guide and User Manual | octo,/node/721662,5
DC Gov Drupal 7 Reference Guide and User Manual | octo,/publication/dc-gov-drupal-7-reference-guide-and-user-manual,20
DC Government Hosted Tech Career Collaboration for 50+ High School Students During National Cybersecurity Month | octo,/node/1803906,1
DC Government Hosted Tech Career Collaboration for 50+ High School Students During National Cybersecurity Month | octo,/node/1803906/revisions/7211581/view,1
DC Government Hosted Tech Career Collaboration for 50+ High School Students During National Cybersecurity Month | octo,/release/dc-government-hosted-tech-career-collaboration-50-high-school-students-during-national,54
DC Government Property Search | octo,/node/715342,2
DC Government Property Search | octo,/service/dc-government-property-search,46
DC Health Search | octo,/node/1192290,1
"DC Launches GigabitDCx, a Competition for Gigabit-Speed Applications Addressing City Mobility and the Environment | octo",/release/dc-launches-gigabitdcx-competition-gigabit-speed-applications-addressing-city-mobility-and,5
DC Names New Chief Information Security Officer (CISO) | octo,/release/dc-names-new-chief-information-security-officer-ciso,30
DC Office of Campaign Finance - OCF | octo,/node/711902,2
DC Office of Unified Communications - OUC | octo,/node/712292,1
DC One Card - Database Privacy Policy | octo,/page/dc-one-card-database-privacy-policy,2
DC One Card - Frequently Asked Questions | octo,/am/page/dc-one-card-frequently-asked-questions,45
DC One Card - Frequently Asked Questions | octo,/es/page/dc-one-card-frequently-asked-questions,40
DC One Card - Frequently Asked Questions | octo,/fr/page/dc-one-card-frequently-asked-questions,42
DC One Card - Frequently Asked Questions | octo,/page/dc-one-card-frequently-asked-questions,219
DC One Card | octo,/node/701542,18
DC One Card | octo,/page/dc-one-card,870
DC One Card Amharic (አማርኛ) | octo,/node/1638951,6
DC One Card Amharic (አማርኛ) | octo,/page/dc-one-card-amharic-አማርኛ,2
DC One Card Application | octo,/external-link/dc-one-card-application,3
DC One Card Application | octo,/node/562552,1
DC One Card Chinese (中文) | octo,/node/1638596,3
DC One Card French (Français) | octo,/node/1638381,4
DC One Card French (Français) | octo,/page/dc-one-card-french-français,1
DC One Card Korean (한국어) | octo,/node/1638601,6
DC One Card Korean (한국어) | octo,/page/dc-one-card-korean-한국어,8
DC One Card Login | octo,/node/550622,46
DC One Card Transition | octo,/node/1800386,11
DC One Card Transition | octo,/onecardtransition,339
DC Public Schools - DCPS | octo,/external-link/dc-public-schools-dcps,1
DC Residents: Protect Yourself Against Ransomware | octo,/blog/dc-residents-protect-yourself-against-ransomware,9
"DC Seeks Feedback, Ideas for Upcoming Redesign of DC.gov Portal | octo",/release/dc-seeks-feedback-ideas-upcoming-redesign-dcgov-portal,10
DC Sex Offender Registry | octo,/external-link/dc-sex-offender-registry,1
DC Small Businesses Awarded Technology Tools to Better Compete in Today's Digital Economy | octo,/release/dc-small-businesses-awarded-technology-tools-better-compete-todays-digital-economy,6
DC State Broadband and Digital Equity Office (SBDEO) Opens Public Comment on BEAD and Digital Equity Plans | octo,/am/node/1692431,8
DC State Broadband and Digital Equity Office (SBDEO) Opens Public Comment on BEAD and Digital Equity Plans | octo,/release/dc-state-broadband-and-digital-equity-office-sbdeo-opens-public-comment-bead-and-digital,74
DC to Host 5 Public Listening Sessions on DC.gov Redesign Project | octo,/release/dc-host-5-public-listening-sessions-dcgov-redesign-project,5
"DC to launch All Hands On Tech, a Free Tech Support Pilot, this Saturday, September 22, 2018 at Anacostia Library | octo",/release/dc-launch-all-hands-tech-free-tech-support-pilot-saturday-september-22-2018-anacostia,9
DC Watershed Map | octo,/external-link/dc-watershed-map,5
DC Watershed Map | octo,/node/718172,1
DC Zoning Map | octo,/am/service/dc-zoning-map,9
DC Zoning Map | octo,/es/service/dc-zoning-map,1
DC Zoning Map | octo,/fr/service/dc-zoning-map,1
DC Zoning Map | octo,/node/617232,3
DC Zoning Map | octo,/service/dc-zoning-map,55
DC.Gov Web Style Guide | octo,/node/706822,36
DC.Gov Web Style Guide | octo,/publication/dcgov-web-style-guide,20
DC’s First Inclusive Innovation Incubator Officially Opens | octo,/fr/release/dc’s-first-inclusive-innovation-incubator-officially-opens,1
DC’s First Inclusive Innovation Incubator Officially Opens | octo,/release/dc’s-first-inclusive-innovation-incubator-officially-opens,13
DCBOE Voter App - Android | octo,/external-link/dcboe-voter-app-android,2
DCBOE Voter App - Apple | octo,/external-link/dcboe-voter-app-apple,1
DC-NET | octo,/es/page/dc-net,6
DC-NET | octo,/node/783122,3
DC-NET | octo,/page/dc-net,90
DC-Net | octo,/service/dc-net,72
DC-Net to Sponsor Internet for US Department of Energy Solar Decathlon 2011 | octo,/release/dc-net-sponsor-internet-us-department-energy-solar-decathlon-2011-0,1
DC-Net Wi-fi Hotspot App - Android | octo,/node/921482,2
DC-Net Wi-fi Hotspot App - Apple | octo,/node/921502,1
DCPS Boundary Information System - EBIS | octo,/node/712682,2
DCPS Boundary Information System - EBIS | octo,/service/dcps-boundary-information-system-ebis,50
DCPS Feeder School Patterns | octo,/node/712722,17
DCPS School Profiles | octo,/node/712742,1
DCPS School Profiles | octo,/service/dcps-school-profiles,19
Demographic - View 1 | octo,/node/719672,2
Demographic - View 2 | octo,/node/719682,2
"Development, Training and Support | octo",/fr/page/development-training-and-support,1
"Development, Training and Support | octo",/node/707002,1
"Development, Training and Support | octo",/page/development-training-and-support,118
Digital Equity Plan | octo,/featured-content/digital-equity-plan,34
Digital Equity Plan | octo,/node/1694021,4
Digital Inclusion Initiative Launches New Website | octo,/release/digital-inclusion-initiative-launches-new-website-0,1
Digital Services | octo,/event/digital-services,2
District Agency Support | octo,/es/page/district-agency-support,1
District Agency Support | octo,/fr/page/district-agency-support,7
District Agency Support | octo,/page/district-agency-support,145
District Breaks Ground on New Fiber Network Serving City's Most Underserved Areas | octo,/release/district-breaks-ground-new-fiber-network-serving-citys-most-underserved-areas-0,3
District DMV and OCTO Launch Mobile Initiative | octo,/release/dc-dmv-and-octo-launch-mobile-initiative,6
District FirstNet Planning | octo,/es/page/district-firstnet-planning,4
District FirstNet Planning | octo,/node/879652,1
District FirstNet Planning | octo,/page/district-firstnet-planning,6
District Government Enhances Online Leaf Collection Map | octo,/release/district-government-enhances-online-leaf-collection-map,5
District Government Releases First-ever DC Broadband Map | octo,/release/district-government-releases-first-ever-dc-broadband-map,3
District Government Web Style and Standards | octo,/es/page/district-government-web-style-and-standards,1
District Government Web Style and Standards | octo,/fr/page/district-government-web-style-and-standards,10
District Government Web Style and Standards | octo,/node/706982,26
District Government Web Style and Standards | octo,/page/district-government-web-style-and-standards,131
"District Government, Georgetown, GWU and Howard Join Forces for Historic Smart Cities Partnership | octo",/release/district-government-georgetown-gwu-and-howard-join-forces-historic-smart-cities-partnership,1
District Integrates 311-Service Request System with SeeClickFix | octo,/release/district-integrates-311-service-request-system-seeclickfix-0,4
District of Columbia Data Feeds Wins Innovations in American Government Award | octo,/release/district-columbia-data-feeds-wins-innovations-american-government-award,2
District of Columbia Data Policy | octo,/am/page/district-columbia-data-policy,4
District of Columbia Data Policy | octo,/node/1239971,47
District of Columbia Data Policy | octo,/page/district-columbia-data-policy,67
District of Columbia Government Places Third in Startup Weekend | octo,/release/district-columbia-government-places-third-startup-weekend,1
"District of Columbia Honored for Exceptional Use of Geospatial Technology at the 39th Esri User Conference in San Diego, C | octo",/release/district-columbia-honored-exceptional-use-geospatial-technology -39th esri-user-conference,8
District of Columbia Recognized as Leader in Digital Inclusion Efforts at National League of Cities Event | octo,/release/district-columbia-recognized-leader-digital-inclusion-efforts-national-league-cities-event,10
District Partners with US Ignite to Catalyze Next-Generation Internet Applications | octo,/release/dc-partners-us-ignite-catalyze-next-generation-internet-applications-0,1
District Relies on Microsoft Exchange to Manage Email | octo,/release/district-relies-microsoft-exchange-manage-email,1
District to Become America's First 100-Gigabit City | octo,/release/district-becomes-americas-first-100-gigabit-city,1
DMV Active Dealers | octo,/publication/dmv-active-dealers-list,1
DOES and OCTO Announce New Paid Internship Program for DCIA Graduates | octo,/release/does-and-octo-announce-new-paid-internship-program-dcia-graduates-one,11
Données ouvertes(French) | octo,/fr/node/1674751,1
Données ouvertes(French) | octo,/fr/service/données-ouvertesfrench,2
Données ouvertes(French) | octo,/service/données-ouvertesfrench,11
Download the MAR Geocoder | octo,/node/1161947,7
Download the MAR Geocoder | octo,/service/download-mar-geocoder,33
경찰 서비스 지역 찾기(Korean) | octo,/node/1674731,1
경찰 서비스 지역 찾기(Korean) | octo,/service/경찰-서비스-지역-찾기korean,7
EBIS Boundary Information System | octo,/node/712712,16
Education - View 1 | octo,/node/719692,1
Education - View 2 | octo,/node/719702,1
Education - View 3 | octo,/node/719712,2
Elevation - View 1 | octo,/node/719732,3
Elevation - View 2 | octo,/node/719742,5
Eligibility Requirements | octo,/node/682732,12
Eligibility Requirements | octo,/page/eligibility-requirements-02,133
Email Use Policy | octo,/am/page/email-use-policy,5
Email Use Policy | octo,/node/707082,37
Email Use Policy | octo,/page/email-use-policy,72
Emergency Information Center | octo,/service/emergency-information-center,11
Emergency Information Center App | octo,/node/713252,1
Employee Resources | octo,/page/employee-resources,101
Enterprise Mobile Device Management Policy | octo,/node/1285191,10
Enterprise Mobile Device Management Policy | octo,/publication/enterprise-mobile-device-management-policy,24
Enterprise VPN | octo,/publication/enterprise-vpn,185
Environment - View 1 | octo,/node/719762,2
Environment - View 2 | octo,/external-link/environment-view-2,2
Environment - View 2 | octo,/node/719752,3
Environment - View 3 | octo,/node/719772,3
Environment - View 4 | octo,/node/719782,2
Esri and the District of Columbia Partner to Launch DC’s AI-Powered ‘Compass’ | octo,/release/esri-and-district-columbia-partner-launch-dcs-ai-powered-compass,32
ESRI Enterprise License Agreement | octo,/am/page/esri-enterprise-license-agreement,6
ESRI Enterprise License Agreement | octo,/fr/page/esri-enterprise-license-agreement,2
ESRI Enterprise License Agreement | octo,/page/esri-enterprise-license-agreement,54
ESRI Online GIS Dictionary | octo,/am/external-link/esri-online-gis-dictionary,2
ESRI Online GIS Dictionary | octo,/es/external-link/esri-online-gis-dictionary,7
ESRI Online GIS Dictionary | octo,/external-link/esri-online-gis-dictionary,3
ESRI Online GIS Dictionary | octo,/external-link/esri-online-gis-dictionary-website,1
ESRI Online GIS Dictionary | octo,/node/707952,6
ESRI website | octo,/external-link/esri-website,39
ESRI website | octo,/node/707962,5
Evacuation Route | octo,/service/evacuation-route,15
Evaluation Criteria for Acquiring Computer Systems | octo,/es/page/evaluation-criteria-acquiring-computer-systems,5
Evaluation Criteria for Acquiring Computer Systems | octo,/fr/page/evaluation-criteria-acquiring-computer-systems,1
Evaluation Criteria for Acquiring Computer Systems | octo,/node/707092,4
Evaluation Criteria for Acquiring Computer Systems | octo,/page/evaluation-criteria-acquiring-computer-systems,4
Event Summary | #SaferStrongerSmarter Hackathon | octo,/publication/event-summary-saferstrongersmarter-hackathon,2
Events | octo,/calendar/day,46
Events | octo,/calendar/day/2022-01-20,0
Events | octo,/calendar/day/2022-01-22,3
Events | octo,/calendar/day/2022-06-15,1
Events | octo,/calendar/day/2022-08-18,1
Events | octo,/calendar/day/2022-08-20,1
Events | octo,/calendar/day/2025-02-10,1
Events | octo,/calendar/day/2025-02-12,37
Events | octo,/calendar/day/2025-08-05,38
Events | octo,/calendar/day/2025-08-07,39
Events | octo,/calendar/day/2025-09-02,3
Events | octo,/calendar/day/2025-09-17,2
Events | octo,/calendar/day/2025-09-23,1
Events | octo,/calendar/day/2025-09-25,3
Events | octo,/calendar/day/2025-09-29,1
Events | octo,/calendar/day/2025-10-03,1
Events | octo,/calendar/day/2025-10-05,1
Events | octo,/calendar/day/2025-10-08,1
Events | octo,/calendar/day/2025-10-16,4
Events | octo,/calendar/day/2025-10-18,2
Events | octo,/calendar/day/2025-10-21,1
Events | octo,/calendar/day/2025-10-23,1
Events | octo,/calendar/day/2025-10-25,1
Events | octo,/calendar/day/2025-10-26,1
Events | octo,/calendar/day/2025-10-28,1
Events | octo,/calendar/day/2025-10-30,1
Events | octo,/calendar/day/2025-11-01,1
Events | octo,/calendar/day/2025-11-03,3
Events | octo,/calendar/day/2025-11-04,1
Events | octo,/calendar/day/2025-11-05,1
Events | octo,/calendar/day/2025-11-07,1
Events | octo,/calendar/day/2025-11-08,1
Events | octo,/calendar/day/2025-11-09,1
Events | octo,/calendar/day/2025-11-10,3
Events | octo,/calendar/day/2025-11-11,1
Events | octo,/calendar/day/2025-11-14,1
Events | octo,/calendar/day/2025-11-16,3
Events | octo,/calendar/day/2025-11-17,1
Events | octo,/calendar/day/2025-11-23,1
Events | octo,/calendar/day/2025-11-24,1
Events | octo,/calendar/day/2025-11-25,1
Events | octo,/calendar/day/2025-11-26,1
Events | octo,/calendar/day/2025-11-27,1
Events | octo,/calendar/day/2025-11-28,2
Events | octo,/calendar/day/2025-11-29,3
Events | octo,/calendar/day/2025-11-30,1
Events | octo,/calendar/day/2025-12-07,1
Events | octo,/calendar/day/2025-12-09,1
Events | octo,/calendar/month,53
Events | octo,/calendar/month/2022-01,1
Events | octo,/calendar/month/2022-03,1
Events | octo,/calendar/month/2022-12,1
Events | octo,/calendar/month/2023-08,1
Events | octo,/calendar/month/2023-10,1
Events | octo,/calendar/month/2024-01,37
Events | octo,/calendar/month/2024-02,47
Events | octo,/calendar/month/2024-03,35
Events | octo,/calendar/month/2024-04,47
Events | octo,/calendar/month/2024-05,40
Events | octo,/calendar/month/2024-06,48
Events | octo,/calendar/month/2024-07,37
Events | octo,/calendar/month/2024-08,42
Events | octo,/calendar/month/2024-09,43
Events | octo,/calendar/month/2024-10,49
Events | octo,/calendar/month/2024-11,38
Events | octo,/calendar/month/2024-12,51
Events | octo,/calendar/month/2025-01,44
Events | octo,/calendar/month/2025-02,40
Events | octo,/calendar/month/2025-03,44
Events | octo,/calendar/month/2025-04,42
Events | octo,/calendar/month/2025-05,37
Events | octo,/calendar/month/2025-06,39
Events | octo,/calendar/month/2025-07,34
Events | octo,/calendar/month/2025-08,36
Events | octo,/calendar/month/2025-09,37
Events | octo,/calendar/month/2025-10,43
Events | octo,/calendar/month/2025-11,49
Events | octo,/calendar/month/2025-12,33
Events | octo,/calendar/month/2026-01,1
Events | octo,/calendar/week,50
Events | octo,/calendar/week/2025-W31,37
Events | octo,/calendar/week/2025-W33,45
Events | octo,/calendar/week/2025-W41,1
Events | octo,/calendar/week/2025-W42,1
Events | octo,/calendar/week/2025-W43,1
Events | octo,/calendar/week/2025-W44,1
Events | octo,/calendar/week/2025-W45,2
Events | octo,/calendar/week/2025-W46,2
Events | octo,/calendar/week/2025-W47,1
Events | octo,/calendar/week/2025-W49,1
Events | octo,/calendar/year,41
Events | octo,/calendar/year/2024,40
Events | octo,/calendar/year/2025,3
Events | octo,/calendar/year/2026,31
Events | octo,/events,82
Executive Office of the Mayor | octo,/agency/executive-office-of-the-mayor,5
Facility and Structure - View 1 | octo,/node/719792,2
Facility and Structure - View 2 | octo,/external-link/facility-and-structure-view-2,2
Facility and Structure - View 2 | octo,/node/719802,2
Facility and Structure - View 3 | octo,/node/719812,2
Facility and Structure - View 4 | octo,/node/719822,2
Fairfax County GIS | octo,/node/720692,2
Feature Details | octo,/node/719442,3
Featured OCTO Positions Closing Soon | octo,/blog/featured-octo-positions-closing-soon,11
Federal Geographic Data Committee (FGDC) | octo,/external-link/federal-geographic-data-committee-fgdc,4
Federal Geographic Data Committee (FGDC) | octo,/node/708012,2
Federated Geospatial Data Model | octo,/publication/federated-geospatial-data-model,1
Find Wi-Fi Hotspots | octo,/node/710032,22
Fire and EMS Locations | octo,/node/715092,2
Fire and EMS Locations | octo,/service/fire-and-ems-locations,299
First Responders | octo,/node/879582,1
First Responders | octo,/page/first-responders,27
FirstNet | octo,/es/page/firstnet,8
FirstNet | octo,/fr/page/firstnet,1
FirstNet | octo,/page/firstnet,31
FirstNet EMS Factsheet | octo,/publication/firstnet-ems-factsheet,4
FirstNet Federal Authority | octo,/fr/page/firstnet-federal-authority,5
FirstNet Federal Authority | octo,/node/880122,1
FirstNet Federal Authority | octo,/page/firstnet-federal-authority,1
FirstNet Fire Services Factsheet | octo,/fr/publication/firstnet-fire-services-factsheet,4
FirstNet Fire Services Factsheet | octo,/publication/firstnet-fire-services-factsheet,1
FirstNet Issues RFP | octo,/page/firstnet-issues-rfp,7
FirstNet Law Enforcement Factsheet | octo,/publication/firstnet-law-enforcement-factsheet,6
FirstNet LMR Factsheet | octo,/publication/firstnet-lmr-factsheet,8
FirstNet Overview | octo,/fr/publication/firstnet-overview,6
Flood Risk Zone Viewer | octo,/node/715132,1
Flood Risk Zone Viewer | octo,/service/flood-risk-zone-viewer,4
Flu Awareness | octo,/event/flu-awareness-0,1
"Frequently Asked Questions About Email, Security and Internet Access | octo",/node/1285126,5
"Frequently Asked Questions About Email, Security and Internet Access | octo",/page/frequently-asked-questions-about-email-security-and-internet-access,19
FY16-FY17 Performance Hearing Testimony of CTO Archana Vemulapalli before Committee on Government Operations | octo,/release/fy16-fy17-performance-hearing-testimony-cto-archana-vemulapalli-committee-government,5
FY16-FY17 Performance Hearing Testimony of CTO Archana Vemulapalli before Committee on Government Operations | octo,/release/fy16-fy17-performance-hearing-testimony-cto-archana-vemupalli-committee-government,1
FY17-FY18 Performance Hearing Testimony of Interim CTO Barney Krucoff before Committee on Government Operations | octo,/release/fy17-fy18-performance-hearing-testimony-interim-cto-barney-krucoff-committee-government,4
FY18-FY19 Performance Hearing Testimony of Acting Chief Technology Officer Lindsey Parker before the Committee on Government Operations | octo,/release/fy18-fy19-performance-hearing-testimony-acting-chief-technology-officer-lindsey-parker,8
Geocoding Troubleshooting Guide for MAR | octo,/node/1249181,1
Geocoding Troubleshooting Guide for MAR | octo,/publication/geocoding-troubleshooting-guide-mar,1
Geospatial Data Published in November of 2013 | octo,/page/geospatial-data-published-november-2013,6
Geospatial One-Stop | octo,/external-link/geospatial-one-stop,2
Geospatial One-Stop | octo,/node/720462,1
Giới thiệu về DC GIS (Viet) | octo,/es/node/1674591,5
Giới thiệu về DC GIS (Viet) | octo,/service/giới-thiệu-về-dc-gis-viet,2
GIS as a Service | octo,/external-link/gis-service,40
GIS as a Service | octo,/node/726272,43
GIS Frequently Asked Questions | octo,/am/page/gis-frequently-asked-questions,5
GIS Frequently Asked Questions | octo,/node/707152,5
GIS Frequently Asked Questions | octo,/page/gis-frequently-asked-questions,13
GISSC Meeting Minutes - August 4 2009 | octo,/node/705392,1
GISSC Meeting Minutes - December 11 2012 | octo,/node/704922,1
GISSC Meeting Minutes - December 11 2012 | octo,/publication/gissc-meeting-minutes-december-11-2012,1
GISSC Meeting Minutes - December 21 2010 | octo,/node/705322,1
GISSC Meeting Minutes - January 21 2010 | octo,/node/705372,1
GISSC Meeting Minutes - July 18 2012 | octo,/node/704942,1
GISSC Meeting Minutes - July 18 2012 | octo,/publication/gissc-meeting-minutes-july-18-2012,1
GISSC Meeting Minutes - June 21 2011 | octo,/node/705232,1
GISSC Meeting Minutes - June 3 2013 | octo,/node/704902,1
GISSC Meeting Minutes - March 14 2012 | octo,/node/705172,1
GISSC Meeting Minutes - March 14 2012 | octo,/publication/gissc-meeting-minutes-march-14-2012,1
GISSC Meeting Minutes - May 12 2011 | octo,/node/705242,1
GISSC Meeting Minutes - May 12 2011 | octo,/publication/gissc-meeting-minutes-may-12-2011,1
GISSC Meeting Minutes - May 14 2010 | octo,/node/705362,1
GISSC Meeting Minutes - May 14 2010 | octo,/publication/gissc-meeting-minutes-may-14-2010,1
GISSC Meeting Minutes - May 29 2009 | octo,/node/705402,1
GISSC Meeting Minutes - May 29 2009 | octo,/publication/gissc-meeting-minutes-may-29-2009,1
GISSC Meeting Minutes - November 9 2010 | octo,/node/705332,1
GISSC Meeting Minutes - November 9 2010 | octo,/publication/gissc-meeting-minutes-november-9-2010,1
GISSC Meeting Minutes - October 11 2011 | octo,/node/704982,3
GISSC Meeting Minutes - October 15 2009 | octo,/node/705382,1
GISSC Meeting Minutes - October 15 2009 | octo,/publication/gissc-meeting-minutes-october-15-2009,1
"GISSC Meeting Minutes (August 21, 2014) | octo",/node/890192,1
"GISSC Meeting Minutes (August 27, 2015) | octo",/node/1109772,1
"GISSC Meeting Minutes (August 27, 2015) | octo",/publication/gissc-meeting-minutes-august-27-2015,1
"GISSC Meeting Minutes (December 3, 2015) | octo",/node/1129077,1
"GISSC Meeting Minutes (December 3, 2015) | octo",/publication/gissc-meeting-minutes-december-3-2015,1
"GISSC Meeting Minutes (December 5, 2013) | octo",/node/883192,1
"GISSC Meeting Minutes (February 12, 2015) | octo",/node/1017582,1
"GISSC Meeting Minutes (February 12, 2015) | octo",/publication/gissc-meeting-minutes-february-12-2015,1
"GISSC Meeting Minutes (February 21, 2017) | octo",/node/1225366,1
"GISSC Meeting Minutes (February 21, 2017) | octo",/publication/gissc-meeting-minutes-february-21-2017,1
"GISSC Meeting Minutes (July 18, 2018) | octo",/node/1349046,1
"GISSC Meeting Minutes (July 18, 2018) | octo",/publication/gissc-meeting-minutes-july-18-2018,1
"GISSC Meeting Minutes (May 20, 2015) | octo",/node/1072332,1
"GISSC Meeting Minutes (May 20, 2015) | octo",/publication/gissc-meeting-minutes-may-20-2015,1
"GISSC Meeting Minutes (November 19, 2014) | octo",/node/962012,1
"GISSC Meeting Minutes (November 19, 2014) | octo",/publication/gissc-meeting-minutes-november-19-2014,2
GISSC Presentation - April 28 2005 | octo,/node/706482,1
"GISSC Presentation - August 21, 2014 | octo",/node/887762,1
"GISSC Presentation - August 21, 2014 | octo",/publication/gissc-presentation-august-21-2014,1
GISSC Presentation - August 4 2009 | octo,/node/705812,1
GISSC Presentation - August 4 2009 | octo,/publication/gissc-presentation-august-4-2009,1
GISSC Presentation - December 11 2012 | octo,/node/705682,1
GISSC Presentation - December 11 2012 | octo,/publication/gissc-presentation-december-11-2012,1
GISSC Presentation - December 21 2010 | octo,/node/705762,1
GISSC Presentation - December 21 2010 | octo,/publication/gissc-presentation-december-21-2010,1
GISSC Presentation - December 7 2006 | octo,/node/706302,1
GISSC Presentation - December 7 2006 | octo,/publication/gissc-presentation-december-7-2006,3
GISSC Presentation - February 20 2009 | octo,/node/706182,1
GISSC Presentation - January 19 2006 | octo,/node/706392,1
GISSC Presentation - January 19 2006 | octo,/publication/gissc-presentation-january-19-2006,1
GISSC Presentation - January 21 2010 | octo,/node/705782,1
GISSC Presentation - July 15 2005 | octo,/node/706462,1
GISSC Presentation - July 15 2005 | octo,/publication/gissc-presentation-july-15-2005,1
GISSC Presentation - July 18 2012 | octo,/node/705712,1
GISSC Presentation - June 1 2006 | octo,/node/706342,1
GISSC Presentation - June 1 2006 | octo,/publication/gissc-presentation-june-1-2006,1
GISSC Presentation - June 12 2008 | octo,/node/706212,1
GISSC Presentation - June 12 2008 | octo,/publication/gissc-presentation-june-12-2008,1
GISSC Presentation - June 21 2011 | octo,/publication/gissc-presentation-june-21-2011,1
GISSC Presentation - June 3 2013 | octo,/node/705592,1
GISSC Presentation - June 7 2007 | octo,/node/706262,1
GISSC Presentation - June 7 2007 | octo,/publication/gissc-presentation-june-7-2007,1
GISSC Presentation - March 14 2012 | octo,/node/705722,1
GISSC Presentation - March 14 2012 | octo,/publication/gissc-presentation-march-14-2012,1
GISSC Presentation - March 16 2006 | octo,/node/706382,1
GISSC Presentation - March 7 2007 | octo,/node/706282,1
GISSC Presentation - March 7 2007 | octo,/publication/gissc-presentation-march-7-2007,1
GISSC Presentation - May 12 2011 | octo,/node/705752,1
GISSC Presentation - May 12 2011 | octo,/publication/gissc-presentation-may-12-2011,1
GISSC Presentation - May 14 2010 | octo,/node/705772,1
GISSC Presentation - May 14 2010 | octo,/publication/gissc-presentation-may-14-2010,1
GISSC Presentation - May 29 2009 | octo,/node/706152,1
GISSC Presentation - November 1 2004 | octo,/node/706502,1
GISSC Presentation - November 17 2005 | octo,/publication/gissc-presentation-november-17-2005,1
GISSC Presentation - October 11 2011 | octo,/node/705732,1
GISSC Presentation - October 11 2011 | octo,/publication/gissc-presentation-october-11-2011,1
GISSC Presentation - October 15 2009 | octo,/node/705792,1
GISSC Presentation - October 6 2008 | octo,/node/706202,1
GISSC Presentation - October 6 2008 | octo,/publication/gissc-presentation-october-6-2008,1
GISSC Presentation - September 11 2006 | octo,/node/706322,1
GISSC Presentation - September 15 2005 | octo,/node/706442,1
GISSC Presentation - September 15 2005 | octo,/publication/gissc-presentation-september-15-2005,1
GISSC Presentation - September 21 2010 | octo,/node/706162,1
GISSC Presentation - September 6 2007 | octo,/node/706232,1
GISSC Presentation - September 6 2007 | octo,/publication/gissc-presentation-september-6-2007,1
"GISSC Presentation (August 27, 2015) | octo",/node/1109766,1
"GISSC Presentation (August 27, 2015) | octo",/publication/gissc-presentation-august-27-2015,1
"GISSC Presentation (December 3, 2015) | octo",/node/1129081,1
"GISSC Presentation (December 3, 2015) | octo",/publication/gissc-presentation-december-3-2015,1
"GISSC Presentation (February 12, 2015) | octo",/node/1015712,1
"GISSC Presentation (February 12, 2015) | octo",/publication/gissc-presentation-february-12-2015,1
"GISSC Presentation (February 21, 2017) | octo",/node/1222271,1
"GISSC Presentation (February 7, 2018) | octo",/node/1318896,1
"GISSC Presentation (February 7, 2018) | octo",/publication/gissc-presentation-february-7-2018,1
"GISSC Presentation (July 18, 2018) | octo",/node/1345811,1
"GISSC Presentation (July 18, 2018) | octo",/publication/gissc-presentation-july-18-2018,1
"GISSC Presentation (June 20, 2017) | octo",/node/1252686,1
"GISSC Presentation (June 20, 2017) | octo",/publication/gissc-presentation-june-20-2017,1
"GISSC Presentation (June 23, 2016) | octo",/node/1170951,1
"GISSC Presentation (June 23, 2016) | octo",/publication/gissc-presentation-june-23-2016,1
"GISSC Presentation (May 20, 2015) | octo",/node/1072322,1
"GISSC Presentation (May 20, 2015) | octo",/publication/gissc-presentation-may-20-2015,1
"GISSC Presentation (November 19, 2014) | octo",/node/962072,3
"GISSC Presentation (November 19, 2014) | octo",/publication/gissc-presentation-november-19-2014,1
"GISSC Presentation (October 4, 2017) | octo",/node/1294546,1
"GISSC Presentation (October 4, 2017) | octo",/publication/gissc-presentation-october-4-2017,1
"GISSC Presentation (September 28, 2016) | octo",/node/1196220,1
"GISSC Presentation (September 28, 2016) | octo",/publication/gissc-presentation-september-28-2016,1
goDCgo Interactive Map | octo,/external-link/godcgo-interactive-map,6
goDCgo Interactive Map | octo,/node/715282,2
Google Maps API Documentation | octo,/node/709842,2
Google Maps API for Work for DC GIS | octo,/am/service/google-maps-api-work-dc-gis,6
Google Maps API for Work for DC GIS | octo,/fr/service/google-maps-api-work-dc-gis,1
Google Maps API for Work for DC GIS | octo,/node/1149701,48
Google Maps API for Work for DC GIS | octo,/service/google-maps-api-work-dc-gis,17
GovDelivery Governance and User Guide | octo,/node/1542356,10
GovDelivery Governance and User Guide | octo,/publication/govdelivery-governance-and-user-guide,28
Government 2 Gartner Definition | octo,/publication/government-2-gartner-definition,1
Government Property Search Application | octo,/node/715322,2
'Gratitude Powers DC' Art Installation Series Ignites Community Spirit | octo,/node/1729586,1
'Gratitude Powers DC' Art Installation Series Ignites Community Spirit | octo,/release/gratitude-powers-dc-art-installation-series-ignites-community-spirit,10
Harvard Honors DC Government for Two 'Bright Ideas' | octo,/release/harvard-honors-district-government-two-bright-ideas,5
Health - View 1 | octo,/node/719842,3
Health - View 2 | octo,/external-link/health-view-2,2
Health - View 2 | octo,/node/719852,2
Historic - View 1 | octo,/node/719862,3
Historic - View 2 | octo,/node/719872,2
Historic - View 3 | octo,/node/719882,5
Historic - View 4 | octo,/node/719892,3
Historic Review of the District’s Boundary Stones Using GPS and Modern Survey Technology | octo,/release/historic-review-district’s-boundary-stones-using-gps-and-modern-survey-technology,19
How To Guides for GIS Web Services | octo,/node/719372,3
How To Guides for GIS Web Services | octo,/page/how-guides-gis-web-services,1
How to Identify a Suspicious Email | octo,/node/1561206,14
How to Identify a Suspicious Email | octo,/page/how-identify-suspicious-email,438
How to Recognize and Protect Yourself from Phishing Scams | octo,/blog/how-recognize-and-protect-yourself-phishing-scams,24
Human Centered Design | octo,/event/human-centered-design,7
Human Centered Design | octo,/node/1556541,1
I am a Private school student. How can I purchase a 10-trip bus or 10-trip rail pass? | octo,/page/i-am-private-school-student-how-can-i-purchase-10-trip-bus-or-10-trip-rail-pass,1
오픈 데이터 (Korean)-Open Data | octo,/node/1675021,1
오픈 데이터 (Korean)-Open Data | octo,/service/오픈-데이터-korean-open-data,1
사이버 보안 | octo,/page/사이버-보안,7
Identification and Authentication Policy | octo,/node/1523536,20
Identification and Authentication Policy | octo,/publication/identification-and-authentication-policy,18
"IDT Meeting Agenda (April 23, 2020) | octo",/node/1474736,3
"IDT Meeting Agenda (April 23, 2020) | octo",/publication/idt-meeting-agenda-april-23-2020,1
"IDT Meeting Agenda (August 9, 2017) | octo",/node/1310906,1
"IDT Meeting Agenda (August 9, 2017) | octo",/publication/idt-meeting-agenda-august-9-2017,1
"IDT Meeting Agenda (December 14, 2016) | octo",/node/1310876,1
"IDT Meeting Agenda (December 14, 2016) | octo",/publication/idt-meeting-agenda-december-14-2016,1
"IDT Meeting Agenda (December 9, 2020) | octo",/node/1510021,1
"IDT Meeting Agenda (December 9, 2020) | octo",/publication/idt-meeting-agenda-december-9-2020,1
"IDT Meeting Agenda (February 8, 2017) | octo",/node/1310881,1
"IDT Meeting Agenda (January 10, 2018) | octo",/publication/idt-meeting-agenda-january-10-2018,1
"IDT Meeting Agenda (January 23, 2019) | octo",/node/1403611,1
"IDT Meeting Agenda (July 17, 2019) | octo",/node/1418331,1
"IDT Meeting Agenda (July 17, 2019) | octo",/publication/idt-meeting-agenda-july-17-2019,1
"IDT Meeting Agenda (June 14, 2017) | octo",/node/1310901,1
"IDT Meeting Agenda (June 14, 2017) | octo",/publication/idt-meeting-agenda-june-14-2017,1
"IDT Meeting Agenda (June 25, 2020) | octo",/node/1481586,1
"IDT Meeting Agenda (June 25, 2020) | octo",/publication/idt-meeting-agenda-june-25-2020,1
"IDT Meeting Agenda (June 27, 2018) | octo",/node/1339901,1
"IDT Meeting Agenda (March 13, 2019) | octo",/node/1403621,1
"IDT Meeting Agenda (March 13, 2019) | octo",/publication/idt-meeting-agenda-march-13-2019,1
"IDT Meeting Agenda (March 15, 2017) | octo",/node/1310886,1
"IDT Meeting Agenda (March 15, 2017) | octo",/publication/idt-meeting-agenda-march-15-2017,1
"IDT Meeting Agenda (March 4, 2020) | octo",/node/1460086,1
"IDT Meeting Agenda (March 4, 2020) | octo",/publication/idt-meeting-agenda-march-4-2020,1
"IDT Meeting Agenda (March 7, 2018) | octo",/node/1313741,3
"IDT Meeting Agenda (March 7, 2018) | octo",/publication/idt-meeting-agenda-march-7-2018,1
"IDT Meeting Agenda (March 9, 2021) | octo",/publication/idt-meeting-agenda-march-9-2021,1
"IDT Meeting Agenda (May 15, 2019) | octo",/node/1403626,1
"IDT Meeting Agenda (May 17, 2017) | octo",/publication/idt-meeting-agenda-may-17-2017,1
"IDT Meeting Agenda (May 24, 2021) | octo",/node/1540381,1
"IDT Meeting Agenda (May 24, 2021) | octo",/publication/idt-meeting-agenda-may-24-2021,1
"IDT Meeting Agenda (May21, 2018) | octo",/node/1331146,1
"IDT Meeting Agenda (May21, 2018) | octo",/publication/idt-meeting-agenda-may21-2018,1
"IDT Meeting Agenda (November 15, 2017) | octo",/node/1310916,1
"IDT Meeting Agenda (November 2, 2016) | octo",/node/1310871,1
"IDT Meeting Agenda (November 6, 2018) | octo",/node/1365816,1
"IDT Meeting Agenda (November 6, 2018) | octo",/publication/idt-meeting-agenda-november-6-2018,1
"IDT Meeting Agenda (October 16, 2019) | octo",/node/1441331,1
"IDT Meeting Agenda (October 21, 2021) | octo",/node/1564406,1
"IDT Meeting Agenda (September 12, 2018) | octo",/node/1368186,1
"IDT Meeting Agenda (September 16, 2021) | octo",/node/1558386,1
"IDT Meeting Agenda (September 27, 2017) | octo",/node/1310911,1
"IDT Meeting Agenda (September 27, 2017) | octo",/publication/idt-meeting-agenda-september-27-2017,1
"IDT Meeting Agenda (September 29, 2020) | octo",/node/1497951,1
"IDT Meeting Agenda (September 29, 2020) | octo",/publication/idt-meeting-agenda-september-29-2020,1
Implementing the Immunization Attendance Policy: Webinar with Eagle Academy Public Charter School | octo,/multimedia/implementing-immunization-attendance-policy-webinar-eagle-academy-public-charter-school,1
Incident Response Policy | octo,/node/1523546,15
Incident Response Policy | octo,/publication/incident-response-policy,11
Información abierta (Spanish) | octo,/es/node/1674746,1
Información abierta (Spanish) | octo,/es/service/información-abierta-spanish,1
Información abierta (Spanish) | octo,/service/información-abierta-spanish,7
Information Security | octo,/fr/page/information-security,1
Information Security | octo,/node/701922,1
Information Security | octo,/page/information-security,29
Information Security Program Management Policy | octo,/node/1523601,31
Information Security Program Management Policy | octo,/publication/Information-Security-Program-Management-Policy,1
Information Security Program Management Policy | octo,/publication/information-security-program-management-policy,34
Information System Audit and Monitoring Control Policy | octo,/node/1285211,1
Information System Audit Controls Policy | octo,/node/855462,1
Information System Audit Controls Policy | octo,/publication/information-system-audit-controls-policy,4
Information System Change Control Policy | octo,/publication/information-system-change-control-policy,29
Initiatives | octo,/es/page/initiative,1
Initiatives | octo,/fr/page/initiative,2
Initiatives | octo,/page/initiative,33
Interagency Data Team | octo,/fr/node/1310836,0
Interagency Data Team | octo,/node/1310836,3
Interagency Data Team | octo,/page/interagency-data-team,58
Interagency Data Team Meeting Agendas | octo,/page/interagency-data-team-meeting-agendas,1
Interagency Data Team Meeting Notes | octo,/node/1310856,9
"Interagency Data Team Notes (April 23, 2020) | octo",/node/1474726,1
"Interagency Data Team Notes (April 23, 2020) | octo",/publication/interagency-data-team-notes-april-23-2020,1
"Interagency Data Team Notes (August 9, 2017) | octo",/node/1310976,1
"Interagency Data Team Notes (December 14, 2016) | octo",/publication/interagency-data-team-notes-december-14-2016,1
"Interagency Data Team Notes (February 8, 2017) | octo",/node/1310956,1
"Interagency Data Team Notes (February 8, 2017) | octo",/publication/interagency-data-team-notes-february-8-2017,1
"Interagency Data Team Notes (January 10, 2018) | octo",/publication/interagency-data-team-notes-january-10-2018,1
"Interagency Data Team Notes (January 23, 2019) | octo",/node/1382991,1
"Interagency Data Team Notes (June 25, 2020) | octo",/node/1484686,1
"Interagency Data Team Notes (June 27, 2018) | octo",/publication/interagency-data-team-notes-june-27-2018,1
"Interagency Data Team Notes (March 13, 2019) | octo",/node/1395711,1
"Interagency Data Team Notes (March 13, 2019) | octo",/publication/interagency-data-team-notes-march-13-2019,1
"Interagency Data Team Notes (March 15, 2017) | octo",/node/1310961,1
"Interagency Data Team Notes (March 15, 2017) | octo",/publication/interagency-data-team-notes-march-15-2017,1
"Interagency Data Team Notes (March 4, 2020) | octo",/node/1468666,1
"Interagency Data Team Notes (March 4, 2020) | octo",/publication/interagency-data-team-notes-march-4-2020,1
"Interagency Data Team Notes (March 7, 2018) | octo",/node/1315586,1
"Interagency Data Team Notes (March 7, 2018) | octo",/publication/interagency-data-team-notes-march-7-2018,1
"Interagency Data Team Notes (March 9, 2021) | octo",/node/1527196,1
"Interagency Data Team Notes (May 15, 2019) | octo",/node/1423586,1
"Interagency Data Team Notes (May 15, 2019) | octo",/publication/interagency-data-team-notes-may-15-2019,1
"Interagency Data Team Notes (May 17, 2017) | octo",/node/1310966,1
"Interagency Data Team Notes (May 17, 2017) | octo",/publication/interagency-data-team-notes-may-17-2017,1
"Interagency Data Team Notes (May 24, 2021) | octo",/node/1540391,1
"Interagency Data Team Notes (November 15, 2017) | octo",/node/1310986,1
"Interagency Data Team Notes (November 15, 2017) | octo",/publication/interagency-data-team-notes-november-15-2017,2
"Interagency Data Team Notes (November 6, 2018) | octo",/node/1368206,1
"Interagency Data Team Notes (November 6, 2018) | octo",/publication/interagency-data-team-notes-november-6-2018,1
"Interagency Data Team Notes (October 16, 2019) | octo",/node/1443971,1
"Interagency Data Team Notes (October 16, 2019) | octo",/publication/interagency-data-team-notes-october-16-2019,1
"Interagency Data Team Notes (October 21, 2021) | octo",/node/1565831,1
"Interagency Data Team Notes (October 21, 2021) | octo",/publication/interagency-data-team-notes-october-21-2021,1
"Interagency Data Team Notes (September 12, 2018) | octo",/node/1368351,1
"Interagency Data Team Notes (September 12, 2018) | octo",/publication/interagency-data-team-notes-september-12-2018,1
"Interagency Data Team Notes (September 16, 2021) | octo",/node/1559376,1
"Interagency Data Team Notes (September 16, 2021) | octo",/publication/interagency-data-team-notes-september-16-2021,1
"Interagency Data Team Notes (September 27, 2017) | octo",/node/1310981,1
"Interagency Data Team Notes (September 29, 2020) | octo",/node/1499836,1
"Interagency Data Team Presentation (April 23, 2020) | octo",/node/1474731,2
"Interagency Data Team Presentation (April 23, 2020) | octo",/publication/interagency-data-team-presentation-april-23-2020,1
"Interagency Data Team Presentation (August 9, 2017) | octo",/node/1311511,1
"Interagency Data Team Presentation (December 14, 2016) | octo",/node/1311041,1
"Interagency Data Team Presentation (December 14, 2016) | octo",/publication/interagency-data-team-presentation-december-14-2016,1
"Interagency Data Team Presentation (December 9, 2020) | octo",/publication/interagency-data-team-presentation-december-9-2020,1
"Interagency Data Team Presentation (February 8, 2017) | octo",/node/1311011,1
"Interagency Data Team Presentation (February 8, 2017) | octo",/publication/interagency-data-team-presentation-february-8-2017,1
"Interagency Data Team Presentation (January 10, 2018) | octo",/node/1311006,1
"Interagency Data Team Presentation (January 10, 2018) | octo",/publication/interagency-data-team-presentation-january-10-2018,1
"Interagency Data Team Presentation (January 23, 2019) | octo",/node/1382961,1
"Interagency Data Team Presentation (July 17, 2019) | octo",/node/1423426,1
"Interagency Data Team Presentation (June 14, 2017) | octo",/node/1311021,1
"Interagency Data Team Presentation (June 14, 2017) | octo",/publication/interagency-data-team-presentation-june-14-2017,1
"Interagency Data Team Presentation (June 25, 2020) | octo",/node/1484696,1
"Interagency Data Team Presentation (June 25, 2020) | octo",/publication/interagency-data-team-presentation-june-25-2020,1
"Interagency Data Team Presentation (June 27, 2018) | octo",/node/1342136,1
"Interagency Data Team Presentation (March 13, 2019) | octo",/node/1395716,1
"Interagency Data Team Presentation (March 13, 2019) | octo",/publication/interagency-data-team-presentation-march-13-2019,1
"Interagency Data Team Presentation (March 15, 2017) | octo",/node/1311016,1
"Interagency Data Team Presentation (March 4, 2020) | octo",/node/1468681,1
"Interagency Data Team Presentation (March 9, 2021) | octo",/node/1527191,1
"Interagency Data Team Presentation (May 15, 2019) | octo",/node/1423421,1
"Interagency Data Team Presentation (May 15, 2019) | octo",/publication/interagency-data-team-presentation-may-15-2019,1
"Interagency Data Team Presentation (May 17, 2017) | octo",/node/1311051,1
"Interagency Data Team Presentation (May 17, 2017) | octo",/publication/interagency-data-team-presentation-may-17-2017,1
"Interagency Data Team Presentation (May 21, 2018) | octo",/node/1334946,1
"Interagency Data Team Presentation (May 21, 2018) | octo",/publication/interagency-data-team-presentation-may-21-2018,1
"Interagency Data Team Presentation (May 24, 2021) | octo",/node/1540386,1
"Interagency Data Team Presentation (May 24, 2021) | octo",/publication/interagency-data-team-presentation-may-24-2021,1
"Interagency Data Team Presentation (November 15, 2017) | octo",/node/1311036,1
"Interagency Data Team Presentation (November 2, 2016) | octo",/node/1311031,1
"Interagency Data Team Presentation (November 2, 2016) | octo",/publication/interagency-data-team-presentation-november-2-2016,1
"Interagency Data Team Presentation (November 6, 2018) | octo",/publication/interagency-data-team-presentation-november-6-2018,1
"Interagency Data Team Presentation (October 16, 2019) | octo",/node/1441436,1
"Interagency Data Team Presentation (October 16, 2019) | octo",/publication/interagency-data-team-presentation-october-16-2019,1
"Interagency Data Team Presentation (October 21, 2021) | octo",/node/1565836,1
"Interagency Data Team Presentation (September 12, 2018) | octo",/node/1368191,1
"Interagency Data Team Presentation (September 12, 2018) | octo",/publication/interagency-data-team-presentation-september-12-2018,1
"Interagency Data Team Presentation (September 16, 2021) | octo",/node/1559381,1
"Interagency Data Team Presentation (September 16, 2021) | octo",/publication/interagency-data-team-presentation-september-16-2021,1
"Interagency Data Team Presentation (September 27, 2017) | octo",/node/1311026,1
"Interagency Data Team Presentation (September 27, 2017) | octo",/publication/interagency-data-team-presentation-september-27-2017,3
"Interagency Data Team Presentation (September 29, 2020) | octo",/publication/interagency-data-team-presentation-september-29-2020,3
Interagency Data Team Presentations | octo,/node/1310851,8
Interagency Data Team Presentations | octo,/page/interagency-data-team-presentations,8
International Travel Policy for Mobile Computing Devices | octo,/node/1285206,29
International Travel Policy for Mobile Computing Devices | octo,/publication/international-travel-policy-mobile-computing-devices,88
Internet Access and Use Policy | octo,/am/page/internet-access-and-use-policy,5
Internet Access and Use Policy | octo,/es/page/internet-access-and-use-policy,1
Internet Access and Use Policy | octo,/node/707122,139
Internet Access and Use Policy | octo,/page/internet-access-and-use-policy,28
Internet Access and Use Policy | octo,/page/internet-access-and-use-policy-0,10
IT Careers | octo,/am/jobs,17
IT Careers | octo,/es/jobs,7
IT Careers | octo,/fr/jobs,2
IT Careers | octo,/jobs,1904
IT Careers | octo,/page/business-and-employment-opportunities,1
IT Careers | octo,/page/it-careers,1
IT Careers | octo,/page/itsa-business-opportunities,5
IT Investment Boards | octo,/fr/page/it-investment-boards,5
IT Investment Boards | octo,/node/702462,2
IT Investment Boards | octo,/page/it-investment-boards,18
IT Procurement and IT Project Policy | octo,/node/1542096,24
IT Procurement and IT Project Policy | octo,/publication/it-procurement-and-it-project-policy,49
IT Standards | octo,/fr/service/it-standards,1
IT Standards | octo,/node/706972,1
IT Standards | octo,/service/it-standards,169
ITSA website | octo,/external-link/itsa-website,1
ivory.lee | octo,/users/ivorylee,22
Join us at the next #SellingTech2DC | octo,/event/join-us-next-sellingtech2dc,8
La seguridad cibernética | octo,/node/1674526/,1
La seguridad cibernética | octo,/node/1674526/media contact - https:/octo.dc.gov/page/media-11,1
La seguridad cibernética | octo,/page/la-seguridad-cibernética,15
Labor Categories | octo,/page/labor-categories,1
Landline Telephone and Mobile Electronic Communications Device Usage Policy | octo,/node/856742,14
Landline Telephone and Mobile Electronic Communications Device Usage Policy | octo,/publication/landline-telephone-and-mobile-electronic-communications-device-usage-policy,1
Laura-Celine.Patrick | octo,/users/laura-celinepatrick,9
"Letter from CTO Parker to FCC RE: WC Docket No. 20-445, In the Matter of Establishing Procedures for the Emergency Broadband Connectivity Fund Assistance | octo",/release/letter-cto-parker-fcc-re-wc-docket-no-20-445-matter-establishing-procedures-emergency,2
Location - View 1 | octo,/node/719912,2
Location - View 2 | octo,/node/719922,2
Location - View 3 | octo,/node/719932,2
Location - View 4 | octo,/node/719942,2
Loudoun County Mapping and Geographic Information | octo,/external-link/loudoun-county-mapping-and-geographic-information,12
lynn.romano | octo,/users/lynnromano,1
Maps and Applications | octo,/am/service/maps-and-applications,7
Maps and Applications | octo,/fr/service/maps-and-applications,1
Maps and Applications | octo,/service/maps-and-applications,98
MAR Troubleshooting Guide | octo,/node/1161966,1
MAR Troubleshooting Guide | octo,/publication/mar-troubleshooting-guide,1
MAR Web Data Service in dot NET - Location Verifier | octo,/external-link/mar-web-data-service-dot-net-location-verifier,8
MAR Web Data Service in dot NET - Location Verifier | octo,/node/709822,9
Maryland State Geographic Information Committee | octo,/node/720652,1
Master Address Repository | octo,/am/service/master-address-repository,3
Master Address Repository | octo,/node/715602,34
Master Address Repository | octo,/node/715602/,1
Master Address Repository | octo,/node/715602/spa/aggregate,1
Master Address Repository | octo,/node/715652,1
Master Address Repository | octo,/service/master-address-repository,611
Master Address Repository Blog | octo,/node/715632,1
Mayor Bowser and Bloomberg Philanthropies Team Up to Create an Expanded Mayor’s Office of Policy and Innovation within DC Government | octo,/release/mayor-bowser-and-bloomberg-philanthropies-team-create-expanded-mayor’s-office-policy-and,1
Mayor Bowser and OCTO Announce #GigabitDCx Semi-Finalists | octo,/release/mayor-bowser-and-octo-announce-gigabitdcx-semi-finalists,13
Mayor Bowser Announces $3.3 Million Investment to Provide Home Internet to Low-Income DC Students | octo,/release/mayor-bowser-announces-33-million-investment-provide-home-internet-low-income-dc-students,1
Mayor Bowser Announces District to Receive $100.6 Million in BEAD Grants to Fund Digital Access and Training | octo,/release/mayor-bowser-announces-district-receive-1006-million-bead-grants-fund-digital-access-and,3
Mayor Bowser Announces Key Appointments | octo,/Mayor_Bowser_Announces_Key_Appointments,2
Mayor Bowser Announces Key Appointments | octo,/release/mayor-bowser-announces-key-appointments-10a,1
Mayor Bowser Announces New Life-Saving Technologies | octo,/release/mayor-bowser-announces-new-life-saving-technologies,1
"Mayor Bowser Announces Open Data Initiative, Names New Chief Technology Officer | octo",/release/mayor-bowser-announces-open-data-initiative-names-new-chief-technology-officer,2
Mayor Bowser Announces Public Crash Data to be Published Every Twenty Four Hours | octo,/release/mayor-bowser-announces-public-crash-data-be-published-every-twenty-four-hours,9
Mayor Bowser Announces the District will Receive $3.8 Million in Digital Equity Capacity Grant Funds | octo,/release/mayor-bowser-announces-district-will-receive-38-million-digital-equity-capacity-grant-funds,17
Mayor Bowser Encourages Residents to Take Advantage of Free Services at “All Hands on Tech” Event | octo,/release/mayor-bowser-encourages-residents-take-advantage-free-services-“all-hands-tech”-event,7
Mayor Bowser Highlights Citywide Efforts to Reduce Rodents | octo,/release/mayor-bowser-highlights-citywide-efforts-reduce-rodents,2
Mayor Bowser Highlights District’s Digital Inclusion Investments at DC Community Tech Day | octo,/release/mayor-bowser-highlights-district’s-digital-inclusion-investments-dc-community-tech-day,1
Mayor Bowser Introduces the Second Chance Amendment Act of 2021 to Radically Simplify Criminal Record Sealing | octo,/release/mayor-bowser-introduces-second-chance-amendment-act-2021-radically-simplify-criminal-record,1
Mayor Bowser Kicks Off 2019 by Introducing Legislation to Support DC Values and Announcing Key Appointments | octo,/release/mayor-bowser-kicks-2019-introducing-legislation-support-dc-values-and-announcing-key,5
"Mayor Bowser Kicks Off Infrastructure Week and Announces New Initiative to Bring High-Speed, Low- or No-Cost Internet to DC Residents | octo",/release/mayor-bowser-kicks-infrastructure-week-and-announces-new-initiative-bring-high-speed-low-or,1
"Mayor Bowser Kicks Off Outdoor Pool Season, Announces Free Wi-Fi at All DC Recreation Centers | octo",/release/mayor-bowser-kicks-outdoor-pool-season-announces-free-wi-fi-all-dc-recreation-centers,1
Mayor Bowser Kicks Off Third Annual ‘innoMAYtion’ | octo,/release/mayor-bowser-kicks-third-annual-‘innomaytion’,1
Mayor Bowser Launches Campaign to Promote MPD Recruitment | octo,/release/mayor-bowser-launches-campaign-promote-mpd-recruitment,2
Mayor Bowser Launches Career Coach DC Program | octo,/release/mayor-bowser-launches-career-coach-dc-program,3
Mayor Bowser Signs Order Defining DC’s AI Values and AI Strategic Plan | octo,/release/mayor-bowser-signs-order-defining-dc’s-ai-values-and-ai-strategic-plan,26
Mayor Bowser to Announce District Government’s Plan for Artificial Intelligence | octo,/release/mayor-bowser-announce-district-government’s-plan-artificial-intelligence,9
"Mayor Bowser to Kick Off Infrastructure Week by Announcing New Initiative to Bring High-Speed, Low- or No-Cost Internet to DC Residents | octo",/release/mayor-bowser-kick-infrastructure-week-announcing-new-initiative-bring-high-speed-low-or-no,8
Mayor Bowser to Launch Career Coach DC Program | octo,/release/mayor-bowser-launch-career-coach-dc-program,13
Mayor Bowser to Open the District’s First Safe Commercial Corridor Hub in Chinatown | octo,/release/mayor-bowser-open-district’s-first-safe-commercial-corridor-hub-chinatown,2
"Mayor Bowser, Chief Technology Officer Archana Vemulapalli and CISCO CEO Chuck Robbins Highlight #SmarterDC Milestone | octo",/release/mayor-bowser-chief-technology-officer-archana-vemulapalli-and-cisco-ceo,13
"Mayor Bowser, Dozens of US Mayors Send Joint Letter to FCC in Support of Net Neutrality | octo",/release/mayor-bowser-dozens-us-mayors-send-joint-letter-fcc-support-net-neutrality,6
"Mayor Bowser, SF Mayor Ed Lee Announce Expansion of Successful ‘Startup in Residence’ Program to DC | octo",/release/mayor-bowser-sf-mayor-ed-lee-announce-expansion-successful-‘startup-residence’-program-dc,3
Mayor Gray Names Rob Mancini Acting DC Chief Technology Officer | octo,/release/mayor-gray-names-rob-mancini-acting-dc-chief-technology-officer,2
Mayor Vincent C Gray and District Public Safety Officials Welcome Big Drop in Homicides | octo,/release/mayor-vincent-c-gray-welcomes-big-drop-homicides,3
Media | octo,/es/media,8
Media | octo,/media,18
Media | octo,/page/media-11,422
Media Protection Policy | octo,/node/1523551,19
Media Protection Policy | octo,/publication/media-protection-policy,7
Meet the Chief Data Officer | Barney Krucoff | octo,/blog/meet-chief-data-officer-barney-krucoff,12
michael.rupert's blog | octo,/blogs/michaelrupert,57
michele.roseman2 | octo,/users/micheleroseman2,22
Missing Persons Statistics | octo,/featured-content/missing-persons-statistics,11
Missing Persons Statistics | octo,/featured-content/missing-persons-statistics-0,10
Mobile Apps | DC,/mobile-apps,301
Mobile Apps | octo,/node/793282,12
Mobile Apps | octo,/page/mobile-apps,9
Modified District Government Services for Veterans Day | octo,/release/modified-district-government-services-veterans-day,1
Montgomery County Map Room on the Net | octo,/external-link/montgomery-county-map-room-net,2
Montgomery County Map Room on the Net | octo,/node/720662,1
Montgomery County Planning | octo,/node/720632,1
Moving DC’s Draft Open Data Policy Forward | octo,/blog/moving-dc’s-draft-open-data-policy-forward,7
MPD Partner VPN | octo,/publication/mpdpartner-vpn,6
MPD VPN | octo,/publication/mpd-vpn,3
"MPD’s Weekly Firearm Recoveries: August 26, 2019 to September 2, 2019 | octo",/release/mpd’s-weekly-firearm-recoveries-august-26-2019-september-2-2019,3
MPDC website | octo,/external-link/mpdc-website,35
MPDC website | octo,/node/725792,1
na'im.rahman | octo,/users/naimrahman,1
National Capital Region Geospatial Data Exchange (NCR GDX) website | octo,/external-link/national-capital-region-geospatial-data-exchange-ncr-gdx-website,1
National Capital Region Geospatial Data Exchange (NCR GDX) website | octo,/node/720432,5
National States Geographic Information Council | octo,/node/720752,1
NCR Data Exchange Project Schedule as of July 5 2011 | octo,/node/725652,5
NCR Data Exchange Project Schedule as of July 5 2011 | octo,/publication/ncr-data-exchange-project-schedule-july-5-2011,2
NCR GDX Data Inventory Report | octo,/node/725562,3
NCR GDX Data Inventory Report | octo,/publication/ncr-gdx-data-inventory-report,2
NCR GDX Governance Priorities and Action Plan | octo,/node/725542,5
NCR GDX Governance Priorities and Action Plan | octo,/publication/ncr-gdx-governance-priorities-and-action-plan,1
NCR Geospatial Data Exchange | octo,/page/ncr-geospatial-data-exchange,11
NCR Geospatial Data Exchange Finalized Requirements Document | octo,/node/725632,6
NCR Geospatial Data Exchange Finalized Requirements Document | octo,/publication/ncr-geospatial-data-exchange-finalized-requirements-document,1
Network Access Policy | octo,/node/1285201,33
Network Access Policy | octo,/publication/network-access-policy,15
New District Snow Site Helps the City Get Ready for Winter | octo,/release/new-district-snow-site-helps-city-get-ready-winter,1
New Federal Program Launches to Help Eligible DC Residents Access Internet | octo,/release/new-federal-program-launches-help-eligible-dc-residents-access-internet,1
New IT Service Center | octo,/page/new-it-service-center,1279
News Room | octo,/newsroom,265
News Room | octo,/newsroom/in_the_news,3
News Room | octo,/newsroom/press-releases,13
News Room | octo,/newsroom/testimonies,1
"Notice of Public Comment Period - Draft Air Quality Permit 6906-R1, Smithsonian Institution, Donald W. Reynolds Center for American Art and Portraiture | octo",/release/notice-public-comment-period-draft-air-quality-permit-6906-r1-smithsonian-institution-donald,1
Notice of Public Comment Period - Draft Air Quality Permit 7432 - United States Government Publishing Office | octo,/release/notice-public-comment-period-draft-air-quality-permit-7432-united-states-government,1
Now that the Kids Ride Free pass is no longer on the DC One Card. Where do I obtain the new SmarTrip card? | octo,/node/1245601,1
Now that the Kids Ride Free pass is no longer on the DC One Card. Where do I obtain the new SmarTrip card? | octo,/page/now-kids-ride-free-pass-no-longer-dc-one-card-where-do-i-obtain-new-smartrip-card,19
OCTO and DC Fire and EMS Team Winner of 22nd Annual Cafritz Team Innovation Award | octo,/release/octo-and-dc-fire-and-ems-team-winner-22nd-annual-cafritz-team-innovation-award,27
OCTO and LEDC Partnership Prepares DC Small Businesses to Better Compete in Today's Digital Economy | octo,/release/octo-and-ledc-partnership-prepares-dc-small-businesses-better-compete-todays-digital-economy,6
OCTO Custom Footer | octo,/system-use/octo-custom-footer,1
OCTO Custom Header | octo,/system-use/octo-custom-header,1
OCTO 语言服务 口译 | octo,/node/1677041,62
OCTO 语言服务 口译 | octo,/page/octo-语言服务-口译,36
OCTO Engages Youth Through Summer Employment Opportunity | octo,/release/octo-engages-youth-through-summer-employment-ops,2
OCTO Hosts Dynamic Discussion on Bridging the Digital Divide in the District of Columbia | octo,/am/release/octo-hosts-dynamic-discussion-bridging-digital-divide-district-columbia,1
OCTO Hosts Dynamic Discussion on Bridging the Digital Divide in the District of Columbia | octo,/fr/release/octo-hosts-dynamic-discussion-bridging-digital-divide-district-columbia,0
OCTO Hosts Dynamic Discussion on Bridging the Digital Divide in the District of Columbia | octo,/release/octo-hosts-dynamic-discussion-bridging-digital-divide-district-columbia,8
OCTO Hosts Technology Scavenger Hunt | octo,/release/octo-hosts-technology-scavenger-hunt,4
OCTO 언어 서비스 통역 | octo,/node/1677046,12
OCTO 언어 서비스 통역 | octo,/page/octo-언어-서비스-통역,46
OCTO Issues Arduino Challenge to McKinley Tech Students | octo,/dcpschallenge,6
OCTO Labs | octo,/es/external-link/octo-labs,55
OCTO Labs | octo,/external-link/octo-labs,61
OCTO Labs | octo,/fr/external-link/octo-labs,52
OCTO Labs | octo,/node/709762,3
OCTO Launches New “Open Data” Technology Program | octo,/release/octo-launches-new-“open-data”-technology-program,13
OCTO Launches New CBE Focused IT Solicitation Mobile App | octo,/blog/octo-launches-new-cbe-focused-it-solicitation-mobile-app,6
OCTO Launches New Online Mapping Tool | octo,/release/octo-launches-new-online-mapping-tool-dc-atlas-plus,8
OCTO Live | octo,/octolive,13
OCTO Programs | octo,/es/octo-programs,36
OCTO Programs | octo,/octo-programs,320
OCTO Usability Lab | octo,/es/node/1352486,1
OCTO Usability Lab | octo,/fr/node/1352486,1
OCTO Usability Lab | octo,/octo-usability-lab,33
OCTO VPN | octo,/publication/octo-vpn,1
OCTO Walmart Data Analysis Helps District Get Ready for Walmart | octo,/release/octo-walmart-data-analysis-helps-district-get-ready-walmart,1
OCTO with Community Organizations Partner to Create First-of-its-kind TechHub at the Frederick Douglass Community Center | octo,/release/octo-community-organizations-partner-create-first-its-kind-techhub-frederick-douglass,7
"OCTO, NGS and National Geographic Alliance Launch GIS Education Project | octo",/release/octo-ngs-and-national-geographic-alliance-launch-gis-education-project,9
"OCTO, OSSE, DCHA Launch Renovated Frederick Douglass Center, Introduce Project Reboot to DC | octo",/release/octo-osse-dcha-launch-renovated-frederick-douglass-center-introduce-project-reboot-dc,5
October is National Cyber Security Awareness Month | octo,/page/october-national-cyber-security-awareness-month,98
OCTOPod | octo,/node/1381036/,1
OCTOPod | octo,/node/1381036/Staying Cyber-Safe While Shopping Online,2
OCTOPod | octo,/node/1381036/revisions/7003311/view,2
OCTOPod | octo,/node/1381036/revisions/7185586/view,1
OCTOPod | octo,/node/1381036/revisions/7235701/view,1
OCTOPod | octo,/page/octopod,313
OCTOPod_update | octo,/page/octopodupdate,9
OCTOPod_Vynny | octo,/page/octopodvynny,19
OCTO's Connect.DC Program to Host Twitter Townhall on April 22nd from 1pm to 2pm | octo,/connectdc-twitterchat,3
OCTO's Connect.DC Program to Host Twitter Townhall on April 22nd from 1pm to 2pm | octo,/es/connectdc-twitterchat,4
Office of the Chief Technology Officer | octo,/agency/office-chief-technology-officer,104
Office of the Chief Technology Officer | octo,/am/agency/office-chief-technology-officer,1
Office of the Chief Technology Officer | octo,/fr/agency/office-chief-technology-officer,2
Office of the Chief Technology Officer Releases District of Columbia Enterprise Dataset Inventory and Chief Data Officer's Annual Report | octo,/release/office-chief-technology-officer-releases-district-columbia-enterprise-dataset-inventory-and,7
Online Maps Listing | octo,/am/page/online-maps-listing,4
Online Maps Listing | octo,/fr/page/online-maps-listing,4
Online Maps Listing | octo,/node/708212,119
Online Maps Listing | octo,/page/online-maps-listing,4425
Online Services | octo,/online-services,88
Open Data | octo,/am/service/open-data,9
Open Data | octo,/es/service/open-data,1
Open Data | octo,/service/open-data,177
Open Data and GIS Standards | octo,/am/page/open-data-and-gis-standards,1
Open Data and GIS Standards | octo,/fr/page/open-data-and-gis-standards,3
Open Data and GIS Standards | octo,/node/706992,16
Open Data and GIS Standards | octo,/page/geography-standards,1
Open Data and GIS Standards | octo,/page/open-data-and-gis-standards,20
Open Data DC Apps and Maps Gallery | octo,/external-link/district-columbia-custom-web-map-applications,2
Open Data DC Apps and Maps Gallery | octo,/external-link/open-data-dc-apps-and-maps-gallery,9
Open Data DC Apps and Maps Gallery | octo,/node/785042,609
Open Data Month 2025 | octo,/event/open-data-month-2025,6
Open Data Policy | octo,/external-link/open-data-policy,91
Open Geospatial Consortium - OGC | octo,/node/720732,1
Open Government and FOIA - OCTO | octo,/page/open-government-and-foia-octo,452
Open House Performance Check In | octo,/event/open-house-performance-check,5
Open House Performance Check In | octo,/node/1556521/media contact - https:/octo.dc.gov/page/media contact - https:/octo.dc.gov/page/media contact - https:/octo.dc.gov/page/media contact - https:/octo.dc.gov/page/media-11,1
Orthophoto 2011 - View 1 | octo,/node/719952,3
Our Vision | octo,/page/our-vision,6
Owner Polygons - View 3 | octo,/node/720072,2
Owner Polygons - View 4 | octo,/node/720062,2
Ownership Boundaries - View 1 | octo,/node/720042,2
Ownership Boundaries - View 2 | octo,/node/720052,2
PA2040 Project | octo,/page/pa2040-project,43
Participating Agencies | octo,/page/participating-agencies-octo,6
Partner VPN - How to Reset Password | octo,/publication/partner-vpn-reset-password,4
Password Best Practices and Recommendations | octo,/node/1561211,7
Password Best Practices and Recommendations | octo,/page/password-best-practices-and-recommendations,9
Password Management Policy | octo,/node/1523641,14
Password Management Policy | octo,/publication/octo-password-management-policy,29
Patch Management Policy | octo,/node/1523556,11
Patch Management Policy | octo,/publication/octo-patch-management-policy,31
Personnel Security Policy | octo,/node/1523561,15
Personnel Security Policy | octo,/publication/personnel-security-policy,13
Physical Access Security Policy | octo,/node/855532,8
Physical Access Security Policy | octo,/publication/physical-access-security-policy,26
Physical and Environmental Protection Policy | octo,/node/1523566,16
Physical and Environmental Protection Policy | octo,/publication/physical-and-environmental-protection-policy,9
Planimetric Base Layer Mapping | octo,/node/1354811,5
Planimetric Base Layer Mapping | octo,/publication/planimetric-base-layer-mapping,1
Planimetric Mapping Standards | octo,/am/page/planimetric-mapping-standards,1
Planimetric Mapping Standards | octo,/node/722002,3
Planimetric Mapping Standards | octo,/page/planimetric-mapping-standards,13
Planning - Land Use - Zoning - View 1 | octo,/node/720082,2
Planning - Land Use - Zoning - View 2 | octo,/node/720092,2
Point Area Report | octo,/node/719452,2
Police Service Area Details Application | octo,/external-link/police-service-area-details-application,3
Police Service Area Details Application | octo,/node/716562,2110
Police Service Area Finder | octo,/am/service/police-service-area-finder,15
Police Service Area Finder | octo,/fr/service/police-service-area-finder,5
Police Service Area Finder | octo,/node/716572,3
Police Service Area Finder | octo,/service/police-service-area-finder,2783
Policies | octo,/am/itpolicies,6
Policies | octo,/fr/itpolicies,1
Policies | octo,/itpolicies,482
Policies | octo,/node/707012,1
Policies | octo,/page/agency-support-policies,1
Policies | octo,/page/it-policies,58
Policies | octo,/techpolicy,2
Policy Definitions A-Z | octo,/node/856482,61
Policy Definitions A-Z | octo,/page/policy-definitions-z,2
Political Area Report | octo,/node/719462,2
Political Area Summary | octo,/node/719472,2
Prince Georges County GIS - PG Atlas website | octo,/node/744552,1
Prince Georges County Planning | octo,/external-link/prince-georges-county-planning,1
Prince Georges County Planning | octo,/node/720642,1
Prince William County Mapper | octo,/external-link/prince-william-county-mapper,10
Prince William County Mapper | octo,/node/720722,1
Proof of Identity | octo,/node/682842,58
Proof of Identity | octo,/page/proof-identity,1
Property and Land - View 1 | octo,/node/720102,2
Property and Land - View 2 | octo,/node/720112,2
Property and Land - View 3 | octo,/node/720122,1
Property and Land - View 4 | octo,/node/720132,3
Property Data Services | octo,/external-link/property-data-services,3
Property Data Services | octo,/node/719382,3
Property Square Labels - View 1 | octo,/node/720162,2
Property Square Labels - View 3 | octo,/node/720182,2
Property Square Labels - View 4 | octo,/node/720192,2
PropertyQuest | octo,/service/propertyquest,69
Public Key Infrastructure Policy | octo,/node/1285176,10
Public Key Infrastructure Policy | octo,/publication/public-key-infrastructure-policy,1
Public Oversight Roundtable on The OCTO DC-Net Fiber Optic Network | octo,/release/public-oversight-roundtable-octo-dc-net-fiber-optic-network,7
Public Restroom Pilot program | octo,/page/public-restroom-pilot-program,1
Public Safety - View 1 | octo,/node/720222,2
Public Safety - View 2 | octo,/node/720212,3
Public Service - View 1 | octo,/node/720232,2
Public Service - View 2 | octo,/node/720242,2
Public WiFi | octo,/am/wifi,7
Public WiFi | octo,/fr/wifi,1
Public WiFi | octo,/service/free-wifi,1
Public WiFi | octo,/service/public-wifi,1
Public WiFi | octo,/wifi,229
Public WiFi | octo,/wifi,229
Publications | octo,/publications,5
Publications | octo,/publications/ComplianceGuides/Publications_ComplianceGuide_CN.pdf,1
Publications | octo,/publications/ComplianceGuides/Publications_ComplianceGuide_CT.pdf,2
Publications | Page 22 | octo,/Publications/ComplianceGuides/Publications_ComplianceGuide_CT.pdf,1
Publications | Page 28 | octo,/Publications/ComplianceGuides,3
Publications | Page 31 | octo,/publications/ComplianceGuides/page_action/media contact - https://octo.dc.gov/page/media-11,2
Publications | Page 4 | octo,/Publications/ComplianceGuides/page_action/aggregate,1
Publications List | octo,/publications-list,6
Pulse Secure With MFA | octo,/publication/pulse-secure-with-mfa,2
Questions fréquemment posées à propos du programme SUN Bucks | octo,/node/1156842/revisions/6769586/view,1
Real Property Finder | octo,/node/1202964,1
Reasons to Use Web Services | octo,/node/709772,34
Reasons to Use Web Services | octo,/page/reasons-use-web-services,2
Recherche de zones de service de police(French) | octo,/es/node/1674711,1
Recherche de zones de service de police(French) | octo,/fr/node/1674711,0
Recherche de zones de service de police(French) | octo,/node/1674711,1
Recherche de zones de service de police(French) | octo,/node/1674711/,1
Recherche de zones de service de police(French) | octo,/node/1674711/media contact - https:/octo.dc.gov/page/media contact - https:/octo.dc.gov/page/media-11,2
Recherche de zones de service de police(French) | octo,/service/recherche-de-zones-de-service-de-policefrench,3
Recreation - View 1 | octo,/node/720262,2
Recreation - View 2 | octo,/node/720252,2
Regional CIO Conversation | octo,/event/regional-cio-conversation,1
Remote Access Policy | octo,/node/1285216,39
Remote Access Policy | octo,/publication/remote-access-policy,16
Remote Work Options and Guidance | octo,/page/remote-work-options-and-guidance,2
Remote Work Options and Guidance | octo,/remote,57
Repeats | octo,/fr/node/1758441/repeats,5
Repeats | octo,/node/1162117/repeats,1
Repeats | octo,/node/1456671/repeats,1
Repeats | octo,/node/1459536/repeats,1
Repeats | octo,/node/1556506/repeats,1
Repeats | octo,/node/1556516/repeats,1
Repeats | octo,/node/1556526/repeats,1
Repeats | octo,/node/1556531/repeats,1
Repeats | octo,/node/1556546/repeats,1
Repeats | octo,/node/1556551/repeats,8
Repeats | octo,/node/1556556/repeats,1
Repeats | octo,/node/1556561/repeats,1
Repeats | octo,/node/1556566/repeats,1
Repeats | octo,/node/1758441/repeats,1
Repeats | octo,/node/1803311/repeats,8
Replace a Lost DC One Card | octo,/node/687392,5
Replace a Lost DC One Card | octo,/page/replace-lost-dc-one-card,81
Reports 2016 | octo,/page/reports2-2016,1
Request for Applications - RiverSmart Homes Landscaping Installation Program | octo,/release/request-applications-riversmart-homes-landscaping-installation-program,1
Reset password | octo,/user/reset/64382/1765542285/confirm,1
Responsible Disclosure in the District of Columbia | octo,/page/responsible-disclosure-district-columbia,19
Responsible Disclosure Policy | octo,/node/1291721,14
Responsible Disclosure Policy | octo,/publication/responsible-disclosure-policy,45
richard.livingstone | octo,/users/richardlivingstone,5
Risk Assessment Policy | octo,/node/1523606,26
Risk Assessment Policy | octo,/publication/risk-assessment-policy,33
rui_footer | octo,/rui_footer,4
rui_header | octo,/rui_header,7
Security Assessment and Authorization Policy | octo,/node/1523571,15
Security Assessment and Authorization Policy | octo,/publication/security-assessment-and-authorization-policy,11
Security Planning Policy | octo,/node/1523616,18
Security Planning Policy | octo,/publication/security-planning-policy,1
Security Training and Awareness Policy | octo,/node/1523966,10
Security Training and Awareness Policy | octo,/publication/security-training-and-awareness-policy,3
Senior Lead Agency Locations | octo,/node/712532,1
Service Center Locations | octo,/fr/page/service-center-locations,5
Service Center Locations | octo,/node/682922,12
Service Center Locations | octo,/page/service-center-locations,223
Services | octo,/Services,720
Services | octo,/am/Services,1
Services | octo,/es/Services,12
Services | octo,/services,216
Services | Page 2 | octo,/fr/Services,2
Services OCTO Interprétations linguistiques | octo,/node/1676986,53
Services Page | octo,/page/services-page,1
Services SIG de DC | octo,/node/1674481,1
Services SIG de DC | octo,/service/services-sig-de-dc,12
Servicios OCTO Interpretaciones de idiomas | octo,/node/1676926,1
Servicios OCTO Interpretaciones de idiomas | octo,/node/1676926/,35
Servicios OCTO Interpretaciones de idiomas | octo,/node/1676926/media contact - https:/octo.dc.gov/page/media-11,53
Servicios OCTO Interpretaciones de idiomas | octo,/page/servicios-octo-interpretaciones-de-idiomas,2
Servicios SIG de DC | octo,/service/servicios-sig-de-dc,8
Sex Offender Registry Unit Brochure | octo,/publication/dc-sex-offender-registry-unit-brochure,1
Shared Infrastructure Services | octo,/am/page/shared-infrastructure-services,2
Shared Infrastructure Services | octo,/es/page/shared-infrastructure-services,2
Shared Infrastructure Services | octo,/fr/page/shared-infrastructure-services,1
Shared Infrastructure Services | octo,/node/701942,1
Shared Infrastructure Services | octo,/page/shared-infrastructure-services,46
Small Cells | octo,/fr/node/1289676,2
Small Cells | octo,/node/1289676,6
Small Cells | octo,/page/small-cells,42
SmarTrip on Metrobus WMATA website | octo,/external-link/smartrip-metrobus-wmata-website,11
SmarTrip on Metrobus WMATA website | octo,/node/736282,6
Social Media Access and Use Policy | octo,/node/1658131,15
Social Media Access and Use Policy | octo,/publication/social-media-access-and-use-policy,43
Solicite la tarjeta “DC One Card” | octo,/node/1138371,35
Solicite la tarjeta “DC One Card” | octo,/service/solicite-la-tarjeta-“dc-one-card”,82
Stakeholder Initiation Meeting Notes May 16 2011 | octo,/node/725732,6
Stakeholder Initiation Meeting Notes May 16 2011 | octo,/publication/stakeholder-initiation-meeting-notes-may-16-2011,1
Stakeholder Initiation Meeting Notes May 19 2011 | octo,/node/725722,6
Stakeholder Initiation Meeting Notes May 19 2011 | octo,/publication/stakeholder-initiation-meeting-notes-may-19-2011,1
Stakeholder Initiation Meeting Notes May 25 2011 | octo,/node/725752,5
Stakeholder Initiation Meeting Notes May 25 2011 | octo,/publication/stakeholder-initiation-meeting-notes-may-25-2011,1
Stakeholder Initiation Meeting Summary Findings | octo,/node/725712,5
Startup Grind Hosts CTO Vemulapalli for Fireside Chat | octo,/am/event/startup-grind-hosts-cto-vemulapalli-fireside-chat,3
Startup Grind Hosts CTO Vemulapalli for Fireside Chat | octo,/es/event/startup-grind-hosts-cto-vemulapalli-fireside-chat,1
Startup Grind Hosts CTO Vemulapalli for Fireside Chat | octo,/event/startup-grind-hosts-cto-vemulapalli-fireside-chat,2
Statement from Mayor Bowser on the 100th Anniversary of the Ratification of the 19th Amendment | octo,/release/statement-mayor-bowser-100th-anniversary-ratification-19th-amendment,1
Statement of Work for NCR Geospatial Data Exchange | octo,/node/725762,4
Statement of Work for NCR Geospatial Data Exchange | octo,/publication/statement-work-ncr-geospatial-data-exchange,1
Statement on the Confirmation of Chief Technology Officer Lindsey Parker | octo,/release/statement-confirmation-chief-technology-officer-lindsey-parker,12
"Statement on Threat Incident on December 7, 2016 | octo",/am/release/statement-threat-incident-december-7-2016,6
"Statement on Threat Incident on December 7, 2016 | octo",/es/release/statement-threat-incident-december-7-2016,1
"Statement on Threat Incident on December 7, 2016 | octo",/release/statement-threat-incident-december-7-2016,5
Status of Ex-Offender Reentry Efforts in Cities | octo,/publication/status-ex-offender-reentry-efforts-cities,2
Subscribe to DC GIS Updates | octo,/node/718432,8
System and Communications Protection Policy | octo,/node/1523576,14
System and Communications Protection Policy | octo,/publication/system-and-communications-protection-policy,5
System and Information Integrity Policy | octo,/node/1523581,10
System and Information Integrity Policy | octo,/publication/system-and-information-integrity-policy,1
System and Services Acquisition Policy | octo,/node/1523621,11
System and Services Acquisition Policy | octo,/publication/system-and-services-acquisition-policy,11
System and Services Acquisition Policy | octo,/publication/system-and-services-policy,2
System Maintenance Policy | octo,/node/1523586,7
System Maintenance Policy | octo,/publication/system-maintenance-policy,1
Tech Enablement Team | octo,/enabletech,1
Tech Procurement | octo,/event/tech-procurement,2
Technology Support Services | octo,/am/page/technology-support-services,1
Technology Support Services | octo,/node/701972,1
Technology Support Services | octo,/page/technology-support-services,4716
Technology Training | octo,/am/page/technology-training,1
Technology Training | octo,/fr/page/technology-training,2
Technology Training | octo,/page/technology-training,86
Telecom Service Acquisition Policy | octo,/node/856732,12
Telecom Service Acquisition Policy | octo,/publication/telecom-service-acquisition-policy,1
Telework Policy | octo,/node/856642,12
Telework Policy | octo,/publication/signed-telework-policy,3
Telework Policy | octo,/publication/telework-policy,117
test dev data 1221 | octo,/page/test-dev-data-1221,10
Test GIS | octo,/page/test-gis,1
Testimony by CTO Lindsey V. Parker at OCTO's Fiscal Year 2021 Budget Oversight Hearing | octo,/release/testimony-cto-lindsey-v-parker-octos-fiscal-year-2021-budget-oversight-hearing,5
Testimony by CTO Lindsey V. Parker at OCTO's Fiscal Year 2022 Budget Oversight Hearing | octo,/node/1543561,4
Testimony by CTO Lindsey V. Parker at OCTO's Fiscal Year 2022 Budget Oversight Hearing | octo,/release/testimony-cto-lindsey-v-parker-octos-fiscal-year-2022-budget-oversight-hearing,4
Testimony by CTO Lindsey V. Parker at OCTO's Fiscal Year 2023 Budget Oversight Hearing | octo,/node/1589601,2
Testimony by CTO Lindsey V. Parker at OCTO's Fiscal Year 2023 Budget Oversight Hearing | octo,/release/testimony-cto-lindsey-v-parker-octos-fiscal-year-2023-budget-oversight-hearing,11
Testimony of Acting CTO Archana Vemulapalli at OCTO’s Performance Hearing | octo,/release/testimony-acting-cto-archana-vemulapalli-octo’s-performance-hearing,8
Testimony of Acting CTO Tegene Baharu at OCTO's Performance Hearing | octo,/release/testimony-acting-cto-tegene-baharu-octos-performance-hearing,2
Testimony of CTO Archana Vemulapalli at OCTO's FY2018 Budget Oversight Hearing | octo,/release/testimony-cto-archana-vemulapalli-octos-fy2018-budget-oversight-hearing,6
Testimony of CTO Lindsey V. Parker on the DC Vaccine Portal | octo,/release/testimony-cto-lindsey-v-parker-dc-vaccine-portal,13
Testimony of Interim CTO Barney Krucoff at OCTO's FY2019 Budget Oversight Hearing | octo,/release/testimony-interim-cto-barney-krucoff-octos-fy2019-budget-oversight-hearing,6
Testimony of Interim CTO Stephen Miller on the Fiscal Year 2023 and 2024 Performance Oversight Hearing | octo,/node/1708456,7
Testimony of Interim CTO Stephen Miller on the Fiscal Year 2023 and 2024 Performance Oversight Hearing | octo,/release/testimony-interim-cto-stephen-miller-fiscal-year-2023-and-2024-performance-oversight-hearing,14
Testimony of Interim CTO Stephen Miller on the FY 2025 Budget Hearing | octo,/node/1722176,6
Testimony of Interim CTO Stephen Miller on the FY 2025 Budget Hearing | octo,/release/testimony-interim-cto-stephen-miller-fy-2025-budget-hearing,9
Thank You | octo,/blog/thank-you,11
Thank You | octo,/es/blog/thank-you,2
Thẻ DC One | octo,/page/thẻ-dc-one,6
The Executive Building | octo,/address/executive-building,13
The FOIA Portal Public Comment Session | octo,/fr/node/1758441,1
The Government of the District of Columbia Raises the Bar on HTTPS | octo,/blog/government-district-columbia-raises-bar-https,16
Traditional IT Operations | octo,/event/traditional-it-operations,5
Transportation - View 1 | octo,/node/720272,3
Transportation - View 2 | octo,/node/720282,2
Transportation Online Permitting System | octo,/am/service/transportation-online-permitting-system,4
Transportation Online Permitting System | octo,/es/service/transportation-online-permitting-system,2
Transportation Online Permitting System | octo,/service/transportation-online-permitting-system,1081
Urban Institute Neighborhood Info DC | octo,/external-link/urban-institute-neighborhood-info-dc,5
Urban Institute Neighborhood Info DC | octo,/node/720762,1
Use a DC One Card | octo,/page/use-dc-one-card,118
Use the ArcGIS JavaScript Extension for Google Maps API | octo,/node/709832,7
Use the ArcGIS JavaScript Extension for Google Maps API | octo,/page/use-arcgis-javascript-extension-google-maps-api,4
Use the MAR Web Data Service in .NET | octo,/node/709792,1
Use the MAR Web Data Service in .NET | octo,/page/use-mar-web-data-service-net,2
Use the MAR Web Data Service in Client Script | octo,/node/709782,1
Use the MAR Web Data Service in Client Script | octo,/page/use-mar-web-data-service-client-script,7
User account | octo,/user,66
User account | octo,/user/password,17
Utility and Communication - View 1 | octo,/node/720302,2
Utility and Communication - View 2 | octo,/node/720292,2
Vector Property Map Guide | octo,/external-link/vector-property-map-guide,1
Vector Property Map Guide | octo,/node/708352,18
Virginia Geographic Information Network - VGIN | octo,/node/720672,1
Virtual Private Network (VPN) Policy | octo,/node/1285181,17
Virtual Private Network (VPN) Policy | octo,/publication/virtual-private-network-vpn-policy,62
Virtual USA | octo,/external-link/virtual-usa,1
Virtual USA | octo,/node/720452,3
Virtual USA Brochure | octo,/node/725602,6
Virtual USA Brochure | octo,/publication/virtual-usa-brochure,1
Virtual USA Generation III Prototype Fact Sheet | octo,/node/725592,8
Virtual USA Generation III Prototype Fact Sheet | octo,/publication/virtual-usa-generation-iii-prototype-fact-sheet,1
VPN Change from PINsafe Authentication to MFA | octo,/publication/vpn-change-pinsafe-authentication-mfa,3
Vulnerabilities | octo,/page/vulnerabilities,3
Vulnerability Management Policy | octo,/node/1523591,37
Vulnerability Management Policy | octo,/publication/vulnerability-management-policy,17
Washington DC Snowplow Tracker | octo,/fr/service/washington-dc-snowplow-tracker,5
Washington DC Snowplow Tracker | octo,/node/1206415,3
Washington DC Snowplow Tracker | octo,/node/718082,1
Washington DC Snowplow Tracker | octo,/service/washington-dc-snowplow-tracker,134
"Washington, DC and Leading US Cities Partner on Guidelines for Smart Cities | octo",/release/washington-dc-and-leading-us-cities-partner-guidelines-smart-cities,6
"Washington, DC Named Among 5 New Smart Gigabit Communities by US Ignite | octo",/release/washington-dc-named-among-5-new-smart-gigabit-communities-us-ignite,10
"Washington, DC Named First LEED Platinum City in the World | octo",/release/washington-dc-named-first-leed-platinum-city-world,4
"Washington, DC Named One of Nation's Digital Inclusion Trailblazers and Recognized for Sixth Year | octo",/release/washington-dc-named-one-nations-digital-inclusion-trailblazers-and-recognized-sixth-year,14
"Washington, DC Opts-In National FirstNet Network | octo",/release/washington-dc-opts-national-firstnet-network,6
"Washington, DC Recognized as One of the Nation's Digital Inclusion Trailblazers for the Seventh Consecutive Year | octo",/release/washington-dc-recognized-one-nations-digital-inclusion-trailblazers-seventh-consecutive-year,30
Watershed Finder | octo,/fr/service/watershed-finder,0
Watershed Finder | octo,/node/718162,2
Watershed Finder | octo,/service/watershed-finder,95
We’re in a digital world. DC is ensuring its residents have a fair shot. | octo,/blog/we’re-digital-world-dc-ensuring-its-residents-have-fair-shot,28
Web Team Portal Notice | octo,/page/web-team-portal-notice,3
What to do if a DC One Card is found? | octo,/node/1365311,1
What to do if a DC One Card is found? | octo,/page/what-do-if-dc-one-card-found,6
Wi-fi Hotspots | octo,/service/wi-fi-hotspots,45
Wilson Aquatic DC One Card Center Temporarily Relocated to Tenley-Friendship Library | octo,/release/wilson-aquatic-dc-one-card-center-temporarily-relocated-tenley-friendship-library,4
Windows Supported AVs | octo,/publication/windows-supported-avs,1
Winzip Download website | octo,/node/708032,2
WMATA SmarTrip Senior Fares website | octo,/external-link/wmata-smartrip-senior-fares-website,1
Women in Tech / Gender Equity in Tech | octo,/event/women-tech-gender-equity-tech,8
Working with DC Government | octo,/smarter,310
Zoning Map | octo,/fr/service/zoning-map,1
Zoning Map | octo,/service/zoning-map,36
Zscaler Login Instructions | octo,/publication/zscaler-login-instructions,15
