# Hostname exactly matches otr.cfo.dc.gov,,
# Start date: 20250916,,
# End date: 20251216,,
,,
Page title and screen class,Page path and screen class,Views
| otr,,1
| otr,/,63702
| otr,//checkout/,6
| otr,/am,10
| otr,/blog,3
| otr,/es,7
| otr,/es/node,10
| otr,/node,380
| otr,/node/,1
| otr,/portalwip,22
| otr,/portalwip/jserrors,1
| otr,/portalwip/qss%27%3Bqxss%28document.cookie%29%3B%27,1
| otr,/portalwip/wp-login.php,2
| otr,/vi,2
| otr,/zh-hant,1
| Page 2 | otr,/zh-hant/node,2
| Page 4 | otr,/vi/node,20
"1015 Half Street, SE, 9th Floor | otr",/address/1015-half-street-se-9th-floor,10
"1015 Half Street, SE, 9th Floor | otr",/vi/node/1332701,1
"1101 4th Street, SW | otr",/address/1101-4th-street-sw,489
"1800 Martin Luther King Jr. Avenue, SE | otr",/address/1800-martin-luther-king-jr-avenue-se,5
"1800 Martin Luther King Jr. Avenue, SE | otr",/vi/node/1582481,2
2003 Schedule L Lower Income Long-Term Homeowner Credit | otr,/publication/2003-schedule-l-lower-income-long-term-homeowner-credit,1
2005 Business Tax Forms and Publications | otr,/node/426542,5
2008 Business Tax Forms and Publications | otr,/page/2008-business-tax-forms-and-publications,1
2009 Business Tax Forms and Publications | otr,/node/395282,6
2009 D-20 - Modified Instructions for Reporting Rental Income and Expenses | otr,/node/400882,13
2009 D-20 - Modified Instructions for Reporting Rental Income and Expenses | otr,/publication/2009-d-20-modified-instructions-reporting-rental-income-and-expenses,2
2009 D-30 - Modified Instructions for Reporting Rental Income and Expenses | otr,/node/400872,14
2009 D-30 - Modified Instructions for Reporting Rental Income and Expenses | otr,/publication/2009-d-30-modified-instructions-reporting-rental-income-and-expenses,4
2009 FR-900M Employer Withholding Tax Annual Reconciliation and Report Fill-in Version | otr,/publication/2009-fr-900m-employer-withholding-tax-annual-reconciliation-and-report-fill-version,1
2010 Business Tax Forms and Publications | otr,/node/397942,6
2010 Sales Tax Law Changes (Sales Tax On Soft Drinks and Prepaid Wireless Telecommunications Charge) | otr,/node/400852,14
2010 Sales Tax Law Changes (Sales Tax On Soft Drinks and Prepaid Wireless Telecommunications Charge) | otr,/publication/2010-sales-tax-law-changes-sales-tax-soft-drinks-and-prepaid-wireless-telecommunications,6
2011 Individual Income Tax Forms | otr,/node/390082,6
2011 Instructions to Complete the DC Combined Report for Franchise Tax Returns | otr,/node/397642,28
2011 Instructions to Complete the DC Combined Report for Franchise Tax Returns | otr,/publication/2011-instructions-complete-dc-combined-report-franchise-tax-returns,4
2011 Sales Tax Law Changes for Cigarettes | otr,/node/400792,14
2011 Sales Tax Law Changes for Cigarettes | otr,/publication/2011-sales-tax-law-changes-cigarettes,5
2012 Combined Reporting Schedules and Worksheets | otr,/node/810352,13
2012 Combined Reporting Schedules and Worksheets | otr,/publication/2012-combined-reporting-schedules-and-worksheets,8
2013 Business Tax Forms and Publications | otr,/node/970652,4
2013 Combined Reporting Schedules and Worksheets | otr,/node/389532,11
2013 Combined Reporting Schedules and Worksheets | otr,/publication/2013-combined-reporting-schedules-and-worksheets-0,2
2013 FR-800V Street Vendors and Mobile Food Services Minimum Sales Tax Quarterly Return (Fill-in version) | otr,/publication/2013-fr-800v-street-vendors-and-mobile-food-services-minimum-sales-tax-quarterly-return,1
2014 Business Tax Forms and Publications | otr,/node/1163311,2
2014 Combined Reporting Schedules and Worksheets | otr,/node/992172,8
2014 Combined Reporting Schedules and Worksheets | otr,/publication/2014-combined-reporting-schedules-and-worksheets,2
2014 FR-800M Sales and Use Tax Monthly Return (Fill-in version) | otr,/publication/2014-fr-800m-sales-and-use-tax-monthly-return-fill-version,2
2015 Business Tax Forms and Publications | otr,/node/1213956,5
2015 Combined Reporting Schedules and Worksheets | otr,/node/1141306,8
2015 Combined Reporting Schedules and Worksheets | otr,/publication/2015-combined-reporting-schedules-and-worksheets,4
2015 D-20 Corporate Franchise Tax Return Fill-In | otr,/publication/2015-d-20-corporate-franchise-tax-return-fill,2
2015 D-2441 | otr,/node/1129246,3
2015 D-40P SUB | otr,/publication/2015-d-40p-sub,1
2015 FR-800A Booklet | otr,/publication/2015-fr-800a-booklet,3
2015 FR-800A Sales and Use Tax Annual Return (Fill-in version) | otr,/publication/2015-fr-800a-sales-and-use-tax-annual-return-fill-version,2
2015 FR-800M Booklet | otr,/node/1530811,2
2015 FR-800SE Booklet | otr,/publication/2015-fr-800se-booklet,2
2015 Schedule H | otr,/publication/2015-schedule-h,5
2016 Combined Reporting Schedules | otr,/node/1214781,16
2016 Combined Reporting Schedules | otr,/publication/2016-combined-reporting-schedules,5
2016 D-30P Official | otr,/node/1216246,7
2016 D-40ES Estimated Payment for Individual Income Tax | otr,/node/1136576,6
2016 FR-800A Booklet | otr,/node/1530611,2
2016 FR-800A Use Booklet | otr,/node/1530616,12
2016 FR-800A Use Booklet | otr,/publication/2016-fr-800a-use-booklet,2
2016 FR-800M Booklet | otr,/node/1530621,9
2016 FR-800M Sales and Use Tax Monthly Return | otr,/publication/2016-fr-800m-sales-and-use-tax-monthly-return,1
2016 FR-800Q Booklet | otr,/node/1530626,1
2016 FR-800SE Booklet | otr,/node/1530631,4
2016 FR-800V Booklet | otr,/publication/2016-fr-800v-booklet,1
2016 FR-900B Employer/Payor Withholding Tax Annual Reconciliation and Report Fill-in Version | otr,/publication/2016-fr-900b-employerpayor-withholding-tax-annual-reconciliation-and-report-fill-version,3
2017 D-20 Corporate Franchise Tax Return | otr,/node/1296091,5
2017 D-40 and D-40EZ | otr,/node/1295116,10
2017 D-65 (Fill-in) | otr,/publication/2017-d-65-fill,1
2017 FP-31 Personal Property Tax Return Fill-in Version | otr,/publication/2017-fp-31-personal-property-tax-return-fill-version,11
2017 FP-31P Personal Property Tax Return Payment Voucher Fill-in Version | otr,/node/1150531,2
2017 FR-800A Booklet | otr,/node/1530581,64
2017 FR-800A Booklet | otr,/publication/2017-fr-800a-booklet,2
2017 FR-800A Use Booklet | otr,/node/1530586,3
2017 FR-800A Use Booklet | otr,/publication/2017-fr-800a-use-booklet,1
2017 FR-800M Booklet | otr,/node/1530591,35
2017 FR-800Q Sales and Use Tax Quarterly Return Fill-in | otr,/publication/2017-fr-800q-sales-and-use-tax-quarterly-return-fill-in,2
2017 FR-800SE Sales and Use Tax Special Event Return (Fill-in Version) | otr,/publication/2017-fr-800se-sales-and-use-tax-special-event-return-fill-version,3
2017 FR-900NP Annual Return for Withholding Reported on Forms 1099 and/or W-2G (Fill-in) | otr,/node/1209660,5
"2017 FR-COA Change of Name, Address or Identification Number | otr",/publication/2017-fr-coa-change-name-address-or-identification-number,1
2018 D-4 Employee Withholding Allowance Certificate (Fill-in) | otr,/node/1296531,12
2018 D-40 and D-40EZ Instruction Booklet | otr,/publication/2018-d-40-and-d-40ez-instruction-booklet,8
2018 D-40WH (Fill_in) | otr,/node/1380776,2
2018 D-41 BOOKLET | otr,/node/1376936,2
2018 DC-8379 | otr,/node/1376931,2
2018 Floor Tax Notice | otr,/publication/2018-floor-tax-notice,14
2018 FP-31 Personal Property Tax Return Fill-in Version | otr,/node/1247851,15
2018 FR-399 Qualified High Technology Companies (QHTC) | otr,/node/1470681,6
2018 FR-399 Qualified High Technology Companies (QHTC) | otr,/publication/2018-fr-399-qualified-high-technology-companies-qhtc,7
2018 Income Tax Withholding Instructions and Tables | otr,/node/1293711,92
2019 Alternative Fuel Vehicle Infrastructure and Conversion Residential Form (Fill-in) | otr,/node/1450596,79
2019 Alternative Fuel Vehicle Infrastructure and Conversion Residential Form (Fill-in) | otr,/publication/2019-alternative-fuel-vehicle-infrastructure-and-conversion-residential-form-fill,2
2019 Combined Group Members' Schedule and Combined Group Members' Schedule (Fill-in) | otr,/node/1451691,5
2019 D-20 Booklet and D-20 (Fill-in) | otr,/node/1451641,4
2019 D-20 Booklet and D-20 (Fill-in) | otr,/publication/2019-d-20-booklet-and-d-20-fill,11
2019 D-2210 and D-2210 (Fill-in) | otr,/node/1450526,80
2019 D-2210 and D-2210 (Fill-in) | otr,/publication/2019-d-2210-and-d-2210-fill,1
2019 D-2440 and D-2440 (Fill-in) | otr,/node/1450571,82
2019 D-2440 and D-2440 (Fill-in) | otr,/publication/2019-d-2440-and-d-2440-fill,1
2019 D-2441 and D-2441 (Fill-in) | otr,/node/1450576,81
2019 D-2441 and D-2441 (Fill-in) | otr,/publication/2019-d-2441-and-d-2441-fill,1
2019 D-30 Booklet and D-30 (Fill-in) | otr,/node/1451806,5
2019 D-30 Booklet and D-30 (Fill-in) | otr,/publication/2019-d-30-booklet-and-d-30-fill,162
2019 D-40 Booklet | otr,/node/1450516,159
2019 D-40 Booklet | otr,/publication/2019-d-40-booklet,77
2019 D-40B and D-40B (Fill-in) | otr,/node/1450551,82
2019 D-40B and D-40B (Fill-in) | otr,/publication/2019-d-40b-and-d-40b-fill,4
2019 D-40P and D-40P (Fill-in) | otr,/node/1450531,83
2019 D-40P and D-40P (Fill-in) | otr,/publication/2019-d-40p-and-d-40p-fill,1
2019 D-40WH and D-40WH (Fill-in) | otr,/node/1450546,84
2019 D-40WH and D-40WH (Fill-in) | otr,/publication/2019-d-40wh-and-d-40wh-fill,1
2019 DC Combined Reporting Instructions and Schedules and DC Combined Reporting Schedules (Fill-in) | otr,/node/1451711,2
2019 DC Combined Reporting Instructions and Schedules and DC Combined Reporting Schedules (Fill-in) | otr,/publication/2019-dc-combined-reporting-instructions-and-schedules-and-dc-combined-reporting,1
2019 DC-8379 and DC-8379 (Fill-in) | otr,/node/1453036,81
2019 DC-8379 and DC-8379 (Fill-in) | otr,/publication/2019-dc-8379-and-dc-8379-fill,5
2019 FR-127 and FR-127 (Fill-in) | otr,/node/1450581,82
2019 FR-127 and FR-127 (Fill-in) | otr,/publication/2019-fr-127-and-fr-127-fill,1
2019 FR-147 and FR-147 (Fill-in) | otr,/node/1450861,78
2019 FR-147 and FR-147 (Fill-in) | otr,/publication/2019-fr-147-and-fr-147-fill,3
2019 FR-399 Qualified High Technology Companies | otr,/node/1470636,2
2019 FR-400M (Instructions) | otr,/node/1744101,8
2019 FR-400M (Instructions) | otr,/publication/2019-fr-400m-instructions,2
2019 Schedule ELC and Schedule ELC (Fill-in) | otr,/node/1450556,79
2019 Schedule ELC and Schedule ELC (Fill-in) | otr,/publication/2019-schedule-elc-and-schedule-elc-fill,5
2019 Schedule H and Schedule H (Fill-in) | otr,/node/1450521,79
2019 Schedule H and Schedule H (Fill-in) | otr,/publication/2019-schedule-h-and-schedule-h-fill,8
2019 Schedule L and Schedule L (Fill-in) | otr,/node/1450591,84
2019 Schedule L and Schedule L (Fill-in) | otr,/publication/2019-schedule-l-and-schedule-l-fill,1
2019 Schedule QCGI and Schedule QCGI (Fill-in) | otr,/node/1450561,83
2019 Schedule QCGI and Schedule QCGI (Fill-in) | otr,/publication/2019-schedule-qcgi-and-schedule-qcgi-fill,3
2019 Schedule SR and Schedule SR (Fill-in) | otr,/node/1451681,6
2019 Schedule SR and Schedule SR (Fill-in) | otr,/publication/2019-schedule-sr-and-schedule-sr-fill,4
2020 AFVC-RES | otr,/node/1514346,76
2020 Alternative Fuel Vehicle Conversion and Infrastructure Commercial Form | otr,/node/1516031,82
2020 Alternative Fuel Vehicle Conversion and Infrastructure Commercial Form | otr,/publication/2020-alternative-fuel-vehicle-conversion-and-infrastructure-commercial-form-0,4
2020 Assessment Ratio Report | otr,/node/1442831,2
2020 Assessment Ratio Report | otr,/publication/2020-assessment-ratio-report,2
2020 Assessment Reference Materials | otr,/publication/2020-assessment-reference-materials,7
2020 Combined Group Members Schedule (Official and Fill-in) | otr,/node/1515916,80
2020 Combined Group Members Schedule (Official and Fill-in) | otr,/publication/2020-combined-group-members-schedule-official-and-fill,6
2020 D-20 Booklet and D-20 Fill-in | otr,/node/1515896,107
2020 D-20 Booklet and D-20 Fill-in | otr,/publication/2020-d-20-booklet-and-d-20-fill,24
2020 D-20CR QHTC Corporate Business Tax Credits (Official and Fill-in) | otr,/node/1515941,76
2020 D-20CR QHTC Corporate Business Tax Credits (Official and Fill-in) | otr,/publication/2020-d-20cr-qhtc-corporate-business-tax-credits-official-and-fill,1
2020 D-20ES and D-20ES (Fill-in) | otr,/node/1451801,5
2020 D-20P | otr,/node/1515951,78
2020 D-20P | otr,/publication/2020-d-20p,2
2020 D-2210 | otr,/node/1513991,80
2020 D-2210 | otr,/publication/2020-d-2210,5
2020 D-2220 | otr,/node/1515946,81
2020 D-2220 | otr,/publication/2020-d-2220,4
2020 D-2440 | otr,/node/1514171,77
2020 D-2441 | otr,/node/1514126,76
2020 D-30 Booklet and D-30 Fill-in | otr,/node/1516056,138
2020 D-30 Booklet and D-30 Fill-in | otr,/publication/2020-d-30-booklet-and-d-30-fill,79
2020 D-30ES and D-30ES (Fill-in) | otr,/node/1452046,7
2020 D-30P | otr,/node/1516066,79
2020 D-30P | otr,/publication/2020-d-30p,9
2020 D-40 Booklet | otr,/node/1513941,153
2020 D-40 Booklet | otr,/publication/2020-d-40-booklet,33
2020 D-40B | otr,/node/1514271,85
2020 D-40B | otr,/publication/2020-d-40b,4
2020 D-40ES and D-40ES (Fill-in) | otr,/node/1450566,80
2020 D-40ES and D-40ES (Fill-in) | otr,/publication/2020-d-40es-and-d-40es-fill,5
2020 D-40P | otr,/node/1514011,80
2020 D-41 | otr,/node/1514421,78
2020 D-41 | otr,/publication/2020-d-41,4
2020 D-41 Booklet | otr,/node/1514386,76
2020 D-41 Booklet | otr,/publication/2020-d-41-booklet,2
2020 D-41ES and D-41ES (Fill-in) | otr,/node/1450626,1
2020 D-41ES and D-41ES (Fill-in) | otr,/publication/2020-d-41es-and-d-41es-fill,4
2020 D-41P | otr,/node/1514431,80
2020 D-65 Booklet and Fill-in | otr,/node/1516091,81
2020 D-65 Booklet and Fill-in | otr,/publication/2020-d-65-booklet-and-fill,4
2020 DC Combined Reporting Instructions and Schedules | otr,/node/1516506,81
2020 DC Combined Reporting Instructions and Schedules | otr,/publication/2020-dc-combined-reporting-instructions-and-schedules,10
2020 DC-8379 | otr,/node/1513976,77
2020 DC-8379 | otr,/publication/2020-dc-8379,5
2020 Form WT Official and Fill-in | otr,/node/1452866,3
2020 FP-31 Schedules A-B-C-D1-D2 (Fill-in) | otr,/node/1417291,122
2020 FP-31 Schedules A-B-C-D1-D2 (Fill-in) | otr,/publication/2020-fp-31-schedules-b-c-d1-d2-fill,61
2020 FP-31 Schedules D3-D4 (Fill-in) | otr,/node/1417296,42
2020 FP-31 Schedules D3-D4 (Fill-in) | otr,/publication/2020-fp-31-schedules-d3-d4-fill,9
2020 FR-120 | otr,/node/1515956,80
2020 FR-120 | otr,/publication/2020-fr-120,5
2020 FR-127 | otr,/node/1514026,205
2020 FR-127 | otr,/publication/2020-fr-127,5
2020 FR-127F | otr,/node/1514436,79
2020 FR-130 | otr,/node/1516071,79
2020 FR-130 | otr,/publication/2020-fr-130,2
2020 FR-147 | otr,/node/1514111,75
2020 FR-147 | otr,/publication/2020-fr-147,1
2020 FR-165 | otr,/node/1516101,79
2020 FR-165 | otr,/publication/2020-fr-165,3
2020 FR-400M (Instructions) | otr,/node/1744096,1
"2020 FR-900A Official, Fill-in and Instructions | otr",/node/1452696,5
"2020 FR-900A Official, Fill-in and Instructions | otr",/publication/2020-fr-900a-official-fill-and-instructions,5
"2020 FR-900NP Official, Fill-in and Instructions | otr",/node/1453081,7
"2020 FR-900NP Official, Fill-in and Instructions | otr",/publication/fr-900np-official-fill-and-instructions-2020,6
2020 FR-900P Official and Fill-in | otr,/node/1452861,8
"2020 FR-900Q Official, Fill-in and Instructions | otr",/node/1452686,6
"2020 FR-900Q Official, Fill-in and Instructions | otr",/publication/2020-fr-900q-official-fill-and-instructions,5
2020 QHTC-Cert (Fill-in) | otr,/node/1417281,22
2020 QHTC-Cert (Fill-in) | otr,/publication/2020-qhtc-cert-fill,2
2020 Schedule ELC | otr,/node/1513956,78
2020 Schedule ELC | otr,/publication/2020-schedule-elc,1
2020 Schedule H | otr,/node/1513951,80
2020 Schedule H | otr,/publication/2020-schedule-h,4
2020 Schedule I | otr,/node/1799606,80
2020 Schedule I | otr,/publication/2020-schedule-i,0
2020 Schedule L | otr,/node/1514266,77
2020 Schedule N | otr,/node/1799611,76
2020 Schedule N | otr,/publication/2020-schedule-n,1
2020 Schedule S | otr,/node/1799546,78
2020 Schedule SR | otr,/node/1515906,78
2020 Schedule SR | otr,/publication/2020-schedule-sr,4
2020 Schedule U | otr,/node/1799551,76
2020 Schedule U | otr,/publication/2020-schedule-u,1
2020 Schedule UB | otr,/node/1515901,81
2020 Schedule UB | otr,/publication/2020-schedule-ub,4
2020 Worldwide Combined Reporting Election Form (Official and Fill-in) | otr,/node/1515926,78
2020 Worldwide Combined Reporting Election Form (Official and Fill-in) | otr,/publication/2020-worldwide-combined-reporting-election-form-official-and-fill,1
2021 Alternative Fuel Vehicle Conversion and Infrastructure Credits - Commercial Form | otr,/node/1580121,81
2021 Alternative Fuel Vehicle Conversion and Infrastructure Credits - Commercial Form | otr,/publication/2021-alternative-fuel-vehicle-conversion-and-infrastructure-credits-commercial-form,4
2021 Alternative Fuel Vehicle Conversion and Infrastructure Credits - Residential Form | otr,/node/1576271,81
2021 Alternative Fuel Vehicle Conversion and Infrastructure Credits - Residential Form | otr,/publication/2021-alternative-fuel-vehicle-conversion-and-infrastructure-credits-residential-form,6
2021 Assessment Ratio Report | otr,/node/1528006,6
2021 Assessment Ratio Report | otr,/publication/2021-assessment-ratio-report,3
2021 Buyer Book | otr,/node/1566636,19
2021 Buyer Book | otr,/publication/2021-buyer-book,5
2021 Combined Group Members' Schedule | otr,/node/1579451,80
2021 Combined Group Members' Schedule | otr,/publication/2021-combined-group-members-schedule,4
2021 D-20 Booklet | otr,/node/1575416,92
2021 D-20 Booklet | otr,/publication/2021-d-20-booklet,15
2021 D-20 Fill-in | otr,/node/1579426,107
2021 D-20 Fill-in | otr,/publication/2021-d-20-fill,14
2021 D-20CR QHTC Corporate Business Tax Credits (Official and Fill-in) | otr,/node/1799626,76
2021 D-20CR QHTC Corporate Business Tax Credits (Official and Fill-in) | otr,/publication/2021-d-20cr-qhtc-corporate-business-tax-credits-official-and-fill,2
2021 D-20ES | otr,/node/1515986,78
2021 D-20ES | otr,/publication/2021-d-20es,5
2021 D-20P | otr,/node/1579481,75
2021 D-20P | otr,/publication/2021-d-20p,2
2021 D-2210 | otr,/node/1576001,82
2021 D-2210 | otr,/publication/2021-d-2210,6
2021 D-2220 | otr,/node/1579466,78
2021 D-2440 | otr,/node/1576046,82
2021 D-2440 | otr,/publication/2021-d-2440,4
2021 D-2441 | otr,/node/1576051,81
2021 D-2441 | otr,/publication/2021-d-2441,5
2021 D-30 Booklet | otr,/node/1575456,97
2021 D-30 Booklet | otr,/publication/2021-d-30-booklet,13
2021 D-30 Fill-in | otr,/node/1579571,123
2021 D-30 Fill-in | otr,/publication/2021-d-30-fill,88
2021 D-30ES Booklet and Fill-in | otr,/node/1516076,80
2021 D-30ES Booklet and Fill-in | otr,/publication/2021-d-30es-booklet-and-fill,6
2021 D-30P | otr,/node/1580406,80
2021 D-30P | otr,/publication/2021-d-30p-feb4,3
2021 D-40 | otr,/node/1575901,116
2021 D-40 | otr,/publication/2021-d-40,6
2021 D-40 Booklet | otr,/node/1575406,117
2021 D-40 Booklet | otr,/publication/2021-d-40-booklet,33
2021 D-40B | otr,/node/1576061,92
2021 D-40B | otr,/publication/2021-d-40b,15
2021 D-40ES | otr,/node/1514306,81
2021 D-40ES | otr,/publication/2021-d-40es,4
2021 D-40P | otr,/node/1576021,77
2021 D-40P | otr,/publication/2021-d-40p,5
2021 D-41 | otr,/node/1576076,84
2021 D-41 | otr,/publication/2021-d-41,4
2021 D-41 Booklet | otr,/node/1575411,83
2021 D-41 Booklet | otr,/publication/2021-d-41-booklet,3
2021 D-41ES | otr,/node/1514441,79
2021 D-41P | otr,/node/1576086,82
2021 D-41P | otr,/publication/2021-d-41p,4
2021 D-65 Booklet | otr,/node/1575476,77
2021 D-65 Booklet | otr,/publication/2021-d-65-booklet,1
2021 D-65 Fill-in | otr,/node/1578031,75
2021 D-65 Fill-in | otr,/publication/2021-d-65-fill,1
2021 D-8609 | otr,/node/1576181,88
2021 D-8609 | otr,/publication/2021-d-8609,8
2021 D-8609A | otr,/node/1576186,88
2021 D-8609A | otr,/publication/2021-d-8609a,4
2021 D-8609DS | otr,/node/1576191,84
2021 D-8609DS | otr,/publication/2021-d-8609ds,3
2021 DC Combined Reporting Instructions and Schedules (Official and Fill-in) | otr,/node/1580671,83
2021 DC Combined Reporting Instructions and Schedules (Official and Fill-in) | otr,/publication/2021-dc-combined-reporting-instructions-and-schedules-official-and-fill,4
2021 DC-8379 | otr,/node/1575996,77
2021 FR-120 | otr,/node/1579556,73
2021 FR-127 | otr,/node/1576026,79
2021 FR-127 | otr,/publication/2021-fr-127,8
2021 FR-127F | otr,/node/1576091,81
2021 FR-127F | otr,/publication/2021-fr-127f,6
2021 FR-130 | otr,/node/1580421,75
2021 FR-130 | otr,/publication/2021-fr-130,2
2021 FR-147 | otr,/node/1576041,85
2021 FR-147 | otr,/publication/2021-fr-147,24
2021 FR-165 | otr,/node/1578026,77
2021 FR-165 | otr,/publication/2021-fr-165,3
2021 FR-400M (Instructions) | otr,/node/1744091,2
"2021 FR-900A Official, Fill-in and Instructions | otr",/node/1521831,5
"2021 FR-900A Official, Fill-in and Instructions | otr",/publication/2021-fr-900a-official-fill-and-instructions,5
"2021 FR-900NP Official, Fill-in and Instructions | otr",/node/1521841,7
"2021 FR-900NP Official, Fill-in and Instructions | otr",/publication/2021-fr-900np-official-fill-and-instructions,7
2021 FR-900P Official and Fill-in | otr,/node/1521846,5
2021 FR-900P Official and Fill-in | otr,/publication/2021-fr-900p-official-and-fill,2
"2021 FR-900Q Official, Fill-in and Instructions | otr",/node/1521826,4
"2021 FR-900Q Official, Fill-in and Instructions | otr",/publication/2021-fr-900q-official-fill-and-instructions,13
2021 Schedule ELC | otr,/node/1575971,82
2021 Schedule ELC | otr,/publication/2021-schedule-elc,5
2021 Schedule H | otr,/node/1575916,77
2021 Schedule H | otr,/publication/2021-schedule-h,6
2021 Schedule I | otr,/node/1575956,84
2021 Schedule I | otr,/publication/2021-schedule-i,5
2021 Schedule L | otr,/node/1576056,83
2021 Schedule L | otr,/publication/2021-schedule-l,5
2021 Schedule N | otr,/node/1575966,80
2021 Schedule N | otr,/publication/2021-schedule-n,6
2021 Schedule S | otr,/node/1575921,80
2021 Schedule SR | otr,/node/1579446,78
2021 Schedule SR | otr,/publication/2021-schedule-sr,4
2021 Schedule U | otr,/node/1575946,79
2021 Schedule U | otr,/publication/2021-schedule-u,2
2021 Schedule UB | otr,/node/1579436,78
2021 Schedule UB | otr,/publication/2021-schedule-ub,2
2021 US Bank ReliaCard Pre-Acquisition Disclosure | otr,/node/1575906,80
2021 US Bank ReliaCard Pre-Acquisition Disclosure | otr,/publication/2021-us-bank-reliacard-pre-acquisition-disclosure,5
2021 Worldwide Combined Reporting Election Form | otr,/node/1579456,78
2022 Alternative Fuel Vehicle Conversion and Infrastructure Credits - Commercial Form | otr,/node/1642721,79
2022 Alternative Fuel Vehicle Conversion and Infrastructure Credits - Commercial Form | otr,/publication/2022-alternative-fuel-vehicle-conversion-and-infrastructure-credits-commercial-form,3
2022 Alternative Fuel Vehicle Infrastructure and Conversion Residential Form | otr,/node/1639516,105
2022 Assessment Ratio Report | otr,/node/1609966,5
2022 Assessment Ratio Report | otr,/publication/2022-assessment-ratio-report,4
2022 Buyer's Book | otr,/node/1611596,12
2022 Buyer's Book | otr,/publication/2022-buyers-book,4
2022 Combined Group Member's Schedule (Official and Fill-in) | otr,/node/1642521,83
2022 Combined Group Member's Schedule (Official and Fill-in) | otr,/publication/2022-combined-group-members-schedule-official-and-fill,4
2022 D-20 Booklet | otr,/node/1642416,101
2022 D-20 Booklet | otr,/publication/2022-d-20-booklet,35
2022 D-20 Fill-in | otr,/node/1642496,127
2022 D-20 Fill-in | otr,/publication/2022-d-20-fill-in,20
2022 D-20CR QHTC Corporate Business Tax Credits (Official and Fill-in) | otr,/node/1642701,76
2022 D-20CR QHTC Corporate Business Tax Credits (Official and Fill-in) | otr,/publication/2022-d-20cr-qhtc-corporate-business-tax-credits-official-and-fill,2
2022 D-20ES | otr,/node/1579586,75
2022 D-20ES | otr,/publication/2022-d-20es,4
2022 D-20P (Official and Fill-in) | otr,/node/1642711,74
2022 D-20P (Official and Fill-in) | otr,/publication/2022-d-20p-official-and-fill,1
2022 D-2210 | otr,/node/1639441,137
2022 D-2210 | otr,/publication/2022-d-2210,6
2022 D-2220 (Official and Fill-in) | otr,/node/1642706,82
2022 D-2220 (Official and Fill-in) | otr,/publication/2022-d-2220-official-and-fill,5
2022 D-2440 | otr,/node/1639476,135
2022 D-2440 | otr,/publication/2022-d-2440,3
2022 D-2441 | otr,/node/1639481,132
2022 D-2441 | otr,/publication/2022-d-2441,2
2022 D-30 (Fill-in) | otr,/node/1642911,109
2022 D-30 (Fill-in) | otr,/publication/2022-d-30-fill,91
2022 D-30 Booklet | otr,/node/1642731,103
2022 D-30 Booklet | otr,/publication/2022-d-30-booklet,42
2022 D-30ES | otr,/node/1579596,77
2022 D-30ES | otr,/publication/2022-d-30es,4
2022 D-30P (Official and Fill-in) | otr,/node/1642736,81
2022 D-30P (Official and Fill-in) | otr,/publication/2022-d-30p-official-and-fill,5
2022 D-40 | otr,/node/1639256,236
2022 D-40 | otr,/publication/2022-d-40,81
2022 D-40 Booklet | otr,/node/1639856,175
2022 D-40 Booklet | otr,/publication/2022-d-40-booklet-01,21
2022 D-40B | otr,/node/1639501,151
2022 D-40B | otr,/publication/2022-d-40b,22
2022 D-40ES | otr,/node/1576381,80
2022 D-40ES | otr,/publication/2022-d40ES,5
2022 D-40P | otr,/node/1639446,136
2022 D-40P | otr,/publication/2022-d-40p,6
2022 D-41 | otr,/node/1639526,139
2022 D-41 | otr,/publication/2022-d-41,4
2022 D-41 Booklet | otr,/node/1639521,110
2022 D-41 Booklet | otr,/publication/2022-d-41-booklet,4
2022 D-41ES | otr,/node/1576301,83
2022 D-41ES | otr,/publication/2022-d41es-1,3
2022 D-41P | otr,/node/1639536,136
2022 D-65 Booklet | otr,/node/1643436,82
2022 D-65 Booklet | otr,/publication/2022-d-65-booklet,5
2022 D-8609 | otr,/node/1639286,203
2022 D-8609 | otr,/publication/2022-d-8609,5
2022 DC Combined Reporting Instructions and Schedules (Official and Fill-in) | otr,/node/1644806,80
2022 DC Combined Reporting Instructions and Schedules (Official and Fill-in) | otr,/publication/2022-dc-combined-reporting-instructions-and-schedules-official-and-fill,23
2022 DC-8379 | otr,/node/1639436,137
2022 DC-8379 | otr,/publication/2022-dc-8379,1
2022 FR-120 (Official and Fill-in) | otr,/node/1642716,80
2022 FR-120 (Official and Fill-in) | otr,/publication/2022-fr-120-official-and-fill,11
2022 FR-127 | otr,/node/1639456,138
2022 FR-127 | otr,/publication/2022-fr-127,6
2022 FR-127F | otr,/node/1639541,134
2022 FR-130 (Official and Fill-in) | otr,/node/1642751,77
2022 FR-130 (Official and Fill-in) | otr,/publication/2022-fr-130-official-and-fill,4
2022 FR-147 | otr,/node/1639471,135
2022 FR-147 | otr,/publication/2022-fr-147,17
2022 FR-165 (Official and Fill-in) | otr,/node/1642766,79
2022 FR-165 (Official and Fill-in) | otr,/publication/2022-fr-165-official-and-fill,2
2022 FR-400M (Instructions) | otr,/node/1744086,2
2022 FR-900A (Fill-in) | otr,/node/1636276,3
2022 FR-900A (Fill-in) | otr,/publication/2022-fr-900a-fill,2
2022 FR-900A | otr,/node/1636266,4
2022 FR-900A | otr,/publication/2022-fr-900a,2
2022 FR-900A Instructions | otr,/node/1636311,4
2022 FR-900A Instructions | otr,/publication/2022-fr-900a-instructions,3
2022 FR-900NP (Fill-in) | otr,/node/1636326,1
2022 FR-900NP (Fill-in) | otr,/publication/2022-fr-900np-fill,5
2022 FR-900NP | otr,/node/1636316,5
2022 FR-900NP | otr,/publication/2022-fr-900np,3
2022 FR-900NP Instructions | otr,/node/1636476,5
2022 FR-900NP Instructions | otr,/publication/2022-fr-900np-instructions,3
2022 FR-900P Payment Voucher (Fill-in) | otr,/node/1636376,3
2022 FR-900P Payment Voucher (Fill-in) | otr,/publication/2022-fr-900p-payment-voucher-fill,1
2022 FR-900Q | otr,/node/1580886,3
2022 FR-900Q | otr,/publication/2022-fr-900q,26
2022 Instructions for D-8609 Low-Income Housing Tax Credit Allocation and Certification | otr,/node/1644811,111
2022 Instructions for D-8609 Low-Income Housing Tax Credit Allocation and Certification | otr,/publication/2022-instructions-d-8609-low-income-housing-tax-credit-allocation-and-certification,6
2022 Schedule ELC | otr,/node/1639306,137
2022 Schedule ELC | otr,/publication/2022-schedule-elc,4
2022 Schedule H | otr,/node/1639266,143
2022 Schedule H | otr,/publication/2022-schedule-h,35
2022 Schedule HSR | otr,/node/1639311,140
2022 Schedule HSR | otr,/publication/2022-schedule-hsr,4
2022 Schedule I | otr,/node/1639291,136
2022 Schedule I | otr,/publication/2022-schedule-i,3
2022 Schedule L | otr,/node/1639491,136
2022 Schedule L | otr,/publication/2022-schedule-l,4
2022 Schedule N | otr,/node/1639296,135
2022 Schedule N | otr,/publication/2022-schedule-n,2
2022 Schedule S | otr,/node/1639276,135
2022 Schedule S | otr,/publication/2022-schedule-s,6
2022 Schedule SR | otr,/node/1642506,84
2022 Schedule SR | otr,/publication/2022-schedule-sr,5
2022 Schedule U | otr,/node/1639281,141
2022 Schedule U | otr,/publication/2022-schedule-u,4
2022 Schedule UB (Official and Fill-in) | otr,/node/1642901,81
2022 Schedule UB (Official and Fill-in) | otr,/publication/2022-schedule-ub-official-and-fill,2
2022 US Bank Reliacard Pre-Acquisition Disclosure | otr,/node/1639261,109
2022 US Bank Reliacard Pre-Acquisition Disclosure | otr,/publication/2022-us-bank-reliacard-pre-acquisition-disclosure,5
2022 Worldwide Combined Reporting Schedule (Official and Fill-in) | otr,/node/1642696,78
2023 Alternative Fuel Vehicle Conversion and Infrastructure Commercial Form | otr,/node/1703926,143
2023 Alternative Fuel Vehicle Conversion and Infrastructure Commercial Form | otr,/publication/2023-alternative-fuel-vehicle-conversion-and-infrastructure-commercial-form,4
2023 Alternative Fuel Vehicle Infrastructure and Conversion Residential Form | otr,/node/1703111,110
2023 Alternative Fuel Vehicle Infrastructure and Conversion Residential Form | otr,/publication/2023-alternative-fuel-vehicle-infrastructure-and-conversion-residential-form,7
2023 Assessment Ratio Report | otr,/node/1703046,2
2023 Bid Back to the District | otr,/node/1674936,11
2023 Bid Back to the District | otr,/publication/2023-bid-back-district,4
2023 Buyer's Book | otr,/node/1674931,21
2023 Buyer's Book | otr,/publication/2023-buyers-book,9
2023 Combined Group Members’ Schedule (Official and Fill-in) | otr,/node/1703861,165
2023 Combined Group Members’ Schedule (Official and Fill-in) | otr,/publication/2023-combined-group-members’-schedule-official-and-fill,5
2023 D-20 | otr,/node/1703976,754
2023 D-20 | otr,/publication/2023-d-20,343
2023 D-20CR QHTC Corporate Business Tax Credits (Official and Fill-in) | otr,/node/1703876,109
2023 D-20CR QHTC Corporate Business Tax Credits (Official and Fill-in) | otr,/publication/2023-d-20cr-qhtc-corporate-business-tax-credits-official-and-fill,3
2023 D-20ES (Booklet and Fill-in) | otr,/node/1642726,77
2023 D-20ES (Booklet and Fill-in) | otr,/publication/2023-d-20es-booklet-and-fill,3
2023 D-20P | otr,/node/1703896,140
2023 D-20P | otr,/publication/2023-d-20p,1
2023 D-2210 | otr,/node/1702926,147
2023 D-2210 | otr,/publication/2023-d-2210,8
2023 D-2220 | otr,/node/1703891,213
2023 D-2220 | otr,/publication/2023-d-2220,6
2023 D-2440 | otr,/node/1703076,136
2023 D-2440 | otr,/publication/2023-d-2440,3
2023 D-2441 | otr,/node/1703081,137
2023 D-2441 | otr,/publication/2023-d-2441,3
2023 D-30 | otr,/node/1703981,359
2023 D-30 | otr,/publication/2023-d-30,63
2023 D-30ES (Booklet and Fill-in) | otr,/node/1642761,81
2023 D-30ES (Booklet and Fill-in) | otr,/publication/2023-d-30es-booklet-and-fill,5
2023 D-30N | otr,/node/1704021,155
2023 D-30N | otr,/publication/2023-d-30n,37
2023 D-30P | otr,/node/1703986,146
2023 D-30P | otr,/publication/2023-d-30p,7
2023 D-40 | otr,/node/1702796,404
2023 D-40 | otr,/publication/2023-d-40,194
2023 D-40 Booklet | otr,/node/1702786,452
2023 D-40 Booklet | otr,/publication/2023-d-40-booklet,99
2023 D-40B | otr,/node/1703091,177
2023 D-40B | otr,/publication/2023-d-40b,129
2023 D-40ES | otr,/node/1639506,139
2023 D-40ES | otr,/publication/2023-d-40es,5
2023 D-40P | otr,/node/1702931,138
2023 D-40P | otr,/publication/2023-d-40p,10
2023 D-41 | otr,/node/1702386,144
2023 D-41 | otr,/publication/2023-d-41,6
2023 D-41 Booklet | otr,/node/1702381,108
2023 D-41 Booklet | otr,/publication/2023-d-41-booklet,4
2023 D-41ES | otr,/node/1639546,134
2023 D-41ES | otr,/publication/2023-d-41es,2
2023 D-41P | otr,/node/1702391,132
2023 D-65 | otr,/node/1704076,194
2023 D-65 | otr,/publication/2023-d-65,20
2023 D-8609 | otr,/node/1702881,562
2023 D-8609 | otr,/publication/2023-d-8609,5
2023 DC Combined Reporting Instructions and Schedules (Official and Fill-in) | otr,/node/1703886,191
2023 DC Combined Reporting Instructions and Schedules (Official and Fill-in) | otr,/publication/2023-dc-combined-reporting-instructions-and-schedules-official-and-fill,25
2023 DC-8379 | otr,/node/1702921,149
2023 DC-8379 | otr,/publication/2023-dc-8379,2
2023 Discount Tax Sale | otr,/node/1697871,21
2023 Discount Tax Sale | otr,/publication/2023-discount-tax-sale,4
2023 FR-120 | otr,/node/1703921,155
2023 FR-120 | otr,/publication/2023-fr-120,6
2023 FR-127 | otr,/node/1702946,133
2023 FR-127 | otr,/publication/2023-fr-127,18
2023 FR-127F | otr,/node/1702766,138
2023 FR-127F | otr,/publication/2023-fr-127f,1
2023 FR-130 (Official) 2023 FR-130 (Fill-in) | otr,/node/1703991,146
2023 FR-130 (Official) 2023 FR-130 (Fill-in) | otr,/publication/2023-fr-130-official-2023-fr-130-fill,8
2023 FR-147 | otr,/node/1703036,143
2023 FR-147 | otr,/publication/2023-fr-147,16
2023 FR-165 | otr,/node/1704116,144
2023 FR-165 | otr,/publication/2023-fr-165,6
2023 FR-400M (Instructions) | otr,/node/1744076,8
2023 FR-400M (Instructions) | otr,/publication/2023-fr-400m-instructions,4
2023 FR-900A | otr,/node/1705581,238
2023 FR-900A | otr,/publication/2023-fr-900a,1
2023 FR-900NP | otr,/node/1705606,128
2023 FR-900NP | otr,/publication/2023-fr-900np,13
2023 FR-900P Payment Voucher (Fill-in) | otr,/node/1636381,3
2023 FR-900P Payment Voucher (Fill-in) | otr,/publication/2023-fr-900p-payment-voucher-fill,4
2023 FR-900Q Instructions | otr,/node/1636471,9
2023 FR-900Q Instructions | otr,/publication/2023-fr-900q-instructions,66
2023 Schedule ELC | otr,/node/1702911,152
2023 Schedule ELC | otr,/publication/2023-schedule-elc,4
2023 Schedule H | otr,/node/1702811,169
2023 Schedule H | otr,/publication/2023-schedule-h,60
2023 Schedule HSR | otr,/node/1702916,153
2023 Schedule HSR | otr,/publication/2023-schedule-hsr,1
2023 Schedule L | otr,/node/1703086,133
2023 Schedule L | otr,/publication/2023-schedule-l,6
2023 Schedule N | otr,/node/1702906,150
2023 Schedule N | otr,/publication/2023-schedule-n,5
2023 Schedule S | otr,/node/1702816,169
2023 Schedule S | otr,/publication/2023-schedule-s,16
2023 Schedule SR | otr,/node/1703846,211
2023 Schedule SR | otr,/publication/2023-schedule-sr,7
2023 Schedule U | otr,/node/1702821,164
2023 Schedule U | otr,/publication/2023-schedule-u,8
2023 Schedule UB | otr,/node/1703831,211
2023 Schedule UB | otr,/publication/2023-schedule-ub,4
2023 Worldwide Combined Reporting Election Form (Official and Fill-in) | otr,/node/1703866,149
2023 Worldwide Combined Reporting Election Form (Official and Fill-in) | otr,/publication/2023-worldwide-combined-reporting-election-form-official-and-fill,10
2024 Alternative Fuel Vehicle Conversion and Infrastructure Commercial Form | otr,/node/1758946,102
2024 Alternative Fuel Vehicle Conversion and Infrastructure Commercial Form | otr,/publication/2024-alternative-fuel-vehicle-conversion-and-infrastructure-commercial-form,15
2024 Alternative Fuel Vehicle Infrastructure and Conversion Residential Form | otr,/node/1758616,133
2024 Alternative Fuel Vehicle Infrastructure and Conversion Residential Form | otr,/publication/2024-alternative-fuel-vehicle-infrastructure-and-conversion-residential-form,44
2024 Annual Sale Bid Back Report | otr,/node/1738766,20
2024 Annual Sale Bid Back Report | otr,/publication/2024-annual-sale-bid-back-report,5
2024 Annual Sale Buyers Book | otr,/node/1738761,28
2024 Annual Sale Buyers Book | otr,/publication/2024-annual-sale-buyers-book,12
2024 Combined Group Members’ Schedule (Official) | otr,/node/1758916,121
2024 Combined Group Members’ Schedule (Official) | otr,/publication/2024-combined-group-members’-schedule-official,74
2024 D-20 | otr,/node/1758896,1156
2024 D-20 | otr,/publication/2024-d-20-0,535
2024 D-20CR QHTC Corporate Business Tax Credits (Official) | otr,/node/1758926,99
2024 D-20ES | otr,/node/1703936,152
2024 D-20ES | otr,/publication/2024-d-20es,34
2024 D-20P (Official) | otr,/node/1758936,107
2024 D-20P (Official) | otr,/publication/2024-d-20p-official,50
2024 D-2210 | otr,/node/1758571,197
2024 D-2210 | otr,/publication/2024-d-2210,103
2024 D-2220 (Official) | otr,/node/1758931,121
2024 D-2220 (Official) | otr,/publication/2024-d-2220-official,41
2024 D-2440 | otr,/node/1758591,131
2024 D-2440 | otr,/publication/2024-d-2440,1
2024 D-2441 | otr,/node/1758596,130
2024 D-2441 | otr,/publication/2024-d-2441,7
2024 D-30 | otr,/node/1759311,638
2024 D-30 | otr,/publication/2024-d-30,1137
2024 D-30ES (Booklet) 2024 D-30ES (Fill-in) | otr,/node/1703996,149
2024 D-30ES (Booklet) 2024 D-30ES (Fill-in) | otr,/publication/2024-d-30es-booklet-2024-d-30es-fill,8
2024 D-30N | otr,/node/1759316,128
2024 D-30N | otr,/publication/2024-d-30n,54
2024 D-30P | otr,/node/1759346,115
2024 D-30P | otr,/publication/2024-d-30p,42
2024 D-40 | otr,/node/1758386,1242
2024 D-40 | otr,/publication/2024-d-40,876
2024 D-40 Booklet | otr,/node/1758471,1296
2024 D-40 Booklet | otr,/publication/2024-d-40-booklet,607
2024 D-40B | otr,/node/1758606,337
2024 D-40B | otr,/publication/2024-d-40B,1
2024 D-40B | otr,/publication/2024-d-40b,613
2024 D-40ES | otr,/node/1702371,143
2024 D-40ES | otr,/publication/2024-d-40es,13
2024 D-40P | otr,/node/1758576,177
2024 D-40P | otr,/publication/2024-d-40p,44
2024 D-41 | otr,/node/1758626,157
2024 D-41 | otr,/publication/2024-d-41,14
2024 D-41 Booklet | otr,/node/1758621,167
2024 D-41 Booklet | otr,/publication/2024-d-41-booklet,59
2024 D-41ES | otr,/node/1702871,136
2024 D-41ES | otr,/publication/2024-d-41es,5
2024 D-41P | otr,/node/1758631,129
2024 D-41P | otr,/publication/2024-d-41p,4
2024 D-65 (Booklet) 2024 D-65 (Fill-in) | otr,/node/1759481,322
2024 D-65 (Booklet) 2024 D-65 (Fill-in) | otr,/publication/2024-d-65-booklet-2024-d-65-fill,52
2024 D-8609 | otr,/node/1758541,324
2024 D-8609 | otr,/publication/2024-d-8609,63
2024 DC Combined Reporting Instructions and Schedules (Official and Fill-in) | otr,/node/1759266,175
2024 DC Combined Reporting Instructions and Schedules (Official and Fill-in) | otr,/publication/2024-dc-combined-reporting-instructions-and-schedules-official-and-fill,509
2024 DC Health Care Information Returns Instructions | otr,/node/1758191,51
2024 DC Health Care Information Returns Instructions | otr,/publication/2024-dc-health-care-information-returns-instructions,12
2024 DC-8379 | otr,/node/1758566,174
2024 DC-8379 | otr,/publication/2024-dc-8379,4
2024 FR-1000Q Instruction Booklet | otr,/node/1750611,17
2024 FR-1000Q Instruction Booklet | otr,/publication/2024-fr-1000q-instruction-booklet,3
2024 FR-120 (Official) | otr,/node/1758941,157
2024 FR-120 (Official) | otr,/publication/2024-fr-120-official,74
2024 FR-127 | otr,/node/1758581,158
2024 FR-127 | otr,/publication/2024-fr-127,57
2024 FR-127F | otr,/node/1758636,124
2024 FR-127F | otr,/publication/2024-fr-127f,1
2024 FR-130 | otr,/node/1759361,107
2024 FR-130 | otr,/publication/2024-fr-130,90
2024 FR-147 | otr,/node/1758586,149
2024 FR-147 | otr,/publication/2024-fr-147,168
2024 FR-165 | otr,/node/1759486,110
2024 FR-165 | otr,/publication/2024-fr-165,25
2024 FR-400M (Instructions) | otr,/node/1799526,7
2024 FR-400M (Instructions) | otr,/publication/2024-fr-400m-instructions,1
2024 FR-467 Instruction Booklet | otr,/node/1750601,5
2024 FR-467 Instruction Booklet | otr,/publication/2024-fr-467-instruction-booklet,7
2024 FR-467E Instruction Booklet | otr,/node/1750606,6
2024 FR-467E Instruction Booklet | otr,/publication/2024-fr-467e-instruction-booklet,4
2024 FR-900A | otr,/node/1705596,244
2024 FR-900A | otr,/publication/2024-fr-900a,34
2024 FR-900NP | otr,/node/1705621,166
2024 FR-900NP | otr,/publication/2024-fr-900np,55
2024 FR-900Q Instructions | otr,/node/1705576,163
2024 FR-900Q Instructions | otr,/publication/2024-fr-900q-instructions,16
2024 Mandatory Income and Expense Report Filers List | otr,/node/1225111,2
2024 Mandatory Income and Expense Report Filers List | otr,/publication/2021-mandatory-income-and-expense-report-filers-list,1
2024 Mandatory Income and Expense Report Filers List | otr,/publication/2023-mandatory-income-and-expense-report-filers-list,4
2024 Mandatory Income and Expense Report Filers List | otr,/publication/2024-mandatory-income-and-expense-report-filers-list,31
2024 MyTax 1099 W2G Instructions v1.0 | otr,/node/1759011,63
2024 MyTax 1099 W2G Instructions v1.0 | otr,/publication/2024-mytax-1099-w2g-instructions-v10,30
2024 Schedule ELC | otr,/node/1758556,154
2024 Schedule ELC | otr,/publication/2024-schedule-elc,4
2024 Schedule H | otr,/node/1758481,229
2024 Schedule H | otr,/publication/2024-schedule-h,98
2024 Schedule HSR | otr,/node/1758561,144
2024 Schedule HSR | otr,/publication/2024-schedule-hsr,29
2024 Schedule I | otr,/node/1758546,273
2024 Schedule I | otr,/publication/2024-schedule-i,50
2024 Schedule L | otr,/node/1758601,127
2024 Schedule L | otr,/publication/2024-schedule-l,8
2024 Schedule N | otr,/node/1758551,175
2024 Schedule N | otr,/publication/2024-schedule-n,10
2024 Schedule S | otr,/node/1758531,245
2024 Schedule S | otr,/publication/2024-schedule-s,58
2024 Schedule SR (Official) | otr,/node/1758911,110
2024 Schedule SR (Official) | otr,/publication/2024-schedule-sr-official,26
2024 Schedule U | otr,/node/1758536,225
2024 Schedule U | otr,/publication/2024-schedule-u,100
2024 Schedule UB (Official) | otr,/node/1758821,133
2024 Schedule UB (Official) | otr,/publication/2024-schedule-ub-official,30
2024 Tax Sale FAQs | otr,/node/1730441,18
2024 Tax Sale FAQs | otr,/publication/2024-tax-sale-faqs,1
2024 Tax Sale List as of 6/13/2024 | otr,/node/1730446,23
2024 Tax Sale List as of 6/13/2024 | otr,/publication/2024-tax-sale-list-6132024,146
2024 Tax Sale Virtual Seminar Flyer | otr,/node/1730451,13
2024 US Bank ReliaCard Pre-Acquisition Disclosure | otr,/node/1760131,137
2024 US Bank ReliaCard Pre-Acquisition Disclosure | otr,/publication/2024-us-bank-reliacard-pre-acquisition-disclosure,9
2024 W2/W2C Bulk/Manual Filing | otr,/node/1759821,97
2024 W2/W2C Bulk/Manual Filing | otr,/publication/2024-w2w2c-bulkmanual-filing,20
2024 Worldwide Combined Reporting Election Form (Official) | otr,/node/1758921,95
2024 Worldwide Combined Reporting Election Form (Official) | otr,/publication/2024-worldwide-combined-reporting-election-form-official,78
2024_1094/1095B and 1094/1095C Layouts | otr,/node/1748616,73
2024_1094/1095B and 1094/1095C Layouts | otr,/publication/202410941095b-and-10941095c-layouts,25
2024 BulkFile FR800MQA File Layout | otr,/node/1799641,5
2024 BulkFile FR800MQA File Layout | otr,/publication/2024 bulkfile-fr800mqa-file-layout,1
2025 1094B 1095B 1094C and 1095C Layouts | otr,/node/1808296,67
2025 1094B 1095B 1094C and 1095C Layouts | otr,/publication/2025-1094b-1095b-1094c-and-1095c-layouts,2
2025 D-20ES Booklet | otr,/node/1759276,150
2025 D-20ES Booklet | otr,/publication/2025-d-20es-booklet,74
2025 D-30ES | otr,/node/1759476,119
2025 D-30ES | otr,/publication/2025-d-30es,65
2025 D-40ES | otr,/node/1758611,251
2025 D-40ES | otr,/publication/2025-d-40es,333
2025 D-41ES | otr,/node/1758641,136
2025 D-41ES | otr,/publication/2025-d-41es,7
2025 D-76 Instruction Book | otr,/node/1704886,281
2025 D-76 Instruction Book | otr,/publication/2025-d-76-instruction-book,43
2025 DC Health Care Information Returns Instructions | otr,/node/1808291,57
2025 DC Health Care Information Returns Instructions | otr,/publication/2025-dc-health-care-information-returns-instructions,8
2025 FR-1000Q Instruction Booklet | otr,/node/1750626,29
2025 FR-1000Q Instruction Booklet | otr,/publication/2025-fr-1000q-instruction-booklet,24
2025 FR-400M (Instructions) | otr,/node/1799531,33
2025 FR-400M (Instructions) | otr,/publication/2025-fr-400m-instructions,3
2025 FR-467 Instruction Booklet | otr,/node/1750616,15
2025 FR-467 Instruction Booklet | otr,/publication/2025-fr-467-instruction-booklet,4
2025 FR-467E Instruction Booklet | otr,/node/1750621,4
2025 FR-467E Instruction Booklet | otr,/publication/2025-fr-467e-instruction-booklet,9
2025 FR-900Q MyTax.DC.gov (Instructions) | otr,/node/1760881,880
2025 FR-900Q MyTax.DC.gov (Instructions) | otr,/publication/2025-fr-900q-mytaxdcgov-instructions,36
2025 Tax Filing Season Webinars | otr,/page/2025-tax-filing-season-webinars,10
2025 BulkFile FR800MQA File Layout | otr,/node/1745911,45
2025 BulkFile FR800MQA Instructions | otr,/node/1745916,22
2025 BulkFile FR800MQA Instructions | otr,/publication/2025 bulkfile-fr800mqa-instructions,10
2026 BulkFile FR800MQA Bulk File | otr,/node/1799246,65
2026 BulkFile FR800MQA Bulk File | otr,/publication/2026-bulkfile-fr800mqa-bulk-file,1
2026 BulkFile FR800MQA Instructions | otr,/node/1799251,22
2026 BulkFile FR800MQA Instructions | otr,/publication/2026-bulkfile-fr800mqa-instructions,2
4/20 Medical Cannabis Sales Tax Holiday Week for 2024 | otr,/release/420-medical-cannabis-sales-tax-holiday-week-2024,61
የኤጀንሲው ዳይሬክተሮችን ያግኙ | otr,/am/page/contact-agency-directors,5
About OTR | otr,/am/node/1791296,5
About OTR | otr,/es/node/1791296,3
About OTR | otr,/fr/node/1791296,1
About OTR | otr,/node/1791296,1
About OTR | otr,/page/about-otr-0,268
About OTR | otr,/page/about-otr-01,83
About OTR | otr,/vi/node/1791296,1
About OTR | otr,/zh-hant/node/1791296,2
Alcoholic Beverage | otr,/am/node/1345166,1
Alcoholic Beverage | otr,/es/node/1345166,2
Alcoholic Beverage | otr,/fr/node/1345166,1
Alcoholic Beverage | otr,/ko/node/1345166,1
Alcoholic Beverage | otr,/node/1345166,5
Alcoholic Beverage | otr,/page/alcoholic-beverage,58
Alternative Fuel Vehicle Infrastructure and Conversion Commercial Form | otr,/node/969452,5
Alternative Fuel Vehicle Infrastructure and Conversion Commercial Form | otr,/publication/alternative-fuel-vehicle-infrastructure-and-conversion-commercial-form,2
Alternative Fuel Vehicle Infrastructure and Conversion Credits FAQs | otr,/node/969432,9
Alternative Fuel Vehicle Infrastructure and Conversion Credits FAQs | otr,/publication/alternative-fuel-vehicle-infrastructure-and-conversion-credits-faqs,619
Alternative Fuel Vehicle Infrastructure and Conversion Residential Form | otr,/node/969442,6
Alternative Fuel Vehicle Infrastructure and Conversion Residential Form | otr,/publication/alternative-fuel-vehicle-infrastructure-and-conversion-residential-form,3
"An Additional Month Extension for Combined Reporting Filers with September 17, 2012, Due Dates | otr",/node/389562,10
"An Additional Month Extension for Combined Reporting Filers with September 17, 2012, Due Dates | otr",/publication/additional-month-extension-combined-reporting-filers-september-17-2012-due-dates,1
Apartment Rent Roll | otr,/publication/apartment-rent-roll,2
Appeal Application: Homestead and Senior Citizen Tax Benefit Appeal Application | otr,/publication/appeal-application-homestead-and-senior-citizen-tax-benefit-appeal-application,1
"Appendix A, UB Worksheet | otr",/publication/appendix-ub-worksheet,2
Application For Specific Exemption From D.C. Sales And Use Tax | otr,/node/381482,198
Application For Specific Exemption From D.C. Sales And Use Tax | otr,/publication/application-specific-exemption-dc-sales-and-use-tax,41
Application for Tax Deferral for Low-Income Senior Property Owners and Low-Income Property Owners | otr,/node/946622,5
Application for Tax Deferral for Low-Income Senior Property Owners and Low-Income Property Owners | otr,/publication/application-tax-deferral-low-income-senior-property-owners-and-low-income-property,1
ASD 100 Instructions | otr,/node/1767811,66
ASD 100 Instructions | otr,/publication/asd-100-instructions,20
ASD-105 Cancellation of Homestead Deduction - Senior Citizen/Disabled Tax Relief | otr,/am/publication/asd-105-cancellation-homestead-deduction-senior-citizendisabled-tax-relief,1
ASD-105 Cancellation of Homestead Deduction - Senior Citizen/Disabled Tax Relief | otr,/es/publication/asd-105-cancellation-homestead-deduction-senior-citizendisabled-tax-relief,1
ASD-105 Cancellation of Homestead Deduction - Senior Citizen/Disabled Tax Relief | otr,/node/1136671,12
ASD-105 Cancellation of Homestead Deduction - Senior Citizen/Disabled Tax Relief | otr,/publication/asd-105-cancellation-homestead-deduction-senior-citizendisabled-tax-relief,388
ASD-105 Cancellation of Homestead Deduction - Senior Citizen/Disabled Tax Relief | otr,/vi/publication/asd-105-cancellation-homestead-deduction-senior-citizendisabled-tax-relief,3
ASD-110 Application for Tax Deferral for Low-Income Senior Property Owners and Low-Income Property Owners | otr,/node/391122,55
ASD-110 Application for Tax Deferral for Low-Income Senior Property Owners and Low-Income Property Owners | otr,/publication/asd-110-application-tax-deferral-low-income-senior-property-owners-and-low-income,24
Assessment Appeal Rights | otr,/page/assessment-appeal-rights,173
Assessment First Level Appeal Application | otr,/publication/assessment-first-level-appeal-application-new,1
Assessment Materials and Reports | otr,/am/page/assessment-materials-and-reports,7
Assessment Materials and Reports | otr,/es/page/assessment-materials-and-reports,6
Assessment Materials and Reports | otr,/ko/page/assessment-materials-and-reports,1
Assessment Materials and Reports | otr,/node/432852,321
Assessment Materials and Reports | otr,/page/assessment-materials-and-reports,305
Assessments & Appeals | otr,/am/node/1793901,2
Assessments & Appeals | otr,/es/node/1793901,7
Assessments & Appeals | otr,/ko/node/1793901,2
Assessments & Appeals | otr,/node/1793901,7
Assessments & Appeals | otr,/page/assessments-appeals,1468
Assessments & Appeals | otr,/vi/node/1793901,1
Assessments & Appeals | otr,/zh-hant/node/1793901,2
Audit | otr,/am/node/1794531,1
Audit | otr,/es/node/1794531,3
Audit | otr,/fr/node/1794531,1
Audit | otr,/ko/node/1794531,1
Audit | otr,/page/audit,250
Audit | otr,/vi/node/1794531,3
Audit | otr,/zh-hant/node/1794531,2
Audit Division Contact Information | otr,/am/page/audit-division-contact-information,2
Audit Division Contact Information | otr,/es/page/audit-division-contact-information,3
Audit Division Contact Information | otr,/fr/page/audit-division-contact-information,1
Audit Division Contact Information | otr,/ko/page/audit-division-contact-information,1
Audit Division Contact Information | otr,/node/383902,34
Audit Division Contact Information | otr,/page/audit-division-contact-information,314
Audit Division Contact Information | otr,/vi/page/audit-division-contact-information,1
Automatic Penalty for Underpayment of Estimated Tax | otr,/node/399602,4
Ballpark and Verizon Center Sales Tax Increase | otr,/node/401102,11
Ballpark and Verizon Center Sales Tax Increase | otr,/publication/ballpark-and-verizon-center-sales-tax-increase,1
Ballpark Fee | otr,/page/ballpark-fee,376
Ballpark Gross Receipts Tax Explanation and Rates | otr,/page/ballpark-gross-receipts-tax-explanation-and-rates,39
Ballpark Omnibus Financing and Revenue Act of 2004 | otr,/node/389282,5
Ballpark Omnibus Financing and Revenue Act of 2004 | otr,/node/402642,2
Ballpark Omnibus Financing and Revenue Act of 2004 | otr,/publication/ballpark-omnibus-financing-and-revenue-act-2004,12
Ballpark Omnibus Financing and Revenue Act of 2004 | otr,/publication/ballpark-omnibus-financing-and-revenue-act-2004-0,3
Ballpark Omnibus Financing and Revenue Tax Provisions Congressional Review Emergency Act of 2005 | otr,/node/389302,6
Ballpark Omnibus Financing and Revenue Tax Provisions Congressional Review Emergency Act of 2005 | otr,/node/402662,5
Ballpark Omnibus Financing and Revenue Tax Provisions Congressional Review Emergency Act of 2005 | otr,/publication/ballpark-omnibus-financing-and-revenue-tax-provisions-congressional-review-emergency-act,5
Ballpark Omnibus Financing and Revenue Tax Provisions Emergency Act of 2004 | otr,/node/389292,4
Ballpark Omnibus Financing and Revenue Tax Provisions Emergency Act of 2004 | otr,/node/402652,5
Ballpark Omnibus Financing and Revenue Tax Provisions Emergency Act of 2004 | otr,/publication/ballpark-omnibus-financing-and-revenue-tax-provisions-emergency-act-2004,7
Ballpark Omnibus Financing and Revenue Tax Provisions Emergency Act of 2004 | otr,/publication/ballpark-omnibus-financing-and-revenue-tax-provisions-emergency-act-2004-0,4
Ballpark Sales Taxes | otr,/node/401872,4
Ballpark Sales Taxes | otr,/publication/ballpark-sales-taxes,5
Ballpark Sales Taxes Imposed by the Omnibus Financing and Revenue Act of 2004 | otr,/node/401232,9
Ballpark Sales Taxes Imposed by the Omnibus Financing and Revenue Act of 2004 | otr,/publication/ballpark-sales-taxes-imposed-omnibus-financing-and-revenue-act-2004,4
Bank Utilities | otr,/node/402172,10
Bid Back to the District | otr,/node/1566641,22
Bid Back to the District | otr,/publication/bid-back-district,3
Books | otr,/book/,1
Books | otr,/book/common-errors-faqs,4
Books | otr,/book/common-errors-faqs/common-errors-business-taxpayers,1
Books | otr,/book/common-errors-faqs/common-errors-individual-income-taxpayers,4
Books | otr,/book/individual-income-tax-faqs,3
Books | otr,/book/individual-income-tax-faqs/individual-income-tax-special-circumstances,1
Books | otr,/book/individual-income-tax-faqs/property-tax-credit,1
Books | otr,/book/real-property-tax-rates-and-billing-faqs,1
Books | otr,/book/recorder-deeds-tax-forms/rod-tax-forms-page-1.,1
"Bulk Filing for Sales and Use, Withholding and Information Returns | otr",/am/publication/bulk-filing-sales-and-use-withholding-and-information-returns,18
"Bulk Filing for Sales and Use, Withholding and Information Returns | otr",/es/publication/bulk-filing-sales-and-use-withholding-and-information-returns,5
"Bulk Filing for Sales and Use, Withholding and Information Returns | otr",/ko/publication/bulk-filing-sales-and-use-withholding-and-information-returns,1
"Bulk Filing for Sales and Use, Withholding and Information Returns | otr",/node/1447081,647
"Bulk Filing for Sales and Use, Withholding and Information Returns | otr",/publication/bulk-filing-sales-and-use-withholding-and-information-returns,795
"Bulk Filing for Sales and Use, Withholding and Information Returns | otr",/vi/publication/bulk-filing-sales-and-use-withholding-and-information-returns,1
Bulk Sales Act | otr,/am/page/bulk-sales-act,1
Bulk Sales Act | otr,/es/page/bulk-sales-act,3
Bulk Sales Act | otr,/fr/page/bulk-sales-act,1
Bulk Sales Act | otr,/ko/page/bulk-sales-act,1
Bulk Sales Act | otr,/node/387412,71
Bulk Sales Act | otr,/page/bulk-sales-act,109
Bulk Sales Act | otr,/vi/page/bulk-sales-act,4
Bulk Sales Act | otr,/zh-hant/page/bulk-sales-act,2
Business Franchise Tax Returns | otr,/page/business-franchise-tax-returns,251
Business Improvement Tax Online Bill Payment Option | otr,/release/business-improvement-tax-online-bill-payment-option,189
Business Tax Forms and Publications | otr,/node/431162,93
Business Tax Forms and Publications | otr,/page/business-tax-forms-and-publications,509
Business Tax Forms and Publications for 2017 Tax Filing Season (Tax Year 2018) | otr,/node/1295971,28
Business Tax Forms and Publications for 2017 Tax Filing Season (Tax Year 2018) | otr,/page/business-tax-forms-and-publications-2017-tax-filing-season-tax-year-2018,3
Business Tax Forms and Publications for 2019 Tax Filing Season (Tax Year 2018) | otr,/node/1377406,5
Business Tax Forms and Publications for 2020 Tax Filing Season (Tax Year 2019) | otr,/es/node/1450991,4
Business Tax Forms and Publications for 2020 Tax Filing Season (Tax Year 2019) | otr,/node/1450991,12
Business Tax Forms and Publications for 2021 Tax Filing Season (Tax Year 2020) | otr,/node/1513736,39
Business Tax Forms and Publications for 2022 Tax Filing Season (Tax Year 2021) | otr,/node/1575276,40
Business Tax Forms and Publications for 2023 Tax Filing Season (Tax Year 2022) | otr,/node/1635691,23
Business Tax Forms and Publications for 2023 Tax Filing Season (Tax Year 2022) | otr,/page/business-tax-forms-and-publications-2023-tax-filing-season-tax-year-2022,117
Business Tax Forms and Publications for 2024 Tax Filing Season (Tax Year 2023) | otr,/fr/node/1697951,1
Business Tax Forms and Publications for 2024 Tax Filing Season (Tax Year 2023) | otr,/ko/node/1697951,2
Business Tax Forms and Publications for 2024 Tax Filing Season (Tax Year 2023) | otr,/node/1697951,240
Business Tax Forms and Publications for 2024 Tax Filing Season (Tax Year 2023) | otr,/page/business-tax-forms-and-publications-2024-tax-filing-season-tax-year-2023,1308
Business Tax Forms and Publications for 2025 Tax Filing Season (Tax Year 2024) | otr,/es/node/1759056,6
Business Tax Forms and Publications for 2025 Tax Filing Season (Tax Year 2024) | otr,/ko/node/1759056,1
Business Tax Forms and Publications for 2025 Tax Filing Season (Tax Year 2024) | otr,/node/1759056,2
Business Tax Forms and Publications for 2025 Tax Filing Season (Tax Year 2024) | otr,/page/business-tax-forms-and-publications-2025-tax-filing-season-tax-year-2024,1095
Business Tax Service Center | otr,/service/business-tax-service-center,1354
Business Taxpayer Appeal Rights | otr,/am/page/business-taxpayer-appeal-rights,3
Business Taxpayer Appeal Rights | otr,/es/page/business-taxpayer-appeal-rights,4
Business Taxpayer Appeal Rights | otr,/node/388802,10
Business Taxpayers | otr,/service/business-taxpayers,1093
Business Taxpayers | otr,/vi/service/business-taxpayers,2
Businesses | otr,/am/node/1791281,29
Businesses | otr,/es/node/1791281,9
Businesses | otr,/fr/node/1791281,6
Businesses | otr,/ko/node/1791281,15
Businesses | otr,/page/business-tax,4752
Businesses | otr,/vi/node/1791281,3
Certificate of Clean Hands - Online | otr,/node/1080202,4
Certificate of Clean Hands | otr,/am/node/1472526,7
Certificate of Clean Hands | otr,/es/node/1472526,1
Certificate of Clean Hands | otr,/ko/node/1472526,2
Certificate of Clean Hands | otr,/node/1472526,19
Certificate of Clean Hands | otr,/page/certificate-clean-hands,17668
Certificate of Clean Hands | otr,/page/certificate-clean-hands/,145
Certificate of Clean Hands Application Now Available at MyTax.DC.gov | otr,/release/certificate-clean-hands-application-now-available-mytaxdcgov,297
Change in Cigarette Excise Tax Rate | otr,/node/401432,10
Change in Cigarette Excise Tax Rate | otr,/publication/change-cigarette-excise-tax-rate,4
Check Your Tax Refund Status | otr,/SERVICE/CHECK-YOUR-TAX-REFUND-STATUS,3
Check Your Tax Refund Status | otr,/am/service/check-your-tax-refund-status,128
Check Your Tax Refund Status | otr,/es/service/check-your-tax-refund-status,62
Check Your Tax Refund Status | otr,/node/1063112,127
Check Your Tax Refund Status | otr,/service/check-your-tax-refund-status,7462
Cigarette Tax FAQ | otr,/publication/cigarette-tax-faq,2
Cigarette Tax Forms-Return Frequently Asked Questions | otr,/publication/cigarette-tax-forms-return-frequently-asked-questions,3
Cigarette Tax Program | otr,/page/cigarette-tax-program,87
Cigarettes | otr,/page/cigarettes,12
Clarification of Law Relating to the Reporting of Capital Gain (Loss) on 2003 D-30 Unincorporated Business Franchise Booklet | otr,/node/401362,10
Clarification of Law Relating to the Reporting of Capital Gain (Loss) on 2003 D-30 Unincorporated Business Franchise Booklet | otr,/publication/clarification-law-relating-reporting-capital-gain-loss-2003-d-30-unincorporated-business,4
Clean Hands FAQs | otr,/am/node/1794821,2
Clean Hands FAQs | otr,/es/node/1794821,4
Clean Hands FAQs | otr,/fr/node/1794821,1
Clean Hands FAQs | otr,/ko/node/1794821,1
Clean Hands FAQs | otr,/node/1794821,431
Clean Hands FAQs | otr,/page/clean-hands-faqs,145
Clean Hands FAQs | otr,/vi/node/1794821,1
Clean Hands FAQs | otr,/zh-hant/node/1794821,2
Clone of Miscellaneous Tax Forms and Publications | otr,/page/clone-miscellaneous-tax-forms-and-publications,2
Collection and Enforcement Actions | otr,/page/collection-and-enforcement-actions,117
Collection and Enforcement Administration (CEA) | otr,/node/387402,55
Collection and Enforcement Administration (CEA) | otr,/page/collection-and-enforcement-administration-cea,127
Collection and Enforcement Administration (CEA) Contact Information | otr,/am/page/collection-and-enforcement-administration-cea-contact-information,11
Collection and Enforcement Administration (CEA) Contact Information | otr,/es/page/collection-and-enforcement-administration-cea-contact-information,4
Collection and Enforcement Administration (CEA) Contact Information | otr,/fr/page/collection-and-enforcement-administration-cea-contact-information,1
Collection and Enforcement Administration (CEA) Contact Information | otr,/ko/page/collection-and-enforcement-administration-cea-contact-information,5
Collection and Enforcement Administration (CEA) Contact Information | otr,/node/388982,71
Collection and Enforcement Administration (CEA) Contact Information | otr,/page/collection-and-enforcement-administration-cea-contact-information,743
Collection and Enforcement Administration (CEA) Contact Information | otr,/vi/page/collection-and-enforcement-administration-cea-contact-information,2
Collection and Enforcement Administration (CEA) Contact Information | otr,/zh-hant/page/collection-and-enforcement-administration-cea-contact-information,2
Collection and Enforcement Administration (CEA) FAQs | otr,/page/collection-and-enforcement-administration-cea-faqs,44
Collection Information | otr,/page/collection-info-2015,35
Collection Information | otr,/page/collection-information,3
Collection Issues | otr,/book/other-topics-faqs/collection-issues,234
Collection Issues | otr,/node/377662,4
Collection Payment Options | otr,/page/collection-payment-options,83
Collections & Audit FAQs | otr,/am/node/1794816,3
Collections & Audit FAQs | otr,/es/node/1794816,7
Collections & Audit FAQs | otr,/fr/node/1794816,1
Collections & Audit FAQs | otr,/ko/node/1794816,1
Collections & Audit FAQs | otr,/node/1794816,76
Collections & Audit FAQs | otr,/page/collections-audit-faqs,323
Collections & Audit FAQs | otr,/vi/node/1794816,3
Collections | otr,/am/node/1794706,8
Collections | otr,/es/node/1794706,3
Collections | otr,/fr/node/1794706,1
Collections | otr,/ko/node/1794706,3
Collections | otr,/node/1794706,167
Collections | otr,/page/collections,460
Collections | otr,/vi/node/1794706,2
Collections | otr,/zh-hant/node/1794706,2
"Combined Cigarette Tax Rate will Increase to $4.94 Effective October 1, 2018 | otr",/publication/combined-cigarette-tax-rate-will-increase-494-effective-october-1-2018,17
Combined Group Members' Schedule (Official and Fill-in) | otr,/node/1304751,2
Combined Reporting for Business Entities | otr,/am/page/combined-reporting-business-entities,3
Combined Reporting for Business Entities | otr,/es/page/combined-reporting-business-entities,2
Combined Reporting for Business Entities | otr,/fr/page/combined-reporting-business-entities,10
Combined Reporting for Business Entities | otr,/node/389312,12
Combined Reporting for Business Entities | otr,/page/combined-reporting-business-entities,849
Combined Reporting for Business Entities | otr,/vi/page/combined-reporting-business-entities,1
Combined Reporting Transitional Issues | otr,/publication/combined-reporting-transitional-issues,1
Combined Reporting Transitional Rules for Estimated Tax Payments | otr,/node/385542,11
Combined Reporting Transitional Rules for Estimated Tax Payments | otr,/release/combined-reporting-transitional-rules-estimated-tax-payments,7
Combined Reporting Transitional Rules for Estimated Tax Payments for Corporations and Unincorporated Business Entities | otr,/node/385622,14
Combined Reporting Transitional Rules for Estimated Tax Payments for Corporations and Unincorporated Business Entities | otr,/release/combined-reporting-transitional-rules-estimated-tax-payments-corporations-and-unincorporated,11
"Combined Reporting: An Additional Month Extension for Combined Reporting Filers with September 17, 2012 Due Dates | otr",/node/400602,10
"Combined Reporting: An Additional Month Extension for Combined Reporting Filers with September 17, 2012 Due Dates | otr",/publication/combined-reporting-additional-month-extension-combined-reporting-filers-september-17,1
Commercial Refinance and Modification Recording Requirements | otr,/am/page/commercial-refinance-and-modification-recording-requirements,3
Commercial Refinance and Modification Recording Requirements | otr,/es/page/commercial-refinance-and-modification-recording-requirements,1
Commercial Refinance and Modification Recording Requirements | otr,/fr/page/commercial-refinance-and-modification-recording-requirements,5
Commercial Refinance and Modification Recording Requirements | otr,/node/916762,10
Commercial Refinance and Modification Recording Requirements | otr,/page/commercial-refinance-and-modification-recording-requirements,392
Commercial Refinance and Modification Recording Requirements | otr,/vi/page/commercial-refinance-and-modification-recording-requirements,5
Common Errors of Business Taxpayers | otr,/page/common-errors-business-taxpayers,36
Compliance Certification for Tax Sale Assignees | otr,/node/775242,5
Compliance Certification for Tax Sale Assignees | otr,/publication/compliance-certification-tax-sale-assignees,3
Consolidated Returns | otr,/node/401882,5
Consolidated Returns | otr,/publication/consolidated-returns,8
Contáctese con los directores | otr,/es/page/contact-agency-directors,5
Contact Agency Directors | otr,/page/contact-agency-directors,73
Contact OTR | otr,/am/page/contact-otr,20
Contact OTR | otr,/es/page/contact-otr,7
Contact OTR | otr,/fr/page/contact-otr,6
Contact OTR | otr,/ko/page/contact-otr,2
Contact OTR | otr,/node/688592,20
Contact OTR | otr,/page/contact-otr,3077
Contact OTR | otr,/vi/page/contact-otr,2
Contract Clearance Coversheet | otr,/node/381592,143
Contract Clearance Coversheet | otr,/publication/contract-clearance-coversheet,2
Contract Clearance Cover-sheet | otr,/node/407672,1
Contract Clearance Cover-sheet | otr,/publication/contract-clearance-cover-sheet,2
Co-op Housing and Property Transferred to a Trust | otr,/node/409642,31
Co-op Housing and Property Transferred to a Trust | otr,/page/co-op-housing-and-property-transferred-trust,70
Cooperative Housing Tax Relief Programs and Resources | otr,/am/node/1654481,6
Cooperative Housing Tax Relief Programs and Resources | otr,/es/node/1654481,5
Cooperative Housing Tax Relief Programs and Resources | otr,/fr/node/1654481,1
Cooperative Housing Tax Relief Programs and Resources | otr,/node/1654481,20
Cooperative Housing Tax Relief Programs and Resources | otr,/service/cooperative-housing-tax-relief-programs-and-resources,605
Cooperative Housing Tax Relief Programs and Resources | otr,/vi/node/1654481,16
Cooperative Housing Tax Relief Programs FAQs | otr,/node/1654486,7
Cooperative Housing Tax Relief Programs FAQs | otr,/page/cooperative-housing-tax-relief-programs-faqs,25
Corporate Business Franchise Tax Forms | otr,/am/node/1794886,2
Corporate Business Franchise Tax Forms | otr,/es/node/1794886,10
Corporate Business Franchise Tax Forms | otr,/fr/node/1794886,1
Corporate Business Franchise Tax Forms | otr,/ko/node/1794886,1
Corporate Business Franchise Tax Forms | otr,/node/1794886,1
Corporate Business Franchise Tax Forms | otr,/page/corporate-business-franchise-tax-forms,1826
Corporate Business Franchise Tax Forms | otr,/vi/node/1794886,1
Corporation Tax TDI FAQs | otr,/page/corporation-tax-tdi-faqs,596
craig.bozman | otr,/users/craigbozman,3
Customer Survey | otr,/es/page/customer-survey,3
Customer Survey | otr,/page/customer-survey,90
D-2440 2004 Disability Income Exclusion | otr,/publication/d-2440-2004-disability-income-exclusion,0
D-2848 Power of Attorney and Declaration of Representation | otr,/publication/d-2848-power-attorney-and-declaration-representation-0,106
D-2848 Power of Attorney and Declaration of Representation Fill-in | otr,/node/1750376,166
D-2848 Power of Attorney and Declaration of Representation Fill-in | otr,/publication/d-2848-power-attorney-and-declaration-representation-fill,2692
D-30 2014 Unincorporated Business Tax Return | otr,/publication/d-30-2014-unincorporated-business-tax-return,2
D-30ES 2002 Declaration of Estimated Tax for Unincorporated Business | otr,/node/427862,2
D-40N 2003 Change of Name or Address | otr,/publication/d-40n-2003-change-name-or-address,2
"D-76 2003 Estate Tax Return Package - includes D-76EZ, D-76A, and FR-77 | otr",/node/427742,4
D-76 DC Estate Tax Forms and Instructions | otr,/publication/d-76-dc-estate-tax-forms-and-instructions,69
D-76 Estate Tax Instructions Booklet and Computation Worksheets for 2023 and Prior | otr,/node/1110236,9
D-76 Estate Tax Instructions Booklet and Computation Worksheets for 2023 and Prior | otr,/publication/d-76-estate-tax-instructions-booklet-and-computation-worksheets,1
D-76 Estate Tax Instructions Booklet and Computation Worksheets for 2023 and Prior | otr,/publication/d-76-estate-tax-instructions-booklet-and-computation-worksheets-2020-and-prior,1
D-76 Estate Tax Instructions Booklet and Computation Worksheets for 2023 and Prior | otr,/publication/d-76-estate-tax-instructions-booklet-and-computation-worksheets-2022-and-prior,2
D-76 Estate Tax Instructions Booklet and Computation Worksheets for 2023 and Prior | otr,/publication/d-76-estate-tax-instructions-booklet-and-computation-worksheets-2023-and-prior,81
D-800M 2004 Grid - Sales and Use Tax - Monthly Return | otr,/publication/d-800m-2004-grid-sales-and-use-tax-monthly-return,1
DC Business Franchise Tax Rates | otr,/am/node/1349326,19
DC Business Franchise Tax Rates | otr,/es/node/1349326,1
DC Business Franchise Tax Rates | otr,/fr/node/1349326,9
DC Business Franchise Tax Rates | otr,/ko/node/1349326,4
DC Business Franchise Tax Rates | otr,/node/1349326,2
DC Business Franchise Tax Rates | otr,/page/dc-business-franchise-tax-rates,5221
DC Business Franchise Tax Rates | otr,/vi/node/1349326,3
DC EITC | otr,/am/node/1794701,7
DC EITC | otr,/es/node/1794701,3
DC EITC | otr,/fr/node/1794701,1
DC EITC | otr,/ko/node/1794701,3
DC EITC | otr,/node/1794701,95
DC EITC | otr,/page/dc-eitc,259
DC EITC | otr,/vi/node/1794701,1
DC EITC | otr,/zh-hant/node/1794701,2
DC Estate Tax Return | otr,/page/dc-estate-tax-return,46
DC Estate Tax Return Interim Guidance | otr,/node/401472,11
DC Estate Tax Return Interim Guidance | otr,/publication/dc-estate-tax-return-interim-guidance,5
"DC Estate, Inheritance and Fiduciary Tax Information | otr",/am/page/dc-estate-inheritance-and-fiduciary-tax-information,3
"DC Estate, Inheritance and Fiduciary Tax Information | otr",/es/page/dc-estate-inheritance-and-fiduciary-tax-information,3
"DC Estate, Inheritance and Fiduciary Tax Information | otr",/fr/page/dc-estate-inheritance-and-fiduciary-tax-information,1
"DC Estate, Inheritance and Fiduciary Tax Information | otr",/ko/page/dc-estate-inheritance-and-fiduciary-tax-information,1
"DC Estate, Inheritance and Fiduciary Tax Information | otr",/node/383922,11
"DC Estate, Inheritance and Fiduciary Tax Information | otr",/page/dc-estate-inheritance-and-fiduciary-tax-information,1705
"DC Estate, Inheritance and Fiduciary Tax Information | otr",/page/dc-estate-inheritance-and-fiduciary-tax-returns,5
"DC Estate, Inheritance and Fiduciary Tax Information | otr",/vi/page/dc-estate-inheritance-and-fiduciary-tax-information,1
"DC Estate, Inheritance and Fiduciary Tax Information | otr",/zh-hant/page/dc-estate-inheritance-and-fiduciary-tax-information,2
DC Freefile FAQ | otr,/publication/dc-freefile-faq,2
DC FreeFillable Forms FAQ | otr,/publication/dc-freefillableforms-faq,2
DC Individual and Fiduciary Income Tax Rates | otr,/am/page/dc-individual-and-fiduciary-income-tax-rates,3
DC Individual and Fiduciary Income Tax Rates | otr,/fr/page/dc-individual-and-fiduciary-income-tax-rates,14
DC Individual and Fiduciary Income Tax Rates | otr,/node/232942,165
DC Individual and Fiduciary Income Tax Rates | otr,/page/dc-individual-and-fiduciary-income-tax-rates,10704
DC Individual and Fiduciary Income Tax Rates | otr,/vi/page/dc-individual-and-fiduciary-income-tax-rates,9
DC Inheritance and Estate Tax Forms | otr,/am/page/dc-inheritance-and-estate-tax-forms,1
DC Inheritance and Estate Tax Forms | otr,/es/page/dc-inheritance-and-estate-tax-forms,4
DC Inheritance and Estate Tax Forms | otr,/fr/page/dc-inheritance-and-estate-tax-forms,2
DC Inheritance and Estate Tax Forms | otr,/node/756642,242
DC Inheritance and Estate Tax Forms | otr,/page/dc-inheritance-and-estate-tax-forms,308
DC Office of Tax and Revenue Launches its Office of the Taxpayer Advocate | otr,/release/dc-office-tax-and-revenue-launches-its-office-taxpayer-advocate,8
DC Office of Tax and Revenue Offers Federal Employees and Contractors Temporary Relief from Collection Actions | otr,/es/node/1804781,1
DC Office of Tax and Revenue Offers Federal Employees and Contractors Temporary Relief from Collection Actions | otr,/ko/node/1804781,3
DC Office of Tax and Revenue Offers Federal Employees and Contractors Temporary Relief from Collection Actions | otr,/node/1804781,1
DC Office of Tax and Revenue Offers Federal Employees and Contractors Temporary Relief from Collection Actions | otr,/release/dc-office-tax-and-revenue-offers-federal-employees-and-contractors-temporary-relief,258
DC Office of Tax and Revenue Offers Federal Employees and Contractors Temporary Relief from Collection Actions | otr,/vi/node/1804781,1
DC Office of Tax and Revenue Reopens Walk-In Center and Recorder of Deeds Office for In-Person Services on October 4 | otr,/release/dc-office-tax-and-revenue-reopens-walk-center-and-recorder-deeds-office-person-services,34
DC Office of Tax and Revenue Successfully Completes Changeover to a New Tax System | otr,/release/dc-office-tax-and-revenue-successfully-completes-changeover-new-tax-system,12
DC Office of Tax and Revenue Will Hold the 2022 Real Property Tax Sale on July 19 and 20 | otr,/release/dc-office-tax-and-revenue-will-hold-2022-real-property-tax-sale-july-19-and-20,7
DC Official Responds to Practitioners' Combined Reporting Concerns | otr,/node/389692,10
DC Official Responds to Practitioners' Combined Reporting Concerns | otr,/publication/dc-official-responds-practitioners-combined-reporting-concerns,4
DC Power of Attorney Form | otr,/node/401322,10
DC Power of Attorney Form | otr,/publication/dc-power-attorney-form,20
DC Property Owners Can Now Apply for the Homestead Deduction and Senior Citizen/ Disabled Property Tax Relief Electronically | otr,/release/dc-property-owners-can-now-apply-homestead-deduction-and-senior-citizen-disabled-property,143
DC Registration Form and Software Standards | otr,/publication/dc-registration-form-and-software-standards,6
DC Tax Office Issues Final Combined Reporting Regulations | otr,/node/389632,18
DC Tax Office Issues Final Combined Reporting Regulations | otr,/publication/dc-tax-office-issues-final-combined-reporting-regulations,3
DC Tax Office Issues New Proposed Combined Reporting Regulations | otr,/node/389652,10
DC Tax Office Issues New Proposed Combined Reporting Regulations | otr,/publication/dc-tax-office-issues-new-proposed-combined-reporting-regulations,2
DC Tax Office Provides Additional Guidance on Combined Reporting | otr,/node/389642,11
DC Tax Office Provides Additional Guidance on Combined Reporting | otr,/publication/dc-tax-office-provides-additional-guidance-combined-reporting,3
DC Tax Office Repeals Its Form 990 Requirement | otr,/node/401162,14
DC Tax Office Repeals Its Form 990 Requirement | otr,/publication/dc-tax-office-repeals-its-form-990-requirement,36
DC Tax Rates | otr,/es/page/dc-tax-rates,1
DC Tax Rates | otr,/node/232072,18
DC Tax Rates | otr,/page/dc-tax-rates,448
Declaratory Order Regarding District of Columbia Qualified High Technology Company (QHTC) Status | otr,/node/1118557,27
Declaratory Order Regarding District of Columbia Qualified High Technology Company (QHTC) Status | otr,/publication/declaratory-order-regarding-district-columbia-qualified-high-technology-company-qhtc,17
Declaratory Order Regarding District of Columbia Qualified High Technology Company Status | otr,/publication/declaratory-order-regarding-district-columbia-qualified-high-technology-company-status,24
Delayed Properties - SSL Order | otr,/publication/delayed-properties-ssl-order,5
"Delayed Properties Premise Order as of August 7, 2023 | otr",/node/1674306,6
"Delayed Properties Premise Order as of August 7, 2023 | otr",/publication/delayed-properties-premise-order-august-7-2023,1
"Delayed Properties Premise Order as of February 18, 2025 | otr",/node/1767366,25
"Delayed Properties SSL Order as of August 7, 2023 | otr",/node/1674301,2
"Delayed Properties SSL Order as of February 18, 2025 | otr",/node/1767361,117
"Delayed Properties SSL Order as of February 18, 2025 | otr",/publication/delayed-properties-ssl-order-february-18-2025,1
Department of Healthcare Finance (DHCF) | otr,/page/department-healthcare-finance-dhcf,24
Digital Goods Sales Taxability Chart | otr,/am/node/1376631,2
Digital Goods Sales Taxability Chart | otr,/es/node/1376631,1
Digital Goods Sales Taxability Chart | otr,/ko/node/1376631,1
Digital Goods Sales Taxability Chart | otr,/page/digital-goods-sales-taxability-chart,856
Digital Goods Sales Taxability Chart | otr,/zh-hant/node/1376631,1
Disallowance of Certain Interest and Intangible Expenses Paid to Related Parties | otr,/node/400892,13
Disallowance of Certain Interest and Intangible Expenses Paid to Related Parties | otr,/publication/disallowance-certain-interest-and-intangible-expenses-paid-related-parties,7
District Government Employees Participation in Real Property Tax Sales | otr,/node/401892,4
District Of Columbia Motor Fuel Tax Rate Unchanged | otr,/release/district-columbia-motor-fuel-tax-rate-unchanged,1
District of Columbia Tax Assessments Shows Signs of Real Estate Market Recovery | otr,/release/district-columbia-tax-assessments-shows-signs-real-estate-market-recovery,17
District of Columbia Tax Changes Take Effect October 1st | otr,/release/district-columbia-tax-changes-take-effect-october-1st-0,4
District of Columbia Tax Changes Take Effect October 1st | otr,/release/district-columbia-tax-changes-take-effect-october1-24,2643
District of Columbia Tax Filing Season Begins Today | otr,/node/1703706,5
District of Columbia Tax Filing Season Begins Today | otr,/release/district-columbia-tax-filing-season-begins-today,64
District of Columbia Tax Filing Season Starts Today | otr,/release/district-columbia-tax-filing-season-starts-today,1341
"District of Columbia Tax Filing Season to Begin on January 23, 2023 | otr",/release/district-columbia-tax-filing-season-begin-january-23-2023,21
"District of Columbia Tax Rate Changes Effective October 1, 2020 | otr",/release/district-columbia-tax-rate-changes-effective-october-1-2020,48
"District of Columbia Tax Rate Changes Effective October 1, 2021 | otr",/release/district-columbia-tax-rate-changes-effective-october-1-2021,57
"District of Columbia Tax Rates Changes Take Effect Monday, October 1 | otr",/release/district-columbia-tax-rates-changes-take-effect-Monday-october-1,1
District Tax Code Amended by Act 14-341 to Block Bonus Depreciation | otr,/node/401482,11
District Tax Code Amended by Act 14-341 to Block Bonus Depreciation | otr,/publication/district-tax-code-amended-act-14-341-block-bonus-depreciation,1
Do You Owe District Taxes? Make Easy Payments Via MyTax.DC.gov | otr,/release/do-you-owe-district-taxes-make-easy-payments-mytaxdcgov,22
drui_footer_prod | otr,/drui_footer_prod,3
drui_header_prod | otr,/drui_header_prod,4
drui_header_prod_jquery3x | otr,/drui_header_prod_jquery3x,1
Duties of the Recorder of Deeds With Respect to General Recording Requirements | otr,/service/duties-recorder-deeds-respect-general-recording-requirements,0
Economic Interest Tax For Transfers of Interests in Cooperative Housing Asssociations | otr,/node/400962,14
Economic Interest Tax For Transfers of Interests in Cooperative Housing Asssociations | otr,/publication/economic-interest-tax-transfers-interests-cooperative-housing-asssociations,3
Effects of the District's Bonus Depreciation De-Coupling from the Internal Revenue Code Act of 2002 | otr,/node/401402,10
Effects of the District's Bonus Depreciation De-Coupling from the Internal Revenue Code Act of 2002 | otr,/publication/effects-districts-bonus-depreciation-de-coupling-internal-revenue-code-act-2002,7
EFT Guide | otr,/am/publication/eft-guide,3
EFT Guide | otr,/es/publication/eft-guide,1
EFT Guide | otr,/fr/publication/eft-guide,15
EFT Guide | otr,/fr/publication/eft-guide/,5
EFT Guide | otr,/node/485322,1
EFT Guide | otr,/publication/2017-eft-guide,2
EFT Guide | otr,/publication/2018-eft-guide,1
EFT Guide | otr,/publication/eft-guide,793
EFT Guide | otr,/publication/electronic-funds-transfer-payment-guide-eft,1
EFT Guide | otr,/vi/publication/eft-guide,1
EITC FAQs | otr,/am/node/1797756,3
EITC FAQs | otr,/es/node/1797756,3
EITC FAQs | otr,/fr/node/1797756,1
EITC FAQs | otr,/ko/node/1797756,1
EITC FAQs | otr,/page/eitc-faqs,108
EITC FAQs | otr,/vi/node/1797756,1
EITC FAQs | otr,/zh-hant/node/1797756,2
El Distrito Enviará por Correo las Facturas de Impuestos Sobre Bienes Inmuebles Para el Primer Semestre del Año Fiscal 2021 | otr,/release/el-distrito-enviará-por-correo-las-facturas-de-impuestos-sobre-bienes-inmuebles-para-el,1
Electronic Filing and Payment Requirements | otr,/node/401922,2
Electronic Filing and Payment Requirements | otr,/publication/electronic-filing-and-payment-requirements,4
Electronic Filing Option | otr,/page/electronic-filing-option,5
Electronic Funds Transfer Payment Threshold Reduced | otr,/node/401052,9
Electronic Funds Transfer Payment Threshold Reduced | otr,/publication/electronic-funds-transfer-payment-threshold-reduced,7
Electronic Recording | otr,/am/page/electronic-recording,3
Electronic Recording | otr,/es/page/electronic-recording,6
Electronic Recording | otr,/node/1240941,659
Electronic Recording | otr,/page/electronic-recording,875
Emergency and Proposed Rulemaking Regarding District Government Employees Participation in Real Property Tax Sales | otr,/node/401302,9
Emergency and Proposed Rulemaking Regarding District Government Employees Participation in Real Property Tax Sales | otr,/publication/emergency-and-proposed-rulemaking-regarding-district-government-employees-participation,3
Employer Withholding TDI FAQs | otr,/node/1791731,106
Employer Withholding TDI FAQs | otr,/page/employer-withholding-tdi-faqs,32
Enforcement Actions | otr,/am/page/enforcement-actions,1
Enforcement Actions | otr,/es/page/enforcement-actions,2
Enforcement Actions | otr,/fr/page/enforcement-actions,1
Enforcement Actions | otr,/ko/page/enforcement-actions,9
Enforcement Actions | otr,/node/375142,116
Enforcement Actions | otr,/page/enforcement-actions,482
Enforcement Actions | otr,/vi/page/enforcement-actions,1
Enforcement Actions | otr,/zh-hant/page/enforcement-actions,2
"Estate Tax Return Package (D-76, D-76A, D-76-EZ, D-77) for Estates of Individuals Who Died On or After 1/1/2003 | otr",/publication/estate-tax-return-package-d-76-d-76a-d-76-ez-d-77-estates-individuals-who-died-or-after,1
Estimated Tax Penalty - Businesses | otr,/am/page/estimated-tax-penalty-businesses,1
Estimated Tax Penalty - Businesses | otr,/node/388792,15
Estimated Tax Penalty - Businesses | otr,/page/estimated-tax-penalty-businesses,193
Eva Liggins Named Director of Operations of the Office of Tax and Revenue | otr,/release/eva-liggins-named-director-operations-office-tax-and-revenue,7
Events | otr,/calendar/day/2022-09-03,1
Events | otr,/calendar/day/2025-10-31,1
Events | otr,/calendar/day/2025-11-10,1
Events | otr,/calendar/month,3
Events | otr,/calendar/month/2022-03/jserrors/spa/session_trace/ajax/page_action/metrics/page_view_timing/aggregate,1
Events | otr,/calendar/month/2022-05/ajax/ajax/page_action/jserrors/page_view_event/aggregate,1
Events | otr,/calendar/month/2024-03/session_trace/spa/session_trace/page_view_event/page_action/spa/aggregate,1
Events | otr,/calendar/month/2024-03/spa/jserrors/spa/page_action/aggregate,1
Events | otr,/calendar/month/2024-04/jserrors/spa/jserrors/page_view_timing/metrics/spa/session_trace/aggregate,1
Events | otr,/calendar/month/2024-05/spa/jserrors/spa/page_action/aggregate,3
Events | otr,/calendar/month/2025-07/page_action/spa/metrics/session_trace/spa/aggregate,1
Events | otr,/calendar/month/2025-08/page_action/spa/metrics/session_trace/spa/aggregate,2
Events | otr,/calendar/month/2025-10/spa/spa/ajax/aggregate,1
Events | otr,/calendar/month/2025-11/page_action/session_trace/aggregate,1
Events | otr,/calendar/month/2026-03/jserrors/metrics/page_view_timing/page_view_event/ajax/aggregate/wp-login.php,1
Events | otr,/calendar/month/2026-06/metrics/ajax/aggregate,1
Events | otr,/calendar/month/2026-06/metrics/ajax/ajax/page_view_event/aggregate,1
Events | otr,/calendar/month/2026-08/metrics/metrics/session_trace/aggregate,1
Events | otr,/calendar/month/2028-03/page_action/page_action/metrics/aggregate,1
Events | otr,/calendar/month/2028-05/page_action/aggregate,2
Events | otr,/calendar/month/2028-06/page_action/page_view_event/page_view_timing/aggregate,1
Events | otr,/calendar/month/2028-11/page_action/ajax/spa/session_trace/aggregate,1
Events | otr,/calendar/year,1
Events | otr,/calendar/year/2023/session_trace/page_action/jserrors/page_view_timing/page_view_timing/spa/aggregate,1
Events | otr,/calendar/year/2024/session_trace/page_action/jserrors/page_view_timing/page_view_timing/spa/aggregate,1
Events | otr,/calendar/year/2025,1
Events | otr,/calendar/year/2025/session_trace/page_action/jserrors/page_view_timing/page_view_timing/spa/aggregate,2
Events | otr,/calendar/year/2026/jserrors/metrics/metrics/aggregate,1
Events | otr,/calendar/year/2026/metrics/metrics/aggregate,1
Events | otr,/calendar/year/2026/page_action/aggregate,1
Events | otr,/events,8
Exempt Organizations Frequently Asked Questions (FAQs) | otr,/page/exempt-organizations-frequently-asked-questions-faqs,423
Exempt Property Use Report (FP-161) | otr,/publication/exempt-property-use-report-fp-161,156
Exempt Property Use Report (FP-161) | otr,/publication/exempt-property-use-report-fp-161-2012,2
Exemption from DC Real Property Tax | otr,/publication/exemption-dc-real-property-tax-0,170
Exemption From DC Real Property Taxes | otr,/node/409862,25
Exemption From DC Real Property Taxes | otr,/publication/exemption-dc-real-property-tax,3
Exemption From DC Real Property Taxes | otr,/publication/exemption-dc-real-property-taxes,581
Exemptions - Audit Division | otr,/am/page/exemptions-audit-division,1
Exemptions - Audit Division | otr,/es/page/exemptions-audit-division,3
Exemptions - Audit Division | otr,/fr/page/exemptions-audit-division,1
Exemptions - Audit Division | otr,/ko/page/exemptions-audit-division,26
Exemptions - Audit Division | otr,/node/383742,59
Exemptions - Audit Division | otr,/page/exemptions-audit-division,1236
Exemptions - Audit Division | otr,/vi/page/exemptions-audit-division,1
Exemptions - Audit Division | otr,/zh-hant/page/exemptions-audit-division,2
Exemptions - Questions and Answers | otr,/page/exemptions-questions-and-answers,408
Exemptions and Exempt Organizations  | otr,/am/node/1395211,30
Exemptions and Exempt Organizations  | otr,/node/1395211,2
Exemptions and Exempt Organizations  | otr,/page/exemptions-and-exempt-organizations ,1330
Exemptions for Federal and State Government Agencies and Related Organizations | otr,/node/402182,36
Exemptions for Federal and State Government Agencies and Related Organizations | otr,/publication/exemptions-federal-and-state-government-agencies-and-related-organizations,710
Explanation of Tax and Rates | otr,/page/explanation-tax-and-rates,13
Extension of Time to File | otr,/node/387502,1
Extension of Time to File | otr,/page/extension-time-file,506
Extension of Time to File FAS 109 Worksheet | otr,/node/389572,11
Extension of Time to File FAS 109 Worksheet | otr,/node/400632,8
Extension of Time to File FAS 109 Worksheet | otr,/publication/extension-time-file-fas-109-worksheet,1
Extension of Time to File FAS 109 Worksheet | otr,/publication/extension-time-file-fas-109-worksheet-00,4
FAQs | otr,/am/page/otr-faqs,7
FAQs | otr,/es/page/otr-faqs,3
FAQs | otr,/fr/page/otr-faqs,1
FAQs | otr,/ko/page/otr-faqs,2
FAQs | otr,/node/1794616,242
FAQs | otr,/page/faqs,2
FAQs | otr,/page/otr-faqs,644
FAQs | otr,/vi/page/otr-faqs,2
FAQs | otr,/zh-hant/page/otr-faqs,2
Federal and State E-File Program (Modernized e-File) | otr,/es/page/federal-and-state-e-file-program-modernized-e-file,6
Federal and State E-File Program (Modernized e-File) | otr,/fr/page/federal-and-state-e-file-program-modernized-e-file,47
Federal and State E-File Program (Modernized e-File) | otr,/node/388722,48
Federal and State E-File Program (Modernized e-File) | otr,/page/federal-and-state-e-file-program-modernized-e-file,746
Federal and State E-File Program (Modernized e-File) | otr,/vi/page/federal-and-state-e-file-program-modernized-e-file,2
Federal and State E-File Program (Modernized e-File) Business | otr,/es/page/federal-and-state-e-file-program-modernized-e-file-business,168
Federal and State E-File Program (Modernized e-File) Business | otr,/fr/page/federal-and-state-e-file-program-modernized-e-file-business,2
Federal and State E-File Program (Modernized e-File) Business | otr,/page/federal-and-state-e-file-program-modernized-e-file-business,520
Fiduciary Tax Forms | otr,/am/node/1794876,4
Fiduciary Tax Forms | otr,/es/node/1794876,2
Fiduciary Tax Forms | otr,/fr/node/1794876,1
Fiduciary Tax Forms | otr,/ko/node/1794876,1
Fiduciary Tax Forms | otr,/node/1794876,27
Fiduciary Tax Forms | otr,/page/fiduciary-tax-forms,242
Fiduciary Tax Forms | otr,/vi/node/1794876,1
Filing Obligations of Domestic Partners | otr,/release/filing-obligations-domestic-partners,15
Filing Obligations of Same-Sex Spouses | otr,/release/filing-obligations-same-sex-spouses,1
Final Ballpark Sales Tax Regulations | otr,/node/402622,6
Final Ballpark Sales Tax Regulations | otr,/publication/final-ballpark-sales-tax-regulations,6
Final Regulations Regarding Combined Reporting | otr,/node/389502,80
Final Regulations Regarding Combined Reporting | otr,/publication/final-regulations-regarding-combined-reporting,3
Fiscal Year 2003 Budget Support Amendment Emergency Act of 2002 | otr,/node/410332,73
Fiscal Year 2003 Budget Support Amendment Emergency Act of 2002 | otr,/publication/fiscal-year-2003-budget-support-amendment-emergency-act-2002,2
folu.addey | otr,/user/76746/imce,1
folu.addey | otr,/users/foluaddey,3
Food Sales Tax | otr,/node/402212,24
Food Sales Tax | otr,/publication/food-sales-tax,10
Form D-3949A Tax Fraud and Identity Theft Information Report | otr,/node/1662321,35
Form D-3949A Tax Fraud and Identity Theft Information Report | otr,/page/form-d-3949a-tax-fraud-and-identity-theft-information-report,37
Form D-4 Employee Withholding Allowance Certificate | otr,/publication/form-d-4-employee-withholding-allowance-certificate,77
Form FR-900C Fill-in 2011 Change of Name or Address | otr,/node/388482,4
Form OTR -10 | otr,/publication/form-otr-10,34
Form WT (Fill-in) | otr,/node/1636396,5
Form WT (Fill-in) | otr,/publication/form-wt-fill,4
Form WT (Official and Fill-in) | otr,//node/1521856,128
Form WT (Official and Fill-in) | otr,/node/1521856,5
Form WT (Official and Fill-in) | otr,/publication/form-wt-official-and-fill,6
Form WT | otr,/node/1636386,6
Form WT | otr,/node/1705636,186
Form WT Transmittal for Paper Forms W-2 and 1099 | otr,/node/970792,2
Form WT Transmittal for Paper Forms W-2 and 1099 | otr,/publication/form-wt-transmittal-paper-forms-w-2-and-1099,169
Form WT Transmittal for Paper Forms W-2 and 1099 Fill-in Version | otr,/node/970812,3
Form WT Transmittal for Paper Forms W-2 and 1099 Fill-in Version | otr,/publication/form-wt-transmittal-paper-forms-w-2-and-1099-fill-version,67
Forms - Tax Law and Guidance | otr,/page/forms-tax-law-and-guidance-0,12
Forms & Resources | otr,/am/node/1790886,3
Forms & Resources | otr,/es/node/1790886,13
Forms & Resources | otr,/fr/node/1790886,7
Forms & Resources | otr,/ko/node/1790886,3
Forms & Resources | otr,/page/forms-resources,1023
Forms & Resources | otr,/vi/node/1790886,5
FP-129A (Fill-in) | otr,/node/1328246,4
FP-129A (Fill-in) | otr,/publication/fp-129a-fill,14
FP-129A 2013 Extension of Time to File | otr,/publication/fp-129a-2013-extension-time-file,1
FP-210 Restricted Resale Assessment | otr,/node/390622,1
FP-210 Restricted Resale Assessment | otr,/publication/fp-210-restricted-resale-assessment,22
FP-308 Amended Income and Expense Report | otr,/publication/fp-308-amended-income-and-expense-report,80
FP-31 (Fill-in) | otr,/node/1328236,22
FP-31 (Fill-in) | otr,/publication/fp-31-fill,1507
FP-31 2009 Personal Property Tax Return | otr,/publication/fp-31-2009-personal-property-tax-return,6
FP-31 Booklet | otr,/node/1328251,17
FP-31 Booklet | otr,/publication/fp-31-booklet,68
FP-31 Schedules A-B-C-D1-D2 | otr,/publication/fp-31-schedules-b-c-d1-d2,57
FP-31P (Fill-in) | otr,/node/1328241,8
FP-31P (Fill-in) | otr,/publication/fp-31p-fill,21
FP-32 Railroad Tangible Personal Property Return | otr,/node/1163336,8
FP-32 Railroad Tangible Personal Property Return | otr,/publication/fp-32-railroad-tangible-personal-property-return,4
FP-33 Railroad Company Report | otr,/node/1163341,6
FP-33 Railroad Company Report | otr,/publication/fp-33-railroad-company-report,3
FP-34 Rolling Stock Tax Return | otr,/node/1163342,3
FP-34 Rolling Stock Tax Return | otr,/publication/fp-34-rolling-stock-tax-return,3
FR-147 2003 Statement of Person Claiming Refund Due a Deceased Taxpayer | otr,/node/427752,4
FR-164 2012 Application for Exemption_Fill-In | otr,/publication/fr-164-2012-application-exemptionfill,1
"FR-19 Inheritance Tax Return for Estates of Individual(s) Who Died On or Before March 31, 1987 | otr",/node/756452,34
"FR-19 Inheritance Tax Return for Estates of Individual(s) Who Died On or Before March 31, 1987 | otr",/publication/fr-19-inheritance-tax-return-estates-individuals-who-died-or-march-31-1987,19
FR-19A Inheritance Tax Return Distribution Schedule | otr,/node/756482,25
FR-19A Inheritance Tax Return Distribution Schedule | otr,/publication/fr-19a-inheritance-tax-return-distribution-schedule,3
FR-20 Inheritance Tax Return Supporting Schedule | otr,/node/756492,17
FR-20 Inheritance Tax Return Supporting Schedule | otr,/publication/fr-20-inheritance-tax-return-supporting-schedule,5
FR-379 2010 Sales and Use Taxes - General Information for Businesses | otr,/publication/fr-379-2010-sales-and-use-taxes-general-information-businesses,2
FR-399 2020 | otr,/node/1545876,11
FR-399 2020 | otr,/publication/fr-399-2020,5
FR-399 2021 | otr,/node/1606486,6
FR-399 2021 | otr,/publication/fr-399-2021,7
FR-399 2022 | otr,/node/1772971,8
FR-399 2022 | otr,/publication/fr-399-2022,8
FR-399 2023 | otr,/node/1772966,5
FR-399 2023 | otr,/publication/fr-399-2023,3
FR-399 2024 | otr,/node/1772961,29
FR-399 2024 | otr,/publication/fr-399-2024,13
FR-800 Q 2011 Sales and Use Tax Quarterly Return (Includes Forms FR-800C and FP-331) | otr,/publication/fr-800-q-2011-sales-and-use-tax-quarterly-return-includes-forms-fr-800c-and-fp-331,3
FR-800A 2005 Sales and Use Tax Annual Return | otr,/node/427442,4
FR-800M 2010 Sales and Use Tax Monthly Return | otr,/publication/fr-800m-2010-sales-and-use-tax-monthly-return,2
FR-800M 2010 Sales and Use Tax Monthly Return Booklet | otr,/node/398522,4
FR-800M 2013 Sales and Use Tax Monthly Return Fill-in | otr,/publication/fr-800m-2013-sales-and-use-tax-monthly-return-fill,2
FR-900M 2013 Employer Payer Withholding Tax Monthly Return Fill-in version | otr,/node/382552,3
FR-900P | otr,/node/1580891,6
FR-900P | otr,/publication/fr-900p,8
FR-900P Payment Voucher | otr,/node/1705626,159
FR-900P Payment Voucher | otr,/publication/fr-900p-payment-voucher,61
Franchise Tax FAQs | otr,/am/node/1794846,11
Franchise Tax FAQs | otr,/es/node/1794846,2
Franchise Tax FAQs | otr,/fr/node/1794846,12
Franchise Tax FAQs | otr,/ko/node/1794846,1
Franchise Tax FAQs | otr,/node/1794846,7
Franchise Tax FAQs | otr,/page/franchise-tax-faqs,263
Franchise Tax FAQs | otr,/zh-hant/node/1794846,2
frank.bessenyei | otr,/user/76756/imce,1
frank.bessenyei | otr,/users/frankbessenyei,11
"FR-COA Change of Name, Address, or Identification Number (Fill-in) | otr",/node/1083062,59
"FR-COA Change of Name, Address, or Identification Number (Fill-in) | otr",/publication/fr-coa-change-name-address-or-identification-number-fill,694
"FR-COA Change of Name, Address, or Identification Number | otr",/node/1209542,59
"FR-COA Change of Name, Address, or Identification Number | otr",/publication/fr-coa-change-name-address-or-identification-number,17
Free File Opportunities | otr,/page/free-file-opportunities,2
Frequently Asked Questions Regarding Special Events | otr,/node/387532,4
Frequently Asked Questions Regarding Special Events | otr,/page/frequently-asked-questions-regarding-special-events,117
FY 2006 Budget Support Act Tax Law Changes | otr,/node/410322,78
FY 2006 Budget Support Act Tax Law Changes | otr,/publication/fy-2006-budget-support-act-tax-law-changes,2
FY 2010 Budget Support Congressional Review Emergency Act of 2009 | otr,/node/410312,83
FY 2010 Budget Support Congressional Review Emergency Act of 2009 | otr,/publication/fy-2010-budget-support-congressional-review-emergency-act-2009,3
FY 2024 Assessment Ratio Report | otr,/node/1768071,18
FY 2024 Assessment Ratio Report | otr,/publication/fy-2024-assessment-ratio-report,11
General Recording Requirements & Fees | otr,/am/service/general-recording-requirements-fees,13
General Recording Requirements & Fees | otr,/es/service/duties-recorder-deeds-respect-general-recording-requirements,1
General Recording Requirements & Fees | otr,/es/service/general-recording-requirements-fees,11
General Recording Requirements & Fees | otr,/node/380632,150
General Recording Requirements & Fees | otr,/service/general-recording-requirements-fees,1433
General Recording Requirements & Fees | otr,/vi/service/general-recording-requirements-fees,11
General Recording Requirements & Fees | otr,/zh-hant/service/general-recording-requirements-fees,2
"Glen Lee, Chief Financial Officer | otr",/am/biography/glen-lee-chief-financial-officer,1
"Glen Lee, Chief Financial Officer | otr",/biography/fitzroy-lee-cfo,5
"Glen Lee, Chief Financial Officer | otr",/biography/fitzroylee,1
"Glen Lee, Chief Financial Officer | otr",/biography/glen-lee-cfo,5
"Glen Lee, Chief Financial Officer | otr",/biography/glen-lee-chief-financial-officer,230
"Glen Lee, Chief Financial Officer | otr",/biography/jeffdewitt,2
"Glen Lee, Chief Financial Officer | otr",/es/biography/glen-lee-chief-financial-officer,2
"Glen Lee, Chief Financial Officer | otr",/es/biography/jeffdewitt,1
"Glen Lee, Chief Financial Officer | otr",/fr/biography/glen-lee-chief-financial-officer,1
Gross Receipts Tax | otr,/am/node/1345371,2
Gross Receipts Tax | otr,/es/node/1345371,4
Gross Receipts Tax | otr,/fr/node/1345371,1
Gross Receipts Tax | otr,/ko/node/1345371,1
Gross Receipts Tax | otr,/node/1345371,84
Gross Receipts Tax | otr,/page/gross-receipts-tax,288
Gross Receipts Tax | otr,/vi/node/1345371,1
Gross Receipts Tax | otr,/zh-hant/node/1345371,2
Gross Receipts Tax Explanation and Rates | otr,/page/gross-receipts-tax-explanation-and-rates-0,273
"Guidance on Application for Exemption from District of Columbia Franchise, Sales and Use, and Personal Property Taxes | otr",/node/401282,16
"Guidance on Application for Exemption from District of Columbia Franchise, Sales and Use, and Personal Property Taxes | otr",/publication/guidance-application-exemption-district-columbia-franchise-sales-and-use-and-personal,1
"Guidance on Application for Exemption from District of Columbia Franchise, Sales and Use, and Personal Property Taxes | otr",/publication/guidance-application-exemption-district-columbia-franchise-sales-and-use-and-personal-0,5
hakim.lewter | otr,/users/hakimlewter,6
Heating Oil Tax | otr,/node/402382,14
Heating Oil Tax | otr,/publication/heating-oil-tax,3
Homestead and Senior Citizen Tax Benefit Appeal Application | otr,/am/publication/homestead-and-senior-citizen-tax-benefit-appeal-application,2
Homestead and Senior Citizen Tax Benefit Appeal Application | otr,/es/publication/homestead-and-senior-citizen-tax-benefit-appeal-application,1
Homestead and Senior Citizen Tax Benefit Appeal Application | otr,/node/393572,81
Homestead and Senior Citizen Tax Benefit Appeal Application | otr,/publication/homestead-and-senior-citizen-tax-benefit-appeal-application,155
Homestead and Senior Citizen Tax Benefit Appeal Application | otr,/vi/publication/homestead-and-senior-citizen-tax-benefit-appeal-application,3
"Homestead Deduction, Senior and Disabled Citizen Tax Relief FAQs | otr",/node/1394661,384
"Homestead Deduction, Senior and Disabled Citizen Tax Relief FAQs | otr",/page/homestead-deduction-senior-and-disabled-citizen-tax-relief-faqs,447
"Homestead Deduction, Senior/Disabled Citizen Tax Relief Audit FAQs | otr",/am/node/377512,2
"Homestead Deduction, Senior/Disabled Citizen Tax Relief Audit FAQs | otr",/es/node/377512,1
"Homestead, Senior and Disabled Tax Relief Flyer | otr",/node/1714081,160
"Homestead, Senior and Disabled Tax Relief Flyer | otr",/publication/homestead-senior-and-disabled-tax-relief-flyer,10
Homestead/Senior Citizen Deduction | otr,/es/page/homesteadsenior-citizen-deduction,12
Homestead/Senior Citizen Deduction | otr,/node/409562,118
Homestead/Senior Citizen Deduction | otr,/page/homesteadsenior-citizen-deduction,3159
Hotel Attrition Fees | otr,/node/402202,17
Hotel Attrition Fees | otr,/publication/hotel-attrition-fees,23
Hotels Sales Tax | otr,/node/402222,29
Hotels Sales Tax | otr,/publication/hotels-sales-tax,11
How Do I Request Reconsideration of a Decision (CEA) | otr,/am/page/how-do-i-request-reconsideration-decision-cea,1
How Do I Request Reconsideration of a Decision (CEA) | otr,/es/page/how-do-i-request-reconsideration-decision-cea,1
How Do I Request Reconsideration of a Decision (CEA) | otr,/ko/page/how-do-i-request-reconsideration-decision-cea,1
How Do I Request Reconsideration of a Decision (CEA) | otr,/node/396742,112
How Do I Request Reconsideration of a Decision (CEA) | otr,/page/collection-division-faqs,4
How Do I Request Reconsideration of a Decision (CEA) | otr,/page/how-do-i-request-reconsideration-decision-cea,102
How Do I Request Reconsideration of a Decision (CEA) | otr,/vi/page/how-do-i-request-reconsideration-decision-cea,1
How Do I Request Reconsideration of a Decision (CEA) | otr,/zh-hant/page/how-do-i-request-reconsideration-decision-cea,2
How to Apply for Homestead Deduction or Senior Citizen/Disabled Property Tax Relief | otr,/node/1714096,303
How to Apply for Homestead Deduction or Senior Citizen/Disabled Property Tax Relief | otr,/publication/how-apply-homestead-deduction-or-senior-citizendisabled-property-tax-relief,486
How to Include the Distributive Share from an Unincorporated Business or Partnership on a Combined Report | otr,/node/661942,23
How to Include the Distributive Share from an Unincorporated Business or Partnership on a Combined Report | otr,/page/how-include-distributive-share-unincorporated-business-or-partnership-combined-report,382
How to Participate in Over-the-Counter Tax Sales | otr,/node/1677096,922
How to Participate in Over-the-Counter Tax Sales | otr,/publication/how-participate-over-counter-tax-sales,129
How to Request a Certificate of Redemption | otr,/node/1690601,16
How to Request a Certificate of Redemption | otr,/publication/how-request-certificate-redemption,23
How to Search the OCFO's Online Real Property Sales Database | otr,/node/388832,2220
How to Search the OCFO's Online Real Property Sales Database | otr,/publication/how-search-ocfos-online-real-property-sales-database,229
How to use the Listen function enabled by ReadSpeaker | otr,/page/how-use-listen-function-enabled-readspeaker,1
How We Handle and Protect Your Data | otr,/am/node/1749821,2
How We Handle and Protect Your Data | otr,/es/node/1749821,2
How We Handle and Protect Your Data | otr,/fr/node/1749821,2
How We Handle and Protect Your Data | otr,/ko/node/1749821,2
How We Handle and Protect Your Data | otr,/node/1749821,3
How We Handle and Protect Your Data | otr,/page/how-we-handle-and-protect-your-data,69
Ida Williams Named OTR’s Recorder of Deeds | otr,/release/ida-williams-named-otr’s-recorder-deeds,7
Income Tax Exemption for Certain Presidential Appointees | otr,/node/402362,11
Income Tax Exemption for Certain Presidential Appointees | otr,/publication/income-tax-exemption-certain-presidential-appointees,18
Income Tax Fraud Affidavit | otr,/node/1303956,40
Income Tax Fraud Affidavit | otr,/publication/income-tax-fraud-affidavit,18
Income Tax Return Filing Obligations of Domestic Partners or Other Similar Relationships Registered in Other Jurisdictions | otr,/node/400922,9
Income Tax Return Filing Obligations of Domestic Partners or Other Similar Relationships Registered in Other Jurisdictions | otr,/publication/income-tax-return-filing-obligations-domestic-partners-or-other-similar-relationships,7
Income Tax Return Filing Obligations of Same-Sex Spouses Married in Other Jurisdictions | otr,/node/386302,12
Income Tax Return Filing Obligations of Same-Sex Spouses Married in Other Jurisdictions | otr,/publication/income-tax-return-filing-obligations-same-sex-spouses-married-other-jurisdictions-00,2
Income Tax Return Filing Obligations of Same-Sex Spouses Married in Other Jurisdictions | otr,/release/income-tax-return-filing-obligations-same-sex-spouses-married-other-jurisdictions,27
Income Tax Withholding Instructions and Tables | otr,/es/page/income-tax-withholding-instructions-and-tables,2
Income Tax Withholding Instructions and Tables | otr,/ko/page/income-tax-withholding-instructions-and-tables,1
Individual Filings FAQs | otr,/am/node/1794956,1
Individual Filings FAQs | otr,/es/node/1794956,3
Individual Filings FAQs | otr,/fr/node/1794956,1
Individual Filings FAQs | otr,/page/individual-filings-faqs,471
Individual Filings FAQs | otr,/vi/node/1794956,17
Individual Filings FAQs | otr,/zh-hant/node/1794956,2
Individual Income Tax Filing | otr,/am/node/377402,2
Individual Income Tax Filing | otr,/book/individual-income-tax-faqs/individual-income-tax-filing,1553
Individual Income Tax Filing | otr,/es/node/377402,78
Individual Income Tax Filing | otr,/fr/node/377402,5
Individual Income Tax Forms | otr,/am/node/1796481,2
Individual Income Tax Forms | otr,/am/page/individual-income-tax-forms,2
Individual Income Tax Forms | otr,/es/node/1796481,7
Individual Income Tax Forms | otr,/fr/node/1796481,6
Individual Income Tax Forms | otr,/ko/node/1796481,1
Individual Income Tax Forms | otr,/node/1796481,552
Individual Income Tax Forms | otr,/node/424492,371
Individual Income Tax Forms | otr,/page/individual-income-tax-forms,1023
Individual Income Tax Forms | otr,/page/individual-income-tax-forms-0,3371
Individual Income Tax Forms | otr,/vi/node/1796481,1
Individual Income Tax Forms 2018 Tax Filing Season (Tax Season 2017) | otr,/page/individual-income-tax-forms-2018-tax-filing-season-tax-season-2017,34
Individual Income Tax Forms 2019 Tax Filing Season (Tax Year 2018) | otr,/node/1376776,19
Individual Income Tax Forms 2019 Tax Filing Season (Tax Year 2018) | otr,/page/individual-income-tax-forms-2019-tax-filing-season-tax-year-2018,42
Individual Income Tax Forms 2020 Tax Filing Season (Tax Year 2019) | otr,/node/1450376,15
Individual Income Tax Forms 2020 Tax Filing Season (Tax Year 2019) | otr,/page/individual-income-tax-forms-2020-tax-filing-season-tax-year-2019,44
Individual Income Tax Forms 2021 Tax Filing Season (Tax Year 2020) | otr,/node/1513731,22
Individual Income Tax Forms 2021 Tax Filing Season (Tax Year 2020) | otr,/page/individual-income-tax-forms-2021-tax-filing-season-tax-year-2020,29
Individual Income Tax Forms 2022 Tax Filing Season (Tax Year 2021) | otr,/node/1575271,45
Individual Income Tax Forms 2022 Tax Filing Season (Tax Year 2021) | otr,/page/individual-income-tax-forms-2022-tax-filing-season-tax-year-2021,39
Individual Income Tax Forms 2023 Tax Filing Season (Tax Year 2022) | otr,/node/1635676,151
Individual Income Tax Forms 2023 Tax Filing Season (Tax Year 2022) | otr,/page/individual-income-tax-forms-2023-tax-filing-season-tax-year-2022,165
Individual Income Tax Forms 2024 Tax Filing Season (Tax Year 2023) | otr,/node/1697941,191
Individual Income Tax Forms 2024 Tax Filing Season (Tax Year 2023) | otr,/page/individual-income-tax-forms-2024-tax-filing-season-tax-year-2023,583
Individual Income Tax Forms 2025 Tax Filing Season (Tax Year 2024) | otr,/node/1758271,616
Individual Income Tax Forms 2025 Tax Filing Season (Tax Year 2024) | otr,/page/individual-income-tax-forms-2025-tax-filing-season-tax-year-2024,1121
Individual Income Tax Online Filing | otr,/am/page/individual-income-tax-online-filing,2
Individual Income Tax Online Filing | otr,/node/394922,7
Individual Income Tax Online Filing | otr,/node/394922/print,1
Individual Income Tax Online Filing | otr,/page/individual-income-tax-online-filing,1258
Individual Income Tax Online Filing | otr,/page/individual-income-tax-online-filing//,3
Individual Income Tax Payment-Refund FAQs | otr,/es/page/individual-income-tax-payment-refund-faqs,2
Individual Income Tax Payment-Refund FAQs | otr,/node/383952,25
Individual Income Tax Payment-Refund FAQs | otr,/page/individual-income-tax-payment-refund-faqs,373
Individual Income Tax Returns | otr,/page/individual-income-tax-returns,157
Individual Income Tax Service Center | otr,/service/individual-income-tax-service-center,888
Individual Income Taxpayer Appeal Rights | otr,/es/page/individual-income-taxpayer-appeal-rights,2
Individual Income Taxpayer Appeal Rights | otr,/node/429522,2
Individual Income Taxpayer Appeal Rights | otr,/page/individual-income-taxpayer-appeal-rights,61
Individual Income Taxpayers | otr,/service/individual-income-taxpayers,720
Individuals | otr,/am/page/individuals,16
Individuals | otr,/es/page/individuals,4
Individuals | otr,/fr/page/individuals,6
Individuals | otr,/ko/page/individuals,2
Individuals | otr,/page/individuals,2858
Individuals | otr,/vi/page/individuals,6
Individuals | otr,/zh-hant/page/individuals,2
Informal Conference and Appeals Process | otr,/am/page/informal-conference-and-appeals-process,4
Informal Conference and Appeals Process | otr,/es/page/informal-conference-and-appeals-process,3
Informal Conference and Appeals Process | otr,/fr/page/informal-conference-and-appeals-process,1
Informal Conference and Appeals Process | otr,/ko/page/informal-conference-and-appeals-process,1
Informal Conference and Appeals Process | otr,/node/383772,3
Informal Conference and Appeals Process | otr,/page/informal-conference-and-appeals-process,188
Informal Conference and Appeals Process | otr,/vi/page/informal-conference-and-appeals-process,1
Informal Conference and Appeals Process | otr,/zh-hant/page/informal-conference-and-appeals-process,2
Information Request for Non-Filed Period | otr,/am/node/1654496,2
Information Request for Non-Filed Period | otr,/es/node/1654496,2
Information Request for Non-Filed Period | otr,/fr/node/1654496,1
Information Request for Non-Filed Period | otr,/ko/node/1654496,2
Information Request for Non-Filed Period | otr,/node/1654496,96
Information Request for Non-Filed Period | otr,/page/information-request-non-filed-period,120
Information Request for Non-Filed Period | otr,/vi/node/1654496,1
Information Request for Non-Filed Period | otr,/zh-hant/node/1654496,3
Information Services | otr,/am/page/information-services,1
Information Services | otr,/fr/page/information-services,1
Information Services | otr,/ko/page/information-services,2
Information Services | otr,/node/383862,8
Information Services | otr,/page/information-services,290
Information Services | otr,/vi/page/information-services,2
Inheritance Tax General Instructions | otr,/node/756472,114
Inheritance Tax General Instructions | otr,/publication/inheritance-tax-general-instructions,6
Installment Agreements | otr,/am/page/installment-agreements,4
Installment Agreements | otr,/es/page/installment-agreements,3
Installment Agreements | otr,/fr/page/installment-agreements,1
Installment Agreements | otr,/ko/page/installment-agreements,1
Installment Agreements | otr,/node/389052,238
Installment Agreements | otr,/page/installment-agreements,619
Installment Agreements | otr,/vi/page/installment-agreements,3
Installment Agreements | otr,/zh-hant/page/installment-agreements,2
Interpreter-Translation Services | otr,/node/398002,4
Interpreter-Translation Services | otr,/page/interpreter-translation-services,2
"Issues Remain With DC Combined Reporting Regs, Practitioners Say | otr",/node/389672,6
"Issues Remain With DC Combined Reporting Regs, Practitioners Say | otr",/publication/issues-remain-dc-combined-reporting-regs-practitioners-say,2
james.hite | otr,/users/jameshite,1
"Jennifer accordion, Nested | otr",/page/jennifer-accordion-nested,1
Jennifer Test 2 | otr,/node/1799946/,1
john.oluyole | otr,/users/johnoluyole,8
July 2018 Buyer's Book | otr,/node/1359421,4
July 2019 Buyer's Book | otr,/node/1423006,13
July 2019 Buyer's Book | otr,/publication/july-2019-buyers-book,5
Keep Child Care Affordable Tax Credit Frequently Asked Questions (FAQs) | otr,/fr/node/1379671,1
Keep Child Care Affordable Tax Credit Frequently Asked Questions (FAQs) | otr,/page/keep-child-care-affordable-tax-credit-frequently-asked-questions-faqs,217
La Oficina de Impuestos e Ingresos de DC llevará a cabo la Venta de Bienes Inmobiliarios; los días 19 y 20 de Julio | otr,/es/node/1604706,1
La Oficina de Impuestos e Ingresos de DC llevará a cabo la Venta de Bienes Inmobiliarios; los días 19 y 20 de Julio | otr,/release/la-oficina-de-impuestos-e-ingresos-de-dc-llevará-cabo-la-venta-de-bienes-inmobiliarios-los,5
Letter of Agent Authorization | otr,/node/390272,51
Letter of Agent Authorization | otr,/publication/letter-agent-authorization-new,45
Licensed Cigarette Quarterly Report | otr,/node/428222,2
Licensed Cigarette Quarterly Report | otr,/publication/licensed-cigarette-quarterly-report,2
Mailing Addresses for DC Tax Returns | otr,/am/publication/mailing-addresses-dc-tax-returns,7
Mailing Addresses for DC Tax Returns | otr,/es/publication/mailing-addresses-dc-tax-returns,2
Mailing Addresses for DC Tax Returns | otr,/ko/publication/mailing-addresses-dc-tax-returns,1
Mailing Addresses for DC Tax Returns | otr,/node/392882,641
Mailing Addresses for DC Tax Returns | otr,/publication/mailing-addresses-dc-tax-returns,873
marina.vasquez | otr,/users/marinavasquez,5
Marketplace Sellers Frequently Asked Questions (FAQs) | otr,/page/marketplace-sellers-frequently-asked-questions-faqs,467
Medicaid Hospital Inpatient Fee | otr,/node/1345316,1
Medicaid Hospital Inpatient Fee | otr,/page/medicaid-hospital-inpatient-fee,17
Medicaid Hospital Outpatient Supplemental Payment | otr,/page/medicaid-hospital-outpatient-supplemental-payment,9
Medical Products Sales Tax | otr,/node/402232,15
Medical Products Sales Tax | otr,/publication/medical-products-sales-tax,25
michael.mishani | otr,/users/michaelmishani,1
Miscellaneous DC Tax Forms and Publications | otr,/am/page/miscellaneous-dc-tax-forms-and-publications,7
Miscellaneous DC Tax Forms and Publications | otr,/es/page/miscellaneous-dc-tax-forms-and-publications,2
Miscellaneous DC Tax Forms and Publications | otr,/fr/page/miscellaneous-dc-tax-forms-and-publications,1
Miscellaneous DC Tax Forms and Publications | otr,/ko/page/miscellaneous-dc-tax-forms-and-publications,1
Miscellaneous DC Tax Forms and Publications | otr,/node/387492,84
Miscellaneous DC Tax Forms and Publications | otr,/page/miscellaneous-dc-tax-forms-and-publications,871
mizuki.bridges | otr,/user/74076/imce,1
mizuki.bridges | otr,/users/mizukibridges,2
Modified District Government Services for DC Emancipation Day | otr,/release/modified-district-government-services-emancipation-day-april-2025,57
Motor Fuel Excise Tax Increase | otr,/fr/release/motor-fuel-excise-tax-increase,1
Motor Fuel Excise Tax Increase | otr,/node/386672,13
Motor Fuel Excise Tax Increase | otr,/release/motor-fuel-excise-tax-increase,4
Motor Fuel Tax Return | otr,/es/page/motor-fuel-tax-return,2
Motor Fuel Tax Return | otr,/ko/page/motor-fuel-tax-return,1
Motor Fuel Tax Return | otr,/node/481292,21
Motor Fuel Tax Return | otr,/page/motor-fuel-tax-return,198
Motor Fuel Tax Return | otr,/vi/page/motor-fuel-tax-return,4
Motor Vehicle Fuel Tax | otr,/am/node/1345381,2
Motor Vehicle Fuel Tax | otr,/es/node/1345381,9
Motor Vehicle Fuel Tax | otr,/ko/node/1345381,3
Motor Vehicle Fuel Tax | otr,/node/1345381,17
Motor Vehicle Fuel Tax | otr,/page/motor-vehicle-fuel,1
Motor Vehicle Fuel Tax | otr,/page/motor-vehicle-fuel-tax,336
Motor Vehicle Fuel Tax | otr,/vi/node/1345381,1
Motor Vehicle Fuel Tax | otr,/zh-hant/node/1345381,2
MyTax.DC.gov | otr,/am/page/mytaxdcgov,260
MyTax.DC.gov | otr,/es/page/mytaxdcgov,6
MyTax.DC.gov | otr,/fr/page/mytaxdcgov,1
MyTax.DC.gov | otr,/ko/page/mytaxdcgov,15
MyTax.DC.gov | otr,/mytaxdc,6311
MyTax.DC.gov | otr,/node/1162231,18
MyTax.DC.gov | otr,/page/mytaxdcgov,2037
MyTax.DC.gov | otr,/vi/page/mytaxdcgov,12
MyTax.DC.gov | otr,/zh-hant/page/mytaxdcgov,3
MyTax.DC.gov Tutorials | otr,/node/1198920,14
MyTax.DC.gov Tutorials | otr,/publication/mytaxdcgov-tutorials,90
"MyTax.DC.gov Will Be Unavailable From 5 pm Friday, December 4, Through 7 am Monday, December 7 | otr",/release/mytaxdcgov-will-be-unavailable-5-pm-friday-december-4-through-7-am-monday-december-7,2
"MyTax.DC.gov, OTR’s New Online Tax Portal, Is Live! | otr",/release/mytaxdcgov-otr’s-new-online-tax-portal-live,31
MyTaxDC Blog | otr,/external-link/mytaxdc-blog,1
Need a Certificate of Clean Hands? Visit MyTax.DC.gov. | otr,/featured-content/need-certificate-clean-hands-visit-mytaxdcgov,70
Need a Certificate of Clean Hands? Visit MyTax.DC.gov. | otr,/node/1399211,2
New Business Registration | otr,/am/page/new-business-registration,11
New Business Registration | otr,/es/page/new-business-registration,29
New Business Registration | otr,/fr/page/new-business-registration,7
New Business Registration | otr,/node/1035102,819
New Business Registration | otr,/page/new-business-registration,13226
New Business Registration | otr,/page/new-business-registration/,1931
News Room | otr,/am/newsroom,2
News Room | otr,/es/newsroom,3
News Room | otr,/fr/newsroom,1
News Room | otr,/ko/newsroom,1
News Room | otr,/newsroom,5549
News Room | otr,/newsroom/in_the_news,1
News Room | otr,/vi/newsroom,1
News Room | otr,/zh-hant/newsroom,1
News Room | Page 3 | otr,/newsroom/press-releases,38
Nexus | otr,/node/402242,19
Nexus | otr,/publication/nexus,45
Non-Filer FAQs | otr,/node/1654646,3
Notice 2014-01 | otr,/node/775232,13
Notice 2014-01 | otr,/publication/notice-2014-01,6
Notice 2014-03: Senior Citizen Real Property Tax Relief Act of 2014 | otr,/node/807192,8
Notice 2014-03: Senior Citizen Real Property Tax Relief Act of 2014 | otr,/release/notice-2014-03-senior-citizen-real-property-tax-relief-act-2014,13
Notice 2014-04: OTR Identity Verification Program | otr,/node/823962,10
Notice 2014-04: OTR Identity Verification Program | otr,/publication/notice-2014-04-otr-identity-verification-program,2
Notice 2014-05: Notice Regarding the Taxation of Instruments Relating to Refinances and Modifications | otr,/node/834072,9
Notice 2014-05: Notice Regarding the Taxation of Instruments Relating to Refinances and Modifications | otr,/publication/notice-2014-05-notice-regarding-taxation-instruments-relating-refinances-and,4
Notice 2014-06: University Prepaid Debit Cards Are Not Sales Tax Exemption Cards | otr,/node/842822,10
Notice 2014-06: University Prepaid Debit Cards Are Not Sales Tax Exemption Cards | otr,/publication/notice-2014-06-university-prepaid-debit-cards-are-not-sales-tax-exemption-cards,6
"Notice 2014-07: Cigarette Tax Increased to $2.90 Effective October 1, 2014 (to Tobacco Wholesalers) | otr",/node/889342,10
"Notice 2014-07: Cigarette Tax Increased to $2.90 Effective October 1, 2014 (to Tobacco Wholesalers) | otr",/publication/notice-2014-07-cigarette-tax-increased-290-effective-october-1-2014-tobacco-wholesalers,3
"Notice 2014-08: Other Tobacco Products Exempt From Sales Tax Effective October 1, 2014 (to Tobacco Retailers) | otr",/node/889332,8
"Notice 2014-08: Other Tobacco Products Exempt From Sales Tax Effective October 1, 2014 (to Tobacco Retailers) | otr",/publication/notice-2014-08-other-tobacco-products-exempt-sales-tax-effective-october-1-2014-tobacco,4
"Notice 2014-09: District of Columbia’s 5.75% Sales Tax Extended to Additional Services Effective October 1, 2014 | otr",/node/889322,10
"Notice 2014-09: District of Columbia’s 5.75% Sales Tax Extended to Additional Services Effective October 1, 2014 | otr",/publication/notice-2014-09-district-columbia’s-575-sales-tax-extended-additional-services-effective,3
Notice 2014-10: Purchase Money Deeds of Trust | otr,/node/896382,14
Notice 2014-10: Purchase Money Deeds of Trust | otr,/publication/notice-2014-10-purchase-money-deeds-trust,4
Notice 2014-11: Notice Regarding Low-Income Senior Deferral of Real Property Tax | otr,/node/947662,11
Notice 2014-11: Notice Regarding Low-Income Senior Deferral of Real Property Tax | otr,/publication/notice-2014-11-notice-regarding-low-income-senior-deferral-real-property-tax,3
Notice 2015-01: Revised Employer Withholding Booklet Posted | otr,/node/989072,18
Notice 2015-01: Revised Employer Withholding Booklet Posted | otr,/publication/notice-2015-01-revised-employer-withholding-booklet-posted,6
"Notice 2015-02: Vapor Products Subject to Excise Tax Effective October 1, 2015; Exempt From Sales Tax | otr",/node/1111387,12
"Notice 2015-02: Vapor Products Subject to Excise Tax Effective October 1, 2015; Exempt From Sales Tax | otr",/publication/notice-2015-02-vapor-products-subject-excise-tax-effective-october-1-2015-exempt-sales,14
"Notice 2015-03: Cigarette Tax Rate Increase to $2.91 Effective October 1, 2015 | otr",/node/1111397,12
"Notice 2015-03: Cigarette Tax Rate Increase to $2.91 Effective October 1, 2015 | otr",/publication/notice-2015-03-cigarette-tax-rate-increase-291-effective-october-1-2015,5
Notice 2015-04: District of Columbia Motor Fuel Tax Rate Unchanged | otr,/node/1113227,16
Notice 2015-04: District of Columbia Motor Fuel Tax Rate Unchanged | otr,/publication/notice-2015-04-district-columbia-motor-fuel-tax-rate-unchanged,3
Notice of Change in the Surtax on Cigarette Packages for Tax Year 2025 | otr,/node/1746946,34
Notice of Change in the Surtax on Cigarette Packages for Tax Year 2025 | otr,/publication/notice-change-surtax-cigarette-packages-tax-year-2025,3
Notice of Change in the Surtax on Cigarette Packages for Tax Year 2026 | otr,/node/1799291,34
Notice of Change in the Surtax on Cigarette Packages for Tax Year 2026 | otr,/publication/notice-change-surtax-cigarette-packages-tax-year-2026,6
Notice of Delinquency (TDI) | otr,/am/node/1790856,2
Notice of Delinquency (TDI) | otr,/es/node/1790856,3
Notice of Delinquency (TDI) | otr,/fr/node/1790856,1
Notice of Delinquency (TDI) | otr,/ko/node/1790856,1
Notice of Delinquency (TDI) | otr,/node/1790856,84
Notice of Delinquency (TDI) | otr,/page/notice-delinquency-tdi,448
Notice of Delinquency (TDI) | otr,/vi/node/1790856,1
Notice of Delinquency (TDI) | otr,/zh-hant/node/1790856,2
Notice of Imposition of an Additional 4.25 Percent Sales Tax Rate on Verizon Center Vendors and Requirement to File and Make Sales Tax Payments Electronically | otr,/node/401272,10
Notice of Imposition of an Additional 4.25 Percent Sales Tax Rate on Verizon Center Vendors and Requirement to File and Make Sales Tax Payments Electronically | otr,/publication/notice-imposition-additional-425-percent-sales-tax-rate-verizon-center-vendors-and,4
Notice of Increase in the Surtax on Cigarette Packages for Tax Year 2024 | otr,/node/1746956,7
Notice of Increase in the Surtax on Cigarette Packages for Tax Year 2024 | otr,/publication/notice-increase-surtax-cigarette-packages-tax-year-2024,2
Notice of Instructions for Filing a Protective Claim Based on Bender vs. District of Columbia | otr,/node/401312,10
Notice of Instructions for Filing a Protective Claim Based on Bender vs. District of Columbia | otr,/publication/notice-instructions-filing-protective-claim-based-bender-vs-district-columbia,4
"Notice of Oct. 1, 2025 Tax Changes | otr",/am/node/1800521,65
"Notice of Oct. 1, 2025 Tax Changes | otr",/fr/node/1800521,63
"Notice of Oct. 1, 2025 Tax Changes | otr",/ko/node/1800521,35
"Notice of Oct. 1, 2025 Tax Changes | otr",/node/1800521,3
"Notice of Oct. 1, 2025 Tax Changes | otr",/release/notice-oct-1-2025-tax-changes,3122
"Notice of Oct. 1, 2025 Tax Changes | otr",/vi/node/1800521,4
"Notice of Oct. 1, 2025 Tax Changes | otr",/zh-hant/node/1800521,45
Notice of Status and Request for Confidentiality of Address Information | otr,/page/notice-status-and-request-confidentiality-address-information,38
Notice of Tax Due | otr,/am/page/notice-tax-due,1
Notice of Tax Due | otr,/es/page/notice-tax-due,3
Notice of Tax Due | otr,/fr/page/notice-tax-due,1
Notice of Tax Due | otr,/ko/page/notice-tax-due,1
Notice of Tax Due | otr,/node/387512,108
Notice of Tax Due | otr,/page/notice-tax-due,395
Notice of Tax Due | otr,/vi/page/notice-tax-due,1
Notice of Tax Rate on Other Tobacco Products for Tax Year 2024 | otr,/node/1746961,10
Notice of Tax Rate on Other Tobacco Products for Tax Year 2024 | otr,/publication/notice-tax-rate-other-tobacco-products-tax-year-2024,15
Notice of Tax Rate on Other Tobacco Products for Tax Year 2025 | otr,/node/1746951,31
Notice of Tax Rate on Other Tobacco Products for Tax Year 2025 | otr,/publication/notice-tax-rate-other-tobacco-products-tax-year-2025,34
Notice of Tax Rate on Other Tobacco Products for Tax Year 2026 | otr,/node/1799296,47
Notice of Tax Rate on Other Tobacco Products for Tax Year 2026 | otr,/publication/notice-tax-rate-other-tobacco-products-tax-year-2026,17
Notice Regarding Electronic Filing Requirements for Professional Baseball-related Sales | otr,/node/389242,27
Notice Regarding Electronic Filing Requirements for Professional Baseball-related Sales | otr,/publication/notice-regarding-electronic-filing-requirements-professional-baseball-related-sales,6
Notice Regarding Electronic Filing/Payment Requirements Stevie Sellows Intermediate Care Facility for the Mentally Retarded | otr,/node/400842,10
Notice Regarding Electronic Filing/Payment Requirements Stevie Sellows Intermediate Care Facility for the Mentally Retarded | otr,/publication/notice-regarding-electronic-filingpayment-requirements-stevie-sellows-intermediate-care,3
Notice Regarding Preliminary Matters Prior to Foreclosure | otr,/node/400832,13
Notice Regarding Preliminary Matters Prior to Foreclosure | otr,/publication/notice-regarding-preliminary-matters-prior-foreclosure,1
Notice Regarding Revised Form FP-7C | otr,/node/1287281,9
Notice Regarding Revised Form FP-7C | otr,/publication/notice-regarding-revised-form-fp-7c,5
"Notice to all Retailers, Vending Machine Operators and Street Vendors | otr",/node/401072,10
"Notice to all Retailers, Vending Machine Operators and Street Vendors | otr",/publication/notice-all-retailers-vending-machine-operators-and-street-vendors,6
Notice to All Wholesalers of Cigarette Excise Tax Increase | otr,/node/401192,8
Notice to All Wholesalers of Cigarette Excise Tax Increase | otr,/publication/notice-all-wholesalers-cigarette-excise-tax-increase,5
"Notice to all Wholesalers of Cigarette, Little Cigar, Moist Snuff Excise Tax Increase | otr",/node/401062,12
"Notice to all Wholesalers of Cigarette, Little Cigar, Moist Snuff Excise Tax Increase | otr",/publication/notice-all-wholesalers-cigarette-little-cigar-moist-snuff-excise-tax-increase,3
Notice to all Wholesalers on Other Tobacco Excise Tax Changes Effective 01/01/10 | otr,/node/400952,11
Notice to Landlords on Changes to Instructions of Form D-30 | otr,/node/401152,11
Notice to Landlords on Changes to Instructions of Form D-30 | otr,/publication/notice-landlords-changes-instructions-form-d-30,4
Notice to Retailers and Vending Machine Operators of Cigarette Excise Tax Increase | otr,/node/401202,6
Notice to Retailers and Vending Machine Operators of Cigarette Excise Tax Increase | otr,/publication/notice-retailers-and-vending-machine-operators-cigarette-excise-tax-increase,1
Notice to Wholesalers of Cigarette Excise Tax Increase | otr,/node/401212,11
Notice to Wholesalers of Cigarette Excise Tax Increase | otr,/publication/notice-wholesalers-cigarette-excise-tax-increase,3
Notices Regarding Combined Reporting | otr,/am/page/notices-regarding-combined-reporting,2
Notices Regarding Combined Reporting | otr,/es/page/notices-regarding-combined-reporting,2
Notices Regarding Combined Reporting | otr,/fr/page/notices-regarding-combined-reporting,1
Notices Regarding Combined Reporting | otr,/ko/page/notices-regarding-combined-reporting,2
Notices Regarding Combined Reporting | otr,/node/389602,118
Notices Regarding Combined Reporting | otr,/page/notices-regarding-combined-reporting,52
Nursing Facility Assessment | otr,/node/1345326,2
Nursing Facility Assessment | otr,/page/nursing-facility-assessment,4
Offer in Compromise | otr,/am/publication/offer-compromise-business,3
Offer in Compromise | otr,/am/publication/offer-compromise-individual,3
Offer in Compromise | otr,/am/publication/offer-in-compromise,1
Offer in Compromise | otr,/es/publication/offer-compromise-business,3
Offer in Compromise | otr,/es/publication/offer-compromise-individual,1
Offer in Compromise | otr,/node/1124229,53
Offer in Compromise | otr,/publication/offer-compromise-business,130
Offer in Compromise | otr,/publication/offer-compromise-individual,23
Offer in Compromise | otr,/publication/offer-in-compromise,3
Office of Tax and Revenue Launches 'Tax Talk DC' Podcast to Educate and Engage District Residents | otr,/node/1788631,1
Office of Tax and Revenue Launches 'Tax Talk DC' Podcast to Educate and Engage District Residents | otr,/release/office-tax-and-revenue-launches-tax-talk-dc-podcast-educate-and-engage-district-residents,319
Office of Tax and Revenue Opens Renovated Walk-In Customer Service Center on August 18 | otr,/node/1795246,1
Office of Tax and Revenue Opens Renovated Walk-In Customer Service Center on August 18 | otr,/release/office-tax-and-revenue-opens-renovated-walk-customer-service-center-august-18,358
Office of Tax and Revenue Reports Significant Decline in District of Columbia Commercial Real Estate Value in Tax Year 2026 Assessment | otr,/node/1771231,5
Office of Tax and Revenue Reports Significant Decline in District of Columbia Commercial Real Estate Value in Tax Year 2026 Assessment | otr,/release/office-tax-and-revenue-reports-significant-decline-district-columbia-commercial-real-estate,352
Office of Tax and Revenue Reports Significant Decline in District of Columbia Commercial Real Estate Value in Tax Year 2026 Assessment | otr,/vi/node/1771231,1
"Office of Tax and Revenue to Move to 1101 4th Street, SW | otr",/release/office-tax-and-revenue-move-1101-4th-street-sw,1
Office of Tax and Revenue Virtual Tax Practitioners Institute | otr,/page/office-tax-and-revenue-virtual-tax-practitioners-institute,2
Office of the Taxpayer Advocate | otr,/node/1450876,3
Omnibus Ballpark Financing and Revenue Act of 2004 | otr,/node/401222,8
Omnibus Ballpark Financing and Revenue Act of 2004 | otr,/publication/omnibus-ballpark-financing-and-revenue-act-2004,3
Online Services | otr,/online-services,999
Open Government and FOIA - OTR | otr,/am/page/open-government-and-foia-otr,1
Open Government and FOIA - OTR | otr,/es/page/open-government-and-foia-otr,3
Open Government and FOIA - OTR | otr,/es/page/otr-foia-requests,1
Open Government and FOIA - OTR | otr,/fr/page/open-government-and-foia-otr,1
Open Government and FOIA - OTR | otr,/page/open-government-and-foia-otr,97
Open Government and FOIA - OTR | otr,/page/otr-foia-requests,5
Open Government and FOIA - OTR | otr,/vi/page/open-government-and-foia-otr,2
Organization Structure | otr,/page/organization-structure,17
Other Business Tax Types | otr,/am/node/1793936,6
Other Business Tax Types | otr,/es/node/1793936,4
Other Business Tax Types | otr,/fr/node/1793936,4
Other Business Tax Types | otr,/ko/node/1793936,3
Other Business Tax Types | otr,/page/other-business-tax-types,1267
Other Business Tax Types | otr,/zh-hant/node/1793936,2
Other Business Taxes FAQs | otr,/am/node/1794941,3
Other Business Taxes FAQs | otr,/es/node/1794941,3
Other Business Taxes FAQs | otr,/fr/node/1794941,1
Other Business Taxes FAQs | otr,/ko/node/1794941,1
Other Business Taxes FAQs | otr,/node/1794941,66
Other Business Taxes FAQs | otr,/node/1794941/revisions/7183146/view,3
Other Business Taxes FAQs | otr,/node/1794941/revisions/7183461/view,1
Other Business Taxes FAQs | otr,/node/1794941/revisions/7183496/view,1
Other Business Taxes FAQs | otr,/node/1794941/revisions/7183566/view,1
Other Business Taxes FAQs | otr,/node/1794941/revisions/7184406/view,1
Other Business Taxes FAQs | otr,/node/1794941/revisions/7187346/view,1
Other Business Taxes FAQs | otr,/page/other-business-taxes-faqs,276
Other Business Taxes FAQs | otr,/vi/node/1794941,3
Other Tobacco | otr,/page/other-tobacco,69
Other Topics FAQs | otr,/book/other-topics-faqs,46
OTR Alert New | otr,/alert/otr-alert-new,7
OTR Audit Division | otr,/page/otr-audit-division,30
OTR Audits | otr,/am/page/otr-audits,1
OTR Audits | otr,/es/page/otr-audits,3
OTR Audits | otr,/fr/page/otr-audits,4
OTR Audits | otr,/node/383502,13
OTR Audits | otr,/page/otr-audits,202
OTR Audits | otr,/vi/page/otr-audits,9
OTR Audits | otr,/zh-hant/page/otr-audits,2
OTR Certificate of Clean Hands Brochure | otr,/node/1753221,144
OTR Certificate of Clean Hands Brochure | otr,/publication/otr-certificate-clean-hands-brochure,7
OTR Collection Division | otr,/es/page/otr-collection-division,2
OTR Collection Division | otr,/node/396602,2
OTR Collection Division | otr,/page/otr-collection-division,47
OTR Collection Division | otr,/vi/page/otr-collection-division,1
OTR Coronavirus Information and Guidance | otr,/am/node/1467721,2
OTR Coronavirus Information and Guidance | otr,/page/coronavirus,18
OTR Customer Service Center | otr,/am/service/customer-service-center,6
OTR Customer Service Center | otr,/am/service/otr-customer-service-center-0,15
OTR Customer Service Center | otr,/es/service/customer-service-center,3
OTR Customer Service Center | otr,/es/service/otr-customer-service-center-0,5
OTR Customer Service Center | otr,/ko/service/otr-customer-service-center-0,1
OTR Customer Service Center | otr,/node/389742,585
OTR Customer Service Center | otr,/service/customer-service-center,1576
OTR Customer Service Center | otr,/service/otr-customer-service-center-0,3430
OTR Customer Service Center | otr,/vi/service/customer-service-center,2
OTR Customer Service Center | otr,/vi/service/otr-customer-service-center-0,6
OTR Customer Service Center | otr,/zh-hant/service/otr-customer-service-center-0,2
OTR Customer Service Center | otr,/zh-hant/service/otr-customer-service-center-0,2
OTR Declaratory Orders | otr,/am/page/otr-declaratory-orders,2
OTR Declaratory Orders | otr,/es/page/otr-declaratory-orders,3
OTR Declaratory Orders | otr,/fr/page/otr-declaratory-orders,1
OTR Declaratory Orders | otr,/ko/page/otr-declaratory-orders,1
OTR Declaratory Orders | otr,/node/828062,200
OTR Declaratory Orders | otr,/page/declaratory-orders-tax-law-and-guidance,1
OTR Declaratory Orders | otr,/page/otr-declaratory-orders,117
OTR Declaratory Orders | otr,/vi/page/otr-declaratory-orders,2
OTR Declaratory Orders | otr,/zh-hant/page/otr-declaratory-orders,2
OTR Directory | otr,/page/otr-directory,281
OTR Expands Free Tax Filing Webinars to Include Real Property Sessions for DC Residents | otr,/node/1771241,1
OTR Expands Free Tax Filing Webinars to Include Real Property Sessions for DC Residents | otr,/release/otr-expands-free-tax-filing-webinars-include-real-property-sessions-dc-residents,298
OTR Extends Customer Service Centers Hours | otr,/release/otr-extends-customer-service-centers-hours,3
OTR Form | otr,/page/otr-form,2
OTR Guidance Related to COVID-19 Pandemic | otr,/es/node/1467721,4
OTR Guidance Related to COVID-19 Pandemic | otr,/fr/node/1467721,2
OTR Guidance Related to COVID-19 Pandemic | otr,/ko/node/1467721,2
OTR Guidance Related to COVID-19 Pandemic | otr,/node/1467721,82
OTR Guidance Related to COVID-19 Pandemic | otr,/page/covid19,50
OTR Guidance Related to COVID-19 Pandemic | otr,/page/otr-coronavirus-information-and-guidance,1
OTR Guidance Related to COVID-19 Pandemic | otr,/vi/node/1467721,1
OTR Guidance Related to COVID-19 Pandemic | otr,/zh-hant/node/1467721,2
"OTR Held Virtual Annual Tax Practitioners Institute Workshop on January 11, 2024 | otr",/node/397812,6
OTR Holds Annual Tax Practitioner Institute Workshop Virtually on January 16 | otr,/page/otr-hold-its-annual-tax-practitioners-institute-workshop-virtually-january-12-2023,1
OTR Holds Annual Tax Practitioner Institute Workshop Virtually on January 16 | otr,/page/otr-holds-annual-tax-practitioner-institute-workshop-virtually-january,36
OTR Income and Expense Reports Annual Leasing | otr,/publication/otr-income-and-expense-reports-annual-leasing,3
OTR Income and Expense Reports Apartment with Instructions | otr,/publication/otr-income-and-expense-reports-apartment-instructions,1
OTR Income and Expense Reports Commercial with Instructions | otr,/publication/otr-income-and-expense-reports-commercial-instructions,9
OTR Income and Expense Reports Hotel with Instructions | otr,/publication/otr-income-and-expense-reports-hotel-instructions,1
OTR Language Access and Translations | otr,/am/publication/otr-language-access-and-translations,2
OTR Language Access and Translations | otr,/fr/publication/otr-language-access-and-translations,3
OTR Language Access and Translations | otr,/publication/otr-language-access-and-translations,17
"OTR Launches Facebook Account in its Continuing Efforts to Educate Taxpayers on the Latest Tax Law Changes, News and Updates | otr",/release/otr-launches-facebook-account-its-continuing-efforts-educate-taxpayers-latest-tax-law,9
OTR Leadership Team | otr,/am/biography/otr-leadership-team,5
OTR Leadership Team | otr,/biography/otr-leadership-team,334
OTR Leadership Team | otr,/es/biography/otr-leadership-team,4
OTR Leadership Team | otr,/fr/biography/otr-leadership-team,10
OTR Leadership Team | otr,/ko/biography/otr-leadership-team,1
OTR Leadership Team | otr,/node/1793236,32
OTR Leadership Team | otr,/vi/biography/otr-leadership-team,1
OTR Leadership Team | otr,/zh-hant/biography/otr-leadership-team,1
OTR Notice 2013-03: Restaurant Utility Exemption | otr,/node/621432,8
OTR Notice 2013-03: Restaurant Utility Exemption | otr,/publication/otr-notice-2013-03-restaurant-utility-exemption,6
OTR Notice 2013-04: Combined Reporting - Seven Month Extension of Time to File a Return for Calendar and Fiscal Year Combined Reporting Filers | otr,/node/664692,21
OTR Notice 2013-04: Combined Reporting - Seven Month Extension of Time to File a Return for Calendar and Fiscal Year Combined Reporting Filers | otr,/publication/otr-notice-2013-04-combined-reporting-seven-month-extension-time-file-return-calendar,2
"OTR Notice 2015-06: Changes to Audit Notices and the Statute of Limitations on Assessment and Collection, Effective October 1, 2015 | otr",/node/1126843,9
OTR Notice 2015-07: Guidance on Eligibility for District Homestead Deduction and Related Real Property Tax Relief Programs | otr,/node/1128961,10
OTR Notice 2015-07: Guidance on Eligibility for District Homestead Deduction and Related Real Property Tax Relief Programs | otr,/publication/otr-notice-2015-07-guidance-eligibility-district-homestead-deduction-and-related-real,9
OTR Notice 2015-08: Notice Regarding Home Improvement Contract Mechanic's Liens and Subcontractors | otr,/node/1130172,12
OTR Notice 2015-08: Notice Regarding Home Improvement Contract Mechanic's Liens and Subcontractors | otr,/publication/otr-notice-2015-08-notice-regarding-home-improvement-contract-mechanics-liens-and,1
"OTR Notice 2015-09: DC Court of Appeals Decision in NBC Subsidiary WRC-TV, LLC v. District of Columbia | otr",/node/1130382,8
"OTR Notice 2015-09: DC Court of Appeals Decision in NBC Subsidiary WRC-TV, LLC v. District of Columbia | otr",/publication/otr-notice-2015-09-dc-court-appeals-decision-nbc-subsidiary-wrc-tv-llc-v-district,2
OTR Notice 2016-01: Notice Regarding Home Improvement Contract Mechanic's Liens and Subcontractors | otr,/node/1134417,10
OTR Notice 2016-02: Application of Personal Exemption Phase-out Provision | otr,/node/1149956,12
OTR Notice 2016-02: Application of Personal Exemption Phase-out Provision | otr,/publication/otr-notice-2016-02-application-personal-exemption-phase-out-provision,5
"OTR Notice 2016-03: To Tobacco Products Wholesalers Cigarette Tax Rate Increase to $2.92 Effective October 1, 2016 | otr",/node/1189931,9
OTR Notice 2016-04: District of Columbia Motor Fuel Tax Rate Unchanged | otr,/node/1189936,11
OTR Notice 2016-04: District of Columbia Motor Fuel Tax Rate Unchanged | otr,/publication/otr-notice-2016-04-district-columbia-motor-fuel-tax-rate-unchanged,5
OTR Notice 2017-01 DC Tax Credits for Farm to Food Donations Repealed | otr,/node/1233441,8
OTR Notice 2017-01 DC Tax Credits for Farm to Food Donations Repealed | otr,/publication/otr-notice-2017-01-dc-tax-credits-farm-food-donations-repealed,15
"OTR Notice 2017-03: To Tobacco and Vapor Products Wholesalers Cigarette Tax Rate to Increase to $2.94 Effective October 1, 2017 | otr",/node/1268061,9
"OTR Notice 2017-03: To Tobacco and Vapor Products Wholesalers Cigarette Tax Rate to Increase to $2.94 Effective October 1, 2017 | otr",/release/otr-notice-2017-03-tobacco-and-vapor-products-wholesalers-cigarette-tax-rate-increase-294,13
"OTR Notice 2019-02: South Dakota v. Wayfair, Inc. | otr",/release/otr-notice-2019-02-south-dakota-v-wayfair-inc,3
OTR Notice 2019-04 Guidance for Applicable Entities Pursuant to the Individual Taxpayer Health Insurance Responsibility Requirement Amendment Act of 2018 | otr,/node/1423626,16
OTR Notice 2019-04 Guidance for Applicable Entities Pursuant to the Individual Taxpayer Health Insurance Responsibility Requirement Amendment Act of 2018 | otr,/publication/otr-notice-2019-04-guidance-applicable-entities-pursuant-individual-taxpayer-health,11
"OTR Notice 2019-07: Cigarette Tax Rate Increase to $ 4.98 Effective October 1, 2019 | otr",/node/1429811,51
"OTR Notice 2019-07: Cigarette Tax Rate Increase to $ 4.98 Effective October 1, 2019 | otr",/publication/otr-notice-2019-07 cigarette tax rate increase  -498-effective october 1-2019,6
"OTR Notice 2020-06 Taxation of Food, Drink, and Alcohol in the District of Columbia | otr",/node/1479211,55
"OTR Notice 2020-06 Taxation of Food, Drink, and Alcohol in the District of Columbia | otr",/publication/otr-notice-2020-06-taxation-food-drink-and-alcohol-district-columbia,7
OTR Notice 2022-01: Clarification of Instructions for Form D-30 | otr,/node/1577111,47
OTR Notice 2022-01: Clarification of Instructions for Form D-30 | otr,/publication/otr-notice-2022-01-clarification-instructions-form-d-30,12
"OTR Notice 2022-04 Tax Deed Recordation Effective May 1, 2022 | otr",/node/1594151,49
"OTR Notice 2022-04 Tax Deed Recordation Effective May 1, 2022 | otr",/publication/otr-notice-2022-04-tax-deed-recordation-effective-may-1-2022,5
OTR Notice 2022-07 Taxability of Student Loan Forgiveness | otr,/node/1625116,52
OTR Notice 2022-07 Taxability of Student Loan Forgiveness | otr,/release/otr-notice-2022-07-taxability-student-loan-forgiveness,4
OTR Notices (ROD Related) | otr,/am/page/otr-notices-rod-related,12
OTR Notices (ROD Related) | otr,/es/page/otr-notices,5
OTR Notices (ROD Related) | otr,/es/page/otr-notices-rod-related,4
OTR Notices (ROD Related) | otr,/es/page/recorder-deeds-notices,2
OTR Notices (ROD Related) | otr,/fr/page/otr-notices,3
OTR Notices (ROD Related) | otr,/fr/page/otr-notices-rod-related,4
OTR Notices (ROD Related) | otr,/fr/page/recorder-deeds-notices,2
OTR Notices (ROD Related) | otr,/ko/page/otr-notices,1
OTR Notices (ROD Related) | otr,/ko/page/otr-notices-rod-related,5
OTR Notices (ROD Related) | otr,/ko/page/recorder-deeds-notices,1
OTR Notices (ROD Related) | otr,/node/389412,46
OTR Notices (ROD Related) | otr,/page/otr-notices-rod-related,301
OTR Notices (ROD Related) | otr,/page/recorder-deeds-notices,6
OTR Notices (ROD Related) | otr,/zh-hant/page/otr-notices-rod-related,3
OTR Notices | otr,/am/page/otr-notices,1
OTR Notices | otr,/page/otr-notices,44
OTR Offers Special Assistance for Businesses Needing a Certificate of Clean Hands | otr,/release/otr-offers-special-assistance-businesses-needing-certificate-clean-hands,7
OTR Policy Related to Processing Returns Filed With Individual Taxpayer Identification Number (ITIN) | otr,/am/node/1312531,1
OTR Policy Related to Processing Returns Filed With Individual Taxpayer Identification Number (ITIN) | otr,/es/node/1312531,2
OTR Policy Related to Processing Returns Filed With Individual Taxpayer Identification Number (ITIN) | otr,/node/1312531,1
OTR Policy Related to Processing Returns Filed With Individual Taxpayer Identification Number (ITIN) | otr,/page/otr-policy-related-processing-returns-filed-individual-taxpayer-identification-number-itin,43
OTR Press Release Translations | otr,/page/otr-press-release-translations,3
OTR Private Letter Rulings | otr,/am/page/otr-private-letter-rulings,2
OTR Private Letter Rulings | otr,/es/page/otr-private-letter-rulings,2
OTR Private Letter Rulings | otr,/fr/page/otr-private-letter-rulings,1
OTR Private Letter Rulings | otr,/ko/page/otr-private-letter-rulings,4
OTR Private Letter Rulings | otr,/node/410292,174
OTR Private Letter Rulings | otr,/page/otr-private-letter-rulings,173
OTR Private Letter Rulings | otr,/page/private-letter-rulings-tax-and-law-guidance,1
OTR Private Letter Rulings | otr,/vi/page/otr-private-letter-rulings,1
OTR Private Letter Rulings | otr,/zh-hant/page/otr-private-letter-rulings,2
OTR Recorder of Deeds | otr,/am/service/otr-recorder-deeds,13
OTR Recorder of Deeds | otr,/node/389202,590
OTR Resources and Information | otr,/node/381252,59
OTR Resources and Information | otr,/page/otr-resources-and-information,76
OTR Strategic Plan | otr,/am/node/1793661,2
OTR Strategic Plan | otr,/es/node/1793661,3
OTR Strategic Plan | otr,/fr/node/1793661,1
OTR Strategic Plan | otr,/ko/node/1793661,1
OTR Strategic Plan | otr,/page/otr-strategic-plan,52
OTR Strategic Plan | otr,/vi/node/1793661,1
OTR Tax Notice 2008-02 | otr,/publication/otr-tax-notice-2008-02,2
OTR Tax Notice 2011-06: State or Municipal Bond Income for DC Individuals | otr,/es/release/otr-tax-notice-2011-06-state-or-municipal-bond-income-dc-individuals,1
OTR Tax Notice 2011-06: State or Municipal Bond Income for DC Individuals | otr,/node/385422,4
OTR Tax Notice 2011-06: State or Municipal Bond Income for DC Individuals | otr,/release/otr-tax-notice-2011-06-state-or-municipal-bond-income-dc-individuals,59
OTR Tax Notice 2011-9 New Withholding Requirements on Distributions from Retirement Plans and Accounts | otr,/node/410512,10
OTR Tax Notice 2011-9 New Withholding Requirements on Distributions from Retirement Plans and Accounts | otr,/publication/otr-tax-notice-2011-9-new-withholding-requirements-distributions-retirement-plans-and,1
OTR Tax Notice 2013-05: District of Columbia Sales and Use Tax Rate Decrease | otr,/node/671612,13
OTR Tax Notice 2013-05: District of Columbia Sales and Use Tax Rate Decrease | otr,/publication/otr-tax-notice-2013-05-district-columbia-sales-and-use-tax-rate-decrease,1
OTR Tax Notice 2013-06: Real Property Owner’s Guide to the Tax Sale Redemption Process | otr,/node/672602,6
OTR Tax Notice 2013-06: Real Property Owner’s Guide to the Tax Sale Redemption Process | otr,/publication/otr-tax-notice-2013-06-real-property-owner’s-guide-tax-sale-redemption-process,2
OTR Tax Notice 2014-02: District of Columbia Motor Fuel Tax Rate Unchanged | otr,/node/791772,12
OTR Tax Notice 2014-02: District of Columbia Motor Fuel Tax Rate Unchanged | otr,/release/otr-tax-notice-2014-02-district-columbia-motor-fuel-tax-rate-unchanged,7
OTR Tax Notice 2017-04 Tax Relief for Victims of Hurricane Harvey or Irma | otr,/node/1273821,10
OTR Tax Notice 2017-04 Tax Relief for Victims of Hurricane Harvey or Irma | otr,/release/otr-tax-notice-2017-04-tax-relief-victims-hurricane-harvey-or-irma,3
OTR Tax Notice 2017-05 Regarding Recorder of Deeds' Discretion | otr,/node/1276711,10
OTR Tax Notice 2017-05 Regarding Recorder of Deeds' Discretion | otr,/publication/otr-tax-notice-2017-05-regarding-recorder-deeds-discretion,7
OTR Tax Notice 2017-06 | otr,/node/1279576,16
OTR Tax Notice 2017-06 | otr,/publication/otr-tax-notice-2017-06,33
OTR Tax Notice 2017-07 Reduced Recordation Tax Rate for First-Time Homebuyers | otr,/node/1260586,14
OTR Tax Notice 2017-07 Reduced Recordation Tax Rate for First-Time Homebuyers | otr,/publication/otr-tax-notice-2017-07-reduced-recordation-tax-rate-first-time-homebuyers,9
OTR Tax Notice 2018-01 Recordation Tax Exemption for Purchase Money Mortgage or Deed of Trust | otr,/node/1306401,9
OTR Tax Notice 2018-01 Recordation Tax Exemption for Purchase Money Mortgage or Deed of Trust | otr,/publication/otr-tax-notice-2018-01-recordation-tax-exemption-purchase-money-mortgage-or-deed-trust,7
OTR Tax Notice 2018-03 Tax Relief for Victims of Hurricane Florence | otr,/node/1358071,10
OTR Tax Notice 2018-03 Tax Relief for Victims of Hurricane Florence | otr,/publication/otr-tax-notice-2018-03-tax-relief-victims-hurricane-florence,5
OTR Tax Notice 2019-05 Regarding Increase in Transfer and Recordation Tax Rates for Deeds Relating to Commercial Properties Where Consideration Is $2 Million or More | otr,/node/1426561,11
OTR Tax Notice 2019-05 Regarding Increase in Transfer and Recordation Tax Rates for Deeds Relating to Commercial Properties Where Consideration Is $2 Million or More | otr,/publication/otr-tax-notice-2019-05-regarding-increase-transfer-and-recordation-tax-rates-deeds,2
OTR Tax Notice 2019-06 Regarding Revised Form FP-7C | otr,/node/1426571,9
OTR Tax Notice 2019-06 Regarding Revised Form FP-7C | otr,/publication/otr-tax-notice-2019-06-regarding-revised-form-fp-7c,6
OTR TAX Notice 2020-01 Extended Real Property Tax Due Date for Hotels and Motels Relating to the First Half Tax Year 2020 Installment | otr,/publication/otr-tax-notice-2020-01-extended-real-property-tax-due-date-hotels-and-motels-relating,56
OTR Tax Notice 2020-02: COVID-19 Emergency Sales and Use Tax Relief | otr,/publication/otr-tax-notice-2020-02-covid-19-emergency-sales-and-use-tax-relief,57
OTR Tax Notice 2020-02: COVID-19 Emergency Sales and Use Tax Relief | otr,/release/otr-tax-notice-2020-02-covid-19-emergency-sales-and-use-tax-relief,2
OTR Tax Notice 2020-03: COVID-19 Emergency Income and Franchise Tax Extension | otr,/publication/otr-tax-notice-2020-03-covid-19-emergency-income-and-franchise-tax-extension,56
OTR TAX NOTICE 2020-04 Updated Guidance for Applicable Entities Pursuant to the Individual Taxpayer Health Insurance Responsibility Requirement Amendment Act of 2018 | otr,/node/1470711,56
OTR TAX NOTICE 2020-04 Updated Guidance for Applicable Entities Pursuant to the Individual Taxpayer Health Insurance Responsibility Requirement Amendment Act of 2018 | otr,/publication/otr-tax-notice-2020-04-updated-guidance-applicable-entities-pursuant-individual-taxpayer,11
OTR Tax Notice 2020-05 COVID-19 Emergency Income and Franchise Tax Nexus | otr,/node/1472106,45
OTR Tax Notice 2020-05 COVID-19 Emergency Income and Franchise Tax Nexus | otr,/publication/otr-tax-notice-2020-05-covid-19-emergency-income-and-franchise-tax-nexus,12
OTR Tax Notice 2020-05 COVID-19 Emergency Income and Franchise Tax Nexus | otr,/release/otr-tax-notice-2020-05-covid-19-emergency-income-and-franchise-tax-nexus,16
OTR Tax Notice 2020-07 COVID-19 Franchise Tax Nexus | otr,/node/1494926,54
OTR Tax Notice 2020-07 COVID-19 Franchise Tax Nexus | otr,/publication/otr-tax-notice-2020-07-covid-19-franchise-tax-nexus,3
OTR Tax Notice 2020-08: COVID-19 Digital Signatures | otr,/node/1506681,51
OTR Tax Notice 2020-08: COVID-19 Digital Signatures | otr,/publication/otr-tax-notice-2020-08-covid-19-digital-signatures,13
OTR Tax Notice 2020-09 MyTax.DC.gov and Tax Sale | otr,/node/1510066,54
OTR Tax Notice 2020-09 MyTax.DC.gov and Tax Sale | otr,/publication/otr-tax-notice-2020-09-mytaxdcgov-and-tax-sale,5
OTR Tax Notice 2021-01: Tax Treatment of Hotel Stays for Federal Troops Deployed to the District of Columbia | otr,/node/1522646,55
OTR Tax Notice 2021-01: Tax Treatment of Hotel Stays for Federal Troops Deployed to the District of Columbia | otr,/release/otr-tax-notice-2021-01-tax-treatment-hotel-stays-federal-troops-deployed-district-columbia,8
OTR Tax Notice 2021-02 COVID-19 Emergency Income and Franchise Tax Extension | otr,/node/1528916,122
OTR Tax Notice 2021-02 COVID-19 Emergency Income and Franchise Tax Extension | otr,/release/otr-tax-notice-2021-02-covid-19-emergency-income-and-franchise-tax-extension,14
OTR Tax Notice 2021-03 Tax Treatment of Hotel Stays for Federal Troops Deployed to the District of Columbia | otr,/node/1530146,51
OTR Tax Notice 2021-04 District Treatment of Paycheck Protection Program (PPP) Loans | otr,/node/1532921,6
OTR Tax Notice 2021-04 District Treatment of Paycheck Protection Program (PPP) Loans | otr,/release/otr-tax-notice-2021-04-district-treatment-paycheck-protection-program-ppp-loans,16
OTR Tax Notice 2021-05 Tax Treatment of Grants Awarded Through the DC Small Business Recovery Microgrants Program | otr,/node/1532926,50
OTR Tax Notice 2021-05 Tax Treatment of Grants Awarded Through the DC Small Business Recovery Microgrants Program | otr,/release/otr-tax-notice-2021-05-tax-treatment-grants-awarded-through-dc-small-business-recovery,11
OTR Tax Notice 2021-06 District Treatment of Federal Unemployment Compensation Exclusion | otr,/node/1533221,47
OTR Tax Notice 2021-06 District Treatment of Federal Unemployment Compensation Exclusion | otr,/release/otr-tax-notice-2021-06-district-treatment-federal-unemployment-compensation-exclusion,7
OTR Tax Notice 2021-07 Federal Unemployment Compensation Exclusion Amended Returns | otr,/node/1540516,53
OTR Tax Notice 2021-07 Federal Unemployment Compensation Exclusion Amended Returns | otr,/release/otr-tax-notice-2021-07-federal-unemployment-compensation-exclusion-amended-returns,8
OTR Tax Notice 2021-08 Notice of Tax Rate on Other Tobacco Products for Tax Year 2022 | otr,/node/1554841,48
OTR Tax Notice 2021-08 Notice of Tax Rate on Other Tobacco Products for Tax Year 2022 | otr,/release/otr-tax-notice-2021-08-notice-tax-rate-other-tobacco-products-tax-year-2022,58
OTR Tax Notice 2021-09 Notice of Increase in the Surtax on Cigarette Packages for Tax Year 2022 | otr,/node/1554851,51
OTR Tax Notice 2021-09 Notice of Increase in the Surtax on Cigarette Packages for Tax Year 2022 | otr,/release/otr-tax-notice-2021-09-notice-increase-surtax-cigarette-packages-tax-year-2022,9
OTR Tax Notice 2022-02: Sales Tax Exemption for At-Home COVID-19 Tests | otr,/node/1577761,47
OTR Tax Notice 2022-03 District Treatment of Pass-through Entities Taxes Paid to Other Jurisdictions | otr,/node/1590361,51
OTR Tax Notice 2022-03 District Treatment of Pass-through Entities Taxes Paid to Other Jurisdictions | otr,/publication/otr-tax-notice-2022-03-district-treatment-pass-through-entities-taxes-paid-other,44
OTR Tax Notice 2022-05 4/20 Medical Cannabis Sales Tax Holiday Week | otr,/node/1596776,47
OTR Tax Notice 2022-05 4/20 Medical Cannabis Sales Tax Holiday Week | otr,/publication/otr-tax-notice-2022-05-420-medical-cannabis-sales-tax-holiday-week,4
OTR Tax Notice 2022-06 COVID-19 Franchise Tax Nexus | otr,/node/1600351,51
OTR Tax Notice 2022-06 COVID-19 Franchise Tax Nexus | otr,/publication/otr-tax-notice-2022-06-covid-19-franchise-tax-nexus,6
OTR Tax Notice 2022-08 District of Columbia Withholding for Tax Year 2022 | otr,/node/1625521,182
OTR Tax Notice 2022-08 District of Columbia Withholding for Tax Year 2022 | otr,/release/otr-tax-notice-2022-08-district-columbia-withholding-tax-year-2022,112
OTR Tax Notice 2022-09 Notice as to Applicability of Purchase Money Exemption for Security Interest Instruments | otr,/node/1630966,49
OTR Tax Notice 2022-09 Notice as to Applicability of Purchase Money Exemption for Security Interest Instruments | otr,/publication/otr-tax-notice-2022-09-notice-applicability-purchase-money-exemption-security-interest,1
OTR Tax Notice 2023-01: Sales and Use Tax Rate Increase on Transient Accommodations | otr,/node/1644456,71
OTR Tax Notice 2023-01: Sales and Use Tax Rate Increase on Transient Accommodations | otr,/release/otr-tax-notice-2023-01-sales-and-use-tax-rate-increase-transient-accommodations,456
OTR Tax Notice 2023-02: Transfer Requirements for District of Columbia Low-Income Housing Tax Credit | otr,/node/1644681,51
OTR Tax Notice 2023-02: Transfer Requirements for District of Columbia Low-Income Housing Tax Credit | otr,/release/otr-tax-notice-2023-02-transfer-requirements-district-columbia-low-income-housing-tax-credit,45
OTR Tax Notice 2023-03: Sales Tax on Additional Mandatory Charges as a Result of Initiative 82 | otr,/node/1652291,66
OTR Tax Notice 2023-03: Sales Tax on Additional Mandatory Charges as a Result of Initiative 82 | otr,/release/otr-tax-notice-2023-03-sales-tax-additional-mandatory-charges-result-initiative-82,120
OTR Tax Notice 2023-05 Uniform Commercial Code Article 9 Amendments–New Forms for Filing | otr,/node/1669381,17
OTR Tax Notice 2023-05 Uniform Commercial Code Article 9 Amendments–New Forms for Filing | otr,/publication/otr-tax-notice-2023-05-uniform-commercial-code-article-9-amendments–new-forms-filing,37
OTR Tax Notice 2024-01: Recorder of Deeds Surcharge | otr,/node/1724746,83
OTR Tax Notice 2024-01: Recorder of Deeds Surcharge | otr,/publication/otr-tax-notice-2024-01-recorder-deeds-surcharge,3
OTR Tax Notice 2024-02: Lease Assignment Notice | otr,/node/1724891,62
OTR Tax Notice 2024-02: Lease Assignment Notice | otr,/publication/otr-tax-notice-2024-02-lease-assignment-notice,8
OTR Tax Notice 2024-03: Purchase Money | otr,/node/1737751,83
OTR Tax Notice 2024-03: Purchase Money | otr,/publication/otr-tax-notice-2024-03-purchase-money,3
OTR Tax Notices and Guidance | otr,/am/page/otr-tax-notices-and-guidance,10
OTR Tax Notices and Guidance | otr,/es/page/otr-tax-notices-and-guidance,2
OTR Tax Notices and Guidance | otr,/fr/page/otr-tax-notices-and-guidance,1
OTR Tax Notices and Guidance | otr,/ko/page/otr-tax-notices-and-guidance,29
OTR Tax Notices and Guidance | otr,/node/400702,1274
OTR Tax Notices and Guidance | otr,/page/notices-tax-law-and-guidance,2
OTR Tax Notices and Guidance | otr,/page/otr-tax-notices-and-guidance,405
OTR Tax Notices and Guidance | otr,/vi/page/otr-tax-notices-and-guidance,3
OTR Tax Notices and Guidance | otr,/zh-hant/page/otr-tax-notices-and-guidance,2
OTR Tax Rulings | otr,/am/page/otr-tax-rulings,1
OTR Tax Rulings | otr,/es/page/otr-tax-rulings,2
OTR Tax Rulings | otr,/fr/page/otr-tax-rulings,1
OTR Tax Rulings | otr,/ko/page/otr-tax-rulings,4
OTR Tax Rulings | otr,/node/401862,151
OTR Tax Rulings | otr,/page/otr-tax-rulings,154
OTR Tax Rulings | otr,/page/tax-rulings-tax-law-and-guidance,2
OTR Tax Rulings | otr,/vi/page/otr-tax-rulings,1
OTR Tax Rulings | otr,/zh-hant/page/otr-tax-rulings,2
"OTR to Hold Annual Tax Practitioner’s Institute Workshop on January 13, 2026 | otr",/es/node/1809841,1
"OTR to Hold Annual Tax Practitioner’s Institute Workshop on January 13, 2026 | otr",/release/otr-hold-annual-tax-practitioner’s-institute-workshop-january-13-2026,34
"OTR to Hold Annual Tax Practitioner’s Institute Workshop on January 13, 2026 | otr",/zh-hant/node/1809841,1
"OTR to Hold Its Annual Tax Practitioner's Institute Workshop Virtually on January 11, 2024 | otr",/release/otr-hold-its-annual-tax-practitioners-institute-workshop-virtually-january-11-2024,15
OTR to Host Free Tax Filing Webinars to Help DC Residents Navigate the 2025 Tax Season | otr,/node/1770116,4
OTR to Host Free Tax Filing Webinars to Help DC Residents Navigate the 2025 Tax Season | otr,/release/otr-host-free-tax-filing-webinars-help-dc-residents-navigate-2025-tax-season,297
OTR Voluntary Disclosure Program | otr,/node/396682,5
OTR Voluntary Disclosure Program | otr,/publication/otr-voluntary-disclosure-program,22
OTR Warns About Scams Involving Federal Payments For Individuals | otr,/release/otr-warns-about-scams-involving-federal-payments-individuals,7
OTR Welcomes Paul Smith as Its Taxpayer Advocate | otr,/release/otr-welcomes-paul-smith-its-taxpayer-advocate,8
OTR-10 Instructions for Submitting Offers in Compromise | otr,/node/377562,104
OTR-10 Instructions for Submitting Offers in Compromise | otr,/publication/otr-10-instructions-submitting-offers-compromise,4
OTR-40 Questionnaire for Determining Responsibility for Corporate Taxes | otr,/node/407732,49
OTR-40 Questionnaire for Determining Responsibility for Corporate Taxes | otr,/publication/otr-40-questionnaire-determining-responsibility-corporate-taxes-00,4
OTR’s Operations and COVID-19 | otr,/release/otr’s-operations-and-covid-19,4
PA-1 Collection Information Statement for Individuals | otr,//publication/pa-1-collection-information-statement-individuals,128
PA-1 Collection Information Statement for Individuals | otr,/node/381922,184
PA-1 Collection Information Statement for Individuals | otr,/publication/pa-1-collection-information-statement-individuals,98
PA-2 Collection Information Statement for Businesses | otr,//publication/pa-2-collection-information-statement-businesses,128
PA-2 Collection Information Statement for Businesses | otr,/node/382112,156
PA-2 Collection Information Statement for Businesses | otr,/publication/pa-2-collection-information-statement-businesses,29
Paid Family Leave Taxability | otr,/am/node/1513711,4
Paid Family Leave Taxability | otr,/es/node/1513711,1
Paid Family Leave Taxability | otr,/node/1513711,4
Paid Family Leave Taxability | otr,/page/paid-family-leave-taxability,400
Parking Sales and Use Tax Rate Increase | otr,/fr/release/parking-sales-and-use-tax-rate-increase,1
Parking Sales and Use Tax Rate Increase | otr,/node/385672,21
Parking Sales and Use Tax Rate Increase | otr,/publication/parking-sales-and-use-tax-rate-increase,14
Parking Sales and Use Tax Rate Increase | otr,/release/parking-sales-and-use-tax-rate-increase,209
Participate as a Vendor During the 2025 Presidential Inauguration | otr,/page/participate-vendor-during-2025-presidential-inauguration,36
Partnership Tax Forms | otr,/am/node/1794891,4
Partnership Tax Forms | otr,/es/node/1794891,3
Partnership Tax Forms | otr,/fr/node/1794891,1
Partnership Tax Forms | otr,/ko/node/1794891,1
Partnership Tax Forms | otr,/page/partnership-tax-forms,384
Partnership Tax Forms | otr,/vi/node/1794891,1
Payment Options | otr,/PAGE/PAYMENT-OPTIONS,1
Payment Options | otr,/am/page/payment-options,5
Payment Options | otr,/es/page/payment-options,4
Payment Options | otr,/fr/page/payment-options,9
Payment Options | otr,/node/571602,222
Payment Options | otr,/page/payment-options,4154
Payment Options | otr,/vi/page/payment-options,15
Payment Options for Individual Income Tax | otr,/node/384762,111
Payment Options for Individual Income Tax | otr,/service/payment-options-individual-income-tax,1706
Personal Income and Fiduciary Tax Forms and Publications | otr,/page/personal-income-and-fiduciary-tax-forms-and-publications,3
Personal Property Business Tax Forms for 2018 | otr,/node/394132,30
Personal Property Business Tax Forms for 2018 | otr,/page/personal-property-business-tax-forms-2018,10
Personal Property Business Tax Forms for 2019 | otr,/page/personal-property-business-tax-forms-2019,19
Personal Property Business Tax Forms for 2020 | otr,/node/1417216,2
Personal Property Business Tax Forms for 2020 | otr,/page/personal-property-business-tax-forms-2020,303
Personal Property Tax | otr,/am/node/1345416,5
Personal Property Tax | otr,/es/node/1345416,3
Personal Property Tax | otr,/fr/node/1345416,1
Personal Property Tax | otr,/ko/node/1345416,1
Personal Property Tax | otr,/page/personal-property-tax,2508
Personal Property Tax | otr,/vi/node/1345416,1
Personal Property Tax Instructions | otr,/am/node/1803826,1
Personal Property Tax Instructions | otr,/es/node/1803826,1
Personal Property Tax Instructions | otr,/fr/node/1803826,6
Personal Property Tax Instructions | otr,/node/1803826,250
Personal Property Tax Instructions | otr,/page/personal-property-tax-instructions,158
Personal Property Tax TDI FAQs | otr,/page/personal-property-tax-tdi-faqs,250
Power of Attorney | otr,/am/node/1799266,2
Power of Attorney | otr,/es/node/1799266,2
Power of Attorney | otr,/fr/node/1799266,1
Power of Attorney | otr,/ko/node/1799266,2
Power of Attorney | otr,/page/power-attorney,1094
Power of Attorney | otr,/vi/node/1799266,1
Power of Attorney | otr,/zh-hant/node/1799266,2
Power of Attorney Requirement | otr,/node/401172,14
Power of Attorney Requirement | otr,/publication/power-attorney-requirement,9
Prestations du programme | otr,/node/1156842/revisions/6764436/view,1
Prior Year Personal Property Business Tax Forms | otr,/es/page/prior-year-personal-property-business-tax-forms,21
Prior Year Personal Property Business Tax Forms | otr,/page/prior-year-personal-property-business-tax-forms,91
Prior Year Tax Forms | otr,/page/prior-year-tax-forms,234
Process by Which to Record a Foreign Judgment With the DC Recorder of Deeds | otr,/node/400862,27
Process by Which to Record a Foreign Judgment With the DC Recorder of Deeds | otr,/publication/process-which-record-foreign-judgment-dc-recorder-deeds,31
Professional Baseball Ballpark Fee - Required to File and Make Payments Electronically | otr,/node/389212,21
Professional Baseball Ballpark Fee - Required to File and Make Payments Electronically | otr,/publication/requirement-file-ballpark-fee-and-make-payments-electronically-00,17
Professional Baseball Ballpark Fee Instructions | otr,/node/389182,78
Professional Baseball Ballpark Fee Instructions | otr,/publication/professional-baseball-ballpark-fee-instructions,128
Professional Baseball Ballpark Sales Tax Regulations | otr,/node/389232,13
Professional Baseball Ballpark Sales Tax Regulations | otr,/publication/professional-baseball-ballpark-sales-tax-regulations,10
Professional Baseball-Related Fees and Taxes | otr,/es/page/professional-baseball-related-fees-and-taxes,2
Professional Baseball-Related Fees and Taxes | otr,/ko/page/professional-baseball-related-fees-and-taxes,1
Professional Baseball-Related Fees and Taxes | otr,/node/389162,9
Professional Baseball-Related Fees and Taxes | otr,/page/professional-baseball-related-fees-and-taxes,77
Professional Baseball-Related Fees and Taxes | otr,/vi/page/professional-baseball-related-fees-and-taxes,19
Properties Exempt From Taxation | otr,/am/publication/properties-exempt-taxation,3
Properties Exempt From Taxation | otr,/es/publication/properties-exempt-taxation,2
Properties Exempt From Taxation | otr,/fr/publication/properties-exempt-taxation,2
Properties Exempt From Taxation | otr,/node/1333516,9
Properties Exempt From Taxation | otr,/publication/properties-exempt-taxation,272
Properties Exempt From Taxation | otr,/publication/properties-exempt-taxation-fy-2018,1
Properties Exempt From Taxation | otr,/publication/properties-exempt-taxation-fy-2021,4
Properties Exempt From Taxation | otr,/publication/properties-exempt-taxation-fy-2022,5
Properties Exempt From Taxation | otr,/publication/properties-exempt-taxation-fy-2023,4
Protection of Privacy | otr,/page/protection-privacy,6
Public Space Rental Change of Address | otr,/node/1318846,38
Public Space Rental Change of Address | otr,/publication/public-space-rental-change-address,9
Publications | otr,/PUBLICATIONS/REQUEST-WAIVER-PENALTIES-FAILURE-FILE-INCOME-EXPENSE-FORM,1
Publications | otr,/publications,29
Publications | otr,/publications/,1
Publications | otr,/publications/FP-100,58
Publications | otr,/publications/MyTax.DC.gov,1
Publications | otr,/publications/jserrors/aggregate,1
Publications | otr,/publications/maps,14
Publications | otr,/publications/page_action/aggregate,8
Publications | otr,/publications/request-waiver-form,1
Publications | otr,/publications/request-waiver-penalties-failure-file-income-expense-form,6
Publications | Page 10 | otr,/publications/spa/aggregate,4
Publications | Page 2 | otr,/publications/metrics/aggregate,11
Publications | Page 2 | otr,/publications/request-waiver/-penalties-failure-income-expense-form,4
Publications | Page 238 | otr,/publications/page_view_timing/aggregate,4
Publications | Page 69 | otr,/publications/page_view_event/aggregate,6
Publications List | otr,/publications-list,3
Qualified High Technology Companies (QHTCs) | otr,/am/node/1295051,17
Qualified High Technology Companies (QHTCs) | otr,/node/1295051,14
Qualified High Technology Companies (QHTCs) | otr,/page/qualified-high-technology-companies-qhtcs,439
Qualified High Technology Companies (QHTCs) | otr,/vi/node/1295051,5
Qualified High Technology Companies | otr,/node/401942,2
Qualified High Technology Companies | otr,/publication/qualified-high-technology-companies,5
Qualified High-Tech Companies Tax Forms | otr,/am/page/qualified-high-tech-companies-tax-forms,6
Qualified High-Tech Companies Tax Forms | otr,/node/397422,7
Qualified High-Tech Companies Tax Forms | otr,/page/qualified-high-tech-companies-tax-forms,95
Qualified High-Tech Companies Tax Forms | otr,/vi/page/qualified-high-tech-companies-tax-forms,6
Qualified High-Tech Companies Tax Forms | otr,/zh-hant/page/qualified-high-tech-companies-tax-forms,2
Qualified Hi-Tech Companies (QHTC) Tax Forms | otr,/page/qualified-hi-tech-companies-qhtc-tax-forms,2
Real Property | otr,/am/node/1791286,29
Real Property | otr,/es/node/1791286,3
Real Property | otr,/fr/node/1791286,2
Real Property | otr,/ko/node/1791286,1
Real Property | otr,/node/1791286,69
Real Property | otr,/page/real-property,5390
Real Property | otr,/vi/node/1791286,1
Real Property | otr,/zh-hant/node/1791286,2
"Real Property and Bid Tax Payments, and Electronic Bill Notification | otr",/am/page/real-property-and-bid-tax-payments-and-electronic-bill-notification,13
"Real Property and Bid Tax Payments, and Electronic Bill Notification | otr",/es/page/real-property-and-bid-tax-payments-and-electronic-bill-notification,1
"Real Property and Bid Tax Payments, and Electronic Bill Notification | otr",/es/page/real-propertybid-tax-payments,1
"Real Property and Bid Tax Payments, and Electronic Bill Notification | otr",/ko/page/real-property-and-bid-tax-payments-and-electronic-bill-notification,5
"Real Property and Bid Tax Payments, and Electronic Bill Notification | otr",/ko/page/real-propertybid-tax-payments,3
"Real Property and Bid Tax Payments, and Electronic Bill Notification | otr",/node/409092,1437
"Real Property and Bid Tax Payments, and Electronic Bill Notification | otr",/page/real-property-and-bid-tax-payments-and-electronic-bill-notification,3164
"Real Property and Bid Tax Payments, and Electronic Bill Notification | otr",/page/real-propertybid-tax-payments,1
"Real Property and Bid Tax Payments, and Electronic Bill Notification | otr",/zh-hant/page/real-property-and-bid-tax-payments-and-electronic-bill-notification,3
Real Property Assessment Appeal Rights & Application | otr,/am/page/real-property-assessment-appeal-rights-application,1
Real Property Assessment Appeal Rights & Application | otr,/es/page/real-property-assessment-appeal-rights-application,2
Real Property Assessment Appeal Rights & Application | otr,/fr/page/real-property-assessment-appeal-rights-application,2
Real Property Assessment Appeal Rights & Application | otr,/node/1019932,284
Real Property Assessment Appeal Rights & Application | otr,/page/first-level-administrative-review-application,1
Real Property Assessment Appeal Rights & Application | otr,/page/real-property-assessment-appeal-rights-application,752
Real Property Assessment Appeal Rights & Application | otr,/vi/page/real-property-assessment-appeal-rights-application,1
Real Property Assessment Appeal Rights & Application | otr,/zh-hant/page/real-property-assessment-appeal-rights-application,15
Real Property Assessment Process | otr,/am/page/real-property-assessment-process-0,3
Real Property Assessment Process | otr,/es/page/real-property-assessment-process-0,3
Real Property Assessment Process | otr,/fr/page/real-property-assessment-process-0,1
Real Property Assessment Process | otr,/node/388692,344
Real Property Assessment Process | otr,/page/real-property-assessment-process-0,1486
Real Property Assessment Process | otr,/vi/page/real-property-assessment-process-0,1
Real Property Assessments and Appeals | otr,/es/node/377492,2
Real Property Assessments and Appeals | otr,/vi/node/377492,2
Real Property Assessments and Appeals FAQs | otr,/am/page/real-property-assessments-and-appeals-faqs,4
Real Property Assessments and Appeals FAQs | otr,/es/page/real-property-assessments-and-appeals-faqs,3
Real Property Assessments and Appeals FAQs | otr,/node/383992,12
Real Property Assessments and Appeals FAQs | otr,/page/real-property-assessments-and-appeals-faqs,722
Real Property FAQs | otr,/am/node/1794811,2
Real Property FAQs | otr,/es/node/1794811,3
Real Property FAQs | otr,/fr/node/1794811,8
Real Property FAQs | otr,/ko/node/1794811,1
Real Property FAQs | otr,/node/1794811,53
Real Property FAQs | otr,/page/real-property-faqs,496
Real Property FAQs | otr,/vi/node/1794811,1
Real Property Frequently Asked Questions (FAQs) | otr,/es/node/377482,1
Real Property Frequently Asked Questions (FAQs) | otr,/vi/node/377482,1
Real Property Geographic Information Systems (GIS) Program | otr,/am/page/real-property-geographic-information-systems-gis-program,2
Real Property Geographic Information Systems (GIS) Program | otr,/es/page/real-property-geographic-information-systems-gis-program,3
Real Property Geographic Information Systems (GIS) Program | otr,/fr/page/real-property-geographic-information-systems-gis-program,1
Real Property Geographic Information Systems (GIS) Program | otr,/ko/page/real-property-geographic-information-systems-gis-program,4
Real Property Geographic Information Systems (GIS) Program | otr,/node/388812,51
Real Property Geographic Information Systems (GIS) Program | otr,/page/real-property-geographic-information-systems-gis-program,6866
Real Property Geographic Information Systems (GIS) Program | otr,/page/real-property-geographic-information-systems-gis-program/,1
Real Property Geographic Information Systems (GIS) Program | otr,/vi/page/real-property-geographic-information-systems-gis-program,2
Real Property Online Income and Expense Reports (Electronic) | otr,/node/1143701,294
Real Property Online Income and Expense Reports (Electronic) | otr,/page/real-property-online-income-and-expense-reports-electronic,342
Real Property Online Income and Expense Reports (Electronic) | otr,/page/real-property-online-income-and-expense-reports-tax-year-2023-electronic,4
Real Property Owner’s Guide to the Tax Sale Redemption Process | otr,/publication/real-property-owners-guide-tax-sale-redemption-process,109
Real Property Payments & Billing | otr,/am/node/1793911,8
Real Property Payments & Billing | otr,/es/node/1793911,7
Real Property Payments & Billing | otr,/fr/node/1793911,3
Real Property Payments & Billing | otr,/ko/node/1793911,2
Real Property Payments & Billing | otr,/page/real-property-payments-billing,3558
Real Property Payments & Billing | otr,/vi/node/1793911,3
Real Property Public Extract Records | otr,/am/page/real-property-public-extract-records,10
Real Property Public Extract Records | otr,/es/page/real-property-public-extract-and-billingpayment-records,1
Real Property Public Extract Records | otr,/es/page/real-property-public-extract-records,31
Real Property Public Extract Records | otr,/ko/page/real-property-public-extract-records,1
Real Property Public Extract Records | otr,/node/388822,3436
Real Property Public Extract Records | otr,/page/real-property-public-extract-and-billingpayment-records,4
Real Property Public Extract Records | otr,/page/real-property-public-extract-records,4722
Real Property Public Extract Records | otr,/vi/page/real-property-public-extract-records,1
Real Property Tax Bill Due Dates and Delayed Tax Bills | otr,/am/page/real-property-tax-bill-due-dates-and-delayed-tax-bills,6
Real Property Tax Bill Due Dates and Delayed Tax Bills | otr,/es/page/real-property-tax-bill-due-dates-and-delayed-tax-bills,6
Real Property Tax Bill Due Dates and Delayed Tax Bills | otr,/es/page/real-property-tax-bills-due-dates-and-delayed-bills,1
Real Property Tax Bill Due Dates and Delayed Tax Bills | otr,/fr/page/real-property-tax-bill-due-dates-and-delayed-tax-bills,1
Real Property Tax Bill Due Dates and Delayed Tax Bills | otr,/fr/page/real-property-tax-bills-due-dates-and-delayed-bills,3
Real Property Tax Bill Due Dates and Delayed Tax Bills | otr,/ko/page/real-property-tax-bill-due-dates-and-delayed-tax-bills,24
Real Property Tax Bill Due Dates and Delayed Tax Bills | otr,/node/409022,620
Real Property Tax Bill Due Dates and Delayed Tax Bills | otr,/page/real-property-tax-bill-due-dates-and-delayed-tax-bills,2709
Real Property Tax Bill Due Dates and Delayed Tax Bills | otr,/page/real-property-tax-bills-due-dates-and-delayed-bills,1
Real Property Tax Bill Due Dates and Delayed Tax Bills | otr,/vi/page/real-property-tax-bill-due-dates-and-delayed-tax-bills,5
Real Property Tax Brochure | otr,/node/1139487,27
Real Property Tax Brochure | otr,/publication/real-property-tax-brochure,2
Real Property Tax Certificate | otr,/am/node/1288211,12
Real Property Tax Certificate | otr,/es/node/1288211,3
Real Property Tax Certificate | otr,/ko/node/1288211,1
Real Property Tax Certificate | otr,/node/1288211,1
Real Property Tax Certificate | otr,/page/real-property-tax-certificate,887
Real Property Tax Certificate | otr,/vi/node/1288211,8
Real Property Tax Credits | otr,/book/real-property-faqs/real-property-tax-credits,42
Real Property Tax Credits | otr,/es/node/377552,2
Real Property Tax Credits | otr,/ko/node/377552,2
Real Property Tax Credits | otr,/page/real-property-tax-credits,8
Real Property Tax Credits Frequently Asked Questions (FAQs) | otr,/am/page/real-property-tax-credits-frequently-asked-questions-faqs,1
Real Property Tax Credits Frequently Asked Questions (FAQs) | otr,/node/409702,5
Real Property Tax Credits Frequently Asked Questions (FAQs) | otr,/page/real-property-tax-credits-frequently-asked-questions-faqs,354
Real Property Tax Database Search | otr,/PAGE/REAL-PROPERTY-TAX-DATABASE-SEARCH,4
Real Property Tax Database Search | otr,/am/page/real-property-tax-database-search,192
Real Property Tax Database Search | otr,/es/page/real-property-tax-database-search,19
Real Property Tax Database Search | otr,/fr/page/real-property-tax-database-search,5
Real Property Tax Database Search | otr,/ko/page/real-property-tax-database-search,5
Real Property Tax Database Search | otr,/node/388872,720
Real Property Tax Database Search | otr,/node/388872.,3
Real Property Tax Database Search | otr,/page/real-property-tax-database-search,127228
Real Property Tax Database Search | otr,/page/real-property-tax-database-search/,7
Real Property Tax Database Search | otr,/vi/page/real-property-tax-database-search,4
Real Property Tax Database Search | otr,/zh-hant/page/real-property-tax-database-search,2
Real Property Tax Forms | otr,/am/page/real-property-tax-forms,6
Real Property Tax Forms | otr,/es/page/real-property-tax-forms,2
Real Property Tax Forms | otr,/fr/page/real-property-tax-forms,22
Real Property Tax Forms | otr,/node/392602,160
Real Property Tax Forms | otr,/page/real-property-tax-forms,2206
Real Property Tax Forms | otr,/vi/page/real-property-tax-forms,5
Real Property Tax Forms | otr,/zh-hant/page/real-property-tax-forms,2
Real Property Tax Lien Sale and Resources | otr,/am/page/real-property-tax-lien-sale-and-resources,57
Real Property Tax Lien Sale and Resources | otr,/es/page/real-property-tax-lien-sale-and-resources,27
Real Property Tax Lien Sale and Resources | otr,/es/page/real-property-tax-sale,2
Real Property Tax Lien Sale and Resources | otr,/fr/page/real-property-tax-lien-sale,2
Real Property Tax Lien Sale and Resources | otr,/fr/page/real-property-tax-lien-sale-and-resources,10
Real Property Tax Lien Sale and Resources | otr,/fr/page/real-property-tax-sale,3
Real Property Tax Lien Sale and Resources | otr,/ko/page/real-property-tax-lien-sale-and-resources,232
Real Property Tax Lien Sale and Resources | otr,/ko/page/real-property-tax-sale,2
Real Property Tax Lien Sale and Resources | otr,/node/409122,92
Real Property Tax Lien Sale and Resources | otr,/page/annual-real-property-tax-sale,1
Real Property Tax Lien Sale and Resources | otr,/page/real-property-tax-lien-sale-and-resources,7089
Real Property Tax Lien Sale and Resources | otr,/page/real-property-tax-sale,1
Real Property Tax Lien Sale and Resources | otr,/vi/page/real-property-tax-lien-sale-and-resources,13
Real Property Tax Lien Sale and Resources | otr,/vi/page/real-property-tax-sale,3
Real Property Tax Rates | otr,/am/page/real-property-tax-rates,34
Real Property Tax Rates | otr,/es/page/real-property-tax-rates,10
Real Property Tax Rates | otr,/fr/page/real-property-tax-rates,13
Real Property Tax Rates | otr,/node/389122,574
Real Property Tax Rates | otr,/page/real-property-tax-rates,5267
Real Property Tax Rates | otr,/page/real-property-tax-rates/,1
Real Property Tax Rates and Billing | otr,/am/node/377592,36
Real Property Tax Rates and Billing | otr,/book/real-property-faqs/real-property-tax-rates-and-billing,109
Real Property Tax Rates and Billing | otr,/es/node/377592,2
Real Property Tax Rates and Billing | otr,/fr/node/377592,18
Real Property Tax Rates and Billing FAQs | otr,/node/384102,9
Real Property Tax Rates and Billing FAQs | otr,/page/real-property-tax-rates-and-billing-faqs,783
Real Property Tax Relief | otr,/am/node/1793916,2
Real Property Tax Relief | otr,/es/node/1793916,3
Real Property Tax Relief | otr,/fr/node/1793916,2
Real Property Tax Relief | otr,/ko/node/1793916,1
Real Property Tax Relief | otr,/page/real-property-tax-relief,538
Real Property Tax Relief | otr,/vi/node/1793916,1
Real Property Tax Relief and Tax Credits | otr,/page/real-property-tax-relief-and-tax-credits,598
"Real Property Tax Reliefs, Credits, and Deductions | otr",/am/page/real-property-tax-reliefs-credits-and-deductions,13
"Real Property Tax Reliefs, Credits, and Deductions | otr",/es/page/other-credits-and-deductions,1
"Real Property Tax Reliefs, Credits, and Deductions | otr",/es/page/real-property-tax-reliefs-credits-and-deductions,41
"Real Property Tax Reliefs, Credits, and Deductions | otr",/fr/page/other-credits-and-deductions,2
"Real Property Tax Reliefs, Credits, and Deductions | otr",/fr/page/real-property-tax-reliefs-credits-and-deductions,33
"Real Property Tax Reliefs, Credits, and Deductions | otr",/node/409842,325
"Real Property Tax Reliefs, Credits, and Deductions | otr",/page/other-credits-and-deductions,1
"Real Property Tax Reliefs, Credits, and Deductions | otr",/page/real-property-tax-reliefs-credits-and-deductions,4108
"Real Property Tax Reliefs, Credits, and Deductions | otr",/vi/page/real-property-tax-reliefs-credits-and-deductions,20
"Real Property Tax Reliefs, Credits, and Deductions | otr",/zh-hant/page/real-property-tax-reliefs-credits-and-deductions,5
Real Property Tax Returns | otr,/page/real-property-tax-returns,64
Real Property Tax Sale | otr,/node/401962,45
Real Property Tax Sale | otr,/publication/real-property-tax-sale,2
Real Property Tax Service Center | otr,/am/service/real-property-tax-service-center,2
Real Property Tax Service Center | otr,/service/real-property-tax-service-center,1468
Real Property Tax Suite Now Available at MyTax.DC.gov | otr,/node/1511646,3
Real Property Tax Suite Now Available at MyTax.DC.gov | otr,/release/real-property-tax-suite-now-available-mytaxdcgov,79
Real Property Taxpayers | otr,/am/service/real-property-taxpayers,14
Real Property Taxpayers | otr,/service/real-property-taxpayers,2324
Real Property Use Code Listing | otr,/node/388852,270
Real Property Use Code Listing | otr,/publication/real-property-use-code-listing,37
Real Property/Bid Tax Online Bill Payment | otr,/am/page/real-propertybid-tax-online-bill-payment,15
Real Property/Bid Tax Online Bill Payment | otr,/es/page/real-propertybid-tax-online-bill-payment,1
Real Property/Bid Tax Online Bill Payment | otr,/fr/page/real-propertybid-tax-online-bill-payment,2
Real Property/Bid Tax Online Bill Payment | otr,/ko/page/real-propertybid-tax-online-bill-payment,3
Real Property/Bid Tax Online Bill Payment | otr,/node/388742,124
Real Property/Bid Tax Online Bill Payment | otr,/page/real-propertybid-tax-online-bill-payment,6406
Real Property/Bid Tax Online Bill Payment | otr,/vi/page/real-propertybid-tax-online-bill-payment,1
Rebate Programs-Resource Manual | otr,/node/1470736,2
Rebate Programs-Resource Manual | otr,/publication/rebate-programs-resource-manual,3
Recall and Review of OTR Rulings | otr,/node/410522,9
Recall and Review of OTR Rulings | otr,/publication/recall-and-review-otr-rulings,1
Recordation & Transfer Tax Exemption Requirements | otr,/am/node/1793851,4
Recordation & Transfer Tax Exemption Requirements | otr,/es/node/1793851,9
Recordation & Transfer Tax Exemption Requirements | otr,/fr/node/1793851,1
Recordation & Transfer Tax Exemption Requirements | otr,/ko/node/1793851,1
Recordation & Transfer Tax Exemption Requirements | otr,/page/recordation-transfer-tax-exemption-requirements,543
Recordation & Transfer Tax Exemption Requirements | otr,/page/recording-transfer-tax-exemption-requirements,2
Recordation & Transfer Tax Exemption Requirements | otr,/zh-hant/node/1793851,2
Recordation and Transfer Tax Reduction Act of 2004 | otr,/node/401392,10
Recordation and Transfer Tax Reduction Act of 2004 | otr,/publication/recordation-and-transfer-tax-reduction-act-2004,3
"Recordation, Transfer Tax Exemptions for Qualified Personal Residence Trust | otr",/node/402372,11
Recorder of Deeds - Document Images | otr,/am/service/recorder-deeds-document-images,64
Recorder of Deeds - Document Images | otr,/es/service/recorder-deeds-document-images,271
Recorder of Deeds - Document Images | otr,/ko/service/recorder-deeds-document-images,1
Recorder of Deeds - Document Images | otr,/node/381242,1102
Recorder of Deeds - Document Images | otr,/service/recorder-deeds-document-images,30956
Recorder of Deeds - Fee Charges | otr,/node/380622,49
Recorder of Deeds - Fee Charges | otr,/service/recorder-deeds-fee-charges,227
Recorder of Deeds | otr,/am/node/1791291,8
Recorder of Deeds | otr,/es/node/1791291,12
Recorder of Deeds | otr,/fr/node/1791291,3
Recorder of Deeds | otr,/ko/node/1791291,3
Recorder of Deeds | otr,/node/1791291,69
Recorder of Deeds | otr,/page/recorder-deeds,5979
Recorder of Deeds | otr,/page/recorder-deeds/,1
Recorder of Deeds | otr,/vi/node/1791291,1
Recorder of Deeds | otr,/zh-hant/node/1791291,2
Recorder of Deeds Frequently Asked Questions (FAQs) | otr,/node/380672,96
Recorder of Deeds Frequently Asked Questions (FAQs) | otr,/service/recorder-deeds-frequently-asked-questions-faqs,860
Recorder of Deeds New Fee Structure | otr,/node/400772,10
Recorder of Deeds Services | otr,/service/recorder-deeds-services,892
Recorder of Deeds Tax Forms | otr,/am/node/392942,6
Recorder of Deeds Tax Forms | otr,/book/recorder-deeds-tax-forms,4156
Recorder of Deeds Tax Forms | otr,/es/node/392942,7
Recorder of Deeds Tax Forms | otr,/fr/node/392942,4
Recorder of Deeds Tax Forms | otr,/ko/node/392942,1
Recorder of Deeds Tax Forms | otr,/node/392942,315
Recorder of Deeds Tax Forms | otr,/vi/node/392942,1
Recorder of Deeds Tax Forms | otr,/zh-hant/node/392942,1
Refund FAQs | otr,/am/node/1794966,2
Refund FAQs | otr,/es/node/1794966,3
Refund FAQs | otr,/fr/node/1794966,1
Refund FAQs | otr,/ko/node/1794966,1
Refund FAQs | otr,/page/refund-faqs,79
Refund FAQs | otr,/vi/node/1794966,1
Refund FAQs | otr,/zh-hant/node/1794966,2
Refunds-Protective Claim | otr,/node/402312,28
Refunds-Protective Claim | otr,/publication/refunds-protective-claim,7
Refunds-Statute of Limitations DC Official Code: 47-4304 | otr,/node/402342,16
Refunds-Statute of Limitations DC Official Code: 47-4304 | otr,/publication/refunds-statute-limitations-dc-official-code-47-4304,11
Register for Residential Property Split Tax Rate Changes Webinars | otr,/page/register-residential-property-split-tax-rate-changes-webinars,9
Rental Property and Unincorporated Business Filing Requirements/Instructions | otr,/node/401452,17
Rental Property and Unincorporated Business Filing Requirements/Instructions | otr,/publication/rental-property-and-unincorporated-business-filing-requirementsinstructions,158
Repeats | otr,/node/835082/repeats,1
Request an OTR Speaker | otr,/page/request-otr-speaker,2
Request for Certified Copy of a Return | otr,/node/1804921,53
Request for Certified Copy of a Return | otr,/publication/request-certified-copy-return,29
Request for Certified Copy of Individual or Business Tax Return | otr,/publication/request-certified-copy-individual-or-business-tax-return,21
Request for Reconsideration of a Collection Decision | otr,/am/page/request-reconsideration-collection-decision,1
Request for Reconsideration of a Collection Decision | otr,/es/page/request-reconsideration-collection-decision,2
Request for Reconsideration of a Collection Decision | otr,/fr/page/request-reconsideration-collection-decision,1
Request for Reconsideration of a Collection Decision | otr,/ko/page/request-reconsideration-collection-decision,1
Request for Reconsideration of a Collection Decision | otr,/node/389012,2
Request for Reconsideration of a Collection Decision | otr,/page/request-reconsideration-collection-decision,256
Request for Reconsideration of a Collection Decision | otr,/page/request-reconsideration-decision,3
Request for Reconsideration of a Collection Decision | otr,/zh-hant/page/request-reconsideration-collection-decision,2
Request for Waiver of Penalties for Failure to File an Income - Expense Form | otr,/PUBLICATION/REQUEST-WAIVER-PENALTIES-FAILURE-FILE-INCOME-EXPENSE-FORM,1
Request for Waiver of Penalties for Failure to File an Income - Expense Form | otr,/publication/request-waiver-penalties-failure-file-income-expense-form,515
Requirement to File Ballpark Fee and to Make Payments Electronically | otr,/node/402612,5
Requirement to File Ballpark Fee and to Make Payments Electronically | otr,/publication/requirement-file-ballpark-fee-and-make-payments-electronically,6
Requirement to File Certain Monthly Sales and Use Tax Returns and to Make Sales and Use Tax Payments Electronically | otr,/node/401412,12
Requirement to File Certain Monthly Sales and Use Tax Returns and to Make Sales and Use Tax Payments Electronically | otr,/publication/requirement-file-certain-monthly-sales-and-use-tax-returns-and-make-sales-and-use-tax,3
Requirement to File Certain Monthly Withholding Tax Returns and Make Withholding Tax Payments Electronically | otr,/node/401422,11
Requirement to File Certain Quarterly Corporation Franchise and Unincorporated Franchise Estimated Tax Returns and to Make Corporation Franchise and Unincorporated Franchise Estimated Tax Payments Electronically | otr,/node/401382,11
Requirement to File Certain Quarterly Corporation Franchise and Unincorporated Franchise Estimated Tax Returns and to Make Corporation Franchise and Unincorporated Franchise Estimated Tax Payments Electronically | otr,/publication/requirement-file-certain-quarterly-corporation-franchise-and-unincorporated-franchise,2
Requirement to File Monthly Sales Tax Returns and to Make Payments Electronically | otr,/node/402632,6
Requirement to File Monthly Sales Tax Returns and to Make Payments Electronically | otr,/publication/requirement-file-monthly-sales-tax-returns-and-make-payments-electronically,2
Requirement to File Monthly Sales Tax Returns and to Make Sales Tax Payments Electronically for Certain Professional Baseball-Related Sales | otr,/node/401342,10
Requirement to File Monthly Sales Tax Returns and to Make Sales Tax Payments Electronically for Certain Professional Baseball-Related Sales | otr,/publication/requirement-file-monthly-sales-tax-returns-and-make-sales-tax-payments-electronically,2
Requirement to File the Annual Ballpark Fee and to Make Payments Electronically Based on District Gross Receipts | otr,/node/401332,13
Requirement to File the Annual Ballpark Fee and to Make Payments Electronically Based on District Gross Receipts | otr,/publication/requirement-file-annual-ballpark-fee-and-make-payments-electronically-based-district,4
Reset password | otr,/user/reset/74076/1760023675/confirm,1
Reset password | otr,/user/reset/76721/1758898496/confirm,1
Reset password | otr,/user/reset/76731/1759865818/confirm,1
Reset password | otr,/user/reset/76731/1760987751/confirm,1
Reset password | otr,/user/reset/76731/1762375907/confirm,1
Reset password | otr,/user/reset/76736/1758547039/confirm,1
Reset password | otr,/user/reset/76756/1761162457/confirm,1
Residential Split Tax Rate FAQ | otr,/es/node/1771051,1
Residential Split Tax Rate FAQ | otr,/node/1771051,2
Residential Split Tax Rate FAQ | otr,/page/residential-split-tax-rate-faq,41
Residential Utility Exemption | otr,/node/400982,8
Residential Utility Exemption | otr,/publication/residential-utility-exemption,2
Responding to a Verification Request From OTR | otr,/am/node/1448536,1
Responding to a Verification Request From OTR | otr,/es/node/1448536,4
Responding to a Verification Request From OTR | otr,/fr/node/1448536,2
Responding to a Verification Request From OTR | otr,/ko/node/1448536,1
Responding to a Verification Request From OTR | otr,/node/1448536,2
Responding to a Verification Request From OTR | otr,/page/respond-to-a-verification-request,677
Responding to a Verification Request From OTR | otr,/page/responding-verification-request-otr-0,47
Responding to a Verification Request From OTR | otr,/page/verification-letter,1
Restaurant Utility Tax Exemption | otr,/node/1341101,5
Restaurant Utility Tax Exemption | otr,/publication/restaurant-utility-tax-exemption,16
Restricted Resale of Residential Property | otr,/node/402002,18
Restricted Resale of Residential Property | otr,/publication/restricted-resale-residential-property,21
Restrictions on District Government Employees Participating in Tax Sale | otr,/node/401142,8
Restrictions on District Government Employees Participating in Tax Sale | otr,/publication/restrictions-district-government-employees-participating-tax-sale,2
Revised - Combined Reporting Transitional Issues | otr,/node/385412,12
Revised - Combined Reporting Transitional Issues | otr,/release/revised-combined-reporting-transitional-issues,16
REVISED - OTR Tax Notice 2013-07: Motor Fuel Tax Rate Unchanged | otr,/node/681642,14
Revised - Taxation of Compensation of Military Members and Spouses | otr,/node/400972,7
Revised - Taxation of Compensation of Military Members and Spouses | otr,/publication/revised-taxation-compensation-military-members-and-spouses,7
Revised Verizon Center Sales Tax Rate and Sales by Legitimate Theaters | otr,/node/401042,6
Revised Verizon Center Sales Tax Rate and Sales by Legitimate Theaters | otr,/publication/revised-verizon-center-sales-tax-rate-and-sales-legitimate-theaters,8
Revised Withholding Requirements on Distributions from Retirement Plans or Accounts | otr,/node/385462,16
Revised Withholding Requirements on Distributions from Retirement Plans or Accounts | otr,/publication/revised-withholding-requirements-distributions-retirement-plans-or-accounts,1
Revised Withholding Requirements on Distributions from Retirement Plans or Accounts | otr,/release/revised-withholding-requirements-distributions-retirement-plans-or-accounts,6
REVISED: Combined Reporting Transitional Issues | otr,/node/400672,12
REVISED: Combined Reporting Transitional Issues | otr,/publication/revised-combined-reporting-transitional-issues,2
REVISED-Notice 2015-05: Internet Tax Freedom Act | otr,/node/1113222,11
REVISED-Notice 2015-05: Internet Tax Freedom Act | otr,/publication/revised-notice-2015-05-internet-tax-freedom-act,15
ROD 1 - Real Property Recordation and Transfer Tax (Form FP 7C) | otr,/node/1746671,930
ROD 1 - Real Property Recordation and Transfer Tax (Form FP 7C) | otr,/publication/rod-1-real-property-recordation-and-transfer-tax-form-fp-7c,762
ROD 1 - Real Property Recordation and Transfer Tax (Form FP 7C) FY2025 | otr,/publication/rod-1-real-property-recordation-and-transfer-tax-form-fp-7c-fy2025,90
ROD 11 - Reduced Recordation Tax Rate for First-Time Homebuyers FY2025 | otr,/node/1746691,150
ROD 11 - Reduced Recordation Tax Rate for First-Time Homebuyers FY2025 | otr,/publication/rod-11-reduced-recordation-tax-rate-first-time-homebuyers-fy2025,170
ROD 11 - Reduced Recordation Tax Rate for First-Time Homebuyers FY2026 | otr,/node/1800541,455
ROD 11 - Reduced Recordation Tax Rate for First-Time Homebuyers FY2026 | otr,/publication/rod-11-reduced-recordation-tax-rate-first-time-homebuyers-fy2026,96
ROD 12 - Notice of Condominum Lein for Assessments Due | otr,/node/393292,51
ROD 12 - Notice of Condominum Lein for Assessments Due | otr,/publication/rod-12-notice-condominum-lein-assessments-due,5
ROD 13 - Release of Condominium Lein for Assessments Due | otr,/node/393302,47
ROD 13 - Release of Condominium Lein for Assessments Due | otr,/publication/rod-13-release-condominium-lein-assessments-due,2
ROD 14 - Notice of Foreclosure Sale of Real Property or Condominium Unit | otr,/node/498792,47
ROD 14 - Notice of Foreclosure Sale of Real Property or Condominium Unit | otr,/publication/rod-14-notice-foreclosure-sale-real-property-or-condominium-unit,42
ROD 14.1 - Notice of Intention to Foreclose a Residential Property | otr,/node/393282,51
ROD 14.1 - Notice of Intention to Foreclose a Residential Property | otr,/publication/rod-141-notice-intention-foreclose-residential-property,3
ROD 15 - Notice of Cancellation of Foreclosure Sale of Real Property or Condominium Unit | otr,/node/393312,44
ROD 15 - Notice of Cancellation of Foreclosure Sale of Real Property or Condominium Unit | otr,/publication/rod-15-notice-cancellation-foreclosure-sale-real-property-or-condominium-unit,2
ROD 16 - Notice of Mechanic's Lien | otr,/node/393322,102
ROD 16 - Notice of Mechanic's Lien | otr,/publication/rod-16-notice-mechanics-lien,1
ROD 16 - Notice of Mechanic's Lien Form Fill-in Version | otr,/node/393332,54
ROD 16 - Notice of Mechanic's Lien Form Fill-in Version | otr,/publication/rod-16-notice-mechanics-lien-form-fill-version,86
ROD 17 - Mechanic's Lien Undertaking | otr,/node/393342,47
ROD 17 - Mechanic's Lien Undertaking | otr,/publication/rod-17-mechanics-lien-undertaking,5
ROD 18 - Release of Mechanic's Lien | otr,/node/393352,47
ROD 18 - Release of Mechanic's Lien | otr,/publication/rod-18-release-mechanics-lien,10
ROD 19 - Parental Affidavit | otr,/node/393362,104
ROD 19 - Parental Affidavit | otr,/publication/rod-19-parental-affidavit,27
ROD 2 - Affidavit Addendum FP7CA | otr,/node/393192,418
ROD 2 - Affidavit Addendum FP7CA | otr,/publication/rod-2-affidavit-addendum-fp7ca,180
ROD 20 - Spousal Affidavit | otr,/node/393372,123
ROD 20 - Spousal Affidavit | otr,/publication/rod-20-spousal-affidavit,49
ROD 21 - Security Affidavit - Class 1 | otr,/node/393382,213
ROD 21 - Security Affidavit - Class 1 | otr,/publication/rod-21-security-affidavit-class-1,277
ROD 22 - Release of Lien - Hospital | otr,/node/393392,39
ROD 22 - Release of Lien - Hospital | otr,/publication/rod-22-release-lien-hospital,2
ROD 24 - Re-Recording Certification | otr,/node/393412,93
ROD 24 - Re-Recording Certification | otr,/publication/rod-24-re-recording-certification,45
ROD 25 - Claim for Refund | otr,/node/393422,78
ROD 25 - Claim for Refund | otr,/publication/rod-25-claim-refund,259
ROD 26 - Certification of Satisfaction | otr,/node/393432,66
ROD 26 - Certification of Satisfaction | otr,/publication/rod-26-certification-satisfaction,20
"ROD 27 - Release Affidavit - Lost, Misplaced, or Destroyed Promissory Note | otr",/node/393442,45
"ROD 27 - Release Affidavit - Lost, Misplaced, or Destroyed Promissory Note | otr",/publication/rod-27-release-affidavit-lost-misplaced-or-destroyed-promissory-note,3
ROD 28 - Release Affidavit with Promissory Note | otr,/node/393452,43
ROD 28 - Release Affidavit with Promissory Note | otr,/publication/rod-28-release-affidavit-promissory-note,3
ROD 29 - Deed of Release | otr,/node/393462,135
ROD 29 - Deed of Release | otr,/publication/rod-29-deed-release,4
ROD 30 - Deed of Appointment of Substitute Trustee | otr,/node/426082,65
ROD 30 - Deed of Appointment of Substitute Trustee | otr,/publication/rod-30-deed-appointment-substitute-trustee,8
ROD 31 - Notice of Status and Request for Confidentiality of Address Information | otr,/node/393472,64
ROD 31 - Notice of Status and Request for Confidentiality of Address Information | otr,/publication/rod-31-notice-status-and-request-confidentiality-address-information,15
ROD 32 - Domestic Partnership Affidavit | otr,/node/393482,50
ROD 32 - Domestic Partnership Affidavit | otr,/publication/rod-32-domestic-partnership-affidavit,22
ROD 33 - Grandparent and Grandchild Affidavit | otr,/node/393492,48
ROD 33 - Grandparent and Grandchild Affidavit | otr,/publication/rod-33-grandparent-and-grandchild-affidavit,4
ROD 34 - Economic Interest Deed - Cooperative Only | otr,/node/393502,50
ROD 34 - Economic Interest Deed - Cooperative Only | otr,/publication/rod-34-economic-interest-deed-cooperative-only,23
ROD 35 - Transfer of Economic Interest Tax Return (Cooperative Only) FY2025 | otr,/node/1746701,47
ROD 35 - Transfer of Economic Interest Tax Return (Cooperative Only) FY2025 | otr,/publication/rod-35-transfer-economic-interest-tax-return-cooperative-only-fy2025,10
ROD 36 - Affidavit Addendum - Transfer of Economic Interest Tax Return - Cooperative Only | otr,/node/393522,39
ROD 36 - Affidavit Addendum - Transfer of Economic Interest Tax Return - Cooperative Only | otr,/publication/rod-36-affidavit-addendum-transfer-economic-interest-tax-return-cooperative-only,3
ROD 37 - Affidavit Of Transfer Pursuant To Entity Conversion | otr,/node/393532,66
ROD 37 - Affidavit Of Transfer Pursuant To Entity Conversion | otr,/publication/rod-37-affidavit-transfer-pursuant-entity-conversion,10
ROD 38 - Acknowledgement Letter of Exemption from Real Property Tax | otr,/node/393542,63
ROD 38 - Acknowledgement Letter of Exemption from Real Property Tax | otr,/publication/rod-38-acknowledgement-letter-exemption-real-property-tax,10
ROD 39 - Transfer-On-Death Deed | otr,/node/501452,519
ROD 39 - Transfer-On-Death Deed | otr,/node/501452.,11
ROD 39 - Transfer-On-Death Deed | otr,/publication/rod-39-transfer-death-deed,271
ROD 4 - Required for Claiming Exemption from Recordation or Transfer Taxes | otr,/am/publication/rod-4-required-claiming-exemption-recordation-or-transfer-taxes,14
ROD 4 - Required for Claiming Exemption from Recordation or Transfer Taxes | otr,/es/publication/rod-4-required-claiming-exemption-recordation-or-transfer-taxes,1
ROD 4 - Required for Claiming Exemption from Recordation or Transfer Taxes | otr,/node/393212,378
ROD 4 - Required for Claiming Exemption from Recordation or Transfer Taxes | otr,/publication/rod-4-required-claiming-exemption-recordation-or-transfer-taxes,141
ROD 4 - Required for Claiming Exemption from Recordation or Transfer Taxes | otr,/zh-hant/publication/rod-4-required-claiming-exemption-recordation-or-transfer-taxes,1
ROD 40 - Transfer-On-Death Revocation | otr,/node/501472,79
ROD 41-Homestead Application Acknowledgement Form | otr,/node/1796066,95
ROD 5 - Transfer of Economic Interest Tax Return | otr,/node/393222,83
ROD 5 - Transfer of Economic Interest Tax Return | otr,/publication/rod-5-transfer-economic-interest-tax-return,65
ROD 6 - Economic Interest Deed | otr,/node/393232,116
ROD 6 - Economic Interest Deed | otr,/publication/rod-6-economic-interest-deed,71
ROD 7 - Exemptions - Recordation | otr,/am/publication/rod-7-exemptions-recordation,5
ROD 7 - Exemptions - Recordation | otr,/es/publication/rod-7-exemptions-recordation,1
ROD 7 - Exemptions - Recordation | otr,/ko/publication/rod-7-exemptions-recordation,2
ROD 7 - Exemptions - Recordation | otr,/node/393242,600
ROD 7 - Exemptions - Recordation | otr,/publication/rod-7-exemptions-recordation,557
ROD 7 - Exemptions - Recordation | otr,/zh-hant/publication/rod-7-exemptions-recordation,3
ROD 8 - Exemptions - Transfer Tax | otr,/am/publication/rod-8-exemptions-transfer-tax,3
ROD 8 - Exemptions - Transfer Tax | otr,/fr/publication/rod-8-exemptions-transfer-tax,4
ROD 8 - Exemptions - Transfer Tax | otr,/node/393252,390
ROD 8 - Exemptions - Transfer Tax | otr,/publication/rod-8-exemptions-transfer-tax,506
ROD 8 - Exemptions - Transfer Tax | otr,/zh-hant/publication/rod-8-exemptions-transfer-tax,1
ROD 9 - Lower Income Homeownership Exemption Program FY2025 | otr,/node/1746686,103
ROD 9 - Lower Income Homeownership Exemption Program FY2026 | otr,/node/1800536,303
ROD 9 - Lower Income Homeownership Exemption Program FY2026 | otr,/publication/rod-9-lower-income-homeownership-exemption-program-fy2026,36
ROD FAQs | otr,/am/node/1794781,3
ROD FAQs | otr,/es/node/1794781,4
ROD FAQs | otr,/fr/node/1794781,1
ROD FAQs | otr,/ko/node/1794781,1
ROD FAQs | otr,/node/1794781,138
ROD FAQs | otr,/page/rod-faqs,675
ROD FAQs | otr,/vi/node/1794781,1
ROD Related Notices | otr,/am/page/rod-related-notices,2
ROD Related Notices | otr,/page/rod-related-notices,34
rui_footer | otr,/rui_footer,5
rui_header | otr,/rui_header,21
rui_header_responsive | otr,/node/970882,1
rui_header_responsive | otr,/rui_header_responsive,7
rui_header_responsive | otr,/vi/node/970882,1
Rulemakings - Tax Law and Guidance | otr,/node/401852,182
Rulemakings - Tax Law and Guidance | otr,/page/rulemakings-tax-law-and-guidance,7
Sales & Use Tax | otr,/am/node/1794126,6
Sales & Use Tax | otr,/es/node/1794126,4
Sales & Use Tax | otr,/fr/node/1794126,1
Sales & Use Tax | otr,/ko/node/1794126,27
Sales & Use Tax | otr,/page/sales-use-tax,3020
Sales & Use Tax | otr,/vi/node/1794126,2
Sales & Use Tax | otr,/zh-hant/node/1794126,4
Sales and Use Tax Booklets | otr,/node/1530446,3
Sales and Use Tax Booklets | otr,/page/sales-and-use-tax-booklets,445
Sales and Use Tax FAQs | otr,/am/node/1794936,7
Sales and Use Tax FAQs | otr,/es/node/1794936,3
Sales and Use Tax FAQs | otr,/fr/node/1794936,1
Sales and Use Tax FAQs | otr,/ko/node/1794936,1
Sales and Use Tax FAQs | otr,/node/1794936,68
Sales and Use Tax FAQs | otr,/page/sales-and-use-tax-faqs,575
Sales and Use Tax FAQs | otr,/zh-hant/node/1794936,2
Sales and Use Tax Forms | otr,/node/671802,4
Sales and Use Tax Instructions | otr,/am/node/1794896,2
Sales and Use Tax Instructions | otr,/es/node/1794896,3
Sales and Use Tax Instructions | otr,/fr/node/1794896,1
Sales and Use Tax Instructions | otr,/ko/node/1794896,1
Sales and Use Tax Instructions | otr,/node/1794896,55
Sales and Use Tax Instructions | otr,/page/sales-and-use-tax-instructions,814
Sales and Use Tax Instructions | otr,/vi/node/1794896,1
Sales Tax Holiday Repealed | otr,/es/page/sales-tax-holiday-repealed,2
Sales Tax Holiday Repealed | otr,/node/389782,6
Sales Tax Holiday Repealed | otr,/page/sales-tax-holiday-repealed,61
Sales Tax Increase on Alcoholic Beverages Off Premise Alcoholic Beverages | otr,/node/400822,9
Sales Tax Increase on Alcoholic Beverages Off Premise Alcoholic Beverages | otr,/publication/sales-tax-increase-alcoholic-beverages-premise-alcoholic-beverages,2
Sales Tax Information and Guidance | otr,/am/page/sales-tax-information-and-guidance,2
Sales Tax Information and Guidance | otr,/es/page/sales-tax-information-and-guidance,2
Sales Tax Information and Guidance | otr,/ko/page/sales-tax-information-and-guidance,1
Sales Tax Information and Guidance | otr,/node/401812,187
Sales Tax Information and Guidance | otr,/page/sales-tax-information-and-guidance,156
Sales Tax Information and Guidance | otr,/page/sales-tax-information-tax-law-and-guidance,5
Sales Tax Information and Guidance | otr,/vi/page/sales-tax-information-and-guidance,5
Sales Tax Information and Guidance | otr,/zh-hant/page/sales-tax-information-and-guidance,2
Sales Tax on Data Processing Services | otr,/am/page/sales-tax-data-processing-services,2
Sales Tax on Data Processing Services | otr,/es/page/sales-tax-data-processing-services,1
Sales Tax on Data Processing Services | otr,/fr/page/sales-tax-data-processing-services,1
Sales Tax on Data Processing Services | otr,/ko/page/sales-tax-data-processing-services,4
Sales Tax on Data Processing Services | otr,/node/383852,20
Sales Tax on Data Processing Services | otr,/page/data-processing-services,2
Sales Tax on Data Processing Services | otr,/page/sales-tax-data-processing-services,420
Sales Tax on Data Processing Services | otr,/vi/page/sales-tax-data-processing-services,3
Sales Tax on Real Property Maintenance Services | otr,/am/page/sales-tax-real-property-maintenance-services,8
Sales Tax on Real Property Maintenance Services | otr,/es/page/sales-tax-real-property-maintenance-services,1
Sales Tax on Real Property Maintenance Services | otr,/fr/page/sales-tax-real-property-maintenance-services,1
Sales Tax on Real Property Maintenance Services | otr,/ko/page/sales-tax-real-property-maintenance-services,3
Sales Tax on Real Property Maintenance Services | otr,/node/383842,22
Sales Tax on Real Property Maintenance Services | otr,/page/real-property-maintenance-services,3
Sales Tax on Real Property Maintenance Services | otr,/page/sales-tax-real-property-maintenance-services,400
Sales Tax TDI FAQs | otr,/node/1791761,81
Schedule H 2000 Homeowner/Renter Property Tax Credit | otr,/node/379332,4
Schedule H 2000 Homeowner/Renter Property Tax Credit | otr,/publication/schedule-h_2000_form,1
Schedule I | otr,/node/1702901,182
Schedule I | otr,/publication/schedule-i-0,76
Schedule UB 2007 Business Credits | otr,/node/426842,2
Senior Citizen Homestead Cancellation Form | otr,/publication/senior-citizen-homestead-cancellation-form,1
Senior Citizen Homestead Restricted Resale Assessment | otr,/publication/senior-citizen-homestead-restricted-resale-assessment,1
Services | otr,/am/services,10
Services | otr,/es/services,6
Services | otr,/services,510
Services | otr,/services/recorder-deeds-document-images,1
Services | otr,/vi/services,2
Small Retailer Property Tax Relief Credit Frequently Asked Questions (FAQs) | otr,/es/node/1379636,2
Small Retailer Property Tax Relief Credit Frequently Asked Questions (FAQs) | otr,/page/small-retailer-property-tax-relief-credit-frequently-asked-questions-faqs,198
Small Retailer Property Tax Relief Credit Frequently Asked Questions (FAQs) | otr,/page/small-retailer-property-tax-relief-credit-frequently-asked-questions-faqs/,2
Software Developer Information | otr,/am/page/software-developer-information,2
Software Developer Information | otr,/es/page/software-developer-information,40
Software Developer Information | otr,/fr/page/software-developer-information,9
Software Developer Information | otr,/ko/page/software-developer-information,1
Software Developer Information | otr,/node/395402,114
Software Developer Information | otr,/page/software-developer-information,676
Software Developer Information | otr,/vi/page/software-developer-information,16
Spanish (Español): Aviso Fiscal OTR 2020-03: Extensión de Fecha de Pago de Impuestos Sobre Ingresos e Impuestos de Franquicias por la Emergencia de COVID-19 | otr,/page/spanish-español-aviso-fiscal-otr-2020-03-extensión-de-fecha-de-pago-de-impuestos-sobre-ingresos,11
Special Events - FAQs | otr,/node/396662,1
Special Events - FAQs | otr,/page/special-events-faqs-0,1
Special Events | otr,/am/page/special-events,6
Special Events | otr,/es/node/377672,2
Special Events | otr,/es/page/special-events,2
Special Events | otr,/ko/page/special-events,1
Special Events | otr,/node/387522,113
Special Events | otr,/page/special-events,627
Special Events | otr,/vi/page/special-events,6
Special Events FAQs | otr,/page/special-events-faqs,4
Sports Facilities Fee | otr,/am/node/1345186,1
Sports Facilities Fee | otr,/es/node/1345186,21
Sports Facilities Fee | otr,/fr/node/1345186,2
Sports Facilities Fee | otr,/ko/node/1345186,4
Sports Facilities Fee | otr,/node/1345186,49
Sports Facilities Fee | otr,/page/sports-facilities-fee,1252
Sports Facilities Fee | otr,/vi/node/1345186,1
Sports Facilities Fee | otr,/zh-hant/node/1345186,2
Sports Wagering Tax | otr,/am/node/1428741,3
Sports Wagering Tax | otr,/node/1428741,12
Sports Wagering Tax | otr,/page/sports-wagering-lottery-amendment-act-2018-DC,3
Sports Wagering Tax | otr,/page/sports-wagering-tax,114
State or Municipal Bond Income for DC Individuals | otr,/node/400652,6
State or Municipal Bond Income for DC Individuals | otr,/publication/state-or-municipal-bond-income-dc-individuals-0,4
State or Municipal Bond Income for DC Individuals Q&A | otr,/node/400762,11
State or Municipal Bond Income for DC Individuals Q&A | otr,/publication/state-or-municipal-bond-income-dc-individuals-qa,5
Statement of Income | otr,/node/1359271,58
Statement of Income | otr,/publication/statement-income,14
stephen.oneill | otr,/users/stephenoneill,43
steven.gaul | otr,/users/stevengaul,11
Stevie Sellows/Intermediate Care Facility for People with Intellectual Disabilities ICF-IID | otr,/node/1345331,1
Stevie Sellows/Intermediate Care Facility for People with Intellectual Disabilities ICF-IID | otr,/page/stevie-sellowsintermediate-care-facility-people-intellectual-disabilities-icf-iid,7
Street and Mobile Food Service Vendors | otr,/am/page/street-and-mobile-food-service-vendors,1
Street and Mobile Food Service Vendors | otr,/es/page/street-and-mobile-food-service-vendors,1
Street and Mobile Food Service Vendors | otr,/node/488182,83
Street and Mobile Food Service Vendors | otr,/page/street-and-mobile-food-service-vendors,80
Street and Mobile Food Service Vendors | otr,/vi/page/street-and-mobile-food-service-vendors,3
Street Vendor TDI FAQs | otr,/node/1791751,2
Street Vendor TDI FAQs | otr,/page/street-vendor-tdi-faqs,13
Street Vendors - Frequently Asked Questions | otr,/node/375122,6
Street Vendors - Frequently Asked Questions | otr,/page/street-vendors-frequently-asked-questions,50
Street Vendors | otr,/book/other-topics-faqs/street-vendors-0,4
Street Vendors | otr,/es/node/377702,1
Street Vendors FAQs | otr,/page/street-vendors-faqs,28
Tax Certification Affidavit | otr,/node/381452,45
Tax Certification Affidavit | otr,/node/407622,1
Tax Certification Affidavit | otr,/publication/tax-certification-affidavit,4
Tax Certification Affidavit | otr,/publication/tax-certification-affidavit-00,135
"Tax Changes Pursuant to the Tax Revision Commission Implementation Act Beginning January 1, 2017 | otr",/node/1207255,8
"Tax Changes Pursuant to the Tax Revision Commission Implementation Act Beginning January 1, 2017 | otr",/publication/tax-changes-pursuant-tax-revision-commission-implementation-act-beginning-january-1-2017,5
Tax Clarity Act Changes | otr,/am/page/tax-clarity-act-changes,1
Tax Clarity Act Changes | otr,/es/page/tax-clarity-act-changes,2
Tax Clarity Act Changes | otr,/fr/page/tax-clarity-act-changes,2
Tax Clarity Act Changes | otr,/ko/page/tax-clarity-act-changes,2
Tax Clarity Act Changes | otr,/node/402682,31
Tax Clarity Act Changes | otr,/page/tax-clarity-act-changes,181
Tax Clarity Act Changes | otr,/vi/page/tax-clarity-act-changes,1
Tax Exemptions Frequently Asked Questions (FAQs) | otr,/page/tax-exemptions-frequently-asked-questions-faqs,405
Tax Filing Tips | otr,/am/page/tax-filing-tips,5
Tax Filing Tips | otr,/es/page/individual-income-tax-filing-faqs,1
Tax Filing Tips | otr,/es/page/tax-filing-tips,3
Tax Filing Tips | otr,/fr/page/tax-filing-tips,1
Tax Filing Tips | otr,/ko/page/tax-filing-tips,2
Tax Filing Tips | otr,/node/383942,26
Tax Filing Tips | otr,/page/common-tax-filing-tips,5
Tax Filing Tips | otr,/page/tax-filing-tips,717
Tax Filing Tips | otr,/vi/page/tax-filing-tips,13
Tax Forms & Instructions | otr,/am/node/1794686,12
Tax Forms & Instructions | otr,/es/node/1794686,4
Tax Forms & Instructions | otr,/fr/node/1794686,8
Tax Forms & Instructions | otr,/ko/node/1794686,4
Tax Forms & Instructions | otr,/node/1794686,676
Tax Forms & Instructions | otr,/page/tax-forms-instructions,6130
Tax Forms & Instructions | otr,/vi/node/1794686,9
Tax Forms & Instructions | otr,/zh-hant/node/1794686,2
Tax Forms and Publications | otr,/am/page/tax-forms-and-publications,5
Tax Forms and Publications | otr,/fr/page/tax-forms-and-publications,1
Tax Forms and Publications | otr,/service/tax-forms-and-publications,513
Tax Fraud Hotline and Tax Related Identity Theft | otr,/am/page/tax-fraud-hotline-and-tax-related-identity-theft,12
Tax Fraud Hotline and Tax Related Identity Theft | otr,/es/page/tax-fraud-hotline-and-tax-related-identity-theft,2
Tax Fraud Hotline and Tax Related Identity Theft | otr,/ko/page/tax-fraud-hotline-and-tax-related-identity-theft,5
Tax Fraud Hotline and Tax Related Identity Theft | otr,/node/413722,25
Tax Fraud Hotline and Tax Related Identity Theft | otr,/page/tax-fraud-hotline,1
Tax Fraud Hotline and Tax Related Identity Theft | otr,/page/tax-fraud-hotline-and-tax-related-identity-theft,320
Tax Fraud Hotline and Tax Related Identity Theft | otr,/vi/page/tax-fraud-hotline-and-tax-related-identity-theft,7
Tax Law and Guidance | otr,/am/page/tax-law-and-guidance,2
Tax Law and Guidance | otr,/es/page/tax-law-and-guidance,4
Tax Law and Guidance | otr,/fr/page/tax-law-and-guidance,4
Tax Law and Guidance | otr,/ko/page/tax-law-and-guidance,2
Tax Law and Guidance | otr,/node/397972,186
Tax Law and Guidance | otr,/page/tax-law-and-guidance,1110
Tax on State and Municipal Bond Income for Individuals Repealed | otr,/node/626442,3
Tax on State and Municipal Bond Income for Individuals Repealed | otr,/release/tax-state-and-municipal-bond-income-individuals-repealed,135
Tax Practitioner Service Center | otr,/service/tax-practitioner-service-center,107
Tax Practitioners Institute | otr,/page/tax-practitioners-institute,27
Tax Rate Changes to Retailers | otr,/node/401132,11
Tax Rate Changes to Retailers | otr,/publication/tax-rate-changes-retailers,4
Tax Relief for Victims of Hurricane Helene | otr,/release/tax-relief-victims-hurricane-helene,181
Tax Relief for Victims of Hurricane Ike or Gustav | otr,/node/401182,10
Tax Relief for Victims of Hurricane Ike or Gustav | otr,/publication/tax-relief-victims-hurricane-ike-or-gustav,5
Tax Sale Begins September 20 for District Properties with Unpaid Taxes | otr,/release/tax-sale-begins-september-20-district-properties-unpaid-taxes,1
Taxable and Non-Taxable Services | otr,/am/page/taxable-and-non-taxable-services,19
Taxable and Non-Taxable Services | otr,/es/page/taxable-and-non-taxable-services,2
Taxable and Non-Taxable Services | otr,/fr/page/taxable-and-non-taxable-services,1
Taxable and Non-Taxable Services | otr,/ko/page/taxable-and-non-taxable-services,26
Taxable and Non-Taxable Services | otr,/node/383832,40
Taxable and Non-Taxable Services | otr,/page/taxable-and-non-taxable-services,5060
Taxable and Non-Taxable Services | otr,/page/taxable-and-non-taxable-services/,1
Taxable and Non-Taxable Services | otr,/vi/page/taxable-and-non-taxable-services,13
Taxable and Non-Taxable Services | otr,/zh-hant/page/taxable-and-non-taxable-services,29
Taxation of Digital Goods in the District of Columbia | otr,/node/1376611,2
Taxpayer Advocate | otr,/am/node/1794796,2
Taxpayer Advocate | otr,/es/node/1794796,3
Taxpayer Advocate | otr,/fr/node/1794796,2
Taxpayer Advocate | otr,/ko/node/1794796,2
Taxpayer Advocate | otr,/node/1794796,40
Taxpayer Advocate | otr,/page/taxpayer-advocate,691
Taxpayer Advocate | otr,/vi/node/1794796,1
Taxpayer Advocate | otr,/zh-hant/node/1794796,2
Taxpayer Advocate FAQs | otr,/am/node/1794826,4
Taxpayer Advocate FAQs | otr,/es/node/1794826,1
Taxpayer Advocate FAQs | otr,/ko/node/1794826,1
Taxpayer Advocate FAQs | otr,/page/taxpayer-advocate-faqs,59
Taxpayer Advocate FAQs | otr,/vi/node/1794826,1
Taxpayer Advocate FAQs | otr,/zh-hant/node/1794826,2
Taxpayer Appeal Rights | otr,/node/401252,8
Taxpayer Appeal Rights | otr,/page/taxpayer-appeal-rights-0,10
Taxpayer Appeal Rights | otr,/publication/taxpayer-appeal-rights,3
Taxpayer Resources | otr,/am/node/1794601,5
Taxpayer Resources | otr,/es/node/1794601,3
Taxpayer Resources | otr,/fr/node/1794601,3
Taxpayer Resources | otr,/ko/node/1794601,5
Taxpayer Resources | otr,/node/1794601,13
Taxpayer Resources | otr,/page/taxpayer-resources,404
Taxpayer Resources | otr,/vi/node/1794601,1
Taxpayer Resources | otr,/zh-hant/node/1794601,2
Taxpayer Rights | otr,/node/389032,7
"Taxpayer Rights, Appeals and Reconsiderations | otr",/am/node/1798616,6
"Taxpayer Rights, Appeals and Reconsiderations | otr",/es/node/1798616,3
"Taxpayer Rights, Appeals and Reconsiderations | otr",/fr/node/1798616,2
"Taxpayer Rights, Appeals and Reconsiderations | otr",/ko/node/1798616,1
"Taxpayer Rights, Appeals and Reconsiderations | otr",/node/1798616,141
"Taxpayer Rights, Appeals and Reconsiderations | otr",/page/taxpayer-rights-appeals-and-reconsiderations,331
"Taxpayer Rights, Appeals and Reconsiderations | otr",/vi/node/1798616,1
"The DC Sales and Use Tax Applies to the Sale of, or Charges for, Armored Car, Private Investigation and Security Services | otr",/node/400802,15
"The DC Sales and Use Tax Applies to the Sale of, or Charges for, Armored Car, Private Investigation and Security Services | otr",/publication/dc-sales-and-use-tax-applies-sale-or-charges-armored-car-private-investigation-and,31
The District of Columbia Earned Income Tax Credit (EITC) | otr,/node/396142,7
The District of Columbia Tax Refund Visa Prepaid Card | otr,/es/page/district-columbia-tax-refund-visa-prepaid-card,2
The District of Columbia Tax Refund Visa Prepaid Card | otr,/fr/page/district-columbia-tax-refund-visa-prepaid-card,1
The District of Columbia Tax Refund Visa Prepaid Card | otr,/ko/page/district-columbia-tax-refund-visa-prepaid-card,1
The District of Columbia Tax Refund Visa Prepaid Card | otr,/node/706712,6
The District of Columbia Tax Refund Visa Prepaid Card | otr,/page/district-columbia-tax-refund-visa-prepaid-card,84
The District of Columbia Tax Refund Visa Prepaid Card | otr,/vi/page/district-columbia-tax-refund-visa-prepaid-card,1
The Executive Building | otr,/address/executive-building,38
The Executive Building | otr,/am/node/1734646,4
The Executive Building | otr,/es/node/1734646,1
The Taxation of Instruments Relating to Refinances and Modifications | otr,/node/497522,9
The Taxation of Instruments Relating to Refinances and Modifications | otr,/publication/taxation-instruments-relating-refinances-and-modifications,10
The Washington Informer Newspaper Publication - 2024 | otr,/node/1730456,7
The Washington Times Newspaper Publication - 2024 | otr,/node/1730461,9
The Washington Times Newspaper Publication - 2024 | otr,/publication/washington-times-newspaper-publication-2024,2
Tips for Choosing a Tax Return Preparer | otr,/am/node/1793561,1
Tips for Choosing a Tax Return Preparer | otr,/es/node/1793561,2
Tips for Choosing a Tax Return Preparer | otr,/fr/node/1793561,1
Tips for Choosing a Tax Return Preparer | otr,/ko/node/1793561,1
Tips for Choosing a Tax Return Preparer | otr,/page/tips-choosing-tax-return-preparer-0,21
Tips for Choosing a Tax Return Preparer | otr,/vi/node/1793561,1
Tips for Understanding and Calculating Your Estimated Tax Penalty | otr,/page/tips-understanding-and-calculating-your-estimated-tax-penalty,152
Tips for Understanding Property Detail Information | otr,/node/388842,59
Tobacco Excise Tax Forms | otr,/am/page/tobacco-excise-tax-forms,2
Tobacco Excise Tax Forms | otr,/es/page/tobacco-excise-tax-forms,5
Tobacco Excise Tax Forms | otr,/fr/page/tobacco-excise-tax-forms,3
Tobacco Excise Tax Forms | otr,/node/426212,232
Tobacco Excise Tax Forms | otr,/page/tobacco-excise-tax-forms,69
Tobacco Tax Program | otr,/am/page/cigarette-tax-program,3
Tobacco Tax Program | otr,/am/page/tobacco-tax-program,21
Tobacco Tax Program | otr,/es/page/tobacco-tax-program,6
Tobacco Tax Program | otr,/fr/page/cigarette-tax-program,1
Tobacco Tax Program | otr,/fr/page/tobacco-tax-program,4
Tobacco Tax Program | otr,/ko/page/cigarette-tax-program,3
Tobacco Tax Program | otr,/ko/page/tobacco-tax-program,20
Tobacco Tax Program | otr,/node/383682,51
Tobacco Tax Program | otr,/page/tobacco-tax-program,418
Tobacco Tax Program | otr,/page/tobaccotax-program,8
Tobacco Tax Program | otr,/vi/page/tobacco-tax-program,1
Tobacco Tax Program | otr,/zh-hant/page/tobacco-tax-program,2
tonyea.tharpe | otr,/users/tonyeatharpe,1
Top Tips for Business Taxpayers | otr,/am/page/common-errors-business-taxpayers-deb,1
Top Tips for Business Taxpayers | otr,/node/396402,5
Top Tips for Business Taxpayers | otr,/page/common-errors-business-taxpayers-deb,6
TY 2020 Market Analytics Book | otr,/node/1426296,5
TY 2021 Appraiser Reference Materials | otr,/node/1469536,4
TY 2021 Appraiser Reference Materials | otr,/publication/ty-2021-appraiser-reference-materials,1
TY 2021 Market Analytics Book | otr,/node/1499376,3
TY 2021 Market Analytics Book | otr,/publication/ty-2021-market-analytics-book,1
TY 2021 Pertinent Data Book | otr,/node/1474706,7
TY 2022 Appraiser Reference Materials | otr,/node/1535266,3
TY 2022 Market Analytics Book | otr,/node/1565296,3
TY 2022 Market Analytics Book | otr,/publication/ty-2022-market-analytics-book,3
TY 2022 Pertinent Data Book | otr,/node/1535256,11
TY 2023 Appraiser Reference Materials | otr,/node/1587991,2
TY 2023 Appraiser Reference Materials | otr,/publication/ty-2023-appraiser-reference-materials,6
TY 2023 Market Analytics Book | otr,/node/1620756,6
TY 2023 Market Analytics Book | otr,/publication/ty-2023-market-analytics-book,3
TY 2023 Pertinent Data Book | otr,/node/1592901,6
TY 2023 Pertinent Data Book | otr,/publication/ty-2023-pertinent-data-book,4
TY 2024 Appraiser Reference Materials | otr,/node/1653656,10
TY 2024 Appraiser Reference Materials | otr,/publication/ty-2024-appraiser-reference-materials,2
TY 2024 Pertinent Data Book | otr,/node/1653646,14
TY 2024 Pertinent Data Book | otr,/publication/ty-2024-pertinent-data-book,15
TY 2025 Appraiser Reference Materials | otr,/node/1714601,32
TY 2025 Appraiser Reference Materials | otr,/publication/ty-2025-appraiser-reference-materials,1
TY 2025 Market Analytics Book | otr,/node/1746736,31
TY 2025 Market Analytics Book | otr,/publication/ty-2025-market-analytics-book,28
TY 2025 Pertinent Data Book | otr,/node/1715491,22
TY 2025 Pertinent Data Book | otr,/publication/ty-2025-pertinent-data-book,36
TY 2026 Mandatory Income and Expense Filers List | otr,/node/1760336,229
TY 2026 Mandatory Income and Expense Filers List | otr,/publication/ty-2026-mandatory-income-and-expense-filers-list,47
TY 2026 Pertinent Data Book | otr,/publication/ty-2026-pertinent-data-book,61
UB Worksheet A (Income) and B (Loss) | otr,/node/636122,25
UB Worksheet A (Income) and B (Loss) | otr,/publication/ub-worksheet-income-and-b-loss,14
UCC - Uniform Commercial Code Filings | otr,/node/381562,2
UCC Chapter 3 of Title 9 DCMR | otr,/node/395942,4
UCC Chapter 3 of Title 9 DCMR | otr,/page/ucc-chapter-3-title-9-dcmr,799
Underpayment of Estimated Tax Interest | otr,/am/page/estimated-tax-penalty-individuals,2
Underpayment of Estimated Tax Interest | otr,/am/page/underpayment-estimated-tax-interest,17
Underpayment of Estimated Tax Interest | otr,/es/page/estimated-tax-penalty-individuals,1
Underpayment of Estimated Tax Interest | otr,/es/page/underpayment-estimated-tax-interest,2
Underpayment of Estimated Tax Interest | otr,/fr/page/underpayment-estimated-tax-interest,2
Underpayment of Estimated Tax Interest | otr,/ko/page/underpayment-estimated-tax-interest,1
Underpayment of Estimated Tax Interest | otr,/node/388762,112
Underpayment of Estimated Tax Interest | otr,/page/estimated-tax-penalty-individuals,1
Underpayment of Estimated Tax Interest | otr,/page/underpayment-estimated-tax-interest,1304
Unincorporated Business Franchise Tax Forms | otr,/am/node/1794881,4
Unincorporated Business Franchise Tax Forms | otr,/es/node/1794881,9
Unincorporated Business Franchise Tax Forms | otr,/ko/node/1794881,1
Unincorporated Business Franchise Tax Forms | otr,/page/unincorporated-business-franchise-tax-forms,1310
Unincorporated Business Franchise Tax Forms | otr,/vi/node/1794881,1
UPDATED 2023 Discount Sale List as of 12.4.2023 | otr,/node/1694546,11
UPDATED 2023 Discount Sale List as of 12.4.2023 | otr,/publication/updated-2023-discount-sale-list-1242023,16
Updated Tax Sale List as of 7/16/2024 | otr,/node/1733296,136
Updated Tax Sale List as of 7/16/2024 | otr,/publication/updated-tax-sale-list-7162024,120
US Bank ReliaCard Pre-Acquisition Disclosure | otr,/node/1542481,77
US Bank ReliaCard Pre-Acquisition Disclosure | otr,/node/1702801,125
US Bank ReliaCard Pre-Acquisition Disclosure | otr,/publication/2023-us-bank-reliacard-pre-acquisition-disclosure,1
US Bank ReliaCard Pre-Acquisition Disclosure | otr,/publication/us-bank-reliacard-pre-acquisition-disclosure,4
User account | otr,/user,160
User account | otr,/user/password,20
Vacant Real Property | otr,/es/page/otr-vacant-real-property,1
Vacant Real Property | otr,/es/page/vacant-real-property-0,1
Vacant Real Property | otr,/ko/page/vacant-real-property-0,1
Vacant Real Property | otr,/node/388912,21
Vacant Real Property | otr,/page/otr-vacant-real-property,1
Vacant Real Property | otr,/page/vacant-real-property-0,1645
"Vapor Products Subject to Excise Tax Effective October 1, 2015; Exempt From Sales Tax | otr",/release/vapor-products-subject-excise-tax-effective-october-1-2015-exempt-sales-tax,68
"Veterans Homestead Deduction Starts October 1, 2022 | otr",/release/veterans-homestead-deduction-starts-october-1-2022,112
Voluntary Disclosure | otr,/page/voluntary-disclosure,180
Voluntary Disclosure Program | otr,/am/page/voluntary-disclosure-program-about,1
Voluntary Disclosure Program | otr,/es/page/voluntary-disclosure-program-about,3
Voluntary Disclosure Program | otr,/fr/page/voluntary-disclosure-program-about,1
Voluntary Disclosure Program | otr,/ko/page/voluntary-disclosure-program-about,1
Voluntary Disclosure Program | otr,/node/383882,121
Voluntary Disclosure Program | otr,/page/voluntary-disclosure-program-about,390
Voluntary Disclosure Program | otr,/vi/page/voluntary-disclosure-program-about,2
Voluntary Disclosure Program | otr,/zh-hant/page/voluntary-disclosure-program-about,2
Voluntary Disclosure Program General Guidelines | otr,/page/voluntary-disclosure-program-general-guidelines,179
W-2T 2012 Transmittal for Paper Forms W-2 Fill-in | otr,/node/421512,4
Wholesaler's Quarterly Report of Sales of District of Columbia Stamped Cigarettes | otr,/node/428262,13
Wholesaler's Quarterly Report of Sales of District of Columbia Stamped Cigarettes | otr,/publication/wholesalers-quarterly-report-sales-district-columbia-stamped-cigarettes,4
Withholding Tax Forms | otr,/am/node/1697946,373
Withholding Tax Forms | otr,/fr/node/1697946,5
Withholding Tax Forms | otr,/ko/node/1697946,77
Withholding Tax Forms | otr,/node/1697946,351
Withholding Tax Forms | otr,/page/withholding-tax-forms,4493
Withholding Tax Forms | otr,/page/withholding-tax-forms-2024-filing-season-tax-year-20232024,3
Withholding Tax Forms | otr,/vi/node/1697946,2
Withholding Tax Forms for 2017 Filing Season (Tax Year 2016) | otr,/es/page/withholding-tax-forms-2017-filing-season-tax-year-2016,1
Withholding Tax Forms for 2020 Filing Season (Tax Year 2019) | otr,/node/1719811,12
Withholding Tax Forms for 2021 Filing Season (Tax Year 2020) | otr,/node/1451301,6
Withholding Tax Forms for 2023 Filing Season (Tax Year 2022/2023) | otr,/es/node/1614241,1
Withholding Tax Forms for 2023 Filing Season (Tax Year 2022/2023) | otr,/node/1614241,6
Withholding Tax Forms for 2023 Filing Season (Tax Year 2022/2023) | otr,/page/withholding-tax-forms-2023-filing-season-tax-year-20222023,294
Worldwide Combined Reporting Election Form (Official and Fill-in) | otr,/node/1304746,5
Worldwide Combined Reporting Election Form (Official and Fill-in) | otr,/publication/worldwide-combined-reporting-election-form-official-and-fill,12
Worldwide Combined Reporting Election SUB Form | otr,/publication/worldwide-combined-reporting-election-sub-form,2
Worldwide Combined Reporting Election SUB Form | otr,/publication/worldwide-combined-reporting-election-sub-form-0,2
